{
  "metrics_comparison": [
    {
      "model": "dixon_coles",
      "log_loss_1x2": 1.085955251022227,
      "brier_score_1x2": 0.6588329599074626,
      "brier_home_win": 0.2435740285110049,
      "brier_over_2_5": 0.2539948464707158,
      "crps_scoreline": 0.8653259823050595,
      "expected_total_goals_mae": 1.2663648063910788,
      "fit_diagnostics": {
        "n_folds": 4,
        "converged_rate": 1.0,
        "median_iterations": 24.5,
        "median_nfev": 2186.0,
        "median_gradient_norm": 0.46910924178886826
      }
    }
  ],
  "dixon_coles_ece_home_win": 0.06243003801535751
}