{
  "metrics_comparison": [
    {
      "model": "dixon_coles",
      "log_loss_1x2": 1.0812160579853494,
      "brier_score_1x2": 0.6551308372208021,
      "brier_home_win": 0.24280643678176794,
      "brier_over_2_5": 0.2530011061249209,
      "crps_scoreline": 0.8625933238855465,
      "expected_total_goals_mae": 1.2616374939168622,
      "fit_diagnostics": {
        "n_folds": 4,
        "converged_rate": 1.0,
        "median_iterations": 26.5,
        "median_nfev": 2454.0,
        "median_gradient_norm": 0.7742271531435374
      }
    }
  ],
  "dixon_coles_ece_home_win": 0.05104089186632132
}