season,season_id,player_id,provider_id,team_team_id,team_official_name,media_first_name,media_last_name,short_name,role_label,nationality,bib_number,role,display_name,nationality_iso_code,rank_label,team_provider_id,team_short_name,team_acronym_name,team_media_name,team_country_code,source_category_general,games_played,minutes_played,goals,assists,total_scoring_attempts,goal_involvements,on_target_scoring_attempts,total_attacking_assist,tackles_won,fouls_committed,fouls_suffered,total_offside,yellow_cards,red_cards,aerials_won_perc,accurate_pass_percentage,goals_conceded,goals_against_average,corners,goals_free_kick,hit_woodwork,penalty_attempts,penalties_successful,yellow_red_cards,xg,xgefficiency,tackles_won_perc,duels_won_perc,aerial_duels_won_perc,crosses_complete_percentage,total_distance_covered,avg_distance_covered,total_distance_covered_walking,average_distance_covered_walking,total_distance_covered_jogging,average_distance_covered_jogging,total_distance_covered_low_intensity_running,average_distance_covered_low_intensity_running,total_distance_covered_sprinting,average_distance_covered_sprinting,total_distance_covered_high_intensity_running,average_distance_covered_high_intensity_running,sprints,aerial_duels,aerial_duels_lost,aerial_duels_won,appearances,backward_passes,blocked_shots,carries,clean_sheets,corners_taken_incl_short_corners,corners_won,duels,duels_lost,duels_won,final_third_touches,forward_passes,foul_attempted_tackle,goals_conceded_inside_box,goals_conceded_outside_box,goals_openplay,goals_from_inside_box,ground_duels,ground_duels_lost,ground_duels_won,handballs_conceded,interceptions,key_passes_attempt_assists,leftside_passes,offsides,open_play_passes,overruns,penalties_off_target,penalties_taken,penalty_goals_conceded,progressive_carries,putthrough_blocked_distribution,putthrough_blocked_distribution_won,recoveries,right_foot_goals,rightside_passes,shots_created,shots_off_target_inc_woodwork,shots_on_target_inc_goals,starts,substitute_off,substitute_on,successful_crosses_corners,successful_crosses_open_play,successful_dribbles,successful_launches,successful_lay_offs,successful_long_passes,successful_open_play_passes,successful_passes_opposition_half,successful_passes_own_half,successful_short_passes,tackles_lost,through_balls,throw_ins_to_opposition_player,throw_ins_to_own_player,time_played,times_tackled,total_big_chances_created,total_big_chances_missed,total_clearances,total_fouls_conceded,total_fouls_won,total_losses_of_possession,total_passes,total_shots,total_successful_passes_excl_crosses_corners,total_tackles,total_touches_in_opposition_box,total_unsuccessful_passes_excl_crosses_corners,touches,unsuccessful_crosses_corners,unsuccessful_crosses_open_play,unsuccessful_dribbles,unsuccessful_launches,unsuccessful_long_passes,unsuccessful_passes_opposition_half,unsuccessful_passes_own_half,unsuccessful_short_passes,unsuccessful_lay_offs,home_goals,away_goals,winning_goal,assists_intentional,blocks,goal_assists,left_foot_goals,total_big_chances_scored,clearances_off_the_line,gk_successful_distribution,goal_kicks,successful_corners_into_box,unsuccessful_corners_into_box,total_red_cards,straight_red_cards,red_cards_2nd_yellow,foul_won_penalty,gk_unsuccessful_distribution,penalty_goals,attempts_from_set_pieces,catches,drops,goalkeeper_smother,penalties_faced,punches,saves_made,saves_made_from_inside_box,saves_made_from_outside_box,saves_made_caught,saves_made_parried,total_big_chances_saved,goals_from_outside_box,penalties_conceded,last_player_tackle,headed_goals,second_goal_assists,direct_setpiece_goals,set_pieces_goals,penalties_saved,saves_from_penalty,own_goal_scored,other_goals,source_category_passing,average_speed,top_speed,accurate_pass,accurate_forward_pass,total_pass,cross,assists_average_over_90_minutes,accurate_long_balls,turnover,cross_attempts,long_pass_attempts,long_passes_successful,medium_passes_successful,source_category_defending,tackle,tackle_percentage,interception,headed_duel,source_category_goalkeeping,saves,penalty_conceded,long_ball_percentage,total_cleareance,goalkeeper_saves_per_90_min,goalkeeper_saves_per_match
2026,nwsl::Football_Season::0b6761e4701749f593690c0f338da74c,nwsl::Football_Player::0021a2896ee54ef191fb324dec97dd78,opta:Player:e2obgph6szyo04em3qr94g1qt,nwsl::Football_Team::c3e9513e280b41e5bfbb8230076e8c43,Orlando Pride,Barbra,Banda,B. Banda,Forward,Zambia,11,4,,ZAM,,opta:Team:966pdxhsoxaib9qt5083h8uus,Pride,ORL,Orlando Pride,US,True,15,1101,12,1,51,13,28,1,4,22,31,13,2,0,0,64.0,17,1.39,0,0,0,0,0,0,7.273,4.727,100.0,42.86,44.0,7.14,0,0,0,0,0,0,0,0,0,0,0,0,0,25.0,14.0,11.0,15.0,27.0,10.0,122.0,2.0,,21.0,147.0,84.0,63.0,277.0,22.0,9.0,14.0,3.0,10.0,10.0,122.0,70.0,52.0,,4.0,18.0,35.0,13.0,118.0,6.0,,,2.0,83.0,15.0,10.0,29.0,9.0,40.0,19.0,23.0,28.0,12.0,5.0,3.0,1.0,1.0,17.0,,4.0,4.0,74.0,65.0,15.0,75.0,,2.0,,4.0,1101.0,46.0,3.0,6.0,3.0,22.0,31.0,159.0,124.0,51.0,79.0,4.0,120.0,45.0,389.0,13.0,13.0,27.0,1.0,5.0,52.0,6.0,40.0,3.0,8.0,4.0,3.0,1.0,,1.0,2.0,9.0,,1.0,1.0,,,,,,1.0,,,,,,,,,,,,,,,2.0,,,1.0,,,,,,,,True,0,0,79,0,138,1,0.08,4,159,14,9,4,0,True,4,100,4,25,True,0,0,44,3,0,0
2026,nwsl::Football_Season::0b6761e4701749f593690c0f338da74c,nwsl::Football_Player::013bc7a18d344452bd3002c22b237f64,opta:Player:52de6kplxflapgb49f1gzc7x0,nwsl::Football_Team::ac29701756da44a08457762380c10733,Racing Louisville,Taylor,White,T. White,Forward,USA,11,4,,USA,,opta:Team:dtucewmt49th1p4selfutmnmc,Racing Lou,LOU,Racing Louisville,US,True,5,127,0,0,2,0,1,0,1,7,1,0,0,0,0,53.0,4,2.83,0,0,1,0,0,0,0.3586,-0.3586,50.0,20.83,40.0,0.0,0,0,0,0,0,0,0,0,0,0,0,0,0,5.0,3.0,2.0,5.0,5.0,1.0,4.0,,,2.0,24.0,19.0,5.0,19.0,4.0,3.0,3.0,1.0,,,19.0,16.0,3.0,,,1.0,6.0,,19.0,,,,,3.0,2.0,1.0,2.0,,4.0,1.0,1.0,1.0,1.0,1.0,4.0,,,,,,1.0,10.0,7.0,3.0,9.0,1.0,,,1.0,127.0,7.0,,,,7.0,1.0,19.0,19.0,2.0,10.0,2.0,8.0,9.0,37.0,,,1.0,1.0,1.0,8.0,1.0,8.0,,,,0.0,,,,,,,,,,,,,,,,,,,,,,,,,,,,,,,,,,,,,,,,True,0,0,10,0,19,0,0.0,1,19,0,2,1,0,True,1,50,0,5,True,0,0,50,0,0,0
2026,nwsl::Football_Season::0b6761e4701749f593690c0f338da74c,nwsl::Football_Player::01429efe66554be8bc7f86ee0a9fa184,opta:Player:68sz2cp2lpnb8k36jkhr3wrje,nwsl::Football_Team::2c1699409ff84c9eb491aeaca3d3edde,Kansas City Current,Ellie,Bravo-Young,E. Bravo-Young,Defender,USA,5,2,,USA,,opta:Team:agxipc0vk4rtg09amjxv10nx0,KC Current,KC,Kansas City Current,US,True,9,643,0,0,1,0,0,0,9,3,2,0,2,0,0,67.0,11,1.54,0,0,0,0,0,0,0.1258,-0.1258,64.29,48.98,37.5,50.0,0,0,0,0,0,0,0,0,0,0,0,0,0,16.0,10.0,6.0,9.0,21.0,1.0,35.0,1.0,,1.0,49.0,25.0,24.0,72.0,135.0,2.0,10.0,1.0,,,33.0,15.0,18.0,,5.0,2.0,61.0,,224.0,,,,1.0,16.0,6.0,1.0,21.0,,14.0,2.0,1.0,,7.0,,2.0,3.0,3.0,2.0,2.0,,10.0,149.0,64.0,93.0,144.0,5.0,,29.0,77.0,643.0,8.0,,,21.0,3.0,2.0,127.0,231.0,1.0,154.0,14.0,4.0,77.0,421.0,3.0,3.0,3.0,16.0,35.0,55.0,25.0,42.0,1.0,,,0.0,,2.0,,,,,,,,,,,,,,,,,,,,,,,,,,,,,,,,,,,,,,True,0,0,154,0,237,3,0.0,10,127,6,45,10,0,True,9,64,5,16,True,0,0,22,21,0,0
2026,nwsl::Football_Season::0b6761e4701749f593690c0f338da74c,nwsl::Football_Player::01adaea2f8c14226a374de5a95b3273f,opta:Player:84qpzxg0yujjb3rh1r1c9vris,nwsl::Football_Team::cbfcacbef5bc4a278442c00926ac9ebc,Denver Summit,Jordan,Nytes,J. Nytes,Goalkeeper,USA,17,1,,USA,,opta:Team:b6ztd03z31b0yfcae0qovefpw,Denver,DEN,Denver Summit,US,True,0,0,0,0,0,0,0,0,0,0,0,0,0,0,0,,0,,0,0,0,0,0,0,0.0,0.0,0.0,0.0,0.0,0.0,0,0,0,0,0,0,0,0,0,0,0,0,0,,,,,,,,,,,,,,,,,,,,,,,,,,,,,,,,,,,,,,,,,,,,,,,,,,,,,,,,,,,,,,,,,,,,,,,,,,,,,,,,,,,,,,,,,,,,,,,,,,,,,,,,,,,,,,,,,,,,,,,,,,,,,,True,0,0,0,0,0,0,0.0,0,0,0,0,0,0,True,0,0,0,0,True,0,0,0,0,0,0
2026,nwsl::Football_Season::0b6761e4701749f593690c0f338da74c,nwsl::Football_Player::021370e22b6846a48f5e988c6f4c9478,opta:Player:bilgoekg6gqwr3qbp6dp0j1zp,nwsl::Football_Team::c3e9513e280b41e5bfbb8230076e8c43,Orlando Pride,Rafaelle Leone,Carvalho Souza,Rafaelle,Defender,Brazil,4,2,,BRA,,opta:Team:966pdxhsoxaib9qt5083h8uus,Pride,ORL,Orlando Pride,US,True,13,911,0,2,4,2,2,2,13,14,3,0,2,0,0,82.0,15,1.48,0,0,0,0,0,0,0.2503,-0.2503,68.42,66.22,77.42,0.0,0,0,0,0,0,0,0,0,0,0,0,0,0,31.0,7.0,24.0,13.0,25.0,1.0,138.0,3.0,,1.0,74.0,25.0,49.0,27.0,226.0,6.0,12.0,3.0,,,43.0,18.0,25.0,1.0,21.0,4.0,108.0,,487.0,,,,,68.0,6.0,2.0,56.0,,153.0,6.0,2.0,2.0,11.0,4.0,2.0,,,3.0,6.0,1.0,33.0,395.0,115.0,304.0,386.0,6.0,,,3.0,911.0,2.0,1.0,1.0,72.0,14.0,3.0,99.0,512.0,4.0,419.0,19.0,9.0,93.0,664.0,,,1.0,22.0,53.0,61.0,32.0,40.0,,,,0.0,1.0,9.0,2.0,,,,2.0,2.0,,,,,,1.0,,,,,,,,,,,,,,,,,1.0,,,,,,,,,True,0,0,419,0,512,0,0.2,33,99,0,86,33,0,True,13,68,21,31,True,0,0,38,72,0,0
2026,nwsl::Football_Season::0b6761e4701749f593690c0f338da74c,nwsl::Football_Player::03ef0251e6f546d09c0a41a5c52ce7b0,opta:Player:1533xkmkmi8rpb6yoa8807xn8,nwsl::Football_Team::269e825b853f4b43a9d38390aa92bf6e,Chicago Stars,Ivonne,Chacón,I. Chacón,Forward,Colombia,18,4,,COL,,opta:Team:dzxypx8djih58p668surbi4qm,Chicago Stars,CHI,Chicago Stars,US,True,13,322,0,0,2,0,1,0,5,17,5,4,0,0,0,89.0,6,1.68,0,0,0,0,0,0,0.4082,-0.4082,71.43,31.34,45.45,50.0,0,0,0,0,0,0,0,0,0,0,0,0,0,11.0,6.0,5.0,13.0,26.0,1.0,30.0,,,3.0,67.0,46.0,21.0,70.0,9.0,4.0,6.0,,,,56.0,40.0,16.0,,,4.0,9.0,4.0,53.0,,,,2.0,19.0,7.0,5.0,13.0,,15.0,4.0,1.0,1.0,2.0,2.0,11.0,1.0,1.0,4.0,,4.0,,46.0,34.0,19.0,52.0,2.0,,,1.0,322.0,21.0,,,3.0,17.0,5.0,45.0,59.0,2.0,52.0,7.0,20.0,7.0,136.0,1.0,1.0,10.0,,,7.0,1.0,7.0,,,,0.0,,,,,,,,,,,,,,,,,,,,,,,,,,,,,,,,,,,,,,,,True,0,0,52,0,61,1,0.0,0,45,2,0,0,0,True,5,71,0,11,True,0,0,0,3,0,0
2026,nwsl::Football_Season::0b6761e4701749f593690c0f338da74c,nwsl::Football_Player::04a1aad603eb46dd9c349c2ba91d2322,opta:Player:736jvvtkgwc3g1vooviaod33d,nwsl::Football_Team::2c1699409ff84c9eb491aeaca3d3edde,Kansas City Current,Izzy,Rodriguez,I. Rodriguez,Defender,USA,18,2,,USA,,opta:Team:agxipc0vk4rtg09amjxv10nx0,KC Current,KC,Kansas City Current,US,True,18,1585,0,3,7,3,4,3,17,11,10,1,0,0,0,68.0,24,1.36,21,0,0,0,0,0,0.6134,-0.6134,48.57,56.73,50.0,17.78,0,0,0,0,0,0,0,0,0,0,0,0,0,18.0,9.0,9.0,18.0,106.0,3.0,141.0,2.0,21.0,17.0,104.0,45.0,59.0,303.0,320.0,8.0,21.0,3.0,,,86.0,36.0,50.0,,23.0,18.0,21.0,1.0,613.0,3.0,,,1.0,97.0,38.0,18.0,49.0,,187.0,21.0,3.0,4.0,18.0,3.0,,23.0,16.0,6.0,17.0,,42.0,408.0,244.0,204.0,383.0,18.0,2.0,37.0,125.0,1585.0,13.0,3.0,1.0,64.0,11.0,10.0,351.0,634.0,7.0,425.0,35.0,21.0,209.0,1130.0,69.0,51.0,6.0,56.0,103.0,215.0,63.0,106.0,,,,0.0,3.0,6.0,3.0,,,1.0,1.0,1.0,5.0,14.0,,,,,,,,,,,,,,,,,,,,,,,,,,,,,,True,0,0,425,0,724,16,0.17,42,351,90,145,42,0,True,17,49,23,18,True,0,0,29,64,0,0
2026,nwsl::Football_Season::0b6761e4701749f593690c0f338da74c,nwsl::Football_Player::0562367d242746f0ada9dacd4b93fa2f,opta:Player:1j32gwf2s9e0jipy1wsw400es,nwsl::Football_Team::c31d72afc09f42ee86418633aa41390a,Washington Spirit,Claudia,Martínez,C. Martínez,Forward,Paraguay,11,4,,PRY,,opta:Team:f1ks82wpiewyqs6h3oz9v4hzj,Spirit,WAS,Washington Spirit,US,True,16,483,3,0,15,3,8,0,7,6,2,1,0,0,0,63.0,4,0.75,0,0,0,0,0,0,3.2077,-0.2077,70.0,39.29,42.86,0.0,0,0,0,0,0,0,0,0,0,0,0,0,0,7.0,4.0,3.0,16.0,40.0,5.0,42.0,,,6.0,56.0,34.0,22.0,120.0,45.0,4.0,4.0,,3.0,3.0,49.0,30.0,19.0,,1.0,,24.0,1.0,142.0,1.0,,,,24.0,14.0,9.0,24.0,2.0,33.0,,7.0,8.0,3.0,3.0,13.0,,,7.0,,6.0,2.0,89.0,55.0,34.0,87.0,3.0,,,,483.0,20.0,,4.0,3.0,6.0,2.0,103.0,142.0,15.0,89.0,10.0,33.0,53.0,251.0,6.0,6.0,9.0,2.0,5.0,45.0,14.0,48.0,3.0,1.0,2.0,2.0,,,,1.0,2.0,,,,,,,,,,,,,,,,,,,,,,,,,,,,,,,,,,,True,0,0,89,0,148,0,0.0,2,103,6,7,2,0,True,7,70,1,7,True,0,0,29,3,0,0
2026,nwsl::Football_Season::0b6761e4701749f593690c0f338da74c,nwsl::Football_Player::0647eef6fb274236a6776c40e84d6eb3,opta:Player:58ggl2oa2ucyrv91ofv44ump6,nwsl::Football_Team::19674698cec24f53af8866cd21abaf8f,Bay,Alyssa,Malonson,A. Malonson,Defender,USA,20,2,,USA,,opta:Team:eka22bj7co8bw5qxa6qlbinf8,Bay,BAY,Bay,US,True,0,0,0,0,0,0,0,0,0,0,0,0,0,0,0,,0,,0,0,0,0,0,0,0.0,0.0,0.0,0.0,0.0,0.0,0,0,0,0,0,0,0,0,0,0,0,0,0,,,,,,,,,,,,,,,,,,,,,,,,,,,,,,,,,,,,,,,,,,,,,,,,,,,,,,,,,,,,,,,,,,,,,,,,,,,,,,,,,,,,,,,,,,,,,,,,,,,,,,,,,,,,,,,,,,,,,,,,,,,,,,True,0,0,0,0,0,0,0.0,0,0,0,0,0,0,True,0,0,0,0,True,0,0,0,0,0,0
2026,nwsl::Football_Season::0b6761e4701749f593690c0f338da74c,nwsl::Football_Player::06897a454ecd4389a815a64dfb95ba2d,opta:Player:a88r8d1jd5r928pvskginyiqy,nwsl::Football_Team::19674698cec24f53af8866cd21abaf8f,Bay,Racheal,Kundananji,R. Kundananji,Forward,Zambia,9,4,,ZAM,,opta:Team:eka22bj7co8bw5qxa6qlbinf8,Bay,BAY,Bay,US,True,11,784,2,1,15,3,8,1,6,16,5,0,1,0,0,66.0,8,0.92,0,0,1,0,0,0,2.6239,-0.6239,75.0,38.54,28.57,25.0,0,0,0,0,0,0,0,0,0,0,0,0,0,14.0,10.0,4.0,11.0,54.0,8.0,121.0,1.0,,7.0,96.0,59.0,37.0,197.0,46.0,3.0,7.0,1.0,2.0,2.0,82.0,49.0,33.0,1.0,4.0,8.0,23.0,,191.0,2.0,,,1.0,58.0,21.0,6.0,56.0,1.0,68.0,9.0,7.0,8.0,9.0,6.0,2.0,5.0,5.0,20.0,1.0,3.0,7.0,126.0,99.0,32.0,119.0,2.0,,,1.0,784.0,30.0,1.0,2.0,2.0,16.0,5.0,147.0,191.0,15.0,126.0,8.0,54.0,65.0,369.0,15.0,15.0,19.0,1.0,8.0,71.0,9.0,57.0,1.0,1.0,1.0,1.0,1.0,1.0,1.0,1.0,2.0,,,,,,,,,,,,,,,,,,,,,,,,,,,,,,,,,,,True,0,0,126,0,211,5,0.11,7,147,20,15,7,0,True,6,75,4,14,True,0,0,47,2,0,0
2026,nwsl::Football_Season::0b6761e4701749f593690c0f338da74c,nwsl::Football_Player::077ea2ab10e8473d9224cd482d7970f0,opta:Player:3yttjppa6jh9yv8zfc9kd34es,nwsl::Football_Team::ca3f464d6b794a9087d441d75961403f,Houston Dash,Amanda,West,A. West,Forward,Canada,16,4,,CAN,,opta:Team:c3v2ohfuzoqmc8ljm65hi80sj,Dash,HOU,Houston Dash,US,True,0,0,0,0,0,0,0,0,0,0,0,0,0,0,0,,0,,0,0,0,0,0,0,0.0,0.0,0.0,0.0,0.0,0.0,0,0,0,0,0,0,0,0,0,0,0,0,0,,,,,,,,,,,,,,,,,,,,,,,,,,,,,,,,,,,,,,,,,,,,0.0,0.0,,,,,,,,,,,,,,,,,,,,,,,,,,,,,,,,,,,,,,,,,,,,,,,,,,,,0.0,0.0,0.0,,,,,,,,,,,,,,,,,,,,,,,,,,,True,0,0,0,0,0,0,0.0,0,0,0,0,0,0,True,0,0,0,0,True,0,0,0,0,0,0
2026,nwsl::Football_Season::0b6761e4701749f593690c0f338da74c,nwsl::Football_Player::09140d97bf314b7193afa990b5f36308,opta:Player:11u4dj0z0p616zx9gsnil66ay,nwsl::Football_Team::269e825b853f4b43a9d38390aa92bf6e,Chicago Stars,Sam,Staab,S. Staab,Defender,USA,3,2,,USA,,opta:Team:dzxypx8djih58p668surbi4qm,Chicago Stars,CHI,Chicago Stars,US,True,17,1523,1,0,4,1,2,0,12,15,4,0,0,0,0,83.0,32,1.89,16,0,0,0,0,0,0.4709,0.5291,70.59,54.05,51.72,7.69,0,0,0,0,0,0,0,0,0,0,0,0,0,29.0,14.0,15.0,17.0,49.0,3.0,231.0,2.0,16.0,5.0,74.0,34.0,40.0,89.0,422.0,2.0,31.0,1.0,,,45.0,20.0,25.0,1.0,23.0,5.0,124.0,,866.0,,,,4.0,128.0,10.0,6.0,54.0,,373.0,5.0,2.0,2.0,17.0,1.0,,4.0,2.0,4.0,10.0,,57.0,722.0,178.0,628.0,745.0,5.0,,20.0,30.0,1523.0,2.0,,,110.0,15.0,4.0,224.0,968.0,4.0,802.0,17.0,6.0,166.0,1273.0,22.0,6.0,2.0,49.0,107.0,130.0,58.0,59.0,,1.0,0.0,0.0,,22.0,,1.0,,1.0,33.0,35.0,2.0,13.0,,,,,2.0,,3.0,,,,,,,,,,,1.0,1.0,,,,,1.0,1.0,,,,,True,0,0,802,0,994,2,0.0,57,224,26,164,57,0,True,12,71,23,29,True,0,0,35,110,0,0
2026,nwsl::Football_Season::0b6761e4701749f593690c0f338da74c,nwsl::Football_Player::091dffd7d5f244b291109607df38fbe0,opta:Player:5zl6weiva6j24ciuqvos981gq,nwsl::Football_Team::c83f2ca05aa84c738b5373f0d2a31b39,Gotham FC,Andrea,Kitahata,A. Kitahata,Forward,USA,24,4,,USA,,opta:Team:bgkfdckqfqnfbmecbtz03n76d,Gotham FC,GFC,Gotham FC,US,True,6,146,0,0,1,0,1,0,1,0,1,0,0,0,0,68.0,0,0.0,0,0,0,0,0,0,0.2501,-0.2501,50.0,40.0,0.0,33.33,0,0,0,0,0,0,0,0,0,0,0,0,0,2.0,2.0,,6.0,13.0,1.0,18.0,,,1.0,15.0,9.0,6.0,38.0,12.0,,,,,,13.0,7.0,6.0,,1.0,2.0,11.0,,43.0,1.0,,,,10.0,4.0,2.0,7.0,,7.0,2.0,,1.0,1.0,1.0,5.0,1.0,1.0,3.0,,1.0,,29.0,17.0,13.0,29.0,1.0,,3.0,7.0,146.0,5.0,,1.0,3.0,,1.0,35.0,43.0,1.0,29.0,2.0,5.0,14.0,90.0,2.0,2.0,3.0,1.0,1.0,12.0,4.0,13.0,,,,0.0,,,,,,,,,,,,,,,,,,,,,,,,,,,,,,,,,,,,,,,,True,0,0,29,0,46,1,0.0,0,35,3,1,0,0,True,1,50,1,2,True,0,0,0,3,0,0
2026,nwsl::Football_Season::0b6761e4701749f593690c0f338da74c,nwsl::Football_Player::0953a675c64f45529f01d7a21eadc22a,opta:Player:8f2og4ng2s6f8qeikft26h2qc,nwsl::Football_Team::ac29701756da44a08457762380c10733,Racing Louisville,Macey,Hodge,M. Hodge,Midfielder,USA,10,3,,USA,,opta:Team:dtucewmt49th1p4selfutmnmc,Racing Lou,LOU,Racing Louisville,US,True,15,748,0,0,2,0,0,0,7,18,11,0,4,0,0,76.0,18,2.17,1,0,0,0,0,0,0.2331,-0.2331,63.64,41.46,42.11,0.0,0,0,0,0,0,0,0,0,0,0,0,0,0,19.0,11.0,8.0,15.0,33.0,1.0,18.0,,1.0,2.0,82.0,48.0,34.0,39.0,52.0,9.0,16.0,2.0,,,63.0,37.0,26.0,,13.0,3.0,35.0,,166.0,,,,2.0,4.0,9.0,4.0,28.0,,46.0,3.0,2.0,,9.0,8.0,6.0,,,4.0,1.0,4.0,7.0,126.0,56.0,70.0,119.0,4.0,,,1.0,748.0,15.0,,,13.0,18.0,11.0,64.0,166.0,2.0,126.0,11.0,4.0,40.0,270.0,1.0,,9.0,3.0,11.0,34.0,7.0,29.0,,,,0.0,,6.0,,,,,,,,1.0,,,,,,,,,,,,,,,,,,,,,,,,,,,,,,True,0,0,126,0,167,0,0.0,7,64,1,18,7,0,True,7,64,13,19,True,0,0,39,13,0,0
2026,nwsl::Football_Season::0b6761e4701749f593690c0f338da74c,nwsl::Football_Player::09958b13c0eb4f6da37c9de8dca9877a,opta:Player:edvqu0m5d55uwjcz6c0qed2xg,nwsl::Football_Team::fb41ef4439dd495098cb6d40415767cc,North Carolina Courage,Erica,Parkinson,E. Parkinson,Midfielder,England,19,3,,ENG,,opta:Team:b4fbmos00gxtk8qnaqsm392p5,Courage,NC,North Carolina Courage,US,True,3,215,0,1,2,1,0,1,8,3,4,0,0,0,0,94.0,5,2.09,0,0,0,0,0,0,0.2324,-0.2324,66.67,48.57,0.0,0.0,0,0,0,0,0,0,0,0,0,0,0,0,0,2.0,2.0,,3.0,21.0,3.0,33.0,,,2.0,35.0,18.0,17.0,55.0,25.0,2.0,5.0,,,,33.0,16.0,17.0,,3.0,2.0,12.0,,76.0,,,,1.0,14.0,6.0,4.0,19.0,,21.0,3.0,2.0,,2.0,1.0,1.0,,,1.0,1.0,3.0,4.0,71.0,46.0,28.0,70.0,4.0,,,1.0,215.0,9.0,1.0,,2.0,3.0,4.0,28.0,79.0,2.0,74.0,12.0,7.0,5.0,138.0,5.0,5.0,3.0,,,10.0,,5.0,,,,0.0,1.0,1.0,1.0,,,,,,,,,,,,,,,,,,,,,,,,,,,,,,,,,,,,,True,0,0,74,0,84,0,0.42,4,28,5,4,4,0,True,8,67,3,2,True,0,0,100,2,0,0
2026,nwsl::Football_Season::0b6761e4701749f593690c0f338da74c,nwsl::Football_Player::0a3adb8ebf524b2ba9ae67669014f68d,opta:Player:8tefer60sfhyfeniq9c74dq8k,nwsl::Football_Team::2c1699409ff84c9eb491aeaca3d3edde,Kansas City Current,Itala,Gemelli,I. Gemelli,Midfielder,USA,53,3,,USA,,opta:Team:agxipc0vk4rtg09amjxv10nx0,KC Current,KC,Kansas City Current,US,True,0,0,0,0,0,0,0,0,0,0,0,0,0,0,0,,0,,0,0,0,0,0,0,0.0,0.0,0.0,0.0,0.0,0.0,0,0,0,0,0,0,0,0,0,0,0,0,0,,,,,,,,,,,,,,,,,,,,,,,,,,,,,,,,,,,,,,,,,,,,,,,,,,,,,,,,,,,,,,,,,,,,,,,,,,,,,,,,,,,,,,,,,,,,,,,,,,,,,,,,,,,,,,,,,,,,,,,,,,,,,,True,0,0,0,0,0,0,0.0,0,0,0,0,0,0,True,0,0,0,0,True,0,0,0,0,0,0
2026,nwsl::Football_Season::0b6761e4701749f593690c0f338da74c,nwsl::Football_Player::0b39e888cd6f4316b0765895dcfdf2fb,opta:Player:7pdog0usw4fwr3j3neexfz1ed,nwsl::Football_Team::ac29701756da44a08457762380c10733,Racing Louisville,Rachel,Hill,R. Hill,Forward,USA,21,4,,USA,,opta:Team:dtucewmt49th1p4selfutmnmc,Racing Lou,LOU,Racing Louisville,US,True,8,205,0,0,7,0,4,0,5,2,3,1,1,0,0,73.0,10,4.39,0,0,0,0,0,0,0.8918,-0.8918,62.5,51.85,40.0,28.57,0,0,0,0,0,0,0,0,0,0,0,0,0,5.0,3.0,2.0,8.0,12.0,2.0,25.0,,,4.0,27.0,13.0,14.0,57.0,23.0,2.0,9.0,1.0,,,22.0,10.0,12.0,,8.0,1.0,14.0,1.0,54.0,,,,1.0,15.0,10.0,8.0,8.0,,6.0,1.0,3.0,4.0,1.0,1.0,7.0,2.0,2.0,1.0,,,6.0,39.0,27.0,15.0,34.0,3.0,,4.0,11.0,205.0,4.0,,1.0,11.0,2.0,3.0,38.0,55.0,7.0,40.0,8.0,9.0,15.0,144.0,5.0,5.0,2.0,,3.0,16.0,4.0,12.0,,,,0.0,,,,,,,,,,,,,,,,,,,,,,,,,,,,,,,,,,,,,,,,True,0,0,40,0,62,2,0.0,6,38,7,9,6,0,True,5,62,8,5,True,0,0,67,11,0,0
2026,nwsl::Football_Season::0b6761e4701749f593690c0f338da74c,nwsl::Football_Player::0bb3c16212754939b111d70c83644b8e,opta:Player:1c2boqmoi50esuelgdd96o06h,nwsl::Football_Team::ca3f464d6b794a9087d441d75961403f,Houston Dash,Danielle,Colaprico,D. Colaprico,Midfielder,USA,24,3,,USA,,opta:Team:c3v2ohfuzoqmc8ljm65hi80sj,Dash,HOU,Houston Dash,US,True,17,1189,0,2,4,2,1,2,19,14,22,0,3,0,0,81.0,20,1.51,0,0,0,0,0,0,0.2693,-0.2693,59.38,68.75,63.64,50.0,0,0,0,0,0,0,0,0,0,0,0,0,0,11.0,4.0,7.0,17.0,60.0,1.0,77.0,,,1.0,96.0,30.0,66.0,116.0,164.0,6.0,17.0,3.0,,,85.0,26.0,59.0,,27.0,11.0,99.0,,416.0,,,,2.0,34.0,12.0,7.0,59.0,,98.0,13.0,3.0,1.0,15.0,12.0,2.0,1.0,1.0,5.0,,8.0,12.0,333.0,167.0,172.0,326.0,13.0,2.0,,1.0,1189.0,6.0,4.0,,19.0,14.0,22.0,103.0,421.0,4.0,338.0,32.0,4.0,83.0,590.0,1.0,1.0,4.0,8.0,18.0,61.0,23.0,65.0,1.0,,,0.0,,10.0,2.0,,,,,,,,,,,1.0,,,,,,,,,,,,,,,,,,,,,,,,,,True,0,0,338,0,423,1,0.15,12,103,2,30,12,0,True,19,59,27,11,True,0,0,40,19,0,0
2026,nwsl::Football_Season::0b6761e4701749f593690c0f338da74c,nwsl::Football_Player::0bc0d986844b458592417f6157d1aeb4,opta:Player:n4egj8ymfled94mco0lwa95,nwsl::Football_Team::ca3f464d6b794a9087d441d75961403f,Houston Dash,Christen,Westphal,C. Westphal,Defender,USA,20,2,,USA,,opta:Team:c3v2ohfuzoqmc8ljm65hi80sj,Dash,HOU,Houston Dash,US,True,0,0,0,0,0,0,0,0,0,0,0,0,0,0,0,,0,,0,0,0,0,0,0,0.0,0.0,0.0,0.0,0.0,0.0,0,0,0,0,0,0,0,0,0,0,0,0,0,,,,,,,,,,,,,,,,,,,,,,,,,,,,,,,,,,,,,,,,,,,,,,,,,,,,,,,,,,,,,,,,,,,,,,,,,,,,,,,,,,,,,,,,,,,,,,,,,,,,,,,,,,,,,,,,,,,,,,,,,,,,,,True,0,0,0,0,0,0,0.0,0,0,0,0,0,0,True,0,0,0,0,True,0,0,0,0,0,0
2026,nwsl::Football_Season::0b6761e4701749f593690c0f338da74c,nwsl::Football_Player::0be30b0d97e24aa39d443c4436a4c2a1,opta:Player:6wpx1a2wehksajgej1us7wqok,nwsl::Football_Team::fb41ef4439dd495098cb6d40415767cc,North Carolina Courage,Uno,Shiragaki,U. Shiragaki,Defender,Japan,,2,,JPN,,opta:Team:b4fbmos00gxtk8qnaqsm392p5,Courage,NC,North Carolina Courage,US,True,14,1148,0,0,4,0,2,0,11,12,7,2,3,0,0,84.0,22,1.72,0,0,0,0,0,0,0.4134,-0.4134,50.0,52.22,54.84,20.0,0,0,0,0,0,0,0,0,0,0,0,0,0,31.0,14.0,17.0,14.0,50.0,1.0,109.0,2.0,,2.0,90.0,43.0,47.0,42.0,317.0,6.0,22.0,,,,59.0,29.0,30.0,,15.0,2.0,252.0,2.0,652.0,,,,1.0,69.0,11.0,6.0,54.0,,48.0,2.0,2.0,2.0,13.0,2.0,1.0,1.0,1.0,2.0,6.0,,32.0,545.0,245.0,315.0,527.0,11.0,,4.0,7.0,1148.0,7.0,1.0,1.0,54.0,12.0,7.0,131.0,667.0,4.0,559.0,22.0,8.0,108.0,838.0,4.0,4.0,3.0,23.0,42.0,71.0,41.0,66.0,,,,0.0,,12.0,,,,,2.0,2.0,,,,,,,,,,,,,,,,,,,,,,,2.0,,,,,,,,,True,0,0,559,0,672,1,0.0,32,131,5,74,32,0,True,11,50,15,31,True,0,0,43,54,0,0
2026,nwsl::Football_Season::0b6761e4701749f593690c0f338da74c,nwsl::Football_Player::0c530e65960c4b09af04a8b64b7c2a77,opta:Player:41ie703vnojfuh5iwcbqtij2s,nwsl::Football_Team::ca3f464d6b794a9087d441d75961403f,Houston Dash,Natalie,Bain,N. Bain,Defender,USA,8,2,,USA,,opta:Team:c3v2ohfuzoqmc8ljm65hi80sj,Dash,HOU,Houston Dash,US,True,0,0,0,0,0,0,0,0,0,0,0,0,0,0,0,,0,,0,0,0,0,0,0,0.0,0.0,0.0,0.0,0.0,0.0,0,0,0,0,0,0,0,0,0,0,0,0,0,,,,,,,,,,,,,,,,,,,,,,,,,,,,,,,,,,,,,,,,,,,,,,,,,,,,,,,,,,,,,,,,,,,,,,,,,,,,,,,,,,,,,,,,,,,,,,,,,,,,,,,,,,,,,,,,,,,,,,,,,,,,,,True,0,0,0,0,0,0,0.0,0,0,0,0,0,0,True,0,0,0,0,True,0,0,0,0,0,0
2026,nwsl::Football_Season::0b6761e4701749f593690c0f338da74c,nwsl::Football_Player::0d2b0629ed6b43b8ae5e01f2d88fa515,opta:Player:ejnchs99plocbhm7txy6r3s9h,nwsl::Football_Team::d2d8efe548734dfd8bc667b5a52a079a,Boston Legacy,Bianca,St-Georges,B. St-Georges,Forward,Canada,23,4,,CAN,,opta:Team:2yppf5jwqllc49s0qkbkchvkk,Boston Legacy,BOS,Boston Legacy,US,True,14,1110,1,0,9,1,2,0,18,20,12,0,2,2,0,74.0,13,1.05,0,0,0,0,0,0,1.3664,-0.3664,54.55,59.82,57.14,36.0,0,0,0,0,0,0,0,0,0,0,0,0,0,7.0,3.0,4.0,14.0,55.0,4.0,164.0,3.0,,6.0,112.0,45.0,67.0,184.0,274.0,10.0,11.0,2.0,1.0,1.0,105.0,42.0,63.0,1.0,25.0,13.0,189.0,,535.0,3.0,,,3.0,92.0,29.0,8.0,88.0,,38.0,13.0,7.0,2.0,13.0,,1.0,9.0,9.0,18.0,4.0,1.0,41.0,393.0,182.0,237.0,369.0,15.0,1.0,29.0,103.0,1110.0,14.0,3.0,,36.0,20.0,12.0,234.0,556.0,9.0,410.0,33.0,14.0,146.0,930.0,16.0,16.0,7.0,20.0,36.0,104.0,58.0,110.0,1.0,1.0,0.0,1.0,,3.0,,1.0,1.0,,9.0,9.0,,,2.0,1.0,1.0,,,,,,,,,,,,,,,1.0,,,,,,,,,,,,True,0,0,410,0,581,9,0.0,41,234,25,77,41,0,True,18,55,25,7,True,0,0,53,36,0,0
2026,nwsl::Football_Season::0b6761e4701749f593690c0f338da74c,nwsl::Football_Player::0e4a7272e4b34cc8977c9623a1a09bf1,opta:Player:da2c3l9xeixo7o6byjutpgn4k,nwsl::Football_Team::96ba7b37bd8544a1a7329183459150ff,Portland Thorns,Caiya,Hanks,C. Hanks,Forward,USA,7,4,,USA,,opta:Team:446mp88j1vpk9iwui9fiifrp8,Thorns,POR,Portland Thorns,US,True,0,0,0,0,0,0,0,0,0,0,0,0,0,0,0,,0,,0,0,0,0,0,0,0.0,0.0,0.0,0.0,0.0,0.0,0,0,0,0,0,0,0,0,0,0,0,0,0,,,,,,,,,,,,,,,,,,,,,,,,,,,,,,,,,,,,,,,,,,,,,,,,,,,,,,,,,,,,,,,,,,,,,,,,,,,,,,,,,,,,,,,,,,,,,,,,,,,,,,,,,,,,,,,,,,,,,,,,,,,,,,True,0,0,0,0,0,0,0.0,0,0,0,0,0,0,True,0,0,0,0,True,0,0,0,0,0,0
2026,nwsl::Football_Season::0b6761e4701749f593690c0f338da74c,nwsl::Football_Player::0faee2ad9e40492cbb9336bcbf79d651,opta:Player:2btfn8hbssn0dnszgyll1gopg,nwsl::Football_Team::96ba7b37bd8544a1a7329183459150ff,Portland Thorns,Pietra,Tordin,P. Tordin,Forward,USA,19,4,,USA,,opta:Team:446mp88j1vpk9iwui9fiifrp8,Thorns,POR,Portland Thorns,US,True,18,1373,4,8,22,12,9,8,28,16,17,3,1,0,0,67.0,20,1.31,10,0,2,0,0,0,4.3598,-0.3598,80.0,46.7,52.63,13.33,0,0,0,0,0,0,0,0,0,0,0,0,0,38.0,18.0,20.0,18.0,61.0,8.0,101.0,1.0,10.0,9.0,182.0,97.0,85.0,225.0,114.0,12.0,19.0,1.0,2.0,4.0,144.0,79.0,65.0,1.0,8.0,23.0,69.0,3.0,314.0,,,,,52.0,23.0,13.0,55.0,1.0,81.0,31.0,13.0,9.0,17.0,13.0,1.0,7.0,2.0,13.0,1.0,12.0,9.0,207.0,144.0,80.0,208.0,7.0,3.0,,4.0,1373.0,51.0,10.0,4.0,15.0,16.0,17.0,217.0,325.0,22.0,217.0,35.0,53.0,108.0,609.0,8.0,1.0,25.0,1.0,8.0,92.0,24.0,100.0,3.0,2.0,2.0,1.0,6.0,1.0,8.0,1.0,3.0,,2.0,2.0,5.0,5.0,,,,,,,,,,,,,,,,,,,,,,2.0,,,,,,,,True,0,0,217,0,340,2,0.52,9,217,15,17,9,0,True,28,80,8,38,True,0,0,53,15,0,0
2026,nwsl::Football_Season::0b6761e4701749f593690c0f338da74c,nwsl::Football_Player::0fc6e8c0cd724c14b06c64c27c8331e6,opta:Player:94j0ci5rtwvr8nlrr32cfg9d6,nwsl::Football_Team::acffc559cf7d485a9c05fa23ab57054b,Utah Royals,Cece,Delzer,C. Delzer,Forward,USA,5,4,,USA,,opta:Team:bn7w86uw8j61dga3xr5s0yiju,Royals,UTA,Utah Royals,US,True,17,1216,4,2,21,6,11,2,12,15,7,7,0,0,0,70.0,16,1.18,0,0,0,1,1,0,5.4946,-1.4946,42.86,42.34,58.82,14.29,0,0,0,0,0,0,0,0,0,0,0,0,0,17.0,7.0,10.0,17.0,65.0,11.0,99.0,1.0,,16.0,137.0,79.0,58.0,257.0,78.0,12.0,13.0,3.0,3.0,4.0,120.0,72.0,48.0,,7.0,23.0,82.0,7.0,264.0,2.0,,1.0,1.0,53.0,31.0,15.0,61.0,3.0,40.0,25.0,10.0,11.0,15.0,11.0,2.0,1.0,1.0,13.0,,15.0,6.0,182.0,126.0,58.0,177.0,16.0,1.0,1.0,1.0,1216.0,45.0,5.0,5.0,4.0,15.0,7.0,173.0,265.0,21.0,183.0,28.0,66.0,82.0,495.0,6.0,6.0,30.0,,2.0,73.0,15.0,80.0,2.0,3.0,1.0,1.0,2.0,3.0,2.0,1.0,4.0,,,,,,,,,2.0,,1.0,,,,,,,,,,,,,,,,,,,,,,,,True,0,0,183,0,272,1,0.15,6,173,7,8,6,0,True,12,43,7,17,True,0,0,75,4,0,0
2026,nwsl::Football_Season::0b6761e4701749f593690c0f338da74c,nwsl::Football_Player::0fd2f43637c941a58f9944a3f2649538,opta:Player:39jb2vzpuxxfhrr0px7tlk991,nwsl::Football_Team::269e825b853f4b43a9d38390aa92bf6e,Chicago Stars,Nádia Filipa,Gomes Coelho,Nádia Gomes,Forward,Portugal,11,4,,PRT,,opta:Team:dzxypx8djih58p668surbi4qm,Chicago Stars,CHI,Chicago Stars,US,True,14,1156,2,0,11,2,5,0,16,10,6,3,2,0,0,71.0,21,1.63,0,0,0,0,0,0,1.4295,0.5705,57.14,47.97,55.56,15.0,0,0,0,0,0,0,0,0,0,0,0,0,0,27.0,12.0,15.0,14.0,66.0,1.0,110.0,,,4.0,123.0,64.0,59.0,153.0,136.0,8.0,20.0,1.0,1.0,1.0,96.0,52.0,44.0,1.0,13.0,6.0,57.0,3.0,330.0,3.0,,,4.0,67.0,31.0,18.0,61.0,,79.0,6.0,6.0,5.0,13.0,7.0,1.0,3.0,3.0,10.0,3.0,2.0,9.0,232.0,115.0,126.0,229.0,12.0,1.0,3.0,40.0,1156.0,31.0,,2.0,27.0,10.0,6.0,190.0,338.0,11.0,238.0,28.0,23.0,100.0,625.0,17.0,17.0,11.0,9.0,20.0,83.0,34.0,80.0,,1.0,1.0,0.0,,5.0,,2.0,1.0,,,,,,,,,,,,,,,,,,,,,,,,1.0,,1.0,,,,,,,,,True,0,0,238,0,358,3,0.0,9,190,20,29,9,0,True,16,57,13,27,True,0,0,31,27,0,0
2026,nwsl::Football_Season::0b6761e4701749f593690c0f338da74c,nwsl::Football_Player::0ff461d4b7864e4387af66c2fdaa3710,opta:Player:31yxoo15eztnf39r45e6hy1g5,nwsl::Football_Team::c31d72afc09f42ee86418633aa41390a,Washington Spirit,Leicy,Santos,L. Santos,Midfielder,Colombia,10,3,,COL,,opta:Team:f1ks82wpiewyqs6h3oz9v4hzj,Spirit,WAS,Washington Spirit,US,True,18,1401,5,4,28,9,18,4,20,5,28,3,0,0,0,79.0,12,0.77,49,0,1,0,0,0,4.014,0.986,62.5,54.67,30.0,7.14,0,0,0,0,0,0,0,0,0,0,0,0,0,10.0,7.0,3.0,18.0,188.0,6.0,166.0,5.0,49.0,5.0,150.0,68.0,82.0,388.0,246.0,2.0,10.0,2.0,3.0,4.0,140.0,61.0,79.0,1.0,7.0,22.0,121.0,3.0,663.0,1.0,,,,53.0,34.0,16.0,114.0,3.0,147.0,26.0,10.0,18.0,16.0,7.0,2.0,15.0,4.0,19.0,1.0,17.0,30.0,513.0,355.0,210.0,520.0,12.0,4.0,,3.0,1401.0,47.0,5.0,3.0,6.0,5.0,28.0,277.0,702.0,28.0,550.0,32.0,35.0,152.0,1014.0,40.0,20.0,9.0,10.0,24.0,159.0,33.0,128.0,1.0,3.0,2.0,2.0,3.0,,4.0,2.0,2.0,,,,12.0,18.0,,,,,,,3.0,,,,,,,,,,,,1.0,,,,,1.0,1.0,,,,,True,0,0,550,0,758,4,0.26,30,277,56,54,30,0,True,20,62,7,10,True,0,0,56,6,0,0
2026,nwsl::Football_Season::0b6761e4701749f593690c0f338da74c,nwsl::Football_Player::10444fea4ff6483da41b77457cf2cbac,opta:Player:vaw0swh9q18mglmk683bauzu,nwsl::Football_Team::acffc559cf7d485a9c05fa23ab57054b,Utah Royals,Mandy,McGlynn,M. McGlynn,Goalkeeper,USA,1,1,,USA,,opta:Team:bn7w86uw8j61dga3xr5s0yiju,Royals,UTA,Utah Royals,US,True,13,1088,0,0,0,0,0,0,0,0,6,0,0,0,0,73.0,13,1.08,0,0,0,0,0,0,0.0,0.0,0.0,76.92,100.0,0.0,0,0,0,0,0,0,0,0,0,0,0,0,0,5.0,,5.0,13.0,,,78.0,4.0,,,13.0,3.0,10.0,,305.0,,11.0,2.0,,,8.0,3.0,5.0,,,1.0,115.0,,456.0,,,,2.0,40.0,2.0,,120.0,,147.0,1.0,,,12.0,,1.0,,,,32.0,,100.0,348.0,57.0,353.0,310.0,,,,,1088.0,,1.0,,23.0,,6.0,160.0,567.0,,410.0,,,157.0,685.0,,,,72.0,148.0,103.0,54.0,9.0,,,,0.0,,,,,,,75.0,55.0,,,,,,,23.0,,,11.0,2.0,3.0,2.0,12.0,28.0,20.0,7.0,,7.0,6.0,,,,,,,,,,,,True,0,0,410,0,567,0,0.0,100,160,0,248,100,0,True,0,0,0,5,True,28,0,40,23,0,0
2026,nwsl::Football_Season::0b6761e4701749f593690c0f338da74c,nwsl::Football_Player::10b990f3432f4383891922232cca020a,opta:Player:aat1vixi4qu8bmxtw45maqytx,nwsl::Football_Team::ca3f464d6b794a9087d441d75961403f,Houston Dash,Lisa,Boattin,L. Boattin,Defender,Italy,27,2,,ITA,,opta:Team:c3v2ohfuzoqmc8ljm65hi80sj,Dash,HOU,Houston Dash,US,True,14,696,0,0,4,0,2,0,14,8,10,0,1,0,0,72.0,11,1.42,6,0,1,0,0,0,0.2382,-0.2382,73.68,51.35,50.0,0.0,0,0,0,0,0,0,0,0,0,0,0,0,0,8.0,4.0,4.0,14.0,41.0,2.0,57.0,,6.0,2.0,74.0,36.0,38.0,104.0,127.0,5.0,10.0,1.0,,,66.0,32.0,34.0,,13.0,8.0,6.0,,256.0,3.0,,,2.0,28.0,31.0,13.0,47.0,,89.0,8.0,2.0,2.0,9.0,8.0,5.0,4.0,,5.0,5.0,1.0,12.0,183.0,81.0,112.0,177.0,5.0,2.0,7.0,64.0,696.0,13.0,,,27.0,8.0,10.0,130.0,263.0,4.0,189.0,19.0,8.0,74.0,502.0,15.0,8.0,8.0,10.0,22.0,64.0,25.0,52.0,,,,0.0,,3.0,,,,,,,3.0,3.0,,,,,,,1.0,,,,,,,,,,,,,,,,,,,,,,,True,0,0,189,0,281,0,0.0,12,130,18,34,12,0,True,14,74,13,8,True,0,0,35,27,0,0
2026,nwsl::Football_Season::0b6761e4701749f593690c0f338da74c,nwsl::Football_Player::10da6024c1af4c84bf37b25a641f0866,opta:Player:bngif4yqa0asu77nptsb06n10,nwsl::Football_Team::9587b8ce40624165903b6bc9fd252634,Angel City,Riley,Tiernan,R. Tiernan,Forward,USA,33,4,,USA,,opta:Team:6hbfgdczbi3yg4sdpqgtu6s,Angel City,LA,Angel City,US,True,13,777,1,0,8,1,2,0,9,13,1,1,0,0,0,80.0,10,1.16,0,0,1,0,0,0,1.4075,-0.4075,69.23,36.99,62.5,16.67,0,0,0,0,0,0,0,0,0,0,0,0,0,8.0,3.0,5.0,13.0,48.0,4.0,71.0,1.0,,2.0,73.0,46.0,27.0,127.0,38.0,9.0,10.0,,1.0,1.0,65.0,43.0,22.0,,6.0,7.0,16.0,1.0,132.0,,,,,37.0,4.0,2.0,25.0,1.0,32.0,7.0,6.0,2.0,9.0,7.0,4.0,3.0,3.0,8.0,2.0,,4.0,105.0,75.0,35.0,103.0,4.0,1.0,,,777.0,26.0,1.0,,5.0,13.0,1.0,86.0,134.0,8.0,107.0,13.0,25.0,27.0,264.0,15.0,14.0,6.0,1.0,2.0,36.0,6.0,25.0,2.0,1.0,0.0,1.0,,2.0,,,1.0,,,,,,,,,,,,,,,,,,,,,,,,,,,,,,,,,,,True,0,0,107,0,152,3,0.0,4,86,18,6,4,0,True,9,69,6,8,True,0,0,67,5,0,0
2026,nwsl::Football_Season::0b6761e4701749f593690c0f338da74c,nwsl::Football_Player::1268d947a78745e2b8b6781630220406,opta:Player:bcliy6oxtz7380e9cyr38dj4k,nwsl::Football_Team::ca719042b34443c4bcfe380ca4850eaf,San Diego Wave,Jordan,Fusco,J. Fusco,Midfielder,USA,28,3,,USA,,opta:Team:esvbnzqbyvxp2k570ez7h1a1g,San Diego Wave,SD,San Diego Wave,US,True,7,37,0,0,1,0,1,0,1,2,1,0,0,0,0,72.0,0,0.0,0,0,0,0,0,0,0.0372,-0.0372,50.0,36.36,50.0,0.0,0,0,0,0,0,0,0,0,0,0,0,0,0,2.0,1.0,1.0,7.0,4.0,,12.0,,,1.0,11.0,7.0,4.0,10.0,8.0,2.0,,,,,9.0,6.0,3.0,,1.0,1.0,7.0,,21.0,,,,,8.0,,,2.0,,2.0,1.0,,1.0,,,7.0,,,,,,1.0,15.0,11.0,4.0,14.0,1.0,,,,37.0,4.0,1.0,,,2.0,1.0,11.0,21.0,1.0,15.0,2.0,1.0,6.0,32.0,,,2.0,,,5.0,1.0,6.0,1.0,,,0.0,,,,,,,,,,,,,,,,,,,,,,,,,,,,,,,,,,,,,,,,True,0,0,15,0,21,0,0.0,1,11,0,1,1,0,True,1,50,1,2,True,0,0,100,0,0,0
2026,nwsl::Football_Season::0b6761e4701749f593690c0f338da74c,nwsl::Football_Player::12f3080c7af74e8bb619ae361ba8593f,opta:Player:6fck9n45uzje7703u87aq1xm2,nwsl::Football_Team::cbfcacbef5bc4a278442c00926ac9ebc,Denver Summit,Ayo,Oke,A. Oke,Defender,USA,7,2,,USA,,opta:Team:b6ztd03z31b0yfcae0qovefpw,Denver,DEN,Denver Summit,US,True,15,966,0,1,3,1,2,1,11,15,13,1,3,0,0,73.0,17,1.58,0,0,0,0,0,0,0.6911,-0.6911,64.71,48.94,28.57,15.38,0,0,0,0,0,0,0,0,0,0,0,0,0,7.0,5.0,2.0,15.0,57.0,4.0,153.0,,,11.0,94.0,48.0,46.0,217.0,163.0,9.0,16.0,1.0,,,87.0,43.0,44.0,1.0,11.0,12.0,110.0,1.0,352.0,,,,3.0,105.0,27.0,14.0,40.0,,24.0,13.0,1.0,2.0,12.0,11.0,3.0,4.0,4.0,14.0,4.0,1.0,11.0,255.0,158.0,103.0,246.0,6.0,1.0,28.0,72.0,966.0,24.0,1.0,2.0,9.0,15.0,13.0,200.0,354.0,3.0,257.0,17.0,29.0,97.0,638.0,22.0,22.0,13.0,4.0,20.0,100.0,19.0,77.0,,,,0.0,1.0,2.0,1.0,,,1.0,,,,,,,,,,,,,,,,,,,,,,1.0,,1.0,,,,,,,,,,True,0,0,257,0,380,4,0.09,11,200,26,31,11,0,True,11,65,11,7,True,0,1,35,9,0,0
2026,nwsl::Football_Season::0b6761e4701749f593690c0f338da74c,nwsl::Football_Player::133304d476e84b6cbc5409243d94af4a,opta:Player:8q0rkr3gz7hz1ssdx3fkro0a2,nwsl::Football_Team::ac29701756da44a08457762380c10733,Racing Louisville,Taylor,Flint,T. Flint,Midfielder,USA,26,3,,USA,,opta:Team:dtucewmt49th1p4selfutmnmc,Racing Lou,LOU,Racing Louisville,US,True,16,1368,3,0,14,3,7,0,28,16,15,1,5,0,0,67.0,29,1.91,0,0,0,3,3,0,3.8557,-0.8557,66.67,68.54,82.61,0.0,0,0,0,0,0,0,0,0,0,0,0,0,0,69.0,12.0,57.0,16.0,46.0,11.0,114.0,,,4.0,178.0,56.0,122.0,76.0,317.0,13.0,25.0,4.0,,3.0,109.0,44.0,65.0,,54.0,9.0,112.0,1.0,596.0,,,3.0,2.0,35.0,28.0,17.0,104.0,3.0,133.0,9.0,7.0,7.0,15.0,1.0,1.0,,,8.0,5.0,7.0,46.0,396.0,186.0,219.0,359.0,14.0,,1.0,3.0,1368.0,17.0,,1.0,90.0,16.0,15.0,245.0,608.0,14.0,405.0,42.0,25.0,203.0,946.0,1.0,1.0,9.0,38.0,80.0,151.0,53.0,123.0,1.0,0.0,3.0,0.0,,16.0,,,3.0,,,,,,,,,,,3.0,,,,,,,,,,,,,,,,,,,,,,,,True,0,0,405,0,609,0,0.0,46,245,1,126,46,0,True,28,67,54,69,True,0,0,37,90,0,0
2026,nwsl::Football_Season::0b6761e4701749f593690c0f338da74c,nwsl::Football_Player::137ddc3c3af240c994cfb14956f39872,opta:Player:3jl8cvp50cy5o4pt1u8h4a2cq,nwsl::Football_Team::1151140adfc24339ba1c93cb0b6b0238,Seattle Reign,Samantha,Meza,S. Meza,Midfielder,USA,20,3,,USA,,opta:Team:bl53jk6zlfe5f583pil7xzwi5,Reign,SEA,Seattle Reign,US,True,15,1282,0,2,4,2,0,2,41,23,16,0,4,0,0,80.0,19,1.33,0,0,0,0,0,0,0.3846,-0.3846,63.08,53.61,45.16,8.33,0,0,0,0,0,0,0,0,0,0,0,0,0,31.0,17.0,14.0,15.0,122.0,1.0,177.0,4.0,,2.0,194.0,90.0,104.0,132.0,159.0,16.0,16.0,3.0,,,163.0,73.0,90.0,1.0,22.0,5.0,98.0,,517.0,1.0,,,1.0,68.0,23.0,12.0,122.0,,149.0,7.0,4.0,,14.0,1.0,1.0,1.0,1.0,9.0,3.0,11.0,20.0,408.0,180.0,240.0,399.0,24.0,,,,1282.0,30.0,1.0,,21.0,23.0,16.0,175.0,528.0,4.0,419.0,65.0,8.0,109.0,789.0,11.0,11.0,13.0,8.0,26.0,89.0,31.0,83.0,,,,0.0,1.0,6.0,2.0,,,,,,,,,,,,,,,,,,,,,,,,,,,,,,,,,,,,,True,0,0,419,0,540,1,0.14,20,175,12,46,20,0,True,41,63,22,31,True,0,0,43,21,0,0
2026,nwsl::Football_Season::0b6761e4701749f593690c0f338da74c,nwsl::Football_Player::13f55375d4344a56ab4ae19e39d9342d,opta:Player:56jjwfa02gep01vggqojvfbe2,nwsl::Football_Team::269e825b853f4b43a9d38390aa92bf6e,Chicago Stars,Manaka,Hayashi,M. Hayashi,Midfielder,Japan,16,3,,JPN,,opta:Team:dzxypx8djih58p668surbi4qm,Chicago Stars,CHI,Chicago Stars,US,True,16,1139,0,0,8,0,3,0,20,12,18,0,2,0,0,80.0,31,2.45,16,0,0,0,0,0,0.4106,-0.4106,64.52,55.05,53.85,5.0,0,0,0,0,0,0,0,0,0,0,0,0,0,13.0,6.0,7.0,16.0,94.0,1.0,117.0,,16.0,1.0,109.0,49.0,60.0,130.0,142.0,6.0,30.0,1.0,,,96.0,43.0,53.0,,15.0,7.0,117.0,,430.0,1.0,,,4.0,46.0,20.0,12.0,58.0,,83.0,7.0,5.0,3.0,14.0,7.0,2.0,5.0,1.0,4.0,2.0,5.0,15.0,339.0,151.0,199.0,330.0,11.0,,,2.0,1139.0,18.0,,,14.0,12.0,18.0,152.0,436.0,8.0,345.0,31.0,7.0,91.0,654.0,15.0,5.0,4.0,8.0,15.0,72.0,34.0,76.0,3.0,,,0.0,,8.0,,,,,,,4.0,10.0,,,,,,,,,,,,,,,,,,1.0,,1.0,,,,,,,,,,True,0,0,345,0,456,1,0.0,15,152,20,30,15,0,True,20,65,15,13,True,0,1,50,14,0,0
2026,nwsl::Football_Season::0b6761e4701749f593690c0f338da74c,nwsl::Football_Player::13fe7126ee1343a1b20b3c118c2df756,opta:Player:432x2c6elrhcaufoge75cbcwk,nwsl::Football_Team::9587b8ce40624165903b6bc9fd252634,Angel City,Maiara Carolina,Niehues,Maiara Niehues,Midfielder,Brazil,12,3,,BRA,,opta:Team:6hbfgdczbi3yg4sdpqgtu6s,Angel City,LA,Angel City,US,True,13,1010,6,0,24,6,10,0,13,23,21,1,0,1,0,64.0,13,1.16,0,0,0,2,2,0,5.5546,0.4454,72.22,50.59,56.25,8.33,0,0,0,0,0,0,0,0,0,0,0,0,0,64.0,28.0,36.0,13.0,42.0,12.0,95.0,,,10.0,170.0,84.0,86.0,178.0,101.0,12.0,13.0,,4.0,6.0,106.0,56.0,50.0,1.0,3.0,11.0,61.0,1.0,247.0,,,2.0,,56.0,24.0,9.0,43.0,3.0,51.0,11.0,14.0,10.0,13.0,7.0,,1.0,1.0,11.0,2.0,11.0,8.0,160.0,114.0,48.0,153.0,5.0,2.0,,3.0,1010.0,30.0,1.0,3.0,5.0,23.0,21.0,174.0,255.0,24.0,161.0,18.0,49.0,94.0,466.0,11.0,11.0,18.0,10.0,16.0,93.0,12.0,78.0,,3.0,3.0,3.0,,3.0,,1.0,4.0,,,,,,1.0,1.0,,,,2.0,2.0,,,,,,,,,,,,,,,2.0,,,,,,,,True,0,0,161,0,267,1,0.0,8,174,12,24,8,0,True,13,72,3,64,True,0,0,33,5,0,0
2026,nwsl::Football_Season::0b6761e4701749f593690c0f338da74c,nwsl::Football_Player::144dbd486f6847edb0164f392e656aac,opta:Player:4tnm3hxzav142ow867jwcozkk,nwsl::Football_Team::269e825b853f4b43a9d38390aa92bf6e,Chicago Stars,Taylor,Wood,T. Wood,Midfielder,USA,14,3,,USA,,opta:Team:dzxypx8djih58p668surbi4qm,Chicago Stars,CHI,Chicago Stars,US,True,3,135,0,0,0,0,0,0,4,4,1,0,0,0,0,77.0,3,2.0,0,0,0,0,0,0,0.0247,-0.0247,100.0,40.91,37.5,0.0,0,0,0,0,0,0,0,0,0,0,0,0,0,8.0,5.0,3.0,3.0,7.0,1.0,11.0,,,,22.0,13.0,9.0,19.0,21.0,1.0,3.0,,,,14.0,8.0,6.0,,5.0,2.0,11.0,,42.0,1.0,,,1.0,5.0,4.0,1.0,5.0,,4.0,2.0,,,2.0,2.0,1.0,,,1.0,1.0,,1.0,32.0,19.0,14.0,32.0,,,3.0,10.0,135.0,2.0,,,7.0,4.0,1.0,23.0,43.0,,33.0,4.0,5.0,10.0,90.0,3.0,3.0,1.0,1.0,3.0,8.0,5.0,7.0,,,,0.0,,2.0,,,,,,,,,,,,,,,,,,,,,,,,,,,,1.0,,,,,,,,,,True,0,0,33,0,46,0,0.0,1,23,3,4,1,0,True,4,100,5,8,True,0,1,25,7,0,0
2026,nwsl::Football_Season::0b6761e4701749f593690c0f338da74c,nwsl::Football_Player::14d51f851eb543098599ef6686e97609,opta:Player:ekpfdb0rubpeoao050szbyo7o,nwsl::Football_Team::19674698cec24f53af8866cd21abaf8f,Bay,Heather,Gilchrist,H. Gilchrist,Defender,USA,2,2,,USA,,opta:Team:eka22bj7co8bw5qxa6qlbinf8,Bay,BAY,Bay,US,True,0,0,0,0,0,0,0,0,0,0,0,0,0,0,0,,0,,0,0,0,0,0,0,0.0,0.0,0.0,0.0,0.0,0.0,0,0,0,0,0,0,0,0,0,0,0,0,0,,,,,,,,,,,,,,,,,,,,,,,,,,,,,,,,,,,,,,,,,,,,,,,,,,,,,,,,,,,,,,,,,,,,,,,,,,,,,,,,,,,,,,,,,,,,,,,,,,,,,,,,,,,,,,,,,,,,,,,,,,,,,,True,0,0,0,0,0,0,0.0,0,0,0,0,0,0,True,0,0,0,0,True,0,0,0,0,0,0
2026,nwsl::Football_Season::0b6761e4701749f593690c0f338da74c,nwsl::Football_Player::15908c182dd94c57ae45736055f42e68,opta:Player:as2gs38ai4i235sz36rmvpa1g,nwsl::Football_Team::d2d8efe548734dfd8bc667b5a52a079a,Boston Legacy,Chloe,Ricketts,C. Ricketts,Midfielder,USA,11,3,,USA,,opta:Team:2yppf5jwqllc49s0qkbkchvkk,Boston Legacy,BOS,Boston Legacy,US,True,6,98,0,0,1,0,0,0,3,6,0,1,0,0,0,73.0,1,0.92,0,0,0,0,0,0,0.1018,-0.1018,60.0,28.0,0.0,0.0,0,0,0,0,0,0,0,0,0,0,0,0,0,3.0,3.0,,6.0,11.0,1.0,14.0,,,,25.0,18.0,7.0,31.0,8.0,4.0,1.0,,,,22.0,15.0,7.0,,3.0,1.0,4.0,1.0,33.0,1.0,,,,5.0,2.0,2.0,7.0,,10.0,1.0,1.0,,1.0,1.0,5.0,,,2.0,,,,24.0,17.0,7.0,24.0,2.0,,,1.0,98.0,6.0,,,1.0,6.0,,22.0,33.0,1.0,24.0,5.0,8.0,9.0,70.0,1.0,1.0,4.0,1.0,1.0,7.0,3.0,8.0,,,,0.0,,,,,,,,,,,,,,,,,,,,,,,,,,,,,,,,,,,,,,,,True,0,0,24,0,34,0,0.0,0,22,1,1,0,0,True,3,60,3,3,True,0,0,0,1,0,0
2026,nwsl::Football_Season::0b6761e4701749f593690c0f338da74c,nwsl::Football_Player::15cbd2b4b39042eeb04d03affb712899,opta:Player:7e8f4kfwcucaj4239xz0rai1h,nwsl::Football_Team::c3e9513e280b41e5bfbb8230076e8c43,Orlando Pride,Anna,Moorhouse,A. Moorhouse,Goalkeeper,England,1,1,,ENG,,opta:Team:966pdxhsoxaib9qt5083h8uus,Pride,ORL,Orlando Pride,US,True,18,1620,0,0,0,0,0,0,0,0,6,0,0,0,0,79.0,26,1.44,0,0,0,0,0,0,0.0,0.0,0.0,88.89,100.0,0.0,0,0,0,0,0,0,0,0,0,0,0,0,0,2.0,,2.0,18.0,,,44.0,6.0,,,9.0,1.0,8.0,,219.0,,23.0,3.0,,,7.0,1.0,6.0,,,,127.0,,252.0,,,,2.0,18.0,,,143.0,,130.0,,,,18.0,,,,,,19.0,,87.0,210.0,22.0,352.0,287.0,,,,,1620.0,,,,10.0,,6.0,105.0,476.0,,374.0,,,102.0,645.0,,,,46.0,98.0,45.0,57.0,4.0,,,,0.0,,,,,,,207.0,163.0,,,,,,,35.0,,,14.0,2.0,4.0,2.0,4.0,52.0,26.0,26.0,,9.0,5.0,,,,,,,,,,,,True,0,0,374,0,476,0,0.0,87,105,0,185,87,0,True,0,0,0,2,True,52,0,47,10,0,0
2026,nwsl::Football_Season::0b6761e4701749f593690c0f338da74c,nwsl::Football_Player::169fa964031141e98831884983375011,opta:Player:6h8t7apz5vzk0pjxo8hbbkfhm,nwsl::Football_Team::c83f2ca05aa84c738b5373f0d2a31b39,Gotham FC,Savannah,McCaskill,S. McCaskill,Midfielder,USA,13,3,,USA,,opta:Team:bgkfdckqfqnfbmecbtz03n76d,Gotham FC,GFC,Gotham FC,US,True,18,1439,0,2,5,2,3,2,7,13,12,3,0,0,0,83.0,11,0.69,14,0,0,0,0,0,0.8797,-0.8797,38.89,47.13,50.0,5.56,0,0,0,0,0,0,0,0,0,0,0,0,0,10.0,5.0,5.0,18.0,144.0,10.0,106.0,7.0,14.0,5.0,87.0,46.0,41.0,218.0,254.0,6.0,9.0,2.0,,,77.0,41.0,36.0,1.0,9.0,15.0,126.0,3.0,722.0,,,,1.0,30.0,27.0,10.0,74.0,,224.0,17.0,2.0,3.0,17.0,9.0,1.0,5.0,1.0,6.0,3.0,15.0,32.0,595.0,305.0,320.0,588.0,11.0,1.0,1.0,7.0,1439.0,25.0,1.0,,16.0,13.0,12.0,186.0,748.0,5.0,620.0,18.0,20.0,128.0,928.0,15.0,6.0,6.0,11.0,24.0,99.0,44.0,104.0,2.0,,,0.0,,1.0,2.0,,,,,,2.0,7.0,,,,,,,,,,,,,,,,,,,,,,,1.0,,,,,,,True,0,0,620,0,766,1,0.13,32,186,18,56,32,0,True,7,39,9,10,True,0,0,57,16,0,0
2026,nwsl::Football_Season::0b6761e4701749f593690c0f338da74c,nwsl::Football_Player::16b5740bf4ff4fe1ae57b082ef35b27a,opta:Player:2octq5d2p5klq82zqlllco6c4,nwsl::Football_Team::d2d8efe548734dfd8bc667b5a52a079a,Boston Legacy,Laurel,Ansbrow,L. Ansbrow,Defender,USA,34,2,,USA,,opta:Team:2yppf5jwqllc49s0qkbkchvkk,Boston Legacy,BOS,Boston Legacy,US,True,8,473,0,1,0,1,0,1,3,7,6,0,1,0,0,84.0,9,1.71,0,0,0,0,0,0,0.0835,-0.0835,30.0,54.05,44.44,50.0,0,0,0,0,0,0,0,0,0,0,0,0,0,9.0,5.0,4.0,8.0,18.0,1.0,62.0,,,,37.0,17.0,20.0,21.0,109.0,3.0,8.0,1.0,,,28.0,12.0,16.0,,1.0,2.0,97.0,,237.0,,,,2.0,34.0,3.0,2.0,23.0,,51.0,3.0,,,5.0,1.0,3.0,1.0,1.0,,9.0,,17.0,195.0,55.0,177.0,214.0,7.0,,,,473.0,3.0,,,27.0,7.0,6.0,52.0,275.0,,231.0,10.0,4.0,44.0,337.0,1.0,1.0,1.0,15.0,27.0,33.0,12.0,17.0,,,,0.0,1.0,,1.0,,,,23.0,23.0,,,,,,,,,,,,,,,,,,,,,,,,,,,,,,,,True,0,0,231,0,277,1,0.19,17,52,2,44,17,0,True,3,30,1,9,True,0,0,39,27,0,0
2026,nwsl::Football_Season::0b6761e4701749f593690c0f338da74c,nwsl::Football_Player::16cdad396ff94e7e8174cb37ad24f4c1,opta:Player:de78j1pit0elbm4ptskkflgk4,nwsl::Football_Team::96ba7b37bd8544a1a7329183459150ff,Portland Thorns,Morgan,Messner,M. Messner,Goalkeeper,USA,35,1,,USA,,opta:Team:446mp88j1vpk9iwui9fiifrp8,Thorns,POR,Portland Thorns,US,True,3,270,0,0,0,0,0,0,0,0,0,0,0,0,0,69.0,3,1.0,0,0,0,0,0,0,0.0,0.0,0.0,0.0,0.0,0.0,0,0,0,0,0,0,0,0,0,0,0,0,0,,,,3.0,,,13.0,2.0,,,,,,,56.0,,3.0,,,,,,,,,,24.0,,70.0,,,,,5.0,,,26.0,,23.0,,,,3.0,,,,,,7.0,,20.0,59.0,6.0,65.0,51.0,,,,,270.0,,,,1.0,,,33.0,103.0,,71.0,,,32.0,131.0,,,,10.0,31.0,14.0,18.0,1.0,,,,0.0,,,,,,,17.0,18.0,,,,,,,11.0,,,4.0,,,,1.0,13.0,9.0,4.0,1.0,3.0,3.0,,,,,,,,,,,,True,0,0,71,0,103,0,0.0,20,33,0,51,20,0,True,0,0,0,0,True,13,0,39,1,0,0
2026,nwsl::Football_Season::0b6761e4701749f593690c0f338da74c,nwsl::Football_Player::1707398003674ec2a9b8855574cba470,opta:Player:6ja97tk5c2r4pmpd1av0pewpg,nwsl::Football_Team::c3e9513e280b41e5bfbb8230076e8c43,Orlando Pride,Solai,Washington,S. Washington,Forward,Jamaica,29,4,,JAM,,opta:Team:966pdxhsoxaib9qt5083h8uus,Pride,ORL,Orlando Pride,US,True,14,788,0,1,13,1,7,1,5,13,7,3,0,0,0,70.0,12,1.37,0,0,1,0,0,0,2.1621,-2.1621,45.45,37.35,30.77,22.73,0,0,0,0,0,0,0,0,0,0,0,0,0,13.0,9.0,4.0,14.0,36.0,9.0,93.0,,,6.0,83.0,52.0,31.0,165.0,36.0,4.0,10.0,2.0,,,70.0,43.0,27.0,,3.0,15.0,26.0,3.0,152.0,,,,,66.0,14.0,8.0,27.0,,54.0,16.0,6.0,7.0,10.0,10.0,4.0,5.0,5.0,9.0,1.0,7.0,3.0,105.0,72.0,38.0,102.0,6.0,,,1.0,788.0,25.0,2.0,1.0,4.0,13.0,7.0,112.0,152.0,13.0,105.0,11.0,55.0,47.0,310.0,17.0,17.0,7.0,3.0,5.0,56.0,8.0,42.0,2.0,,,0.0,1.0,,1.0,,,,,,,,,,,,,,,,,,,,,,,,,,,,,,,,,,,,,True,0,0,105,0,174,5,0.11,3,112,22,8,3,0,True,5,45,3,13,True,0,0,38,4,0,0
2026,nwsl::Football_Season::0b6761e4701749f593690c0f338da74c,nwsl::Football_Player::1841294306f54421b12ef8cf61212c97,opta:Player:eb0h79vh5dwggjx7shj0ovetx,nwsl::Football_Team::269e825b853f4b43a9d38390aa92bf6e,Chicago Stars,Leila,Ouahabi,Leila Ouahabi,Defender,Spain,29,2,,ESP,,opta:Team:dzxypx8djih58p668surbi4qm,Chicago Stars,CHI,Chicago Stars,US,True,3,119,0,0,1,0,0,0,0,2,0,0,1,0,0,85.0,4,3.03,0,0,0,0,0,0,0.0241,-0.0241,0.0,57.14,66.67,0.0,0,0,0,0,0,0,0,0,0,0,0,0,0,3.0,1.0,2.0,3.0,20.0,,9.0,,,,7.0,3.0,4.0,28.0,32.0,1.0,4.0,,,,4.0,2.0,2.0,,1.0,1.0,2.0,,76.0,1.0,,,,5.0,4.0,,5.0,,23.0,1.0,1.0,,1.0,1.0,2.0,,,,,,1.0,65.0,31.0,34.0,64.0,2.0,,,7.0,119.0,,,,8.0,2.0,,20.0,77.0,1.0,65.0,2.0,,12.0,108.0,5.0,5.0,,1.0,4.0,15.0,2.0,8.0,,,,0.0,,2.0,,,,,,,,,,,,,,,,,,,,,,,,,,,,,,,,,,,,,,True,0,0,65,0,82,0,0.0,1,20,5,5,1,0,True,0,0,1,3,True,0,0,20,8,0,0
2026,nwsl::Football_Season::0b6761e4701749f593690c0f338da74c,nwsl::Football_Player::18d7e7320d2949b083c7315e3831b1a1,opta:Player:bo5e35lsptja0pnlvk1y38dex,nwsl::Football_Team::c31d72afc09f42ee86418633aa41390a,Washington Spirit,Esme,Morgan,E. Morgan,Defender,England,24,2,,ENG,,opta:Team:f1ks82wpiewyqs6h3oz9v4hzj,Spirit,WAS,Washington Spirit,US,True,16,1374,0,0,1,0,0,0,15,8,7,0,2,0,0,91.0,10,0.66,1,0,0,0,0,0,0.0804,-0.0804,48.39,59.34,43.48,28.57,0,0,0,0,0,0,0,0,0,0,0,0,0,23.0,13.0,10.0,16.0,42.0,3.0,243.0,8.0,1.0,4.0,91.0,37.0,54.0,65.0,431.0,7.0,9.0,1.0,,,68.0,24.0,44.0,,25.0,9.0,266.0,,969.0,,,,,145.0,7.0,2.0,73.0,,293.0,9.0,1.0,,15.0,,1.0,3.0,2.0,7.0,6.0,,59.0,872.0,346.0,590.0,874.0,16.0,1.0,2.0,7.0,1374.0,9.0,,,65.0,8.0,7.0,126.0,1032.0,1.0,933.0,31.0,3.0,99.0,1247.0,5.0,3.0,3.0,15.0,33.0,66.0,38.0,66.0,,,,0.0,,18.0,,,,,28.0,28.0,,1.0,,,,,,,,,,,,,,,,,,,,1.0,,,,,,,,,,True,0,0,933,0,1039,2,0.0,59,126,7,92,59,0,True,15,48,25,23,True,0,1,64,65,0,0
2026,nwsl::Football_Season::0b6761e4701749f593690c0f338da74c,nwsl::Football_Player::1a484328c45c46be9c0591b43aa838a9,opta:Player:6fl1ruianufxk3wj1cx8rrphx,nwsl::Football_Team::19674698cec24f53af8866cd21abaf8f,Bay,Abby,Dahlkemper,A. Dahlkemper,Defender,USA,13,2,,USA,,opta:Team:eka22bj7co8bw5qxa6qlbinf8,Bay,BAY,Bay,US,True,2,14,0,0,0,0,0,0,1,0,0,0,0,0,0,69.0,1,6.43,0,0,0,0,0,0,0.0,0.0,100.0,100.0,0.0,0.0,0,0,0,0,0,0,0,0,0,0,0,0,0,,,,2.0,1.0,,4.0,,,,1.0,,1.0,1.0,6.0,,1.0,,,,1.0,,1.0,,,,5.0,,16.0,,,,,2.0,,,2.0,,4.0,,,,,,2.0,,,,1.0,,1.0,11.0,6.0,5.0,10.0,,,3.0,1.0,14.0,,,,,,,8.0,16.0,,11.0,1.0,,5.0,22.0,,,,,2.0,3.0,2.0,3.0,,,,0.0,,,,,,,,,,,,,,,,,,,,,,,,,,,,,,,,,,,,,,,,True,0,0,11,0,16,0,0.0,1,8,0,3,1,0,True,1,100,0,0,True,0,0,33,0,0,0
2026,nwsl::Football_Season::0b6761e4701749f593690c0f338da74c,nwsl::Football_Player::1c53066f5b8247788639a789bad43d1f,opta:Player:evfl561yy3cwa51hwnme6mifp,nwsl::Football_Team::cbfcacbef5bc4a278442c00926ac9ebc,Denver Summit,Nahikari,García,Nahikari García,Forward,Spain,79,4,,ESP,,opta:Team:b6ztd03z31b0yfcae0qovefpw,Denver,DEN,Denver Summit,US,True,1,6,0,0,0,0,0,0,0,0,0,0,0,0,0,72.0,0,0.0,0,0,0,0,0,0,0.0,0.0,0.0,33.33,50.0,0.0,0,0,0,0,0,0,0,0,0,0,0,0,0,2.0,1.0,1.0,1.0,1.0,,5.0,,,,3.0,2.0,1.0,6.0,3.0,,,,,,1.0,1.0,,,,,1.0,,7.0,,,,,2.0,,,,,2.0,,,,,,1.0,,,,,,,5.0,4.0,1.0,5.0,,,,,6.0,1.0,,,1.0,,,4.0,7.0,,5.0,,,2.0,11.0,,,1.0,,,2.0,,2.0,,,,0.0,,,,,,,,,,,,,,,,,,,,,,,,,,,,,,,,,,,,,,,,True,0,0,5,0,7,0,0.0,0,4,0,0,0,0,True,0,0,0,2,True,0,0,0,1,0,0
2026,nwsl::Football_Season::0b6761e4701749f593690c0f338da74c,nwsl::Football_Player::1c5b1011e8104e8f8b94c941f66b7a93,opta:Player:b66ygab3p7xm1qgaknjaebtyi,nwsl::Football_Team::fb41ef4439dd495098cb6d40415767cc,North Carolina Courage,Carly,Wickenheiser,C. Wickenheiser,Midfielder,Canada,,3,,CAN,,opta:Team:b4fbmos00gxtk8qnaqsm392p5,Courage,NC,North Carolina Courage,US,True,12,447,0,1,1,1,0,1,14,9,0,0,0,0,0,77.0,9,1.81,0,0,0,0,0,0,0.1668,-0.1668,73.68,42.86,26.32,20.0,0,0,0,0,0,0,0,0,0,0,0,0,0,19.0,14.0,5.0,12.0,47.0,2.0,47.0,1.0,,,63.0,36.0,27.0,44.0,65.0,6.0,9.0,,,,44.0,22.0,22.0,,11.0,,52.0,,215.0,,,,,17.0,8.0,3.0,26.0,,57.0,1.0,1.0,,5.0,3.0,7.0,1.0,1.0,3.0,2.0,5.0,11.0,165.0,67.0,104.0,159.0,5.0,,1.0,2.0,447.0,6.0,,,7.0,9.0,,73.0,221.0,1.0,170.0,19.0,4.0,51.0,307.0,4.0,4.0,3.0,5.0,10.0,38.0,17.0,41.0,,,,0.0,,3.0,1.0,,,,,,,,,,,,,,,,,,,,,,,,,,,,,,,,,,,,,True,0,0,170,0,226,1,0.2,11,73,5,21,11,0,True,14,74,11,19,True,0,0,52,7,0,0
2026,nwsl::Football_Season::0b6761e4701749f593690c0f338da74c,nwsl::Football_Player::1cc39af6408b4d09bbc5d355ca02cd61,opta:Player:4sx546dnwixc15ggmzsv442l0,nwsl::Football_Team::ac29701756da44a08457762380c10733,Racing Louisville,Mirann,Gacioch,M. Gacioch,Defender,USA,15,2,,USA,,opta:Team:dtucewmt49th1p4selfutmnmc,Racing Lou,LOU,Racing Louisville,US,True,6,495,1,0,2,1,1,0,7,2,4,0,0,0,0,76.0,12,2.18,0,0,0,0,0,0,0.2992,0.7008,70.0,51.35,33.33,0.0,0,0,0,0,0,0,0,0,0,0,0,0,0,12.0,8.0,4.0,6.0,21.0,,23.0,,,,37.0,18.0,19.0,25.0,44.0,,10.0,2.0,,1.0,25.0,10.0,15.0,,2.0,2.0,26.0,,129.0,,,,,8.0,8.0,4.0,29.0,,42.0,2.0,1.0,1.0,6.0,1.0,,,,1.0,2.0,,5.0,96.0,29.0,71.0,95.0,3.0,,7.0,26.0,495.0,5.0,,,17.0,2.0,4.0,51.0,133.0,2.0,100.0,10.0,5.0,33.0,237.0,1.0,1.0,2.0,9.0,12.0,18.0,16.0,21.0,,1.0,0.0,0.0,,6.0,,,1.0,,,,,,,,,,,,,,,,,,,,,,,,,,,1.0,,,,,,,,True,0,0,100,0,134,0,0.0,5,51,1,17,5,0,True,7,70,2,12,True,0,0,29,17,0,0
2026,nwsl::Football_Season::0b6761e4701749f593690c0f338da74c,nwsl::Football_Player::1e26ef7b8de140f1bb2ee7bcefdcbfe7,opta:Player:budsqylwc15cjfetyeivijmdw,nwsl::Football_Team::96ba7b37bd8544a1a7329183459150ff,Portland Thorns,Carolyn,Calzada,C. Calzada,Defender,USA,4,2,,USA,,opta:Team:446mp88j1vpk9iwui9fiifrp8,Thorns,POR,Portland Thorns,US,True,6,397,0,1,0,1,0,1,4,1,3,0,1,0,0,81.0,12,2.72,0,0,0,0,0,0,0.0,0.0,66.67,61.54,60.0,0.0,0,0,0,0,0,0,0,0,0,0,0,0,0,10.0,4.0,6.0,6.0,12.0,,49.0,,,,26.0,10.0,16.0,3.0,78.0,1.0,10.0,2.0,,,16.0,6.0,10.0,,4.0,,79.0,,211.0,,,,,25.0,2.0,1.0,12.0,,60.0,1.0,,,4.0,,2.0,,,1.0,5.0,,8.0,168.0,28.0,156.0,176.0,2.0,,,,397.0,1.0,1.0,,44.0,1.0,3.0,54.0,229.0,,184.0,6.0,1.0,45.0,300.0,1.0,1.0,,20.0,25.0,27.0,19.0,20.0,,,,0.0,1.0,2.0,1.0,,,,8.0,9.0,,,,,,,1.0,,,,,,,,,,,,,,,,,,,,,,,,,True,0,0,184,0,230,0,0.23,8,54,1,33,8,0,True,4,67,4,10,True,0,0,24,44,0,0
2026,nwsl::Football_Season::0b6761e4701749f593690c0f338da74c,nwsl::Football_Player::1ead938145124f4bb3f98cc655a262b8,opta:Player:5vbxfkptmc4fy8oent8ogistm,nwsl::Football_Team::c83f2ca05aa84c738b5373f0d2a31b39,Gotham FC,Sofia,Cook,S. Cook,Midfielder,USA,21,3,,USA,,opta:Team:bgkfdckqfqnfbmecbtz03n76d,Gotham FC,GFC,Gotham FC,US,True,13,255,0,1,5,1,2,1,4,1,4,0,0,0,0,81.0,0,0.0,0,0,0,0,0,0,0.341,-0.341,36.36,54.76,0.0,50.0,0,0,0,0,0,0,0,0,0,0,0,0,0,,,,13.0,17.0,3.0,43.0,,,3.0,42.0,19.0,23.0,68.0,33.0,,,,,,42.0,19.0,23.0,,5.0,5.0,36.0,,112.0,,,,,21.0,8.0,4.0,20.0,,27.0,6.0,3.0,2.0,2.0,2.0,11.0,1.0,1.0,8.0,1.0,,2.0,90.0,55.0,37.0,89.0,7.0,,,1.0,255.0,13.0,1.0,,,1.0,4.0,48.0,113.0,5.0,91.0,11.0,10.0,22.0,196.0,1.0,1.0,5.0,1.0,2.0,21.0,2.0,20.0,,,,0.0,,,1.0,,,,,,,,,,,,,,,,,,,,,,,,,,,,,,,,,,,,,True,0,0,91,0,115,1,0.35,2,48,2,4,2,0,True,4,36,5,0,True,0,0,50,0,0,0
2026,nwsl::Football_Season::0b6761e4701749f593690c0f338da74c,nwsl::Football_Player::1fdefec504924f1c80369e7f6328cd2c,opta:Player:6ywkny98b9qzuvhqxwn9l0ogl,nwsl::Football_Team::cbfcacbef5bc4a278442c00926ac9ebc,Denver Summit,Lindsey,Heaps,L. Heaps,Midfielder,USA,10,3,,USA,,opta:Team:b6ztd03z31b0yfcae0qovefpw,Denver,DEN,Denver Summit,US,True,3,270,0,1,6,1,2,1,0,2,2,3,0,0,0,82.0,3,1.0,0,0,0,0,0,0,1.3156,-1.3156,0.0,57.14,100.0,100.0,0,0,0,0,0,0,0,0,0,0,0,0,0,8.0,,8.0,3.0,32.0,4.0,26.0,,,2.0,21.0,9.0,12.0,87.0,37.0,1.0,2.0,1.0,,,13.0,9.0,4.0,,3.0,6.0,28.0,3.0,117.0,,,,1.0,11.0,9.0,1.0,7.0,,21.0,7.0,4.0,2.0,3.0,,,2.0,2.0,,,9.0,,95.0,74.0,24.0,96.0,2.0,,,1.0,270.0,5.0,,4.0,,2.0,2.0,38.0,118.0,6.0,96.0,2.0,21.0,22.0,158.0,,,,,2.0,20.0,2.0,20.0,,,,0.0,,,1.0,,,,,,,,,,,,,,1.0,,,,,,,,,,,,,,,,,,,,,,,True,0,0,96,0,120,2,0.33,0,38,2,2,0,0,True,0,0,3,8,True,0,0,0,0,0,0
2026,nwsl::Football_Season::0b6761e4701749f593690c0f338da74c,nwsl::Football_Player::21b9db4547da430eb454d860966a8865,opta:Player:c0y0orjdv8342g0il9casawb8,nwsl::Football_Team::cbfcacbef5bc4a278442c00926ac9ebc,Denver Summit,Natalie,Means,N. Means,Defender,USA,4,2,,USA,,opta:Team:b6ztd03z31b0yfcae0qovefpw,Denver,DEN,Denver Summit,US,True,14,416,1,0,6,1,4,0,7,8,8,0,1,0,0,71.0,8,1.73,1,0,0,0,0,0,0.9184,0.0816,58.33,41.82,28.57,18.18,0,0,0,0,0,0,0,0,0,0,0,0,0,7.0,5.0,2.0,14.0,25.0,3.0,32.0,,1.0,3.0,55.0,32.0,23.0,78.0,36.0,1.0,8.0,,1.0,,48.0,27.0,21.0,,2.0,2.0,13.0,,94.0,3.0,,,2.0,23.0,8.0,4.0,16.0,1.0,25.0,2.0,2.0,4.0,4.0,4.0,10.0,3.0,2.0,1.0,1.0,2.0,3.0,66.0,44.0,29.0,67.0,5.0,,8.0,13.0,416.0,12.0,2.0,1.0,3.0,8.0,8.0,71.0,99.0,6.0,70.0,12.0,13.0,29.0,203.0,8.0,6.0,6.0,3.0,3.0,29.0,8.0,26.0,,1.0,0.0,1.0,,1.0,,,,,,,1.0,,,,,,,,,,,,,,,,,,,,1.0,,,,,,,,,,,True,0,0,70,0,110,2,0.0,3,71,11,6,3,0,True,7,58,2,7,True,0,0,50,3,0,0
2026,nwsl::Football_Season::0b6761e4701749f593690c0f338da74c,nwsl::Football_Player::22261c24359f46599769f406a32e5d23,opta:Player:z2pihtvpr5ei4ip9z9jtqn6x,nwsl::Football_Team::19674698cec24f53af8866cd21abaf8f,Bay,Aldana,Cometti,A. Cometti,Defender,Argentina,21,2,,ARG,,opta:Team:eka22bj7co8bw5qxa6qlbinf8,Bay,BAY,Bay,US,True,14,1110,0,1,3,1,0,1,18,15,13,0,3,1,0,83.0,15,1.22,0,0,0,0,0,0,0.1257,-0.1257,72.0,51.19,21.43,14.29,0,0,0,0,0,0,0,0,0,0,0,0,0,14.0,11.0,3.0,14.0,30.0,,124.0,3.0,,1.0,84.0,41.0,43.0,27.0,272.0,9.0,15.0,,,,70.0,30.0,40.0,,14.0,2.0,236.0,,576.0,,,,3.0,65.0,12.0,4.0,52.0,,95.0,3.0,3.0,,13.0,1.0,1.0,1.0,1.0,2.0,12.0,,47.0,470.0,164.0,362.0,478.0,7.0,,,10.0,1110.0,6.0,1.0,,54.0,15.0,13.0,134.0,633.0,3.0,525.0,25.0,5.0,108.0,808.0,6.0,6.0,3.0,21.0,49.0,76.0,38.0,59.0,,,,0.0,,5.0,1.0,,,,15.0,15.0,,,1.0,1.0,,,,,,,,,,,,,,,,,,1.0,4.0,,,,,,,,,True,0,0,525,0,640,1,0.08,47,134,7,96,47,0,True,18,72,14,14,True,0,1,49,54,0,0
2026,nwsl::Football_Season::0b6761e4701749f593690c0f338da74c,nwsl::Football_Player::22284069e4754b6585ce7f4dda01592d,opta:Player:6vqain7mmp94wueprv9aj5xp1,nwsl::Football_Team::c31d72afc09f42ee86418633aa41390a,Washington Spirit,Sandy,MacIver,S. MacIver,Goalkeeper,Scotland,18,1,,SCO,,opta:Team:f1ks82wpiewyqs6h3oz9v4hzj,Spirit,WAS,Washington Spirit,US,True,18,1620,0,0,0,0,0,0,1,0,5,0,1,0,0,82.0,13,0.72,0,0,0,0,0,0,0.0,0.0,100.0,90.0,66.67,0.0,0,0,0,0,0,0,0,0,0,0,0,0,0,3.0,1.0,2.0,18.0,,,131.0,8.0,,1.0,10.0,1.0,9.0,,289.0,,11.0,2.0,,,7.0,,7.0,,,2.0,259.0,,691.0,,,,,64.0,1.0,,175.0,,258.0,2.0,,,18.0,,,,,1.0,21.0,,89.0,594.0,38.0,620.0,569.0,,,,,1620.0,,,,11.0,,5.0,157.0,806.0,,658.0,1.0,,148.0,961.0,1.0,,,82.0,143.0,84.0,65.0,5.0,,,,0.0,,,,,,,106.0,61.0,,,,,,,24.0,,,6.0,2.0,6.0,1.0,,45.0,31.0,13.0,,8.0,5.0,,,,,,,,1.0,1.0,,,True,0,0,658,0,807,0,0.0,89,157,1,232,89,0,True,1,100,0,3,True,45,0,38,11,0,0
2026,nwsl::Football_Season::0b6761e4701749f593690c0f338da74c,nwsl::Football_Player::2257efccf0f246d7a3943fdf31185577,opta:Player:7w3qwzs0je6lqm4j7v3c02qga,nwsl::Football_Team::96ba7b37bd8544a1a7329183459150ff,Portland Thorns,Morgan,Weaver,M. Weaver,Midfielder,USA,22,3,,USA,,opta:Team:446mp88j1vpk9iwui9fiifrp8,Thorns,POR,Portland Thorns,US,True,2,35,0,0,1,0,1,0,0,1,1,1,0,0,0,100.0,2,5.14,0,0,0,0,0,0,0.036,-0.036,0.0,20.0,0.0,0.0,0,0,0,0,0,0,0,0,0,0,0,0,0,,,,2.0,2.0,,7.0,,,,5.0,4.0,1.0,8.0,,1.0,2.0,,,,5.0,4.0,1.0,,1.0,,,1.0,4.0,,,,,3.0,1.0,1.0,3.0,,2.0,,,1.0,,,2.0,,,,,,,4.0,2.0,2.0,4.0,,,,,35.0,3.0,,,,1.0,1.0,6.0,4.0,1.0,4.0,,3.0,,15.0,2.0,2.0,2.0,,,2.0,,,,,,0.0,,,,,,,,,,,,,,,,,,,,,,,,,,,,,,,,,,,,,,,,True,0,0,4,0,6,0,0.0,0,6,2,0,0,0,True,0,0,1,0,True,0,0,0,0,0,0
2026,nwsl::Football_Season::0b6761e4701749f593690c0f338da74c,nwsl::Football_Player::22f45241df0547e691e8ba6db03aaf7c,opta:Player:4h6jpaeqynme21y5gnho24ob8,nwsl::Football_Team::acffc559cf7d485a9c05fa23ab57054b,Utah Royals,Courtney,Brown,C. Brown,Midfielder,USA,16,3,,USA,,opta:Team:bn7w86uw8j61dga3xr5s0yiju,Royals,UTA,Utah Royals,US,True,10,186,1,0,3,1,2,0,3,1,2,1,0,0,0,75.0,3,1.45,0,0,0,0,0,0,0.6718,0.3282,100.0,33.33,40.0,0.0,0,0,0,0,0,0,0,0,0,0,0,0,0,5.0,3.0,2.0,10.0,19.0,,16.0,,,1.0,27.0,18.0,9.0,35.0,19.0,,3.0,,1.0,1.0,22.0,15.0,7.0,,,,8.0,1.0,60.0,,,,,8.0,6.0,3.0,12.0,1.0,14.0,,1.0,2.0,1.0,1.0,9.0,,,3.0,3.0,2.0,6.0,45.0,19.0,26.0,39.0,,,,,186.0,11.0,,,2.0,1.0,2.0,35.0,60.0,3.0,45.0,3.0,3.0,15.0,100.0,2.0,2.0,1.0,,1.0,16.0,1.0,14.0,,1.0,0.0,0.0,,,,,1.0,,,,,,,,,,,,,,,,,,,,,,,,,,,,,,,,,,,True,0,0,45,0,62,0,0.0,6,35,2,7,6,0,True,3,100,0,5,True,0,0,86,2,0,0
2026,nwsl::Football_Season::0b6761e4701749f593690c0f338da74c,nwsl::Football_Player::22fe350a7bf44f1f8e008c44d92b45f9,opta:Player:63gy9xivayu1ktygmvcx4x6ac,nwsl::Football_Team::fb41ef4439dd495098cb6d40415767cc,North Carolina Courage,Lauryn,Thompson,L. Thompson,Forward,England,7,4,,ENG,,opta:Team:b4fbmos00gxtk8qnaqsm392p5,Courage,NC,North Carolina Courage,US,True,6,241,1,1,5,2,1,1,3,5,6,1,0,0,0,80.0,2,0.75,3,0,0,0,0,0,0.3259,0.6741,60.0,42.55,75.0,9.09,0,0,0,0,0,0,0,0,0,0,0,0,0,4.0,1.0,3.0,6.0,13.0,2.0,37.0,,3.0,5.0,47.0,27.0,20.0,83.0,22.0,3.0,2.0,,1.0,1.0,43.0,26.0,17.0,,1.0,3.0,20.0,1.0,64.0,,,,1.0,20.0,7.0,1.0,10.0,,13.0,4.0,4.0,1.0,2.0,2.0,4.0,1.0,1.0,6.0,,2.0,,50.0,46.0,9.0,54.0,2.0,,2.0,1.0,241.0,21.0,1.0,,1.0,5.0,6.0,52.0,68.0,5.0,54.0,5.0,14.0,14.0,148.0,10.0,10.0,10.0,,,23.0,1.0,14.0,,1.0,0.0,1.0,1.0,,1.0,1.0,1.0,,,,,,,,,,,,,,,,,,,,,,,,,,,,,,,,,,,True,0,0,54,0,79,1,0.37,0,52,11,0,0,0,True,3,60,1,4,True,0,0,0,1,0,0
2026,nwsl::Football_Season::0b6761e4701749f593690c0f338da74c,nwsl::Football_Player::230cd5979b454f8c9bedb15b1aad653d,opta:Player:1g3iomcf2pp9n9w5d52dpmyok,nwsl::Football_Team::ac29701756da44a08457762380c10733,Racing Louisville,Erynn,Floyd,E. Floyd,Goalkeeper,USA,30,1,,USA,,opta:Team:dtucewmt49th1p4selfutmnmc,Racing Lou,LOU,Racing Louisville,US,True,0,0,0,0,0,0,0,0,0,0,0,0,0,0,0,,0,,0,0,0,0,0,0,0.0,0.0,0.0,0.0,0.0,0.0,0,0,0,0,0,0,0,0,0,0,0,0,0,,,,,,,,,,,,,,,,,,,,,,,,,,,,,,,,,,,,,,,,,,,,,,,,,,,,,,,,,,,,,,,,,,,,,,,,,,,,,,,,,,,,,,,,,,,,,,,,,,,,,,,,,,,,,,,,,,,,,,,,,,,,,,True,0,0,0,0,0,0,0.0,0,0,0,0,0,0,True,0,0,0,0,True,0,0,0,0,0,0
2026,nwsl::Football_Season::0b6761e4701749f593690c0f338da74c,nwsl::Football_Player::23ad319baa72463cbb6e646de021b507,opta:Player:1fupp4fzx28kvln7xziqkahd6,nwsl::Football_Team::269e825b853f4b43a9d38390aa92bf6e,Chicago Stars,Sam,Cary Angel,S. Cary Angel,Defender,USA,23,2,,USA,,opta:Team:dzxypx8djih58p668surbi4qm,Chicago Stars,CHI,Chicago Stars,US,True,0,0,0,0,0,0,0,0,0,0,0,0,0,0,0,,0,,0,0,0,0,0,0,0.0,0.0,0.0,0.0,0.0,0.0,0,0,0,0,0,0,0,0,0,0,0,0,0,,,,,,,,,,,,,,,,,,,,,,,,,,,,,,,,,,,,,,,,,,,,,,,,,,,,,,,,,,,,,,,,,,,,,,,,,,,,,,,,,,,,,,,,,,,,,,,,,,,,,,,,,,,,,,,,,,,,,,,,,,,,,,True,0,0,0,0,0,0,0.0,0,0,0,0,0,0,True,0,0,0,0,True,0,0,0,0,0,0
2026,nwsl::Football_Season::0b6761e4701749f593690c0f338da74c,nwsl::Football_Player::23ce38b9dd0049b59a8ac2321fb8710f,opta:Player:5ni7a4s85lp22rysy5inywf3e,nwsl::Football_Team::ac29701756da44a08457762380c10733,Racing Louisville,Marisa,DiGrande,M. DiGrande,Midfielder,USA,14,3,,USA,,opta:Team:dtucewmt49th1p4selfutmnmc,Racing Lou,LOU,Racing Louisville,US,True,0,0,0,0,0,0,0,0,0,0,0,0,0,0,0,,0,,0,0,0,0,0,0,0.0,0.0,0.0,0.0,0.0,0.0,0,0,0,0,0,0,0,0,0,0,0,0,0,,,,,,,,,,,,,,,,,,,,,,,,,,,,,,,,,,,,,,,,,,,,,,,,,,,,,,,,,,,,,,,,,,,,,,,,,,,,,,,,,,,,,,,,,,,,,,,,,,,,,,,,,,,,,,,,,,,,,,,,,,,,,,True,0,0,0,0,0,0,0.0,0,0,0,0,0,0,True,0,0,0,0,True,0,0,0,0,0,0
2026,nwsl::Football_Season::0b6761e4701749f593690c0f338da74c,nwsl::Football_Player::23ee9bca62424a87b93fb9568e559f5f,opta:Player:1sn1r5mdhd98yyb5e46ctlg8a,nwsl::Football_Team::cbfcacbef5bc4a278442c00926ac9ebc,Denver Summit,Yuzuki,Yamamoto,Y. Yamamoto,Forward,Japan,18,4,,JPN,,opta:Team:b6ztd03z31b0yfcae0qovefpw,Denver,DEN,Denver Summit,US,True,3,124,0,1,2,1,1,1,5,6,1,0,1,0,0,63.0,2,1.45,0,0,0,0,0,0,0.4638,-0.4638,71.43,40.0,0.0,0.0,0,0,0,0,0,0,0,0,0,0,0,0,0,2.0,2.0,,3.0,8.0,1.0,13.0,,,,20.0,12.0,8.0,19.0,12.0,6.0,2.0,,,,18.0,10.0,8.0,,,,1.0,,35.0,,,,,6.0,1.0,1.0,5.0,,14.0,1.0,1.0,1.0,1.0,1.0,2.0,,,,,1.0,,22.0,11.0,11.0,22.0,2.0,,1.0,,124.0,2.0,1.0,1.0,1.0,6.0,1.0,23.0,35.0,2.0,22.0,7.0,4.0,13.0,63.0,3.0,3.0,,2.0,2.0,11.0,5.0,11.0,,,,0.0,1.0,,1.0,,,,,,,,,,,,,,,,,,,,,,,,,,,,,,,,,,,,,True,0,0,22,0,38,0,0.73,0,23,3,2,0,0,True,5,71,0,2,True,0,0,0,1,0,0
2026,nwsl::Football_Season::0b6761e4701749f593690c0f338da74c,nwsl::Football_Player::23fbf942a9564991bb975594e94b02d7,opta:Player:8afwde4025w5wxddyf2ouoine,nwsl::Football_Team::fb41ef4439dd495098cb6d40415767cc,North Carolina Courage,Shinomi,Koyama,S. Koyama,Midfielder,Japan,20,3,,JPN,,opta:Team:b4fbmos00gxtk8qnaqsm392p5,Courage,NC,North Carolina Courage,US,True,16,1391,0,4,13,4,5,4,17,7,14,0,1,0,0,83.0,23,1.49,0,0,1,0,0,0,1.1987,-1.1987,68.0,56.63,36.84,66.67,0,0,0,0,0,0,0,0,0,0,0,0,0,19.0,12.0,7.0,16.0,131.0,3.0,127.0,3.0,,7.0,83.0,36.0,47.0,196.0,212.0,1.0,23.0,,,,64.0,24.0,40.0,1.0,8.0,20.0,158.0,,638.0,,,,1.0,58.0,22.0,10.0,80.0,,146.0,24.0,8.0,5.0,16.0,3.0,,2.0,2.0,1.0,2.0,13.0,17.0,528.0,288.0,250.0,519.0,8.0,2.0,,1.0,1391.0,13.0,4.0,,21.0,7.0,14.0,153.0,647.0,13.0,536.0,25.0,22.0,111.0,817.0,1.0,1.0,6.0,3.0,17.0,84.0,28.0,94.0,,,,0.0,2.0,,4.0,,,,,,,,,,,,,,,,,,,,,,,,,,,,,,,,,,,,,True,0,0,536,0,650,2,0.26,17,153,3,34,17,0,True,17,68,8,19,True,0,0,50,21,0,0
2026,nwsl::Football_Season::0b6761e4701749f593690c0f338da74c,nwsl::Football_Player::241e9862359f42fc9434c287d7d231b0,opta:Player:a5qubtmh1hjex557m8mjqas16,nwsl::Football_Team::269e825b853f4b43a9d38390aa92bf6e,Chicago Stars,Elise,Evans,E. Evans,Defender,USA,15,2,,USA,,opta:Team:dzxypx8djih58p668surbi4qm,Chicago Stars,CHI,Chicago Stars,US,True,1,7,0,0,0,0,0,0,0,0,1,0,0,0,0,90.0,1,12.86,0,0,0,0,0,0,0.0,0.0,0.0,100.0,0.0,0.0,0,0,0,0,0,0,0,0,0,0,0,0,0,,,,1.0,2.0,,1.0,,,,1.0,,1.0,,3.0,,1.0,,,,1.0,,1.0,,,,1.0,,9.0,,,,,,,,3.0,,4.0,,,,,,1.0,,,,1.0,,1.0,8.0,3.0,6.0,8.0,,,,,7.0,,,,2.0,,1.0,1.0,10.0,,9.0,,,1.0,15.0,,,,,,,1.0,1.0,,,,0.0,,1.0,,,,,,,,,,,,,,,,,,,,,,,,,,,,,,,,,,,,,,True,0,0,9,0,10,0,0.0,1,1,0,1,1,0,True,0,0,0,0,True,0,0,100,2,0,0
2026,nwsl::Football_Season::0b6761e4701749f593690c0f338da74c,nwsl::Football_Player::246a5773039447a9aa48ead166b1f174,opta:Player:asfd5wkedz1u29xt37r6or4rt,nwsl::Football_Team::ac29701756da44a08457762380c10733,Racing Louisville,Savannah,DeMelo,S. DeMelo,Midfielder,USA,7,3,,USA,,opta:Team:dtucewmt49th1p4selfutmnmc,Racing Lou,LOU,Racing Louisville,US,True,0,0,0,0,0,0,0,0,0,0,0,0,0,0,0,,0,,0,0,0,0,0,0,0.0,0.0,0.0,0.0,0.0,0.0,0,0,0,0,0,0,0,0,0,0,0,0,0,,,,,,,,,,,,,,,,,,,,,,,,,,,,,,,,,,,,,,,,,,,,,,,,,,,,,,,,,,,,,,,,,,,,,,,,,,,,,,,,,,,,,,,,,,,,,,,,,,,,,,,,,,,,,,,,,,,,,,,,,,,,,,True,0,0,0,0,0,0,0.0,0,0,0,0,0,0,True,0,0,0,0,True,0,0,0,0,0,0
2026,nwsl::Football_Season::0b6761e4701749f593690c0f338da74c,nwsl::Football_Player::24d14aecb1aa4505a96c39f52a558e47,opta:Player:akj73w87pu7vfks9h9gccpene,nwsl::Football_Team::2c1699409ff84c9eb491aeaca3d3edde,Kansas City Current,Amelia,White,A. White,Forward,USA,3,4,,USA,,opta:Team:agxipc0vk4rtg09amjxv10nx0,KC Current,KC,Kansas City Current,US,True,13,356,1,0,7,1,5,0,8,1,2,3,0,0,0,68.0,4,1.01,1,0,2,0,0,0,0.8589,0.1411,88.89,32.69,0.0,20.0,0,0,0,0,0,0,0,0,0,0,0,0,0,4.0,4.0,,13.0,29.0,3.0,38.0,,1.0,2.0,52.0,35.0,17.0,82.0,19.0,1.0,3.0,1.0,1.0,1.0,48.0,31.0,17.0,,,2.0,25.0,3.0,83.0,1.0,,,1.0,23.0,15.0,9.0,18.0,1.0,11.0,2.0,2.0,5.0,3.0,2.0,10.0,1.0,1.0,6.0,,4.0,1.0,56.0,37.0,21.0,56.0,1.0,,1.0,,356.0,23.0,1.0,,1.0,1.0,2.0,67.0,84.0,7.0,57.0,9.0,13.0,27.0,178.0,4.0,4.0,12.0,1.0,5.0,26.0,5.0,22.0,,1.0,0.0,0.0,,,,,1.0,,,,,,,,,,,,,,,,,,,,,,,,,,,,,,,,,,,True,0,0,57,0,89,1,0.0,1,67,5,6,1,0,True,8,89,0,4,True,0,0,17,1,0,0
2026,nwsl::Football_Season::0b6761e4701749f593690c0f338da74c,nwsl::Football_Player::259bb40fadfb464c8402cc186f30b85d,opta:Player:6fs7fjwxqpkgzosbb8364d4np,nwsl::Football_Team::19674698cec24f53af8866cd21abaf8f,Bay,Caprice,Dydasco,C. Dydasco,Defender,USA,3,2,,USA,,opta:Team:eka22bj7co8bw5qxa6qlbinf8,Bay,BAY,Bay,US,True,0,0,0,0,0,0,0,0,0,0,0,0,0,0,0,,0,,0,0,0,0,0,0,0.0,0.0,0.0,0.0,0.0,0.0,0,0,0,0,0,0,0,0,0,0,0,0,0,,,,,,,,,,,,,,,,,,,,,,,,,,,,,,,,,,,,,,,,,,,,,,,,,,,,,,,,,,,,,,,,,,,,,,,,,,,,,,,,,,,,,,,,,,,,,,,,,,,,,,,,,,,,,,,,,,,,,,,,,,,,,,True,0,0,0,0,0,0,0.0,0,0,0,0,0,0,True,0,0,0,0,True,0,0,0,0,0,0
2026,nwsl::Football_Season::0b6761e4701749f593690c0f338da74c,nwsl::Football_Player::266288af33ed4b378e529b0cb8957ecf,opta:Player:3aj7p478dcuat6tz8096sq8dl,nwsl::Football_Team::c83f2ca05aa84c738b5373f0d2a31b39,Gotham FC,Emily,Sonnett,E. Sonnett,Defender,USA,6,2,,USA,,opta:Team:bgkfdckqfqnfbmecbtz03n76d,Gotham FC,GFC,Gotham FC,US,True,13,919,0,0,3,0,1,0,11,8,7,0,1,0,0,92.0,9,0.88,0,0,0,0,0,0,0.2781,-0.2781,64.71,58.0,33.33,100.0,0,0,0,0,0,0,0,0,0,0,0,0,0,9.0,6.0,3.0,13.0,51.0,,184.0,4.0,,1.0,50.0,21.0,29.0,36.0,211.0,4.0,7.0,2.0,,,41.0,15.0,26.0,,8.0,2.0,293.0,,704.0,,,,1.0,97.0,7.0,3.0,55.0,,172.0,2.0,2.0,1.0,10.0,1.0,3.0,1.0,1.0,2.0,,,19.0,641.0,193.0,470.0,643.0,6.0,,,7.0,919.0,6.0,,,27.0,8.0,7.0,82.0,727.0,3.0,662.0,17.0,9.0,65.0,844.0,,,2.0,13.0,25.0,44.0,21.0,40.0,,,,0.0,,7.0,,,,,,,,,,,,,,,,,,,,,,,,,,,,1.0,1.0,,,,,,,,,True,0,0,662,0,728,1,0.0,19,82,1,44,19,0,True,11,65,8,9,True,0,1,43,27,0,0
2026,nwsl::Football_Season::0b6761e4701749f593690c0f338da74c,nwsl::Football_Player::27615fa77e0f4bc78e0365f58a4df924,opta:Player:72e9oc63fclgqqvn3lgsjue50,nwsl::Football_Team::2c1699409ff84c9eb491aeaca3d3edde,Kansas City Current,Gabrielle,Robinson,G. Robinson,Defender,USA,24,2,,USA,,opta:Team:agxipc0vk4rtg09amjxv10nx0,KC Current,KC,Kansas City Current,US,True,14,1162,0,0,4,0,1,0,8,1,12,0,0,0,0,87.0,19,1.47,0,0,0,0,0,0,0.6059,-0.6059,80.0,70.21,52.63,0.0,0,0,0,0,0,0,0,0,0,0,0,0,0,19.0,9.0,10.0,14.0,17.0,,91.0,1.0,,,47.0,14.0,33.0,15.0,185.0,1.0,16.0,3.0,,,28.0,5.0,23.0,,17.0,1.0,196.0,,589.0,,,,2.0,35.0,12.0,6.0,41.0,,213.0,1.0,3.0,1.0,12.0,1.0,2.0,,,1.0,7.0,,20.0,510.0,122.0,409.0,511.0,2.0,,,,1162.0,1.0,,1.0,73.0,1.0,12.0,88.0,611.0,4.0,531.0,10.0,6.0,80.0,767.0,,,,17.0,35.0,53.0,27.0,45.0,,,,0.0,,6.0,,,,,2.0,2.0,,,,,,,,,,,,,,,,,,,,,,,1.0,,,,,,,,,True,0,0,531,0,611,0,0.0,20,88,0,55,20,0,True,8,80,17,19,True,0,0,36,73,0,0
2026,nwsl::Football_Season::0b6761e4701749f593690c0f338da74c,nwsl::Football_Player::28ce5cac9ab94671b346c10e85b9d9b5,opta:Player:1ytzdvomsu2steujkfa5sq3v8,nwsl::Football_Team::ac29701756da44a08457762380c10733,Racing Louisville,Maja,Lardner,M. Lardner,Forward,USA,,4,,USA,,opta:Team:dtucewmt49th1p4selfutmnmc,Racing Lou,LOU,Racing Louisville,US,True,12,322,2,0,7,2,5,0,1,3,5,1,1,0,0,72.0,6,1.68,0,0,0,0,0,0,1.4549,0.5451,25.0,31.91,14.29,0.0,0,0,0,0,0,0,0,0,0,0,0,0,0,7.0,6.0,1.0,12.0,22.0,4.0,30.0,,,4.0,47.0,32.0,15.0,81.0,17.0,1.0,5.0,1.0,2.0,2.0,40.0,26.0,14.0,,1.0,5.0,11.0,1.0,49.0,2.0,,,,20.0,13.0,8.0,12.0,1.0,6.0,5.0,2.0,5.0,2.0,2.0,10.0,,,5.0,,,,33.0,22.0,18.0,40.0,3.0,,1.0,1.0,322.0,20.0,,,1.0,3.0,5.0,65.0,56.0,7.0,40.0,4.0,22.0,16.0,153.0,4.0,4.0,8.0,2.0,4.0,15.0,5.0,12.0,,0.0,2.0,1.0,,,,,2.0,,,,,,,,,,,,,,,,,,,,,,,,,,,1.0,,,,,,,,True,0,0,40,0,60,0,0.0,0,65,4,4,0,0,True,1,25,1,7,True,0,0,0,1,0,0
2026,nwsl::Football_Season::0b6761e4701749f593690c0f338da74c,nwsl::Football_Player::28fc705601404c39bf14420caeec6668,opta:Player:27dktxivmcqmi1lkz1vs49qi2,nwsl::Football_Team::c31d72afc09f42ee86418633aa41390a,Washington Spirit,Tara,Rudd,T. Rudd,Defender,USA,9,2,,USA,,opta:Team:f1ks82wpiewyqs6h3oz9v4hzj,Spirit,WAS,Washington Spirit,US,True,18,1620,1,1,4,2,3,1,10,12,13,0,1,0,0,90.0,13,0.72,0,0,0,0,0,0,0.8421,0.1579,52.63,46.3,43.24,0.0,0,0,0,0,0,0,0,0,0,0,0,0,0,37.0,21.0,16.0,18.0,62.0,3.0,300.0,8.0,,3.0,108.0,58.0,50.0,47.0,442.0,6.0,11.0,2.0,,1.0,71.0,37.0,34.0,2.0,31.0,3.0,324.0,,1103.0,1.0,,,,183.0,11.0,9.0,79.0,,359.0,4.0,1.0,3.0,18.0,,,,,2.0,2.0,,24.0,976.0,316.0,742.0,1034.0,9.0,,,2.0,1620.0,16.0,1.0,,104.0,12.0,13.0,162.0,1187.0,4.0,1058.0,19.0,14.0,129.0,1441.0,3.0,3.0,8.0,17.0,52.0,89.0,43.0,77.0,,0.0,1.0,0.0,1.0,12.0,1.0,,,,46.0,46.0,,,,,,,,,,,,,,,,,,,,,,,,1.0,,,,,,,,True,0,0,1058,0,1190,0,0.06,24,162,3,76,24,0,True,10,53,31,37,True,0,0,32,104,0,0
2026,nwsl::Football_Season::0b6761e4701749f593690c0f338da74c,nwsl::Football_Player::291911cc9bee4a458a8ae94f9b2a9c97,opta:Player:eigt6t2rj0k98zt1isqrvtvqh,nwsl::Football_Team::cbfcacbef5bc4a278442c00926ac9ebc,Denver Summit,Ally,Brazier,A. Brazier,Forward,USA,11,4,,USA,,opta:Team:b6ztd03z31b0yfcae0qovefpw,Denver,DEN,Denver Summit,US,True,13,349,1,0,13,1,5,0,2,4,4,0,0,0,0,67.0,8,2.06,0,0,1,0,0,0,2.0889,-1.0889,40.0,48.28,33.33,22.22,0,0,0,0,0,0,0,0,0,0,0,0,0,3.0,2.0,1.0,13.0,20.0,2.0,27.0,,,1.0,29.0,15.0,14.0,71.0,15.0,2.0,8.0,,1.0,1.0,26.0,13.0,13.0,,2.0,2.0,13.0,,63.0,,,,,14.0,6.0,3.0,13.0,1.0,15.0,2.0,8.0,5.0,3.0,3.0,10.0,2.0,2.0,4.0,,,1.0,42.0,29.0,15.0,41.0,3.0,,,2.0,349.0,6.0,1.0,4.0,3.0,4.0,4.0,44.0,63.0,13.0,42.0,5.0,15.0,21.0,133.0,7.0,7.0,1.0,3.0,4.0,24.0,4.0,17.0,,0.0,1.0,1.0,,,,,1.0,,,,,,,,,1.0,,,,,,,,,,,,,,,,,,,,,,,,,,True,0,0,42,0,72,2,0.0,1,44,9,5,1,0,True,2,40,2,3,True,0,0,20,3,0,0
2026,nwsl::Football_Season::0b6761e4701749f593690c0f338da74c,nwsl::Football_Player::2b1dd3812dc04c7c8f3cdd0b7bae1d4f,opta:Player:7hrw0exutge376ai2uf6frw4q,nwsl::Football_Team::ac29701756da44a08457762380c10733,Racing Louisville,Lauren,Milliet,L. Milliet,Midfielder,USA,2,3,,USA,,opta:Team:dtucewmt49th1p4selfutmnmc,Racing Lou,LOU,Racing Louisville,US,True,17,1477,2,1,12,3,6,1,15,6,27,7,2,0,0,72.0,32,1.95,1,0,0,0,0,0,1.8927,0.1073,50.0,63.73,23.08,22.58,0,0,0,0,0,0,0,0,0,0,0,0,0,13.0,10.0,3.0,17.0,86.0,3.0,96.0,,1.0,6.0,102.0,37.0,65.0,216.0,182.0,4.0,27.0,5.0,2.0,1.0,89.0,27.0,62.0,,18.0,9.0,94.0,7.0,384.0,1.0,,,2.0,57.0,35.0,21.0,85.0,2.0,30.0,10.0,6.0,6.0,17.0,3.0,,7.0,7.0,5.0,5.0,1.0,20.0,275.0,156.0,133.0,262.0,15.0,,22.0,97.0,1477.0,14.0,,3.0,26.0,6.0,27.0,193.0,392.0,12.0,282.0,30.0,25.0,110.0,762.0,24.0,22.0,7.0,13.0,26.0,104.0,30.0,84.0,,2.0,0.0,1.0,,10.0,1.0,,1.0,1.0,,,,1.0,,,,,,,,,,,,,,,,,,1.0,1.0,1.0,,,,,,,,1.0,,True,0,0,282,0,423,7,0.06,20,193,31,46,20,0,True,15,50,18,13,True,0,1,43,26,0,0
2026,nwsl::Football_Season::0b6761e4701749f593690c0f338da74c,nwsl::Football_Player::2b79fff663274280b57a60c00163ff51,opta:Player:cnxanwub8nm1jokerrs83mk4q,nwsl::Football_Team::2c1699409ff84c9eb491aeaca3d3edde,Kansas City Current,Penelope,Hocking,P. Hocking,Forward,USA,55,4,,USA,,opta:Team:agxipc0vk4rtg09amjxv10nx0,KC Current,KC,Kansas City Current,US,True,10,205,0,0,3,0,0,0,3,4,2,0,1,0,0,69.0,4,1.76,1,0,0,0,0,0,0.4389,-0.4389,75.0,25.0,0.0,50.0,0,0,0,0,0,0,0,0,0,0,0,0,0,5.0,5.0,,10.0,18.0,1.0,14.0,,1.0,1.0,24.0,18.0,6.0,39.0,18.0,2.0,3.0,1.0,,,19.0,13.0,6.0,,3.0,1.0,10.0,,57.0,1.0,,,,6.0,2.0,1.0,11.0,,12.0,1.0,3.0,,1.0,1.0,9.0,1.0,1.0,,,3.0,,39.0,24.0,17.0,40.0,1.0,,,1.0,205.0,5.0,,1.0,4.0,4.0,2.0,30.0,58.0,3.0,40.0,4.0,7.0,18.0,98.0,1.0,1.0,2.0,,1.0,17.0,2.0,17.0,1.0,,,0.0,,,,,,,,,,,,,,,,,,,,,,,,,,,,,,,,,,,,,,,,True,0,0,40,0,60,1,0.0,0,30,2,1,0,0,True,3,75,3,5,True,0,0,0,4,0,0
2026,nwsl::Football_Season::0b6761e4701749f593690c0f338da74c,nwsl::Football_Player::2c448e6ce8624c9c983fe177032cd791,opta:Player:1p7mhkqn7vxnady8q0vboi02d,nwsl::Football_Team::ca3f464d6b794a9087d441d75961403f,Houston Dash,Makenzy,Robbe,M. Robbe,Forward,USA,15,4,,USA,,opta:Team:c3v2ohfuzoqmc8ljm65hi80sj,Dash,HOU,Houston Dash,US,True,3,245,1,1,6,2,2,1,1,1,3,0,0,0,0,63.0,2,0.73,0,0,0,0,0,0,1.1361,-0.1361,100.0,37.5,22.22,0.0,0,0,0,0,0,0,0,0,0,0,0,0,0,9.0,7.0,2.0,3.0,13.0,1.0,5.0,,,,16.0,10.0,6.0,39.0,9.0,,1.0,1.0,1.0,1.0,7.0,3.0,4.0,,2.0,,11.0,,39.0,,,,,,2.0,1.0,8.0,1.0,7.0,1.0,4.0,2.0,3.0,2.0,,,,,,2.0,1.0,24.0,16.0,9.0,24.0,,,,,245.0,2.0,1.0,2.0,2.0,1.0,3.0,24.0,40.0,6.0,25.0,1.0,14.0,15.0,71.0,4.0,4.0,,,,17.0,2.0,15.0,1.0,0.0,1.0,1.0,1.0,1.0,1.0,,,,,,,,,,,1.0,,,,,,,,,,,,,,,,,,,,,,,,,,True,0,0,25,0,44,0,0.37,1,24,4,1,1,0,True,1,100,2,9,True,0,0,100,2,0,0
2026,nwsl::Football_Season::0b6761e4701749f593690c0f338da74c,nwsl::Football_Player::2dd5ec59c3f2437889edf68c10fad31e,opta:Player:e2cviaurp66ntp52needonka2,nwsl::Football_Team::d2d8efe548734dfd8bc667b5a52a079a,Boston Legacy,Hannah,Stambaugh,H. Stambaugh,Goalkeeper,Japan,87,1,,JPN,,opta:Team:2yppf5jwqllc49s0qkbkchvkk,Boston Legacy,BOS,Boston Legacy,US,True,0,0,0,0,0,0,0,0,0,0,0,0,0,0,0,,0,,0,0,0,0,0,0,0.0,0.0,0.0,0.0,0.0,0.0,0,0,0,0,0,0,0,0,0,0,0,0,0,,,,,,,,,,,,,,,,,,,,,,,,,,,,,,,,,,,,,,,,,,,,,,,,,,,,,,,,,,,,,,,,,,,,,,,,,,,,,,,,,,,,,,,,,,,,,,,,,,,,,,,,,,,,,,,,,,,,,,,,,,,,,,True,0,0,0,0,0,0,0.0,0,0,0,0,0,0,True,0,0,0,0,True,0,0,0,0,0,0
2026,nwsl::Football_Season::0b6761e4701749f593690c0f338da74c,nwsl::Football_Player::2e46f0ae8d6e46119d927dd1244d079f,opta:Player:7rm6858rwtecoxlt5ud31dmy2,nwsl::Football_Team::c3e9513e280b41e5bfbb8230076e8c43,Orlando Pride,Cosette,Morché,C. Morché,Goalkeeper,USA,77,1,,USA,,opta:Team:966pdxhsoxaib9qt5083h8uus,Pride,ORL,Orlando Pride,US,True,0,0,0,0,0,0,0,0,0,0,0,0,0,0,0,,0,,0,0,0,0,0,0,0.0,0.0,0.0,0.0,0.0,0.0,0,0,0,0,0,0,0,0,0,0,0,0,0,,,,,,,,,,,,,,,,,,,,,,,,,,,,,,,,,,,,,,,,,,,,,,,,,,,,,,,,,,,,,,,,,,,,,,,,,,,,,,,,,,,,,,,,,,,,,,,,,,,,,,,,,,,,,,,,,,,,,,,,,,,,,,True,0,0,0,0,0,0,0.0,0,0,0,0,0,0,True,0,0,0,0,True,0,0,0,0,0,0
2026,nwsl::Football_Season::0b6761e4701749f593690c0f338da74c,nwsl::Football_Player::2e67f16c924649e9b5584a1a25552589,opta:Player:4ullol3wa4qdi9ydgrxgxbcgl,nwsl::Football_Team::c31d72afc09f42ee86418633aa41390a,Washington Spirit,Casey,Krueger,C. Krueger,Defender,USA,3,2,,USA,,opta:Team:f1ks82wpiewyqs6h3oz9v4hzj,Spirit,WAS,Washington Spirit,US,True,0,0,0,0,0,0,0,0,0,0,0,0,0,0,0,,0,,0,0,0,0,0,0,0.0,0.0,0.0,0.0,0.0,0.0,0,0,0,0,0,0,0,0,0,0,0,0,0,,,,,,,,,,,,,,,,,,,,,,,,,,,,,,,,,,,,,,,,,,,,,,,,,,,,,,,,,,,,,,,,,,,,,,,,,,,,,,,,,,,,,,,,,,,,,,,,,,,,,,,,,,,,,,,,,,,,,,,,,,,,,,True,0,0,0,0,0,0,0.0,0,0,0,0,0,0,True,0,0,0,0,True,0,0,0,0,0,0
2026,nwsl::Football_Season::0b6761e4701749f593690c0f338da74c,nwsl::Football_Player::300fc21c88214cf191d546d1cf81d8ec,opta:Player:doowl2ugqjktazdorwia5kx9m,nwsl::Football_Team::19674698cec24f53af8866cd21abaf8f,Bay,Hannah,Bebar,H. Bebar,Midfielder,USA,41,3,,USA,,opta:Team:eka22bj7co8bw5qxa6qlbinf8,Bay,BAY,Bay,US,True,17,1486,1,1,13,2,4,1,28,7,16,0,0,0,0,80.0,22,1.33,0,0,1,0,0,0,0.8295,0.1705,50.91,61.36,38.46,44.44,0,0,0,0,0,0,0,0,0,0,0,0,0,13.0,8.0,5.0,17.0,121.0,6.0,214.0,2.0,,5.0,132.0,51.0,81.0,230.0,275.0,6.0,21.0,1.0,1.0,,119.0,43.0,76.0,,31.0,16.0,149.0,,741.0,,,,2.0,87.0,38.0,27.0,100.0,1.0,225.0,17.0,9.0,4.0,17.0,5.0,,4.0,4.0,5.0,3.0,7.0,46.0,585.0,350.0,268.0,568.0,27.0,1.0,1.0,4.0,1486.0,17.0,1.0,,22.0,7.0,16.0,207.0,770.0,13.0,614.0,55.0,16.0,156.0,1059.0,5.0,5.0,6.0,10.0,38.0,123.0,38.0,118.0,,1.0,0.0,0.0,1.0,6.0,1.0,,,,,,,,,,,,,,,,,,,,,,,,,,1.0,,,,1.0,,,,,,,True,0,0,614,0,779,4,0.06,46,207,9,84,46,0,True,28,51,31,13,True,0,0,55,22,0,0
2026,nwsl::Football_Season::0b6761e4701749f593690c0f338da74c,nwsl::Football_Player::302019e51dc048ab8fba8c2e3bb54dd1,opta:Player:8f64tianoo4mc7t1lyz6acqtx,nwsl::Football_Team::19674698cec24f53af8866cd21abaf8f,Bay,Cristiana,Girelli,C. Girelli,Forward,Italy,10,4,,ITA,,opta:Team:eka22bj7co8bw5qxa6qlbinf8,Bay,BAY,Bay,US,True,13,701,0,2,10,2,2,2,1,6,16,10,0,0,0,70.0,16,2.05,0,0,0,0,0,0,0.8077,-0.8077,50.0,48.98,61.9,0.0,0,0,0,0,0,0,0,0,0,0,0,0,0,42.0,16.0,26.0,13.0,59.0,2.0,63.0,,,5.0,98.0,50.0,48.0,131.0,40.0,1.0,15.0,1.0,,,56.0,34.0,22.0,,3.0,9.0,47.0,10.0,182.0,,,,2.0,21.0,13.0,4.0,16.0,,47.0,11.0,8.0,2.0,8.0,5.0,5.0,,,4.0,,14.0,8.0,124.0,72.0,63.0,127.0,1.0,,,,701.0,26.0,1.0,1.0,10.0,6.0,16.0,117.0,193.0,10.0,135.0,2.0,25.0,58.0,314.0,2.0,2.0,11.0,1.0,3.0,52.0,8.0,55.0,5.0,,,0.0,2.0,1.0,2.0,,,,,,,,,,,,,,,,,,,,,,,,,,,,,,,,,,,,,True,0,0,135,0,195,0,0.26,8,117,2,11,8,0,True,1,50,3,42,True,0,0,73,10,0,0
2026,nwsl::Football_Season::0b6761e4701749f593690c0f338da74c,nwsl::Football_Player::3156af5df0ad44729614d33bf537a27e,opta:Player:e85tnyxneiieu2xxon2h4ss9g,nwsl::Football_Team::cbfcacbef5bc4a278442c00926ac9ebc,Denver Summit,Kat,Asman,K. Asman,Goalkeeper,USA,26,1,,USA,,opta:Team:b6ztd03z31b0yfcae0qovefpw,Denver,DEN,Denver Summit,US,True,0,0,0,0,0,0,0,0,0,0,0,0,0,0,0,,0,,0,0,0,0,0,0,0.0,0.0,0.0,0.0,0.0,0.0,0,0,0,0,0,0,0,0,0,0,0,0,0,,,,,,,,,,,,,,,,,,,,,,,,,,,,,,,,,,,,,,,,,,,,,,,,,,,,,,,,,,,,,,,,,,,,,,,,,,,,,,,,,,,,,,,,,,,,,,,,,,,,,,,,,,,,,,,,,,,,,,,,,,,,,,True,0,0,0,0,0,0,0.0,0,0,0,0,0,0,True,0,0,0,0,True,0,0,0,0,0,0
2026,nwsl::Football_Season::0b6761e4701749f593690c0f338da74c,nwsl::Football_Player::315eaeeeb03f4072a12b8ea83be10fb0,opta:Player:dtmvgia1wh01owv0splpjsftg,nwsl::Football_Team::c83f2ca05aa84c738b5373f0d2a31b39,Gotham FC,Stella,Nyamekye,S. Nyamekye,Midfielder,Ghana,90,3,,GHA,,opta:Team:bgkfdckqfqnfbmecbtz03n76d,Gotham FC,GFC,Gotham FC,US,True,0,0,0,0,0,0,0,0,0,0,0,0,0,0,0,,0,,0,0,0,0,0,0,0.0,0.0,0.0,0.0,0.0,0.0,0,0,0,0,0,0,0,0,0,0,0,0,0,,,,,,,,,,,,,,,,,,,,,,,,,,,,,,,,,,,,,,,,,,,,0.0,0.0,,,,,,,,,,,,,,,,,,,,,,,,,,,,,,,,,,,,,,,,,,,,,,,,,,,,0.0,0.0,0.0,,,,,,,,,,,,,,,,,,,,,,,,,,,True,0,0,0,0,0,0,0.0,0,0,0,0,0,0,True,0,0,0,0,True,0,0,0,0,0,0
2026,nwsl::Football_Season::0b6761e4701749f593690c0f338da74c,nwsl::Football_Player::31cb57cb8de1443d99cb20793354f1fe,opta:Player:3h9iwb3ufzzbr5137qg7whses,nwsl::Football_Team::19674698cec24f53af8866cd21abaf8f,Bay,Jamie,Shepherd,J. Shepherd,Midfielder,USA,14,3,,USA,,opta:Team:eka22bj7co8bw5qxa6qlbinf8,Bay,BAY,Bay,US,True,1,1,0,0,0,0,0,0,0,0,0,0,0,0,0,,0,0.0,0,0,0,0,0,0,0.0,0.0,0.0,0.0,0.0,0.0,0,0,0,0,0,0,0,0,0,0,0,0,0,,,,1.0,,,,,,,1.0,1.0,,,,,,,,,1.0,1.0,,,,,,,,,,,,,,,,,,,,,,,1.0,,,,,,,,,,,,,,,1.0,,,,,,,,,,,,,,,,,,,,,,,,,,0.0,,,,,,,,,,,,,,,,,,,,,,,,,,,,,,,,,,,,,,,,True,0,0,0,0,0,0,0.0,0,0,0,0,0,0,True,0,0,0,0,True,0,0,0,0,0,0
2026,nwsl::Football_Season::0b6761e4701749f593690c0f338da74c,nwsl::Football_Player::328fcb7c689147afb61f408326d6d1bf,opta:Player:b851c3ctabv5mf233ia03kqhg,nwsl::Football_Team::c83f2ca05aa84c738b5373f0d2a31b39,Gotham FC,Kayla,Duran,K. Duran,Defender,USA,19,2,,USA,,opta:Team:bgkfdckqfqnfbmecbtz03n76d,Gotham FC,GFC,Gotham FC,US,True,5,246,0,0,0,0,0,0,0,5,3,0,1,0,0,74.0,2,0.73,0,0,0,0,0,0,0.0318,-0.0318,0.0,50.0,100.0,14.29,0,0,0,0,0,0,0,0,0,0,0,0,0,5.0,,5.0,5.0,9.0,1.0,30.0,,,5.0,26.0,13.0,13.0,39.0,59.0,2.0,2.0,,,,21.0,13.0,8.0,,4.0,4.0,29.0,,105.0,,,,,16.0,7.0,2.0,8.0,,11.0,4.0,,,4.0,3.0,1.0,1.0,1.0,1.0,4.0,,6.0,76.0,38.0,42.0,73.0,4.0,,3.0,20.0,246.0,7.0,1.0,,6.0,5.0,3.0,48.0,108.0,,79.0,4.0,8.0,29.0,177.0,6.0,5.0,1.0,3.0,8.0,27.0,8.0,21.0,,,,0.0,,,,,,,,,,,,,,,,,,,,,,,,,,,,,,,,,,,,,,,,True,0,0,79,0,115,1,0.0,6,48,7,14,6,0,True,0,0,4,5,True,0,0,43,6,0,0
2026,nwsl::Football_Season::0b6761e4701749f593690c0f338da74c,nwsl::Football_Player::3295626be24e453abe27e04c004ff97e,opta:Player:f6awh57iawoxfnhkq2hq57ca,nwsl::Football_Team::ac29701756da44a08457762380c10733,Racing Louisville,Macy,Blackburn,M. Blackburn,Defender,USA,,2,,USA,,opta:Team:dtucewmt49th1p4selfutmnmc,Racing Lou,LOU,Racing Louisville,US,True,4,30,1,0,1,1,1,0,2,2,0,0,0,0,0,70.0,0,0.0,0,0,0,0,0,0,0.2898,0.7102,100.0,50.0,100.0,0.0,0,0,0,0,0,0,0,0,0,0,0,0,0,1.0,,1.0,4.0,1.0,1.0,2.0,,,,6.0,3.0,3.0,12.0,9.0,2.0,,,,1.0,5.0,3.0,2.0,,1.0,,3.0,,13.0,,,,,2.0,2.0,1.0,1.0,,,,,1.0,,,4.0,,,,,,1.0,9.0,6.0,3.0,8.0,,,1.0,5.0,30.0,1.0,,,3.0,2.0,,9.0,13.0,1.0,9.0,2.0,2.0,4.0,35.0,2.0,2.0,1.0,1.0,1.0,6.0,,3.0,,0.0,1.0,0.0,,,,,,,,,,,,,,,,,,,,,,,,,,,,,,,,,,,,,,,1.0,True,0,0,9,0,15,0,0.0,1,9,2,2,1,0,True,2,100,1,1,True,0,0,50,3,0,0
2026,nwsl::Football_Season::0b6761e4701749f593690c0f338da74c,nwsl::Football_Player::332d7efe4fb24703b248508fd29b4575,opta:Player:9ms54l53wseuxarpn4vfcx9g4,nwsl::Football_Team::ca719042b34443c4bcfe380ca4850eaf,San Diego Wave,Trinity,Armstrong,T. Armstrong,Defender,USA,3,2,,USA,,opta:Team:esvbnzqbyvxp2k570ez7h1a1g,San Diego Wave,SD,San Diego Wave,US,True,2,37,0,0,0,0,0,0,1,0,1,0,0,0,0,62.0,0,0.0,0,0,0,0,0,0,0.0,0.0,100.0,75.0,50.0,0.0,0,0,0,0,0,0,0,0,0,0,0,0,0,2.0,1.0,1.0,2.0,3.0,,3.0,,,1.0,4.0,1.0,3.0,10.0,9.0,,,,,,2.0,,2.0,,,,3.0,,18.0,,,,,1.0,2.0,1.0,2.0,,3.0,,,,,,2.0,,,,,,,11.0,6.0,5.0,11.0,,,3.0,1.0,37.0,,,,2.0,,1.0,13.0,18.0,,11.0,1.0,5.0,7.0,31.0,1.0,1.0,,,,4.0,4.0,7.0,,,,0.0,,,,,,,,,,,,,,,,,,,,,,,,,,,,,,,,,,,,,,,,True,0,0,11,0,19,0,0.0,0,13,1,0,0,0,True,1,100,0,2,True,0,0,0,2,0,0
2026,nwsl::Football_Season::0b6761e4701749f593690c0f338da74c,nwsl::Football_Player::336dc7bf1e5642c1a7a4a9fd8973f2a9,opta:Player:54ieoaegysojsey2jmqtr9ucp,nwsl::Football_Team::269e825b853f4b43a9d38390aa92bf6e,Chicago Stars,Brianna,Pinto,B. Pinto,Midfielder,USA,10,3,,USA,,opta:Team:dzxypx8djih58p668surbi4qm,Chicago Stars,CHI,Chicago Stars,US,True,14,1012,0,1,8,1,3,1,9,12,11,1,3,0,0,80.0,26,2.31,1,0,0,0,0,0,0.6496,-0.6496,52.94,48.84,40.0,50.0,0,0,0,0,0,0,0,0,0,0,0,0,0,15.0,9.0,6.0,14.0,71.0,2.0,50.0,,1.0,3.0,86.0,44.0,42.0,82.0,74.0,3.0,26.0,,,,71.0,35.0,36.0,1.0,7.0,4.0,48.0,1.0,236.0,,,,3.0,17.0,7.0,4.0,30.0,,61.0,5.0,5.0,3.0,12.0,8.0,2.0,4.0,3.0,8.0,,6.0,3.0,185.0,92.0,114.0,199.0,8.0,1.0,2.0,1.0,1012.0,21.0,1.0,,11.0,12.0,11.0,97.0,254.0,8.0,202.0,17.0,15.0,52.0,400.0,2.0,2.0,7.0,8.0,14.0,43.0,11.0,38.0,,,,0.0,1.0,1.0,1.0,,,,,,1.0,,,,,,,,2.0,,,,,,,,,,,,,,,,,,,,,,,True,0,0,202,0,260,3,0.09,3,97,6,17,3,0,True,9,53,7,15,True,0,0,18,11,0,0
2026,nwsl::Football_Season::0b6761e4701749f593690c0f338da74c,nwsl::Football_Player::341dc1ea4fd04ccf89d8aac5f0479789,opta:Player:1q7tkuxplebbezfdsch58k1uy,nwsl::Football_Team::ac29701756da44a08457762380c10733,Racing Louisville,Cristina,Roque,C. Roque,Goalkeeper,Puerto Rico,32,1,,PRI,,opta:Team:dtucewmt49th1p4selfutmnmc,Racing Lou,LOU,Racing Louisville,US,True,0,0,0,0,0,0,0,0,0,0,0,0,0,0,0,,0,,0,0,0,0,0,0,0.0,0.0,0.0,0.0,0.0,0.0,0,0,0,0,0,0,0,0,0,0,0,0,0,,,,,,,,,,,,,,,,,,,,,,,,,,,,,,,,,,,,,,,,,,,,0.0,0.0,,,,,,,,,,,,,,,,,,,,,,,,,,,,,,,,,,,,,,,,,,,,,,,,,,,,0.0,0.0,0.0,,,,,,,,,,,,,,,,,,,,,,,,,,,True,0,0,0,0,0,0,0.0,0,0,0,0,0,0,True,0,0,0,0,True,0,0,0,0,0,0
2026,nwsl::Football_Season::0b6761e4701749f593690c0f338da74c,nwsl::Football_Player::347119dbb56e4f5ca6eef714cf55cf00,opta:Player:6ejht9fpred2zbrdfpwgvrs44,nwsl::Football_Team::96ba7b37bd8544a1a7329183459150ff,Portland Thorns,Shae,Harvey,S. Harvey,Midfielder,USA,15,3,,USA,,opta:Team:446mp88j1vpk9iwui9fiifrp8,Thorns,POR,Portland Thorns,US,True,5,90,0,0,2,0,0,0,3,1,1,0,0,0,0,61.0,2,2.0,0,0,0,0,0,0,0.141,-0.141,75.0,50.0,71.43,50.0,0,0,0,0,0,0,0,0,0,0,0,0,0,7.0,2.0,5.0,5.0,12.0,,11.0,,,1.0,22.0,11.0,11.0,21.0,23.0,1.0,2.0,,,,15.0,9.0,6.0,,2.0,1.0,7.0,,48.0,,,,,5.0,6.0,4.0,7.0,,6.0,1.0,2.0,,1.0,1.0,4.0,1.0,1.0,1.0,,3.0,,29.0,19.0,11.0,29.0,1.0,,,,90.0,3.0,,,4.0,1.0,1.0,26.0,48.0,2.0,29.0,4.0,4.0,19.0,77.0,1.0,1.0,2.0,1.0,2.0,15.0,5.0,17.0,,,,0.0,,,,,,,,,,,,,,,,,,,,,,,,,,,,,,,,,,,,,,,,True,0,0,29,0,50,1,0.0,0,26,2,2,0,0,True,3,75,2,7,True,0,0,0,4,0,0
2026,nwsl::Football_Season::0b6761e4701749f593690c0f338da74c,nwsl::Football_Player::355380d7c8ac4d0d817699ab64256714,opta:Player:aackuqvi6nlca566oisw0wc9g,nwsl::Football_Team::ac29701756da44a08457762380c10733,Racing Louisville,Ella,Hase,E. Hase,Defender,USA,6,2,,USA,,opta:Team:dtucewmt49th1p4selfutmnmc,Racing Lou,LOU,Racing Louisville,US,True,13,793,0,0,7,0,3,0,16,13,5,2,0,0,0,69.0,20,2.27,0,0,0,0,0,0,0.7982,-0.7982,69.57,41.41,64.29,11.54,0,0,0,0,0,0,0,0,0,0,0,0,0,14.0,5.0,9.0,13.0,68.0,3.0,75.0,,,5.0,99.0,58.0,41.0,153.0,58.0,4.0,16.0,4.0,,,85.0,53.0,32.0,1.0,7.0,8.0,20.0,2.0,185.0,,,,1.0,39.0,20.0,5.0,40.0,,41.0,8.0,4.0,3.0,10.0,8.0,3.0,3.0,3.0,4.0,1.0,1.0,4.0,127.0,78.0,54.0,125.0,7.0,,1.0,9.0,793.0,29.0,,,14.0,13.0,5.0,138.0,187.0,7.0,129.0,23.0,22.0,58.0,364.0,23.0,23.0,10.0,8.0,10.0,62.0,19.0,48.0,1.0,,,0.0,,3.0,,,,,,,,,,,,,,,,,,,,,,,,,,,,,,,1.0,,,,,,,True,0,0,129,0,213,3,0.0,4,138,26,14,4,0,True,16,70,7,14,True,0,0,29,14,0,0
2026,nwsl::Football_Season::0b6761e4701749f593690c0f338da74c,nwsl::Football_Player::358364b65d834cf2b93e0e3e9162a38f,opta:Player:22bce4tux8nyjduit9csi0q38,nwsl::Football_Team::c31d72afc09f42ee86418633aa41390a,Washington Spirit,Tamara,Paranaguá do Carmo,Tamara Bolt,Forward,Brazil,16,4,,BRA,,opta:Team:f1ks82wpiewyqs6h3oz9v4hzj,Spirit,WAS,Washington Spirit,US,True,9,75,0,0,0,0,0,0,2,2,5,0,0,0,0,65.0,0,0.0,0,0,0,0,0,0,0.0822,-0.0822,66.67,65.38,60.0,0.0,0,0,0,0,0,0,0,0,0,0,0,0,0,5.0,2.0,3.0,9.0,13.0,2.0,32.0,,,,26.0,9.0,17.0,45.0,14.0,2.0,,,,,21.0,7.0,14.0,,1.0,3.0,14.0,,44.0,,,,,18.0,5.0,3.0,9.0,,4.0,3.0,,,,,9.0,,,6.0,,1.0,,28.0,22.0,7.0,29.0,1.0,2.0,,1.0,75.0,5.0,1.0,,3.0,2.0,5.0,29.0,45.0,,29.0,3.0,9.0,16.0,90.0,1.0,1.0,3.0,2.0,2.0,11.0,6.0,14.0,1.0,,,0.0,,,,,,,,,,,,,,,,,,,,,,,,,,,,,,,,,,,,,,,,True,0,0,29,0,46,0,0.0,0,29,1,2,0,0,True,2,67,1,5,True,0,0,0,3,0,0
2026,nwsl::Football_Season::0b6761e4701749f593690c0f338da74c,nwsl::Football_Player::36b07020f4cf4e35943ba241ccbb8a7d,opta:Player:4tm3f1xmjfy7hffe7io731yxg,nwsl::Football_Team::ca3f464d6b794a9087d441d75961403f,Houston Dash,Jyllissa,Harris,J. Harris,Defender,USA,33,2,,USA,,opta:Team:c3v2ohfuzoqmc8ljm65hi80sj,Dash,HOU,Houston Dash,US,True,0,0,0,0,0,0,0,0,0,0,0,0,0,0,0,,0,,0,0,0,0,0,0,0.0,0.0,0.0,0.0,0.0,0.0,0,0,0,0,0,0,0,0,0,0,0,0,0,,,,,,,,,,,,,,,,,,,,,,,,,,,,,,,,,,,,,,,,,,,,0.0,0.0,,,,,,,,,,,,,,,,,,,,,,,,,,,,,,,,,,,,,,,,,,,,,,,,,,,,0.0,0.0,0.0,,,,,,,,,,,,,,,,,,,,,,,,,,,True,0,0,0,0,0,0,0.0,0,0,0,0,0,0,True,0,0,0,0,True,0,0,0,0,0,0
2026,nwsl::Football_Season::0b6761e4701749f593690c0f338da74c,nwsl::Football_Player::36e8d47399e3420e85fdb85b0d58d437,opta:Player:b2x5661a5jlxqhw7bybdsymfo,nwsl::Football_Team::9587b8ce40624165903b6bc9fd252634,Angel City,Rajanah,Reed,R. Reed,Forward,USA,37,4,,USA,,opta:Team:6hbfgdczbi3yg4sdpqgtu6s,Angel City,LA,Angel City,US,True,0,0,0,0,0,0,0,0,0,0,0,0,0,0,0,,0,,0,0,0,0,0,0,0.0,0.0,0.0,0.0,0.0,0.0,0,0,0,0,0,0,0,0,0,0,0,0,0,,,,,,,,,,,,,,,,,,,,,,,,,,,,,,,,,,,,,,,,,,,,,,,,,,,,,,,,,,,,,,,,,,,,,,,,,,,,,,,,,,,,,,,,,,,,,,,,,,,,,,,,,,,,,,,,,,,,,,,,,,,,,,True,0,0,0,0,0,0,0.0,0,0,0,0,0,0,True,0,0,0,0,True,0,0,0,0,0,0
2026,nwsl::Football_Season::0b6761e4701749f593690c0f338da74c,nwsl::Football_Player::3712c14ba05c4f4ba6bd42cae9406ec6,opta:Player:7lt5as8r1xms7ujjgt7pynl5,nwsl::Football_Team::c31d72afc09f42ee86418633aa41390a,Washington Spirit,Sofia,Cantore,S. Cantore,Forward,Italy,27,4,,ITA,,opta:Team:f1ks82wpiewyqs6h3oz9v4hzj,Spirit,WAS,Washington Spirit,US,True,18,1136,4,1,22,5,10,1,7,16,14,8,0,0,0,78.0,9,0.71,0,0,0,0,0,0,2.2899,1.7101,53.85,36.61,37.5,10.0,0,0,0,0,0,0,0,0,0,0,0,0,0,24.0,15.0,9.0,18.0,125.0,6.0,97.0,,,13.0,112.0,71.0,41.0,226.0,58.0,5.0,7.0,2.0,3.0,1.0,88.0,56.0,32.0,,1.0,12.0,52.0,8.0,293.0,1.0,,,,46.0,26.0,11.0,36.0,4.0,81.0,13.0,12.0,10.0,15.0,15.0,3.0,1.0,1.0,5.0,1.0,18.0,9.0,223.0,154.0,93.0,237.0,6.0,,,,1136.0,35.0,1.0,2.0,1.0,16.0,14.0,157.0,316.0,22.0,246.0,13.0,57.0,70.0,500.0,9.0,9.0,15.0,1.0,4.0,63.0,16.0,66.0,6.0,1.0,3.0,1.0,1.0,,1.0,,1.0,,,,,,,,,,,,,,,,,,,,,,,,3.0,,,,,,,,,,,True,0,0,246,0,326,1,0.08,9,157,10,13,9,0,True,7,54,1,24,True,0,0,69,1,0,0
2026,nwsl::Football_Season::0b6761e4701749f593690c0f338da74c,nwsl::Football_Player::37c762eb698644fa88b9cb94cf4f0940,opta:Player:8ruvr2jnsfdub02rdh8q88s89,nwsl::Football_Team::ca3f464d6b794a9087d441d75961403f,Houston Dash,Paige,Nielsen,P. Nielsen,Defender,USA,7,2,,USA,,opta:Team:c3v2ohfuzoqmc8ljm65hi80sj,Dash,HOU,Houston Dash,US,True,17,1300,0,0,3,0,0,0,19,10,11,0,2,0,0,85.0,21,1.45,0,0,0,0,0,0,0.0577,-0.0577,73.08,63.41,66.67,100.0,0,0,0,0,0,0,0,0,0,0,0,0,0,21.0,7.0,14.0,17.0,32.0,,142.0,2.0,,,82.0,30.0,52.0,30.0,274.0,6.0,19.0,2.0,,,61.0,23.0,38.0,,21.0,3.0,223.0,,622.0,,,,4.0,82.0,3.0,3.0,60.0,,131.0,3.0,3.0,,16.0,8.0,1.0,1.0,1.0,1.0,5.0,,27.0,520.0,175.0,383.0,530.0,7.0,,,2.0,1300.0,8.0,,,91.0,10.0,11.0,122.0,660.0,3.0,557.0,26.0,4.0,103.0,869.0,,,4.0,33.0,57.0,69.0,34.0,46.0,,,,0.0,,12.0,,,,,13.0,13.0,,,,,,,,,,,,,,,,,,,,,,,1.0,,,,,,,,,True,0,0,557,0,661,1,0.0,27,122,1,84,27,0,True,19,73,21,21,True,0,0,32,91,0,0
2026,nwsl::Football_Season::0b6761e4701749f593690c0f338da74c,nwsl::Football_Player::3803e24414b54df58dfb21fd3304ef62,opta:Player:id7fmb2fws190qkc6bfzdzx0,nwsl::Football_Team::9587b8ce40624165903b6bc9fd252634,Angel City,Savy,King,S. King,Defender,USA,3,2,,USA,,opta:Team:6hbfgdczbi3yg4sdpqgtu6s,Angel City,LA,Angel City,US,True,4,288,0,0,2,0,0,0,4,2,1,1,1,0,0,91.0,3,0.94,0,0,0,0,0,0,0.089,-0.089,66.67,50.0,0.0,33.33,0,0,0,0,0,0,0,0,0,0,0,0,0,2.0,2.0,,4.0,16.0,,17.0,,,1.0,14.0,7.0,7.0,11.0,25.0,,3.0,,,,12.0,5.0,7.0,,3.0,1.0,25.0,1.0,115.0,,,,,6.0,4.0,2.0,12.0,,52.0,1.0,2.0,,3.0,2.0,1.0,1.0,1.0,,,,2.0,105.0,19.0,89.0,105.0,2.0,,1.0,3.0,288.0,1.0,,,19.0,2.0,1.0,17.0,118.0,2.0,107.0,6.0,,11.0,169.0,2.0,2.0,,2.0,4.0,9.0,4.0,7.0,,,,0.0,,,,,,,,,,,,,,,,,,,,,,,,,,,,,,,,,,,,,,,,True,0,0,107,0,121,1,0.0,2,17,3,6,2,0,True,4,67,3,2,True,0,0,33,19,0,0
2026,nwsl::Football_Season::0b6761e4701749f593690c0f338da74c,nwsl::Football_Player::3888ed1a5f1741d69be6912edb3a2fae,opta:Player:887dvmf81v9fxg76i14wep8no,nwsl::Football_Team::c3e9513e280b41e5bfbb8230076e8c43,Orlando Pride,Cara,Martin,C. Martin,Goalkeeper,USA,31,1,,USA,,opta:Team:966pdxhsoxaib9qt5083h8uus,Pride,ORL,Orlando Pride,US,True,0,0,0,0,0,0,0,0,0,0,0,0,0,0,0,,0,,0,0,0,0,0,0,0.0,0.0,0.0,0.0,0.0,0.0,0,0,0,0,0,0,0,0,0,0,0,0,0,,,,,,,,,,,,,,,,,,,,,,,,,,,,,,,,,,,,,,,,,,,,,,,,,,,,,,,,,,,,,,,,,,,,,,,,,,,,,,,,,,,,,,,,,,,,,,,,,,,,,,,,,,,,,,,,,,,,,,,,,,,,,,True,0,0,0,0,0,0,0.0,0,0,0,0,0,0,True,0,0,0,0,True,0,0,0,0,0,0
2026,nwsl::Football_Season::0b6761e4701749f593690c0f338da74c,nwsl::Football_Player::38925931e59c4bb6ac8e7965e81ab06d,opta:Player:8lfuad4dzzlpr0lwp29b2hfdg,nwsl::Football_Team::d2d8efe548734dfd8bc667b5a52a079a,Boston Legacy,Alba,Caño,Alba Caño,Midfielder,Spain,26,3,,ESP,,opta:Team:2yppf5jwqllc49s0qkbkchvkk,Boston Legacy,BOS,Boston Legacy,US,True,18,1509,2,0,23,2,10,0,22,15,15,3,4,0,0,79.0,24,1.43,57,0,2,0,0,0,2.8191,-0.8191,51.16,50.77,15.38,6.45,0,0,0,0,0,0,0,0,0,0,0,0,0,13.0,11.0,2.0,18.0,176.0,14.0,157.0,1.0,57.0,8.0,130.0,64.0,66.0,355.0,218.0,10.0,22.0,2.0,2.0,2.0,117.0,53.0,64.0,1.0,16.0,26.0,221.0,3.0,696.0,,,,5.0,70.0,45.0,21.0,94.0,2.0,122.0,26.0,13.0,10.0,18.0,11.0,,20.0,4.0,6.0,2.0,14.0,23.0,544.0,346.0,252.0,555.0,21.0,2.0,,4.0,1509.0,26.0,2.0,,21.0,15.0,15.0,268.0,737.0,23.0,578.0,43.0,26.0,159.0,1074.0,43.0,13.0,6.0,16.0,31.0,161.0,41.0,128.0,1.0,1.0,1.0,0.0,,3.0,,,1.0,,,,15.0,26.0,,,,,,,3.0,,,,,,,,,,,,,,1.0,,,,,,,,,True,0,0,578,0,799,4,0.0,23,268,62,54,23,0,True,22,51,16,13,True,0,0,43,21,0,0
2026,nwsl::Football_Season::0b6761e4701749f593690c0f338da74c,nwsl::Football_Player::39fe0dbc3b0a49c0a46d405d30b7141d,opta:Player:56y5qt6c03t7f5t7eoebi0wyd,nwsl::Football_Team::c83f2ca05aa84c738b5373f0d2a31b39,Gotham FC,Midge,Purce,M. Purce,Forward,USA,23,4,,USA,,opta:Team:bgkfdckqfqnfbmecbtz03n76d,Gotham FC,GFC,Gotham FC,US,True,17,1114,2,0,7,2,4,0,16,9,18,1,2,0,0,75.0,9,0.73,0,0,1,0,0,0,1.2715,0.7285,69.57,45.65,31.58,24.32,0,0,0,0,0,0,0,0,0,0,0,0,0,19.0,13.0,6.0,17.0,79.0,2.0,174.0,1.0,,9.0,138.0,75.0,63.0,254.0,242.0,6.0,7.0,2.0,1.0,2.0,119.0,62.0,57.0,,11.0,10.0,159.0,1.0,486.0,4.0,,,1.0,99.0,28.0,11.0,56.0,1.0,19.0,10.0,3.0,4.0,13.0,10.0,4.0,10.0,9.0,16.0,5.0,2.0,9.0,359.0,212.0,168.0,361.0,7.0,,7.0,90.0,1114.0,40.0,1.0,1.0,24.0,9.0,18.0,234.0,499.0,7.0,370.0,23.0,40.0,129.0,836.0,28.0,28.0,24.0,18.0,33.0,124.0,33.0,96.0,,0.0,2.0,1.0,,1.0,,1.0,1.0,,,,,,,,,,,,,,,,,,,,,,,,,,,,,,,,,,,True,0,0,370,0,536,9,0.0,9,234,37,42,9,0,True,16,70,11,19,True,0,0,21,24,0,0
2026,nwsl::Football_Season::0b6761e4701749f593690c0f338da74c,nwsl::Football_Player::3a05f90ee4774e9e9cc460fef290f3c4,opta:Player:1un4vc8t0zr8kh3u9ggug3i1g,nwsl::Football_Team::19674698cec24f53af8866cd21abaf8f,Bay,Jordan,Silkowitz,J. Silkowitz,Goalkeeper,USA,29,1,,USA,,opta:Team:eka22bj7co8bw5qxa6qlbinf8,Bay,BAY,Bay,US,True,16,1413,0,0,0,0,0,0,0,3,6,0,1,1,0,68.0,20,1.27,0,0,0,0,0,0,0.0,0.0,0.0,75.0,66.67,0.0,0,0,0,0,0,0,0,0,0,0,0,0,0,6.0,2.0,4.0,16.0,,,58.0,4.0,,,12.0,3.0,9.0,,247.0,1.0,19.0,1.0,,,6.0,1.0,5.0,2.0,,1.0,103.0,,302.0,,,,3.0,28.0,2.0,,135.0,,96.0,1.0,,,16.0,,,,,,32.0,,71.0,219.0,41.0,261.0,231.0,,,,,1413.0,,,,18.0,3.0,6.0,151.0,446.0,,302.0,,,144.0,612.0,,,,75.0,140.0,111.0,33.0,4.0,,,,0.0,,,,,,,105.0,83.0,,,1.0,1.0,,,32.0,,,8.0,,4.0,4.0,5.0,70.0,46.0,21.0,3.0,16.0,13.0,,1.0,,,,,,1.0,1.0,,,True,0,0,302,0,446,0,0.0,71,151,0,211,71,0,True,0,0,0,6,True,70,1,34,18,0,0
2026,nwsl::Football_Season::0b6761e4701749f593690c0f338da74c,nwsl::Football_Player::3a45298a6ded492baa53c54797a41912,opta:Player:46a8lc1hgykm6kdhuadiwjk5x,nwsl::Football_Team::acffc559cf7d485a9c05fa23ab57054b,Utah Royals,Mina,Tanaka,M. Tanaka,Forward,Japan,29,4,,JPN,,opta:Team:bn7w86uw8j61dga3xr5s0yiju,Royals,UTA,Utah Royals,US,True,15,1173,5,4,29,9,20,4,6,23,40,4,2,0,0,74.0,10,0.77,0,0,0,2,2,0,5.8982,-0.8982,60.0,43.33,39.22,0.0,0,0,0,0,0,0,0,0,0,0,0,0,0,51.0,31.0,20.0,15.0,97.0,7.0,114.0,5.0,,10.0,180.0,102.0,78.0,232.0,109.0,10.0,9.0,1.0,2.0,5.0,129.0,71.0,58.0,,7.0,13.0,82.0,4.0,358.0,,,2.0,2.0,43.0,19.0,12.0,53.0,4.0,74.0,17.0,9.0,20.0,14.0,5.0,1.0,,,8.0,,8.0,16.0,264.0,167.0,100.0,251.0,4.0,2.0,,,1173.0,41.0,5.0,2.0,17.0,23.0,40.0,173.0,362.0,29.0,267.0,10.0,49.0,95.0,607.0,6.0,6.0,14.0,6.0,20.0,82.0,19.0,75.0,,3.0,2.0,3.0,3.0,2.0,4.0,,4.0,,,,,,,,,1.0,,2.0,,,,,,,,,,,,,,,,1.0,,,,,,,,True,0,0,267,0,368,0,0.31,16,173,6,36,16,0,True,6,60,7,51,True,0,0,44,17,0,0
2026,nwsl::Football_Season::0b6761e4701749f593690c0f338da74c,nwsl::Football_Player::3aea231c3bf74863a3f57017205ba14a,opta:Player:71s5zwkk53efffrfer45jkjdg,nwsl::Football_Team::c3e9513e280b41e5bfbb8230076e8c43,Orlando Pride,Seven,Castain,S. Castain,Forward,USA,30,4,,USA,,opta:Team:966pdxhsoxaib9qt5083h8uus,Pride,ORL,Orlando Pride,US,True,11,379,0,0,6,0,1,0,2,6,4,0,0,0,0,78.0,8,1.9,0,0,0,0,0,0,0.5115,-0.5115,100.0,28.57,33.33,0.0,0,0,0,0,0,0,0,0,0,0,0,0,0,12.0,8.0,4.0,11.0,23.0,1.0,28.0,,,1.0,42.0,30.0,12.0,69.0,19.0,1.0,8.0,,,,30.0,22.0,8.0,,1.0,4.0,13.0,,76.0,2.0,,,2.0,16.0,9.0,5.0,16.0,,21.0,4.0,5.0,1.0,4.0,3.0,7.0,,,2.0,,1.0,1.0,59.0,37.0,22.0,58.0,,1.0,,1.0,379.0,11.0,,1.0,2.0,6.0,4.0,45.0,76.0,6.0,59.0,2.0,18.0,17.0,136.0,2.0,2.0,3.0,1.0,1.0,13.0,6.0,16.0,,,,0.0,,,,,,,,,,,,,,,,,,,,,,,,,,,,,,,,,,,,,,,,True,0,0,59,0,78,0,0.0,1,45,2,2,1,0,True,2,100,1,12,True,0,0,50,2,0,0
2026,nwsl::Football_Season::0b6761e4701749f593690c0f338da74c,nwsl::Football_Player::3b960ea4fb40463695905d6c8a07383e,opta:Player:24lhpn1z5ikitapll48t1z7kk,nwsl::Football_Team::ac29701756da44a08457762380c10733,Racing Louisville,Jordyn,Bloomer,J. Bloomer,Goalkeeper,USA,24,1,,USA,,opta:Team:dtucewmt49th1p4selfutmnmc,Racing Lou,LOU,Racing Louisville,US,True,16,1372,0,0,0,0,0,0,0,0,0,0,0,0,0,62.0,32,2.1,0,0,0,0,0,0,0.0,0.0,0.0,33.33,50.0,0.0,0,0,0,0,0,0,0,0,0,0,0,0,0,2.0,1.0,1.0,16.0,,,26.0,,,,3.0,2.0,1.0,,292.0,,27.0,5.0,,,1.0,1.0,,,,1.0,89.0,,282.0,,,,2.0,11.0,,,104.0,,91.0,1.0,,,16.0,1.0,,,,,35.0,,110.0,190.0,80.0,211.0,181.0,,,,,1372.0,1.0,,,9.0,,,183.0,472.0,,291.0,,,181.0,589.0,,,,97.0,175.0,151.0,30.0,6.0,,,,0.0,,,,,,,102.0,123.0,,,,,,,55.0,,,6.0,2.0,3.0,2.0,2.0,57.0,35.0,22.0,1.0,8.0,11.0,,,,,,,,,,,,True,0,0,291,0,472,0,0.0,110,183,0,285,110,0,True,0,0,0,2,True,57,0,39,9,0,0
2026,nwsl::Football_Season::0b6761e4701749f593690c0f338da74c,nwsl::Football_Player::3bbc6c9898e94194a7a320db15edab22,opta:Player:d7wtrjczw3a19jzsis54g16ac,nwsl::Football_Team::fb41ef4439dd495098cb6d40415767cc,North Carolina Courage,Ivy,Younce,I. Younce,Defender,Puerto Rico,,2,,PRI,,opta:Team:b4fbmos00gxtk8qnaqsm392p5,Courage,NC,North Carolina Courage,US,True,7,66,0,0,1,0,1,0,1,3,1,0,0,0,0,64.0,2,2.73,0,0,0,0,0,0,0.4573,-0.4573,100.0,23.08,0.0,0.0,0,0,0,0,0,0,0,0,0,0,0,0,0,1.0,1.0,,7.0,5.0,1.0,15.0,,,4.0,13.0,10.0,3.0,41.0,8.0,3.0,2.0,,,,12.0,9.0,3.0,,1.0,,4.0,,24.0,,,,,10.0,10.0,3.0,5.0,,8.0,,,1.0,,,7.0,,,1.0,,,,15.0,11.0,5.0,16.0,,,1.0,1.0,66.0,6.0,,1.0,,3.0,1.0,29.0,25.0,1.0,16.0,1.0,10.0,9.0,65.0,9.0,9.0,,,,16.0,2.0,9.0,,,,0.0,,,,,,,,,,,,,,,,,,,,,,,,,,,,,,,,,,,,,,,,True,0,0,16,0,34,0,0.0,0,29,9,0,0,0,True,1,100,1,1,True,0,0,0,0,0,0
2026,nwsl::Football_Season::0b6761e4701749f593690c0f338da74c,nwsl::Football_Player::3bc0fbb6e9c548dca58f71d4b8a63665,opta:Player:9hobp60n9onhlg5jaatqthnh0,nwsl::Football_Team::9587b8ce40624165903b6bc9fd252634,Angel City,Faith,Nguyen,F. Nguyen,Goalkeeper,USA,30,1,,USA,,opta:Team:6hbfgdczbi3yg4sdpqgtu6s,Angel City,LA,Angel City,US,True,0,0,0,0,0,0,0,0,0,0,0,0,0,0,0,,0,,0,0,0,0,0,0,0.0,0.0,0.0,0.0,0.0,0.0,0,0,0,0,0,0,0,0,0,0,0,0,0,,,,,,,,,,,,,,,,,,,,,,,,,,,,,,,,,,,,,,,,,,,,,,,,,,,,,,,,,,,,,,,,,,,,,,,,,,,,,,,,,,,,,,,,,,,,,,,,,,,,,,,,,,,,,,,,,,,,,,,,,,,,,,True,0,0,0,0,0,0,0.0,0,0,0,0,0,0,True,0,0,0,0,True,0,0,0,0,0,0
2026,nwsl::Football_Season::0b6761e4701749f593690c0f338da74c,nwsl::Football_Player::3bc373314f634a4aad24e6ecb5847dde,opta:Player:349m08nptx7matql2hebn5t78,nwsl::Football_Team::1151140adfc24339ba1c93cb0b6b0238,Seattle Reign,Ryanne,Brown,R. Brown,Defender,USA,22,2,,USA,,opta:Team:bl53jk6zlfe5f583pil7xzwi5,Reign,SEA,Seattle Reign,US,True,8,307,1,0,2,1,1,0,3,3,2,0,1,0,0,70.0,2,0.59,0,0,0,0,0,0,0.2744,0.7256,75.0,41.38,33.33,50.0,0,0,0,0,0,0,0,0,0,0,0,0,0,6.0,4.0,2.0,8.0,24.0,,19.0,,,,29.0,17.0,12.0,37.0,51.0,1.0,1.0,1.0,1.0,1.0,23.0,13.0,10.0,,4.0,1.0,21.0,,97.0,1.0,,,,12.0,3.0,2.0,11.0,1.0,4.0,1.0,1.0,1.0,4.0,4.0,4.0,1.0,1.0,4.0,1.0,,4.0,67.0,34.0,37.0,66.0,1.0,,10.0,28.0,307.0,5.0,,1.0,9.0,3.0,2.0,50.0,100.0,2.0,70.0,4.0,4.0,30.0,186.0,1.0,1.0,1.0,8.0,15.0,23.0,8.0,15.0,,1.0,0.0,1.0,,1.0,,,,,,,,,,,,,,,,,,,,,,,,,,,,,,,,,,,,,,True,0,0,70,0,102,1,0.0,4,50,2,19,4,0,True,3,75,4,6,True,0,0,21,9,0,0
2026,nwsl::Football_Season::0b6761e4701749f593690c0f338da74c,nwsl::Football_Player::3c58742afd5842708efeae28767d5d3c,opta:Player:yay5mq8trvoxv9mwm4mqzn8q,nwsl::Football_Team::c31d72afc09f42ee86418633aa41390a,Washington Spirit,Gift,Monday,G. Monday,Forward,Nigeria,21,4,,NGA,,opta:Team:f1ks82wpiewyqs6h3oz9v4hzj,Spirit,WAS,Washington Spirit,US,True,14,328,1,1,8,2,7,1,4,9,3,3,1,0,0,79.0,3,0.82,0,0,0,0,0,0,1.3097,-0.3097,100.0,36.49,55.0,0.0,0,0,0,0,0,0,0,0,0,0,0,0,0,20.0,9.0,11.0,14.0,29.0,1.0,25.0,,,2.0,74.0,47.0,27.0,94.0,23.0,6.0,3.0,,1.0,1.0,54.0,38.0,16.0,,1.0,5.0,13.0,3.0,87.0,1.0,,,,11.0,7.0,3.0,11.0,,27.0,6.0,1.0,7.0,3.0,3.0,11.0,,,9.0,1.0,5.0,1.0,67.0,51.0,21.0,71.0,,1.0,,,328.0,28.0,1.0,2.0,2.0,9.0,3.0,64.0,92.0,8.0,72.0,4.0,23.0,20.0,177.0,,,8.0,1.0,1.0,17.0,3.0,19.0,1.0,0.0,1.0,0.0,1.0,,1.0,1.0,1.0,,,,,,,,,,,,,,,,,,,,,,,,,,,,,,,,,,,True,0,0,72,0,92,0,0.27,1,64,0,2,1,0,True,4,100,1,20,True,0,0,50,2,0,0
2026,nwsl::Football_Season::0b6761e4701749f593690c0f338da74c,nwsl::Football_Player::3c910418abe84f8db2c11156356d97d9,opta:Player:bm89hy84ea9w9qr8qc2hy3c44,nwsl::Football_Team::c31d72afc09f42ee86418633aa41390a,Washington Spirit,Emma,Gaines-Ramos,E. Gaines-Ramos,Forward,USA,29,4,,USA,,opta:Team:f1ks82wpiewyqs6h3oz9v4hzj,Spirit,WAS,Washington Spirit,US,True,0,0,0,0,0,0,0,0,0,0,0,0,0,0,0,,0,,0,0,0,0,0,0,0.0,0.0,0.0,0.0,0.0,0.0,0,0,0,0,0,0,0,0,0,0,0,0,0,,,,,,,,,,,,,,,,,,,,,,,,,,,,,,,,,,,,,,,,,,,,,,,,,,,,,,,,,,,,,,,,,,,,,,,,,,,,,,,,,,,,,,,,,,,,,,,,,,,,,,,,,,,,,,,,,,,,,,,,,,,,,,True,0,0,0,0,0,0,0.0,0,0,0,0,0,0,True,0,0,0,0,True,0,0,0,0,0,0
2026,nwsl::Football_Season::0b6761e4701749f593690c0f338da74c,nwsl::Football_Player::3ca26686728a463fa1e1a40a4495a994,opta:Player:7p8heljotf88nebnflokf84,nwsl::Football_Team::2c1699409ff84c9eb491aeaca3d3edde,Kansas City Current,Meila,Brewer,M. Brewer,Defender,USA,4,2,,USA,,opta:Team:agxipc0vk4rtg09amjxv10nx0,KC Current,KC,Kansas City Current,US,True,0,0,0,0,0,0,0,0,0,0,0,0,0,0,0,,0,,0,0,0,0,0,0,0.0,0.0,0.0,0.0,0.0,0.0,0,0,0,0,0,0,0,0,0,0,0,0,0,,,,,,,,,,,,,,,,,,,,,,,,,,,,,,,,,,,,,,,,,,,,,,,,,,,,,,,,,,,,,,,,,,,,,,,,,,,,,,,,,,,,,,,,,,,,,,,,,,,,,,,,,,,,,,,,,,,,,,,,,,,,,,True,0,0,0,0,0,0,0.0,0,0,0,0,0,0,True,0,0,0,0,True,0,0,0,0,0,0
2026,nwsl::Football_Season::0b6761e4701749f593690c0f338da74c,nwsl::Football_Player::3d605203a6444261bc2be772c2dcdb6b,opta:Player:dbx1lpc8unsl5ie33bxdt4ro4,nwsl::Football_Team::1151140adfc24339ba1c93cb0b6b0238,Seattle Reign,Ruby,Hladek,R. Hladek,Midfielder,USA,,3,,USA,,opta:Team:bl53jk6zlfe5f583pil7xzwi5,Reign,SEA,Seattle Reign,US,True,1,1,0,0,0,0,0,0,0,1,0,0,0,0,0,34.0,2,180.0,0,0,0,0,0,0,0.0,0.0,0.0,0.0,0.0,0.0,0,0,0,0,0,0,0,0,0,0,0,0,0,,,,1.0,,,1.0,,,,1.0,1.0,,,2.0,,2.0,,,,1.0,1.0,,,1.0,,1.0,,3.0,,,,,,1.0,1.0,1.0,,,,,,,,1.0,,,,,,,1.0,,1.0,1.0,,,,2.0,1.0,,,,,1.0,,2.0,3.0,,1.0,,,2.0,7.0,,,,,1.0,2.0,,1.0,,,,0.0,,,,,,,,,,,,,,,,,,,,,,,,,,,,,,,,,,,,,,,,True,0,0,1,0,3,0,0.0,0,2,0,1,0,0,True,0,0,1,0,True,0,0,0,0,0,0
2026,nwsl::Football_Season::0b6761e4701749f593690c0f338da74c,nwsl::Football_Player::3d7fa6dd511f4628bc8d8784ab7574fd,opta:Player:57nmefeij6bg2ltvoqmqb7nbp,nwsl::Football_Team::1151140adfc24339ba1c93cb0b6b0238,Seattle Reign,Cassie,Miller,C. Miller,Goalkeeper,USA,38,1,,USA,,opta:Team:bl53jk6zlfe5f583pil7xzwi5,Reign,SEA,Seattle Reign,US,True,3,270,0,0,0,0,0,0,0,0,1,0,0,0,0,74.0,6,2.0,0,0,0,0,0,0,0.0,0.0,0.0,100.0,100.0,0.0,0,0,0,0,0,0,0,0,0,0,0,0,0,4.0,,4.0,3.0,,,5.0,1.0,,,4.0,,4.0,,71.0,,6.0,,,,,,,,,,24.0,,91.0,,,,1.0,1.0,,,34.0,,25.0,,,,3.0,,,,,,6.0,,22.0,73.0,8.0,80.0,66.0,,,,,270.0,,,,2.0,,1.0,32.0,120.0,,88.0,,,32.0,160.0,,,,19.0,32.0,14.0,18.0,,,,,0.0,,,,,,,24.0,10.0,,,,,,,1.0,,,3.0,1.0,1.0,1.0,2.0,17.0,11.0,6.0,,3.0,3.0,,,,,,,,,,,,True,0,0,88,0,120,0,0.0,22,32,0,54,22,0,True,0,0,0,4,True,17,0,41,2,0,0
2026,nwsl::Football_Season::0b6761e4701749f593690c0f338da74c,nwsl::Football_Player::3d88359f24cc42609f3402ab4c856674,opta:Player:75p1ff1723mzkbs7tfke3j9m2,nwsl::Football_Team::fb41ef4439dd495098cb6d40415767cc,North Carolina Courage,Natalia,Staude,N. Staude,Defender,USA,12,2,,USA,,opta:Team:b4fbmos00gxtk8qnaqsm392p5,Courage,NC,North Carolina Courage,US,True,12,759,0,0,1,0,0,0,6,4,6,0,0,0,0,89.0,11,1.3,11,0,0,0,0,0,0.3693,-0.3693,85.71,65.71,50.0,0.0,0,0,0,0,0,0,0,0,0,0,0,0,0,14.0,7.0,7.0,12.0,18.0,,96.0,2.0,11.0,1.0,35.0,12.0,23.0,40.0,153.0,2.0,11.0,,,,21.0,5.0,16.0,,11.0,8.0,113.0,,410.0,,,,,52.0,9.0,5.0,34.0,,170.0,8.0,1.0,,8.0,,4.0,5.0,,3.0,,,26.0,360.0,122.0,284.0,375.0,1.0,,1.0,7.0,759.0,,2.0,1.0,35.0,4.0,6.0,75.0,454.0,1.0,401.0,7.0,2.0,53.0,572.0,12.0,1.0,,12.0,23.0,45.0,20.0,30.0,,,,0.0,,7.0,,,,,23.0,23.0,4.0,7.0,,,,,,,,,,,,,,,,,,,,,,,,,,,,,,True,0,0,401,0,470,0,0.0,26,75,16,49,26,0,True,6,86,11,14,True,0,0,53,35,0,0
2026,nwsl::Football_Season::0b6761e4701749f593690c0f338da74c,nwsl::Football_Player::3f078157c6f841eabb9c5fa16ca7e4ef,opta:Player:1d0jkdajqiw576jjd7wdlbn1m,nwsl::Football_Team::ca719042b34443c4bcfe380ca4850eaf,San Diego Wave,Nya,Harrison,N. Harrison,Defender,Philippines,23,2,,PHI,,opta:Team:esvbnzqbyvxp2k570ez7h1a1g,San Diego Wave,SD,San Diego Wave,US,True,2,5,0,0,0,0,0,0,0,0,0,0,0,0,0,100.0,0,0.0,0,0,0,0,0,0,0.0,0.0,0.0,100.0,0.0,0.0,0,0,0,0,0,0,0,0,0,0,0,0,0,,,,2.0,,,1.0,,,,1.0,,1.0,2.0,1.0,,,,,,1.0,,1.0,,,,,,2.0,,,,,1.0,1.0,1.0,,,1.0,,,,,,2.0,,,,,,,2.0,1.0,1.0,2.0,1.0,,,1.0,5.0,,,,,,,2.0,2.0,,2.0,1.0,,,7.0,2.0,2.0,,,,2.0,,,,,,0.0,,,,,,,,,,,,,,,,,,,,,,,,,,,,,,,,,,,,,,,,True,0,0,2,0,4,0,0.0,0,2,2,0,0,0,True,0,0,0,0,True,0,0,0,0,0,0
2026,nwsl::Football_Season::0b6761e4701749f593690c0f338da74c,nwsl::Football_Player::3f534dc858514b2580d31c23e0241f37,opta:Player:46r9yf1huh29ri0sbx0yum6ll,nwsl::Football_Team::d2d8efe548734dfd8bc667b5a52a079a,Boston Legacy,Laurel,Ivory,L. Ivory,Goalkeeper,USA,81,1,,USA,,opta:Team:2yppf5jwqllc49s0qkbkchvkk,Boston Legacy,BOS,Boston Legacy,US,True,0,0,0,0,0,0,0,0,0,0,0,0,0,0,0,,0,,0,0,0,0,0,0,0.0,0.0,0.0,0.0,0.0,0.0,0,0,0,0,0,0,0,0,0,0,0,0,0,,,,,,,,,,,,,,,,,,,,,,,,,,,,,,,,,,,,,,,,,,,,,,,,,,,,,,,,,,,,,,,,,,,,,,,,,,,,,,,,,,,,,,,,,,,,,,,,,,,,,,,,,,,,,,,,,,,,,,,,,,,,,,True,0,0,0,0,0,0,0.0,0,0,0,0,0,0,True,0,0,0,0,True,0,0,0,0,0,0
2026,nwsl::Football_Season::0b6761e4701749f593690c0f338da74c,nwsl::Football_Player::3f841e6b66d94cdead98ab215e6e844b,opta:Player:errir6ade8y91vp5z7v8gkn6y,nwsl::Football_Team::2c1699409ff84c9eb491aeaca3d3edde,Kansas City Current,Bayley,Feist,B. Feist,Midfielder,USA,22,3,,USA,,opta:Team:agxipc0vk4rtg09amjxv10nx0,KC Current,KC,Kansas City Current,US,True,14,767,0,1,7,1,3,1,14,6,6,0,0,0,0,75.0,8,0.94,0,0,0,0,0,0,0.6644,-0.6644,56.0,54.65,57.89,0.0,0,0,0,0,0,0,0,0,0,0,0,0,0,19.0,8.0,11.0,14.0,50.0,1.0,51.0,,,1.0,86.0,39.0,47.0,91.0,116.0,6.0,7.0,1.0,,,67.0,31.0,36.0,,23.0,6.0,58.0,,292.0,,,,1.0,17.0,20.0,11.0,53.0,,71.0,7.0,4.0,3.0,9.0,6.0,5.0,,,5.0,1.0,4.0,11.0,218.0,116.0,105.0,210.0,11.0,1.0,,,767.0,12.0,1.0,,13.0,6.0,6.0,105.0,295.0,7.0,221.0,25.0,11.0,74.0,452.0,1.0,1.0,5.0,7.0,12.0,46.0,29.0,62.0,,,,0.0,1.0,4.0,1.0,,,,,,,,,,,,,,,,,,,,,,,,,,,,,,,,,,,,,True,0,0,221,0,296,0,0.12,11,105,1,23,11,0,True,14,56,23,19,True,0,0,48,13,0,0
2026,nwsl::Football_Season::0b6761e4701749f593690c0f338da74c,nwsl::Football_Player::3fa6c6b9fff049ddb7e32f7ea04d33ca,opta:Player:23nuijdnnuiwzkd5cf7jbyajt,nwsl::Football_Team::c3e9513e280b41e5bfbb8230076e8c43,Orlando Pride,Angelina,Alonso Costantino,Angelina,Midfielder,Brazil,7,3,,BRA,,opta:Team:966pdxhsoxaib9qt5083h8uus,Pride,ORL,Orlando Pride,US,True,15,1076,0,1,10,1,3,1,15,11,14,0,1,1,0,77.0,17,1.42,12,0,1,0,0,0,1.2501,-1.2501,65.22,53.0,64.71,7.41,0,0,0,0,0,0,0,0,0,0,0,0,0,17.0,6.0,11.0,15.0,91.0,10.0,94.0,,12.0,6.0,100.0,47.0,53.0,178.0,204.0,6.0,14.0,3.0,,,83.0,41.0,42.0,,13.0,11.0,109.0,,502.0,1.0,,,1.0,40.0,27.0,12.0,67.0,,123.0,12.0,7.0,3.0,13.0,8.0,2.0,6.0,2.0,5.0,3.0,11.0,34.0,386.0,213.0,198.0,371.0,8.0,5.0,,1.0,1076.0,16.0,,1.0,15.0,11.0,14.0,185.0,527.0,10.0,405.0,23.0,13.0,122.0,731.0,23.0,11.0,7.0,21.0,39.0,117.0,28.0,83.0,,,,0.0,1.0,2.0,1.0,,,,,,2.0,10.0,1.0,1.0,,,,,1.0,,,,,,,,,,,,,,,,1.0,,,,,,,True,0,0,405,0,554,2,0.08,34,185,27,73,34,0,True,15,65,13,17,True,0,0,47,15,0,0
2026,nwsl::Football_Season::0b6761e4701749f593690c0f338da74c,nwsl::Football_Player::3fb7c0ab25ef4b3db335ad6f5afe4e10,opta:Player:9cjpmzuv45ecn52cspao7p65m,nwsl::Football_Team::9587b8ce40624165903b6bc9fd252634,Angel City,Evelyn,Shores,E. Shores,Midfielder,USA,15,3,,USA,,opta:Team:6hbfgdczbi3yg4sdpqgtu6s,Angel City,LA,Angel City,US,True,14,1171,1,3,15,4,4,3,22,14,11,2,3,0,0,62.0,13,1.0,20,0,0,0,0,0,1.5006,-0.5006,66.67,60.38,65.62,11.32,0,0,0,0,0,0,0,0,0,0,0,0,0,64.0,22.0,42.0,14.0,59.0,2.0,151.0,5.0,20.0,11.0,159.0,63.0,96.0,225.0,275.0,7.0,12.0,1.0,,1.0,95.0,41.0,54.0,,24.0,12.0,22.0,2.0,461.0,1.0,,,,94.0,38.0,12.0,45.0,,119.0,15.0,11.0,4.0,13.0,,1.0,12.0,6.0,10.0,4.0,2.0,26.0,286.0,186.0,120.0,268.0,11.0,,54.0,80.0,1171.0,22.0,3.0,,54.0,14.0,11.0,325.0,475.0,15.0,294.0,33.0,38.0,181.0,910.0,41.0,22.0,11.0,37.0,82.0,177.0,45.0,99.0,,1.0,0.0,0.0,3.0,1.0,3.0,,,,,,6.0,14.0,,,,,,,,,,,,,,,,,,,,,1.0,1.0,,,,,,,,True,0,0,294,0,528,6,0.23,26,325,53,108,26,0,True,22,67,24,64,True,0,0,24,54,0,0
2026,nwsl::Football_Season::0b6761e4701749f593690c0f338da74c,nwsl::Football_Player::3fc3ef675ec14a729658b412ab1ad865,opta:Player:5adluw93r1tx4n3ta3wyhj7bp,nwsl::Football_Team::fb41ef4439dd495098cb6d40415767cc,North Carolina Courage,Vilde,Bøe Risa,V. Bøe Risa,Midfielder,Norway,,3,,NOR,,opta:Team:b4fbmos00gxtk8qnaqsm392p5,Courage,NC,North Carolina Courage,US,True,1,10,0,0,0,0,0,0,0,1,0,0,0,0,0,94.0,0,0.0,0,0,0,0,0,0,0.0,0.0,0.0,0.0,0.0,0.0,0,0,0,0,0,0,0,0,0,0,0,0,0,,,,1.0,2.0,,1.0,,,,1.0,1.0,,6.0,3.0,,,,,,1.0,1.0,,1.0,,,5.0,,15.0,,,,,,,,3.0,,5.0,,,,,,1.0,,,,,,,14.0,6.0,8.0,14.0,,,,,10.0,1.0,,,,1.0,,2.0,15.0,,14.0,,,1.0,17.0,,,1.0,,,1.0,,1.0,,,,0.0,,,,,,,,,,,,,,,,,,,,,,,,,,,,,,,,,,,,,,,,True,0,0,14,0,15,0,0.0,0,2,0,0,0,0,True,0,0,0,0,True,0,0,0,0,0,0
2026,nwsl::Football_Season::0b6761e4701749f593690c0f338da74c,nwsl::Football_Player::405bbcc7f91848b4a28e72f45ffb7d55,opta:Player:9aj5gfycwgc6r0b550zagl4a1,nwsl::Football_Team::fb41ef4439dd495098cb6d40415767cc,North Carolina Courage,Dani,Weatherholt,D. Weatherholt,Midfielder,USA,17,3,,USA,,opta:Team:b4fbmos00gxtk8qnaqsm392p5,Courage,NC,North Carolina Courage,US,True,14,1042,1,0,4,1,2,0,23,11,9,0,3,0,0,83.0,14,1.21,0,0,0,0,0,0,0.9608,0.0392,71.88,57.84,54.55,0.0,0,0,0,0,0,0,0,0,0,0,0,0,0,22.0,10.0,12.0,14.0,49.0,,105.0,1.0,,,102.0,43.0,59.0,96.0,236.0,4.0,14.0,,,1.0,80.0,33.0,47.0,,14.0,2.0,30.0,,460.0,3.0,,,,58.0,26.0,16.0,44.0,,161.0,2.0,2.0,2.0,12.0,8.0,2.0,,,6.0,2.0,,15.0,379.0,221.0,173.0,379.0,9.0,,22.0,99.0,1042.0,17.0,,,40.0,11.0,9.0,139.0,476.0,4.0,394.0,32.0,7.0,82.0,788.0,2.0,2.0,9.0,13.0,15.0,53.0,31.0,67.0,,0.0,1.0,0.0,,10.0,,1.0,1.0,,1.0,1.0,,,,,,,,,,,,,,,,,,,,,,,,,,,,,,,,True,0,0,394,0,478,0,0.0,15,139,2,30,15,0,True,23,72,14,22,True,0,0,50,40,0,0
2026,nwsl::Football_Season::0b6761e4701749f593690c0f338da74c,nwsl::Football_Player::40a07c6e4fd74acd864ee7f812351843,opta:Player:f05vaz2h7sxozmvi641cf7qi1,nwsl::Football_Team::96ba7b37bd8544a1a7329183459150ff,Portland Thorns,Sophia,Wilson,S. Wilson,Forward,USA,9,4,,USA,,opta:Team:446mp88j1vpk9iwui9fiifrp8,Thorns,POR,Portland Thorns,US,True,18,1372,8,2,51,10,29,2,14,21,28,7,1,0,0,69.0,23,1.51,0,0,1,2,2,0,8.3998,-0.3998,82.35,43.5,50.0,7.14,0,0,0,0,0,0,0,0,0,0,0,0,0,14.0,7.0,7.0,18.0,69.0,25.0,212.0,4.0,,22.0,177.0,100.0,77.0,385.0,75.0,13.0,19.0,4.0,5.0,7.0,163.0,93.0,70.0,,5.0,23.0,48.0,7.0,224.0,1.0,,2.0,,132.0,34.0,19.0,75.0,2.0,65.0,25.0,22.0,29.0,15.0,2.0,3.0,1.0,1.0,25.0,,1.0,7.0,142.0,121.0,55.0,168.0,3.0,3.0,1.0,6.0,1372.0,67.0,8.0,6.0,1.0,21.0,28.0,258.0,257.0,51.0,175.0,17.0,101.0,82.0,651.0,13.0,13.0,28.0,2.0,9.0,84.0,11.0,73.0,,3.0,5.0,1.0,2.0,,2.0,6.0,6.0,,,,,,,,,2.0,,2.0,,,,,,,,,,,,,1.0,,,,,,,,,,,True,0,0,175,0,271,1,0.13,7,258,14,16,7,0,True,14,82,5,14,True,0,0,44,1,0,0
2026,nwsl::Football_Season::0b6761e4701749f593690c0f338da74c,nwsl::Football_Player::412a04808d4b426f98c57acfa8b7a049,opta:Player:e7ytx7wk17xdw9qae53uaorca,nwsl::Football_Team::c83f2ca05aa84c738b5373f0d2a31b39,Gotham FC,Talia,Sommer,T. Sommer,Midfielder,Israel,14,3,,ISR,,opta:Team:bgkfdckqfqnfbmecbtz03n76d,Gotham FC,GFC,Gotham FC,US,True,4,35,0,0,1,0,1,0,2,1,3,1,0,0,0,86.0,0,0.0,0,0,0,0,0,0,0.1373,-0.1373,100.0,66.67,0.0,0.0,0,0,0,0,0,0,0,0,0,0,0,0,0,,,,4.0,7.0,1.0,12.0,,,,9.0,3.0,6.0,15.0,9.0,,,,,,9.0,3.0,6.0,,3.0,2.0,16.0,1.0,34.0,,,,,3.0,3.0,3.0,4.0,,2.0,2.0,,1.0,,,4.0,,,1.0,,,,29.0,9.0,20.0,29.0,,,,1.0,35.0,1.0,,,1.0,1.0,3.0,6.0,34.0,1.0,29.0,2.0,3.0,5.0,54.0,,,1.0,,1.0,4.0,1.0,4.0,,,,0.0,,1.0,,,,,,,,,,,,,,,,,,,,,,,,,,,,,,,,,,,,,,True,0,0,29,0,34,0,0.0,0,6,0,1,0,0,True,2,100,3,0,True,0,0,0,1,0,0
2026,nwsl::Football_Season::0b6761e4701749f593690c0f338da74c,nwsl::Football_Player::41a5277f439b4063aa41d7f902111d8a,opta:Player:9igg9mubjgnwpqxx8ywhzzmz8,nwsl::Football_Team::acffc559cf7d485a9c05fa23ab57054b,Utah Royals,Brecken,Mozingo,B. Mozingo,Forward,USA,15,4,,USA,,opta:Team:bn7w86uw8j61dga3xr5s0yiju,Royals,UTA,Utah Royals,US,True,8,256,1,0,4,1,2,0,3,3,1,1,0,0,0,62.0,5,1.76,11,0,0,0,0,0,0.838,0.162,50.0,45.16,40.0,0.0,0,0,0,0,0,0,0,0,0,0,0,0,0,5.0,3.0,2.0,8.0,13.0,2.0,18.0,,11.0,,31.0,17.0,14.0,61.0,17.0,,5.0,,1.0,1.0,26.0,14.0,12.0,1.0,4.0,5.0,14.0,1.0,43.0,,,,,5.0,4.0,2.0,5.0,,3.0,5.0,2.0,2.0,2.0,1.0,6.0,11.0,,5.0,,2.0,1.0,25.0,34.0,6.0,28.0,3.0,,,,256.0,11.0,,,,3.0,1.0,48.0,47.0,4.0,29.0,6.0,6.0,18.0,117.0,8.0,7.0,4.0,,,21.0,5.0,18.0,1.0,1.0,0.0,0.0,,,,1.0,1.0,,,,7.0,1.0,,,,,,,,,,,,,,,,,,,,,,,,,,,,,,True,0,0,29,0,62,0,0.0,1,48,15,1,1,0,True,3,50,4,5,True,0,0,100,0,0,0
2026,nwsl::Football_Season::0b6761e4701749f593690c0f338da74c,nwsl::Football_Player::41bc212c8b704218a9bdd418e016cfe3,opta:Player:9e65qlc7dfjkajyhzhak8sc7p,nwsl::Football_Team::cbfcacbef5bc4a278442c00926ac9ebc,Denver Summit,Janine,Sonis,J. Sonis,Forward,Canada,6,4,,CAN,,opta:Team:b6ztd03z31b0yfcae0qovefpw,Denver,DEN,Denver Summit,US,True,15,1287,7,2,16,9,11,2,20,5,22,0,0,1,0,79.0,19,1.33,44,0,1,3,3,0,3.6395,3.3605,83.33,55.77,40.0,14.63,0,0,0,0,0,0,0,0,0,0,0,0,0,15.0,9.0,6.0,15.0,112.0,5.0,144.0,4.0,44.0,14.0,104.0,46.0,58.0,320.0,281.0,3.0,18.0,1.0,2.0,6.0,89.0,37.0,52.0,,21.0,22.0,120.0,,627.0,1.0,,3.0,3.0,73.0,28.0,12.0,81.0,6.0,162.0,24.0,5.0,11.0,15.0,,,32.0,12.0,6.0,6.0,2.0,32.0,485.0,283.0,279.0,498.0,4.0,1.0,40.0,116.0,1287.0,19.0,6.0,1.0,30.0,5.0,22.0,286.0,675.0,16.0,530.0,24.0,28.0,145.0,1125.0,52.0,34.0,11.0,22.0,43.0,146.0,51.0,102.0,1.0,5.0,2.0,1.0,1.0,3.0,2.0,1.0,5.0,,,,18.0,14.0,1.0,1.0,,,,3.0,1.0,,,,,,,,,,,,1.0,1.0,1.0,,,,,,,,,True,0,0,530,0,757,12,0.14,32,286,82,75,32,0,True,20,83,21,15,True,0,1,43,30,0,0
2026,nwsl::Football_Season::0b6761e4701749f593690c0f338da74c,nwsl::Football_Player::4314e1fbd3924a09a365af62abcdb3b4,opta:Player:etdam0sfwiphiwykieovlsyy1,nwsl::Football_Team::9587b8ce40624165903b6bc9fd252634,Angel City,Sarah,Gorden,S. Gorden,Defender,USA,11,2,,USA,,opta:Team:6hbfgdczbi3yg4sdpqgtu6s,Angel City,LA,Angel City,US,True,15,1268,0,1,0,1,0,1,16,11,13,0,2,0,0,88.0,15,1.06,0,0,0,0,0,0,0.0,0.0,94.12,59.42,43.48,0.0,0,0,0,0,0,0,0,0,0,0,0,0,0,23.0,13.0,10.0,15.0,50.0,,191.0,5.0,,,69.0,28.0,41.0,14.0,236.0,2.0,14.0,1.0,,,46.0,15.0,31.0,,19.0,,165.0,,639.0,,,,,89.0,11.0,5.0,72.0,,201.0,1.0,,,14.0,,1.0,,,1.0,5.0,,34.0,559.0,149.0,420.0,535.0,1.0,,,3.0,1268.0,4.0,1.0,,78.0,11.0,13.0,98.0,652.0,,569.0,17.0,,83.0,828.0,,,2.0,15.0,36.0,51.0,32.0,47.0,,,,0.0,1.0,10.0,1.0,,,,1.0,1.0,,,,,,,,,,,,,,,,,,,,1.0,,,,,,,,,,,,True,0,0,569,0,652,0,0.07,34,98,0,70,34,0,True,16,94,19,23,True,0,0,49,78,0,0
2026,nwsl::Football_Season::0b6761e4701749f593690c0f338da74c,nwsl::Football_Player::434f01fb0e2f4e65bbfc72e91eaf5aed,opta:Player:2e7okknsm1jka3bq72ybsrdp0,nwsl::Football_Team::269e825b853f4b43a9d38390aa92bf6e,Chicago Stars,Taylor,Rath,T. Rath,Goalkeeper,USA,26,1,,USA,,opta:Team:dzxypx8djih58p668surbi4qm,Chicago Stars,CHI,Chicago Stars,US,True,0,0,0,0,0,0,0,0,0,0,0,0,0,0,0,,0,,0,0,0,0,0,0,0.0,0.0,0.0,0.0,0.0,0.0,0,0,0,0,0,0,0,0,0,0,0,0,0,,,,,,,,,,,,,,,,,,,,,,,,,,,,,,,,,,,,,,,,,,,,,,,,,,,,,,,,,,,,,,,,,,,,,,,,,,,,,,,,,,,,,,,,,,,,,,,,,,,,,,,,,,,,,,,,,,,,,,,,,,,,,,True,0,0,0,0,0,0,0.0,0,0,0,0,0,0,True,0,0,0,0,True,0,0,0,0,0,0
2026,nwsl::Football_Season::0b6761e4701749f593690c0f338da74c,nwsl::Football_Player::443cefb274fa4bf8858e26051786d10e,opta:Player:7v6cr5ohzfbu6gf0dvw05q8h6,nwsl::Football_Team::1151140adfc24339ba1c93cb0b6b0238,Seattle Reign,Shae,Holmes,S. Holmes,Defender,USA,25,2,,USA,,opta:Team:bl53jk6zlfe5f583pil7xzwi5,Reign,SEA,Seattle Reign,US,True,1,72,0,0,0,0,0,0,2,0,0,0,0,0,0,71.0,2,2.5,0,0,0,0,0,0,0.0,0.0,66.67,57.14,0.0,0.0,0,0,0,0,0,0,0,0,0,0,0,0,0,,,,1.0,4.0,,5.0,,,,7.0,3.0,4.0,7.0,13.0,,2.0,,,,7.0,3.0,4.0,,1.0,,,,27.0,,,,,4.0,1.0,1.0,4.0,,10.0,,,,1.0,1.0,,,,1.0,1.0,,1.0,19.0,7.0,12.0,18.0,1.0,,3.0,5.0,72.0,2.0,,,1.0,,,13.0,27.0,,19.0,3.0,,8.0,44.0,,,2.0,,2.0,6.0,2.0,6.0,,,,0.0,,,,,,,,,,,,,,,,,,,,,,,,,,,,,,,,,,,,,,,,True,0,0,19,0,27,0,0.0,1,13,0,3,1,0,True,2,67,1,0,True,0,0,33,1,0,0
2026,nwsl::Football_Season::0b6761e4701749f593690c0f338da74c,nwsl::Football_Player::444e4e5d84d248e2841030cc724d2ffc,opta:Player:184w1exd2fg2pia1hanq3h5gp,nwsl::Football_Team::ca719042b34443c4bcfe380ca4850eaf,San Diego Wave,Kennedy,Wesley,K. Wesley,Defender,USA,2,2,,USA,,opta:Team:esvbnzqbyvxp2k570ez7h1a1g,San Diego Wave,SD,San Diego Wave,US,True,18,1620,1,1,3,2,3,1,10,12,30,0,0,0,0,88.0,19,1.06,0,0,0,0,0,0,0.4199,0.5801,66.67,66.98,62.5,33.33,0,0,0,0,0,0,0,0,0,0,0,0,0,40.0,15.0,25.0,18.0,50.0,1.0,257.0,5.0,,3.0,106.0,35.0,71.0,66.0,494.0,5.0,16.0,3.0,,1.0,66.0,20.0,46.0,1.0,18.0,3.0,499.0,,1105.0,1.0,,,,160.0,17.0,6.0,76.0,,154.0,4.0,,3.0,18.0,,,1.0,1.0,2.0,16.0,,42.0,964.0,278.0,769.0,1004.0,5.0,,4.0,3.0,1620.0,1.0,,1.0,95.0,12.0,30.0,180.0,1197.0,3.0,1046.0,15.0,18.0,151.0,1440.0,2.0,2.0,,32.0,60.0,96.0,57.0,91.0,,0.0,1.0,0.0,,16.0,1.0,,,,28.0,29.0,,,,,,,1.0,,,,,,,,,,,,,1.0,,,,1.0,,,,,,,,True,0,0,1046,0,1200,1,0.06,42,180,3,102,42,0,True,10,67,18,40,True,0,0,41,95,0,0
2026,nwsl::Football_Season::0b6761e4701749f593690c0f338da74c,nwsl::Football_Player::446bca9a37f94c40b40ff500f4dd6870,opta:Player:7pynp0g6h56oqimzdffivfpat,nwsl::Football_Team::acffc559cf7d485a9c05fa23ab57054b,Utah Royals,Kaleigh,Riehl,K. Riehl,Defender,USA,18,2,,USA,,opta:Team:bn7w86uw8j61dga3xr5s0yiju,Royals,UTA,Utah Royals,US,True,14,1146,0,1,4,1,1,1,3,7,3,0,0,0,0,86.0,11,0.86,0,0,0,0,0,0,0.6088,-0.6088,37.5,47.46,45.71,0.0,0,0,0,0,0,0,0,0,0,0,0,0,0,35.0,19.0,16.0,14.0,54.0,2.0,109.0,5.0,,,59.0,31.0,28.0,22.0,209.0,1.0,9.0,2.0,,,24.0,12.0,12.0,1.0,7.0,4.0,120.0,,532.0,,,,1.0,54.0,15.0,8.0,41.0,,215.0,5.0,3.0,1.0,13.0,2.0,1.0,,,1.0,6.0,1.0,31.0,453.0,148.0,365.0,482.0,5.0,,,1.0,1146.0,4.0,,,35.0,7.0,3.0,96.0,598.0,4.0,513.0,8.0,13.0,85.0,711.0,,,1.0,20.0,35.0,48.0,37.0,50.0,,,,0.0,1.0,8.0,1.0,,,2.0,37.0,37.0,,,,,,,,,,,,,,,,,,,,,,,,,,,,,,,,True,0,0,513,0,598,0,0.08,31,96,0,66,31,0,True,3,38,7,35,True,0,0,47,35,0,0
2026,nwsl::Football_Season::0b6761e4701749f593690c0f338da74c,nwsl::Football_Player::44789b184b6840b7b707d62b996ad090,opta:Player:bp34vn963cxgnx6b7q7sig9hw,nwsl::Football_Team::9587b8ce40624165903b6bc9fd252634,Angel City,Prisca,Chilufya,P. Chilufya,Forward,Zambia,24,4,,ZAM,,opta:Team:6hbfgdczbi3yg4sdpqgtu6s,Angel City,LA,Angel City,US,True,13,152,1,1,3,2,2,1,2,12,1,3,0,0,0,58.0,6,3.55,0,0,0,0,0,0,0.8963,0.1037,33.33,35.56,36.36,33.33,0,0,0,0,0,0,0,0,0,0,0,0,0,11.0,7.0,4.0,13.0,14.0,2.0,23.0,,,1.0,45.0,29.0,16.0,60.0,13.0,2.0,5.0,1.0,,1.0,34.0,22.0,12.0,1.0,,1.0,7.0,3.0,44.0,,,,,15.0,4.0,1.0,11.0,1.0,11.0,2.0,1.0,2.0,,,13.0,1.0,1.0,5.0,,,,25.0,22.0,5.0,26.0,4.0,,,,152.0,10.0,1.0,1.0,,12.0,1.0,42.0,45.0,3.0,26.0,6.0,13.0,19.0,95.0,2.0,2.0,3.0,,,16.0,5.0,19.0,1.0,1.0,0.0,0.0,1.0,1.0,1.0,,1.0,,,,,,,,,,,,,,,,,,,,,,,,,,,,,,,,,,,True,0,0,26,0,48,1,0.59,0,42,3,0,0,0,True,2,33,0,11,True,0,0,0,0,0,0
2026,nwsl::Football_Season::0b6761e4701749f593690c0f338da74c,nwsl::Football_Player::452e1e88a12648b18de7e60d6da83626,opta:Player:d0zsyv4xdt0hunaikjy3tde96,nwsl::Football_Team::96ba7b37bd8544a1a7329183459150ff,Portland Thorns,Mimi,Alidou,M. Alidou,Midfielder,Canada,26,3,,CAN,,opta:Team:446mp88j1vpk9iwui9fiifrp8,Thorns,POR,Portland Thorns,US,True,12,667,0,2,4,2,3,2,5,15,11,1,0,0,0,65.0,9,1.21,0,0,0,0,0,0,0.6727,-0.6727,83.33,37.14,46.67,12.5,0,0,0,0,0,0,0,0,0,0,0,0,0,15.0,8.0,7.0,12.0,36.0,3.0,56.0,1.0,,1.0,70.0,44.0,26.0,97.0,58.0,8.0,7.0,2.0,,,55.0,36.0,19.0,,7.0,2.0,17.0,1.0,160.0,2.0,,,,19.0,16.0,7.0,44.0,,49.0,4.0,1.0,3.0,6.0,5.0,6.0,1.0,1.0,3.0,,1.0,6.0,104.0,61.0,44.0,98.0,1.0,,,2.0,667.0,19.0,1.0,,6.0,15.0,11.0,105.0,160.0,4.0,104.0,6.0,22.0,56.0,272.0,7.0,7.0,5.0,7.0,11.0,41.0,22.0,45.0,,,,0.0,1.0,,2.0,,,,,,,,,,,,,,,,,,,,,,,,,,,,,,,,,,,,,True,0,0,104,0,168,1,0.27,6,105,8,17,6,0,True,5,83,7,15,True,0,0,35,6,0,0
2026,nwsl::Football_Season::0b6761e4701749f593690c0f338da74c,nwsl::Football_Player::45bf406d7ed24ab3bb75e6e7ead8721c,opta:Player:9xgsn7n84rjcm7ysyf6jktct0,nwsl::Football_Team::269e825b853f4b43a9d38390aa92bf6e,Chicago Stars,Aaliyah,Farmer,A. Farmer,Defender,Mexico,,2,,MEX,,opta:Team:dzxypx8djih58p668surbi4qm,Chicago Stars,CHI,Chicago Stars,US,True,15,986,0,0,7,0,3,0,19,15,5,1,2,0,0,85.0,17,1.55,0,0,0,0,0,0,0.7363,-0.7363,67.86,58.0,66.67,0.0,0,0,0,0,0,0,0,0,0,0,0,0,0,21.0,7.0,14.0,15.0,75.0,,126.0,2.0,,1.0,100.0,42.0,58.0,51.0,151.0,8.0,17.0,,,,79.0,35.0,44.0,,12.0,4.0,163.0,1.0,438.0,,,,3.0,71.0,13.0,5.0,52.0,,69.0,4.0,4.0,3.0,11.0,4.0,4.0,,,11.0,3.0,1.0,17.0,368.0,118.0,268.0,369.0,9.0,,7.0,7.0,986.0,14.0,,1.0,51.0,15.0,5.0,105.0,458.0,7.0,386.0,28.0,14.0,72.0,646.0,2.0,2.0,5.0,9.0,16.0,40.0,34.0,56.0,,,,0.0,,9.0,,,,,7.0,7.0,,,,,,,,,,,,,,,,,,,,,,2.0,,,,,,,,,,True,0,0,386,0,460,0,0.0,17,105,2,33,17,0,True,19,68,12,21,True,0,2,52,51,0,0
2026,nwsl::Football_Season::0b6761e4701749f593690c0f338da74c,nwsl::Football_Player::463e97cd35e944de9f49f54da30fd8c7,opta:Player:5vvgnuyaxp4x7hvzmgkku3pm2,nwsl::Football_Team::d2d8efe548734dfd8bc667b5a52a079a,Boston Legacy,Aïssata,Traoré,A. Traoré,Forward,Mali,14,4,,MLI,,opta:Team:2yppf5jwqllc49s0qkbkchvkk,Boston Legacy,BOS,Boston Legacy,US,True,17,1213,5,1,39,6,15,1,7,24,36,16,4,0,0,75.0,20,1.48,0,0,0,1,1,0,7.3408,-2.3408,58.33,53.66,62.22,15.38,0,0,0,0,0,0,0,0,0,0,0,0,0,45.0,17.0,28.0,17.0,66.0,7.0,97.0,,,15.0,164.0,76.0,88.0,228.0,22.0,13.0,19.0,1.0,3.0,5.0,119.0,59.0,60.0,1.0,2.0,13.0,21.0,16.0,136.0,3.0,,1.0,4.0,56.0,18.0,13.0,42.0,4.0,57.0,14.0,24.0,15.0,13.0,8.0,4.0,2.0,2.0,12.0,,13.0,2.0,94.0,70.0,55.0,121.0,5.0,1.0,,2.0,1213.0,32.0,2.0,6.0,4.0,24.0,36.0,152.0,166.0,39.0,123.0,12.0,93.0,43.0,435.0,11.0,11.0,20.0,,,42.0,12.0,43.0,2.0,5.0,0.0,1.0,1.0,,1.0,1.0,3.0,,,,,,,,,3.0,,1.0,,,,,,,,,,,,,,1.0,,,,,,,,,,True,0,0,123,0,179,2,0.07,2,152,13,2,2,0,True,7,58,2,45,True,0,1,100,4,0,0
2026,nwsl::Football_Season::0b6761e4701749f593690c0f338da74c,nwsl::Football_Player::46fcd9e55110410fbc38510d5eefea63,opta:Player:ayoieag2vyk48dxohp2thv310,nwsl::Football_Team::1151140adfc24339ba1c93cb0b6b0238,Seattle Reign,Keeley,Dockter,K. Dockter,Defender,USA,98,2,,USA,,opta:Team:bl53jk6zlfe5f583pil7xzwi5,Reign,SEA,Seattle Reign,US,True,0,0,0,0,0,0,0,0,0,0,0,0,0,0,0,,0,,0,0,0,0,0,0,0.0,0.0,0.0,0.0,0.0,0.0,0,0,0,0,0,0,0,0,0,0,0,0,0,,,,,,,,,,,,,,,,,,,,,,,,,,,,,,,,,,,,,,,,,,,,,,,,,,,,,,,,,,,,,,,,,,,,,,,,,,,,,,,,,,,,,,,,,,,,,,,,,,,,,,,,,,,,,,,,,,,,,,,,,,,,,,True,0,0,0,0,0,0,0.0,0,0,0,0,0,0,True,0,0,0,0,True,0,0,0,0,0,0
2026,nwsl::Football_Season::0b6761e4701749f593690c0f338da74c,nwsl::Football_Player::47a580b9d9a64b508d4edde164580fb4,opta:Player:apl8fpqij3o30f21vh2tthe22,nwsl::Football_Team::1151140adfc24339ba1c93cb0b6b0238,Seattle Reign,Phoebe,McClernon,P. McClernon,Defender,USA,21,2,,USA,,opta:Team:bl53jk6zlfe5f583pil7xzwi5,Reign,SEA,Seattle Reign,US,True,16,1422,0,0,2,0,0,0,20,15,2,0,2,0,0,84.0,20,1.27,0,0,0,0,0,0,0.0778,-0.0778,68.97,60.0,64.71,25.0,0,0,0,0,0,0,0,0,0,0,0,0,0,34.0,12.0,22.0,16.0,93.0,1.0,228.0,5.0,,1.0,90.0,36.0,54.0,48.0,361.0,7.0,16.0,4.0,,,56.0,24.0,32.0,,25.0,4.0,211.0,,924.0,,,,1.0,112.0,19.0,11.0,60.0,,343.0,4.0,2.0,,16.0,2.0,,1.0,1.0,1.0,13.0,,57.0,769.0,171.0,676.0,789.0,9.0,,4.0,9.0,1422.0,5.0,1.0,,96.0,15.0,2.0,191.0,1008.0,2.0,846.0,29.0,4.0,162.0,1260.0,3.0,3.0,,42.0,101.0,97.0,68.0,61.0,,,,0.0,,14.0,,,,,50.0,50.0,,,,,,,,,,,,,,,,,,,,,,,,,1.0,,,,,,,True,0,0,846,0,1012,1,0.0,57,191,4,158,57,0,True,20,69,25,34,True,0,0,36,96,0,0
2026,nwsl::Football_Season::0b6761e4701749f593690c0f338da74c,nwsl::Football_Player::4829883bb4dc4fa48b63d43b720a4307,opta:Player:a0kl9l751uxo86g2k2chqtw5w,nwsl::Football_Team::96ba7b37bd8544a1a7329183459150ff,Portland Thorns,Mallie,McKenzie,M. McKenzie,Midfielder,USA,29,3,,USA,,opta:Team:446mp88j1vpk9iwui9fiifrp8,Thorns,POR,Portland Thorns,US,True,9,224,1,0,2,1,2,0,2,7,3,3,1,0,0,66.0,6,2.41,0,0,0,0,0,0,0.6591,0.3409,50.0,55.56,71.43,0.0,0,0,0,0,0,0,0,0,0,0,0,0,0,7.0,2.0,5.0,9.0,19.0,,17.0,,,1.0,27.0,12.0,15.0,43.0,25.0,3.0,5.0,1.0,1.0,1.0,20.0,10.0,10.0,,3.0,1.0,25.0,3.0,76.0,,,,,6.0,6.0,2.0,14.0,,7.0,1.0,,2.0,1.0,1.0,8.0,,,3.0,,,,50.0,26.0,24.0,50.0,2.0,,1.0,12.0,224.0,2.0,,,6.0,7.0,3.0,39.0,76.0,2.0,50.0,4.0,12.0,26.0,134.0,4.0,4.0,1.0,1.0,3.0,25.0,5.0,23.0,1.0,1.0,0.0,0.0,,,,1.0,1.0,,,,,,,,,,,,,,,,,,,,,,,,,,,,,,,,,,,True,0,0,50,0,80,0,0.0,0,39,4,3,0,0,True,2,50,3,7,True,0,0,0,6,0,0
2026,nwsl::Football_Season::0b6761e4701749f593690c0f338da74c,nwsl::Football_Player::48fbfdd7f8004d3cb8bd7ef56db89b4c,opta:Player:9zcl2x3h5b1cb2sf5wuarmwru,nwsl::Football_Team::cbfcacbef5bc4a278442c00926ac9ebc,Denver Summit,Camryn,Biegalski,C. Biegalski,Defender,USA,30,2,,USA,,opta:Team:b6ztd03z31b0yfcae0qovefpw,Denver,DEN,Denver Summit,US,True,0,0,0,0,0,0,0,0,0,0,0,0,0,0,0,,0,,0,0,0,0,0,0,0.0,0.0,0.0,0.0,0.0,0.0,0,0,0,0,0,0,0,0,0,0,0,0,0,,,,,,,,,,,,,,,,,,,,,,,,,,,,,,,,,,,,,,,,,,,,,,,,,,,,,,,,,,,,,,,,,,,,,,,,,,,,,,,,,,,,,,,,,,,,,,,,,,,,,,,,,,,,,,,,,,,,,,,,,,,,,,True,0,0,0,0,0,0,0.0,0,0,0,0,0,0,True,0,0,0,0,True,0,0,0,0,0,0
2026,nwsl::Football_Season::0b6761e4701749f593690c0f338da74c,nwsl::Football_Player::49cb8d7a4bb04b24abd17cab4e8b9a94,opta:Player:2g9adx62nq8ihb0oen0ylh2ol,nwsl::Football_Team::269e825b853f4b43a9d38390aa92bf6e,Chicago Stars,Anna,Gasper,A. Gasper,Midfielder,Germany,,3,,DEU,,opta:Team:dzxypx8djih58p668surbi4qm,Chicago Stars,CHI,Chicago Stars,US,True,1,13,0,0,0,0,0,0,0,0,0,0,0,0,0,38.0,0,0.0,0,0,0,0,0,0,0.0,0.0,0.0,100.0,0.0,0.0,0,0,0,0,0,0,0,0,0,0,0,0,0,,,,1.0,,,2.0,,,,2.0,,2.0,6.0,5.0,,,,,,2.0,,2.0,,,,2.0,,8.0,,,,,,,,,,1.0,,,,,,1.0,,,1.0,,,,3.0,2.0,1.0,3.0,1.0,,,,13.0,,,,,,,6.0,8.0,,3.0,1.0,1.0,5.0,11.0,,,,1.0,2.0,5.0,,3.0,,,,0.0,,,,,,,,,,,,,,,,,,,,,,,,,,,,,,,,,,,,,,,,True,0,0,3,0,8,0,0.0,0,6,0,2,0,0,True,0,0,0,0,True,0,0,0,0,0,0
2026,nwsl::Football_Season::0b6761e4701749f593690c0f338da74c,nwsl::Football_Player::4ad3b3ad9d90407181d76c98bb47e17a,opta:Player:8rk69xuh6gxq5fjfoh4f5lst0,nwsl::Football_Team::19674698cec24f53af8866cd21abaf8f,Bay,Sydney,Collins,S. Collins,Defender,Canada,16,2,,CAN,,opta:Team:eka22bj7co8bw5qxa6qlbinf8,Bay,BAY,Bay,US,True,17,1484,0,1,3,1,1,1,25,13,8,0,1,0,0,81.0,23,1.39,0,0,0,0,0,0,0.4955,-0.4955,67.57,47.83,23.08,11.54,0,0,0,0,0,0,0,0,0,0,0,0,0,26.0,20.0,6.0,17.0,85.0,1.0,165.0,4.0,,1.0,115.0,60.0,55.0,201.0,238.0,4.0,22.0,1.0,,,89.0,40.0,49.0,,25.0,9.0,221.0,,583.0,,,,3.0,93.0,20.0,8.0,84.0,,56.0,10.0,2.0,1.0,17.0,2.0,,3.0,3.0,4.0,10.0,,25.0,467.0,208.0,277.0,457.0,12.0,,31.0,113.0,1484.0,19.0,,,62.0,13.0,8.0,218.0,600.0,3.0,482.0,37.0,13.0,118.0,1004.0,23.0,23.0,8.0,20.0,36.0,98.0,43.0,82.0,,,,0.0,,10.0,1.0,,,,1.0,1.0,,,,,,,,,,,,,,,,,,,,,,1.0,,,,,,,,,,True,0,0,482,0,626,3,0.06,25,218,26,61,25,0,True,25,68,25,26,True,0,1,41,62,0,0
2026,nwsl::Football_Season::0b6761e4701749f593690c0f338da74c,nwsl::Football_Player::4b0092d3c4b148ce81259ba635ca7777,opta:Player:coy005g9noltjta4ka7utllp0,nwsl::Football_Team::c31d72afc09f42ee86418633aa41390a,Washington Spirit,Hal,Hershfelt,H. Hershfelt,Midfielder,USA,17,3,,USA,,opta:Team:f1ks82wpiewyqs6h3oz9v4hzj,Spirit,WAS,Washington Spirit,US,True,18,1506,1,0,10,1,4,0,19,22,8,0,2,0,0,84.0,13,0.78,1,0,1,0,0,0,1.2036,-0.2036,61.29,50.0,41.94,45.45,0,0,0,0,0,0,0,0,0,0,0,0,0,31.0,18.0,13.0,18.0,154.0,2.0,130.0,8.0,1.0,2.0,126.0,63.0,63.0,240.0,191.0,9.0,11.0,2.0,1.0,,95.0,45.0,50.0,2.0,16.0,15.0,167.0,,689.0,1.0,,,,48.0,26.0,11.0,71.0,,180.0,15.0,6.0,4.0,17.0,2.0,1.0,5.0,5.0,11.0,1.0,14.0,22.0,575.0,315.0,268.0,556.0,12.0,4.0,,1.0,1506.0,22.0,1.0,2.0,27.0,22.0,8.0,168.0,692.0,10.0,578.0,31.0,27.0,114.0,897.0,6.0,6.0,8.0,7.0,20.0,91.0,29.0,94.0,1.0,1.0,0.0,1.0,,5.0,,1.0,,,,,,,,,,,,,,,,,,,,,,,,,1.0,,,,,,,,,,,True,0,0,578,0,703,5,0.0,22,168,11,42,22,0,True,19,61,16,31,True,0,0,52,27,0,0
2026,nwsl::Football_Season::0b6761e4701749f593690c0f338da74c,nwsl::Football_Player::4b281c71242c4738abb687a332286be0,opta:Player:d5sinj3fevgaqcgwhtfno836c,nwsl::Football_Team::19674698cec24f53af8866cd21abaf8f,Bay,Maddie,Moreau,M. Moreau,Defender,USA,24,2,,USA,,opta:Team:eka22bj7co8bw5qxa6qlbinf8,Bay,BAY,Bay,US,True,17,1009,0,0,0,0,0,0,6,16,2,0,4,0,0,80.0,19,1.69,1,0,0,0,0,0,0.0918,-0.0918,85.71,31.58,47.37,15.79,0,0,0,0,0,0,0,0,0,0,0,0,0,19.0,10.0,9.0,17.0,75.0,2.0,90.0,2.0,1.0,3.0,57.0,39.0,18.0,126.0,137.0,12.0,19.0,,,,38.0,29.0,9.0,1.0,11.0,2.0,27.0,,369.0,,,,2.0,64.0,17.0,7.0,40.0,,134.0,2.0,,,11.0,3.0,6.0,3.0,3.0,,1.0,1.0,11.0,292.0,148.0,151.0,285.0,1.0,,11.0,73.0,1009.0,12.0,,1.0,36.0,16.0,2.0,134.0,373.0,,296.0,7.0,14.0,77.0,605.0,16.0,15.0,4.0,14.0,17.0,69.0,24.0,60.0,,,,0.0,,8.0,,,,1.0,,,,1.0,,,,,,,,,,,,,,,,,,,,1.0,,,,,,,,,,True,0,0,296,0,392,3,0.0,11,134,19,28,11,0,True,6,86,11,19,True,0,1,39,36,0,0
2026,nwsl::Football_Season::0b6761e4701749f593690c0f338da74c,nwsl::Football_Player::4b915e8cd11c489a8cbf2c1fbec32808,opta:Player:civkzasgi73lzu2yqv9m5sems,nwsl::Football_Team::2c1699409ff84c9eb491aeaca3d3edde,Kansas City Current,Taliana,Kaufusi,T. Kaufusi,Forward,USA,78,4,,USA,,opta:Team:agxipc0vk4rtg09amjxv10nx0,KC Current,KC,Kansas City Current,US,True,0,0,0,0,0,0,0,0,0,0,0,0,0,0,0,,0,,0,0,0,0,0,0,0.0,0.0,0.0,0.0,0.0,0.0,0,0,0,0,0,0,0,0,0,0,0,0,0,,,,,,,,,,,,,,,,,,,,,,,,,,,,,,,,,,,,,,,,,,,,,,,,,,,,,,,,,,,,,,,,,,,,,,,,,,,,,,,,,,,,,,,,,,,,,,,,,,,,,,,,,,,,,,,,,,,,,,,,,,,,,,True,0,0,0,0,0,0,0.0,0,0,0,0,0,0,True,0,0,0,0,True,0,0,0,0,0,0
2026,nwsl::Football_Season::0b6761e4701749f593690c0f338da74c,nwsl::Football_Player::4bd84fd5cceb4538a556a4b9eb250841,opta:Player:dwwgrimn3ddecp5kllvsdga8l,nwsl::Football_Team::1151140adfc24339ba1c93cb0b6b0238,Seattle Reign,Sofia,Huerta,S. Huerta,Defender,USA,11,2,,USA,,opta:Team:bl53jk6zlfe5f583pil7xzwi5,Reign,SEA,Seattle Reign,US,True,15,1336,1,3,8,4,5,3,14,6,16,0,1,0,0,81.0,18,1.21,5,0,0,1,1,0,1.3452,-0.3452,66.67,60.98,54.55,30.0,0,0,0,0,0,0,0,0,0,0,0,0,0,11.0,5.0,6.0,15.0,125.0,5.0,139.0,4.0,5.0,6.0,82.0,32.0,50.0,209.0,208.0,2.0,14.0,4.0,,1.0,71.0,27.0,44.0,1.0,10.0,11.0,210.0,,585.0,,,1.0,1.0,72.0,26.0,12.0,74.0,1.0,72.0,14.0,3.0,5.0,15.0,2.0,,16.0,12.0,7.0,7.0,,37.0,468.0,198.0,312.0,457.0,7.0,,18.0,129.0,1336.0,10.0,2.0,,37.0,6.0,16.0,207.0,615.0,8.0,494.0,21.0,9.0,121.0,987.0,27.0,22.0,4.0,26.0,60.0,115.0,33.0,61.0,,0.0,1.0,0.0,3.0,5.0,3.0,,1.0,,,,1.0,3.0,,,,,,1.0,5.0,,,,,,,,,,,,,,1.0,,,,,,,,,True,0,0,494,0,655,12,0.2,37,207,40,97,37,0,True,14,67,10,11,True,0,0,38,37,0,0
2026,nwsl::Football_Season::0b6761e4701749f593690c0f338da74c,nwsl::Football_Player::4cb80ed654ff46e8916779187fb88553,opta:Player:3sgg664ay83kxhe17ogbke978,nwsl::Football_Team::c3e9513e280b41e5bfbb8230076e8c43,Orlando Pride,Julie,Doyle,J. Doyle,Midfielder,USA,20,3,,USA,,opta:Team:966pdxhsoxaib9qt5083h8uus,Pride,ORL,Orlando Pride,US,True,18,524,1,0,5,1,3,0,7,2,13,1,1,0,0,70.0,6,1.03,0,0,0,0,0,0,0.6256,0.3744,46.67,54.17,58.33,0.0,0,0,0,0,0,0,0,0,0,0,0,0,0,12.0,5.0,7.0,18.0,43.0,1.0,58.0,,,5.0,72.0,33.0,39.0,96.0,45.0,1.0,6.0,,1.0,1.0,60.0,28.0,32.0,,1.0,3.0,33.0,1.0,149.0,,,,,36.0,11.0,4.0,15.0,,32.0,3.0,2.0,3.0,4.0,3.0,14.0,,,4.0,1.0,8.0,4.0,103.0,65.0,42.0,103.0,8.0,,,4.0,524.0,17.0,,,12.0,2.0,13.0,85.0,153.0,5.0,107.0,15.0,15.0,46.0,270.0,6.0,6.0,6.0,,,40.0,12.0,46.0,5.0,1.0,0.0,1.0,,2.0,,1.0,1.0,,,,,,,,,,,,,,,,,,,,,,,,,,,,,,,,,,,True,0,0,107,0,159,0,0.0,4,85,6,4,4,0,True,7,47,1,12,True,0,0,100,12,0,0
2026,nwsl::Football_Season::0b6761e4701749f593690c0f338da74c,nwsl::Football_Player::4d0fda5a57784bf59bcc4e1caa463716,opta:Player:dlm4h2alfw0llbz4mkdq7hu96,nwsl::Football_Team::1151140adfc24339ba1c93cb0b6b0238,Seattle Reign,Maddie,Mercado,M. Mercado,Midfielder,USA,2,3,,USA,,opta:Team:bl53jk6zlfe5f583pil7xzwi5,Reign,SEA,Seattle Reign,US,True,16,1272,5,0,24,5,13,0,11,22,20,3,3,0,0,69.0,16,1.13,0,0,2,0,0,0,4.058,0.942,84.62,46.58,48.21,0.0,0,0,0,0,0,0,0,0,0,0,0,0,0,56.0,29.0,27.0,16.0,95.0,13.0,104.0,3.0,,7.0,146.0,78.0,68.0,206.0,92.0,6.0,12.0,4.0,5.0,4.0,90.0,49.0,41.0,3.0,12.0,11.0,69.0,3.0,295.0,1.0,,,1.0,37.0,30.0,14.0,63.0,,42.0,11.0,11.0,13.0,14.0,7.0,2.0,,,8.0,2.0,14.0,19.0,202.0,130.0,75.0,186.0,2.0,1.0,,1.0,1272.0,22.0,2.0,2.0,14.0,22.0,20.0,153.0,298.0,24.0,205.0,13.0,63.0,93.0,517.0,5.0,5.0,10.0,5.0,12.0,74.0,24.0,81.0,3.0,3.0,2.0,1.0,,3.0,,2.0,4.0,,,,,,,,,1.0,,,,,,,,,,,,,,,1.0,,,3.0,,,,,,,,True,0,0,205,0,303,0,0.0,19,153,5,31,19,0,True,11,85,12,56,True,0,0,61,14,0,0
2026,nwsl::Football_Season::0b6761e4701749f593690c0f338da74c,nwsl::Football_Player::505cd006e0f24c0b8f03372edd6e033d,opta:Player:9vgflgmrmvq8i95t3n70sur55,nwsl::Football_Team::9587b8ce40624165903b6bc9fd252634,Angel City,Sveindís,Jónsdóttir,S. Jónsdóttir,Forward,Iceland,32,4,,ISL,,opta:Team:6hbfgdczbi3yg4sdpqgtu6s,Angel City,LA,Angel City,US,True,12,1052,6,2,21,8,10,2,16,14,18,2,3,0,0,68.0,12,1.03,0,0,2,0,0,0,4.4309,1.5691,80.0,45.64,45.83,19.23,0,0,0,0,0,0,0,0,0,0,0,0,0,48.0,26.0,22.0,12.0,48.0,5.0,85.0,1.0,,14.0,149.0,81.0,68.0,321.0,48.0,4.0,12.0,,4.0,5.0,101.0,55.0,46.0,2.0,4.0,21.0,66.0,2.0,196.0,2.0,,,,43.0,30.0,18.0,41.0,2.0,46.0,23.0,11.0,10.0,12.0,5.0,,5.0,5.0,8.0,,6.0,3.0,129.0,105.0,41.0,138.0,4.0,1.0,37.0,26.0,1052.0,36.0,3.0,3.0,6.0,14.0,18.0,206.0,208.0,21.0,141.0,20.0,63.0,67.0,511.0,21.0,21.0,26.0,6.0,10.0,72.0,16.0,57.0,2.0,3.0,3.0,0.0,2.0,1.0,2.0,3.0,5.0,,,,,,,,,,,,,,,,,,,,,,,,1.0,,,1.0,1.0,,,,,,,True,0,0,141,0,234,5,0.17,3,206,26,13,3,0,True,16,80,4,48,True,0,0,23,6,0,0
2026,nwsl::Football_Season::0b6761e4701749f593690c0f338da74c,nwsl::Football_Player::514d945291b44c78adaabb4dfbf7ba03,opta:Player:c811si1xw5he6ih0o1mj94tsl,nwsl::Football_Team::c3e9513e280b41e5bfbb8230076e8c43,Orlando Pride,Marta,Marta,Marta,Forward,Brazil,10,4,,BRA,,opta:Team:966pdxhsoxaib9qt5083h8uus,Pride,ORL,Orlando Pride,US,True,12,572,2,0,12,2,6,0,4,3,5,1,1,0,0,85.0,11,1.73,8,0,0,2,1,0,2.5286,-0.5286,66.67,35.85,18.18,6.25,0,0,0,0,0,0,0,0,0,0,0,0,0,11.0,9.0,2.0,12.0,52.0,3.0,74.0,,8.0,4.0,53.0,34.0,19.0,122.0,53.0,1.0,9.0,2.0,1.0,1.0,42.0,25.0,17.0,1.0,3.0,13.0,70.0,1.0,193.0,,,2.0,1.0,18.0,12.0,7.0,23.0,,31.0,13.0,6.0,6.0,6.0,5.0,6.0,1.0,1.0,7.0,1.0,8.0,18.0,161.0,106.0,69.0,156.0,2.0,1.0,,3.0,572.0,20.0,,2.0,2.0,3.0,5.0,89.0,206.0,12.0,174.0,6.0,22.0,32.0,321.0,15.0,7.0,6.0,,6.0,36.0,11.0,26.0,1.0,1.0,1.0,1.0,,,,2.0,1.0,,,,,7.0,,,,,,1.0,,,,,,,,,,,,,1.0,,,,,,,,,,,True,0,0,174,0,222,1,0.0,18,89,16,24,18,0,True,4,67,3,11,True,0,0,75,2,0,0
2026,nwsl::Football_Season::0b6761e4701749f593690c0f338da74c,nwsl::Football_Player::51d52da9f6724e00a97ec29e7fe459dc,opta:Player:6hyf258ii56nw917w0b4ekob8,nwsl::Football_Team::19674698cec24f53af8866cd21abaf8f,Bay,Claire,Hutton,C. Hutton,Midfielder,USA,14,3,,USA,,opta:Team:eka22bj7co8bw5qxa6qlbinf8,Bay,BAY,Bay,US,True,17,1525,1,1,12,2,7,1,42,24,24,0,4,0,0,83.0,24,1.42,0,0,0,1,1,0,2.0454,-1.0454,71.19,53.68,45.71,42.86,0,0,0,0,0,0,0,0,0,0,0,0,0,35.0,19.0,16.0,17.0,132.0,7.0,244.0,3.0,,3.0,231.0,107.0,124.0,271.0,264.0,10.0,23.0,1.0,,1.0,196.0,88.0,108.0,2.0,31.0,22.0,232.0,,845.0,1.0,,1.0,3.0,83.0,36.0,24.0,144.0,1.0,234.0,23.0,5.0,7.0,17.0,1.0,,3.0,3.0,25.0,4.0,9.0,41.0,695.0,383.0,330.0,669.0,17.0,1.0,1.0,2.0,1525.0,47.0,1.0,1.0,27.0,24.0,24.0,246.0,862.0,12.0,710.0,59.0,27.0,152.0,1216.0,4.0,4.0,19.0,5.0,36.0,117.0,39.0,116.0,,0.0,1.0,0.0,1.0,6.0,1.0,,1.0,,,,,,,,,,,1.0,,,,,,,,,,,,,,,,,,,,,,,,True,0,0,710,0,869,3,0.06,41,246,7,77,41,0,True,42,71,31,35,True,0,0,53,27,0,0
2026,nwsl::Football_Season::0b6761e4701749f593690c0f338da74c,nwsl::Football_Player::521bad7c3a2f49a185c968f9206da5b8,opta:Player:3cyj9a2fjtx4xd0bqdh6g3azu,nwsl::Football_Team::c3e9513e280b41e5bfbb8230076e8c43,Orlando Pride,Haley,McCutcheon,H. McCutcheon,Defender,USA,2,2,,USA,,opta:Team:966pdxhsoxaib9qt5083h8uus,Pride,ORL,Orlando Pride,US,True,18,1618,2,2,23,4,8,2,34,24,10,5,5,0,0,77.0,26,1.45,0,0,4,0,0,0,3.8729,-1.8729,66.67,51.63,66.67,14.29,0,0,0,0,0,0,0,0,0,0,0,0,0,48.0,16.0,32.0,18.0,121.0,4.0,141.0,6.0,,2.0,184.0,89.0,95.0,210.0,218.0,11.0,23.0,3.0,1.0,2.0,136.0,73.0,63.0,1.0,19.0,18.0,123.0,5.0,571.0,2.0,,,2.0,59.0,39.0,18.0,66.0,2.0,127.0,20.0,15.0,8.0,18.0,1.0,,1.0,1.0,2.0,7.0,11.0,11.0,430.0,212.0,237.0,437.0,17.0,1.0,1.0,10.0,1618.0,28.0,3.0,2.0,37.0,24.0,10.0,200.0,589.0,23.0,448.0,51.0,40.0,141.0,884.0,6.0,6.0,17.0,11.0,30.0,115.0,32.0,111.0,1.0,2.0,0.0,1.0,2.0,9.0,2.0,,2.0,,,,,,,,,1.0,,,,,,,,,,,,,,,,,,,,,,,,,,True,0,0,448,0,596,1,0.11,11,200,7,41,11,0,True,34,67,19,48,True,0,0,27,37,0,0
2026,nwsl::Football_Season::0b6761e4701749f593690c0f338da74c,nwsl::Football_Player::52f13396556b4dad93f22030d00cbf8b,opta:Player:gzggndbe1oh6ufcdbqmsc7pw,nwsl::Football_Team::ca719042b34443c4bcfe380ca4850eaf,San Diego Wave,Maria Eduarda,Rodrigues Silva,Dudinha,Forward,Brazil,88,4,,BRA,,opta:Team:esvbnzqbyvxp2k570ez7h1a1g,San Diego Wave,SD,San Diego Wave,US,True,13,1124,5,4,24,9,13,4,10,17,26,11,1,0,0,73.0,13,1.04,8,0,1,0,0,0,4.3558,0.6442,66.67,50.7,50.0,25.0,0,0,0,0,0,0,0,0,0,0,0,0,0,4.0,2.0,2.0,13.0,67.0,12.0,198.0,1.0,8.0,14.0,142.0,70.0,72.0,346.0,70.0,8.0,10.0,3.0,5.0,4.0,138.0,68.0,70.0,,12.0,19.0,21.0,11.0,267.0,6.0,,,,110.0,14.0,8.0,60.0,5.0,122.0,23.0,11.0,13.0,13.0,8.0,,7.0,7.0,29.0,1.0,5.0,8.0,192.0,163.0,48.0,196.0,5.0,,,3.0,1124.0,44.0,4.0,4.0,5.0,17.0,26.0,194.0,280.0,24.0,204.0,15.0,91.0,76.0,565.0,21.0,21.0,24.0,2.0,9.0,85.0,12.0,67.0,3.0,1.0,4.0,1.0,3.0,,4.0,,2.0,,,,,,,,,,,,,,,,,,,,,,,,1.0,,,,,,,,,,,True,0,0,204,0,308,7,0.32,8,194,28,17,8,0,True,10,67,12,4,True,0,0,47,5,0,0
2026,nwsl::Football_Season::0b6761e4701749f593690c0f338da74c,nwsl::Football_Player::53377155ab4b4c08b6ff7a3c66865fe3,opta:Player:6k82rq8synvac950ext5t0jpx,nwsl::Football_Team::2c1699409ff84c9eb491aeaca3d3edde,Kansas City Current,Rocky,Rodríguez,R. Rodríguez,Midfielder,Costa Rica,11,3,,CRI,,opta:Team:agxipc0vk4rtg09amjxv10nx0,KC Current,KC,Kansas City Current,US,True,11,475,0,1,5,1,1,1,7,6,7,0,0,0,0,81.0,8,1.52,0,0,0,0,0,0,0.3782,-0.3782,63.64,43.86,60.0,50.0,0,0,0,0,0,0,0,0,0,0,0,0,0,5.0,2.0,3.0,11.0,41.0,2.0,56.0,,,1.0,57.0,32.0,25.0,61.0,74.0,2.0,7.0,1.0,,,52.0,30.0,22.0,,11.0,2.0,56.0,,211.0,1.0,,,1.0,21.0,14.0,7.0,37.0,,43.0,3.0,4.0,1.0,4.0,4.0,7.0,1.0,1.0,4.0,1.0,3.0,8.0,169.0,99.0,74.0,164.0,4.0,,,1.0,475.0,13.0,1.0,1.0,11.0,6.0,7.0,70.0,214.0,5.0,172.0,11.0,8.0,42.0,322.0,1.0,1.0,5.0,2.0,8.0,28.0,15.0,34.0,,,,0.0,1.0,4.0,1.0,,,,,,,,,,,,,,,,,,,,,,,,,,,,,,,,,,,,,True,0,0,172,0,216,1,0.19,8,70,2,16,8,0,True,7,64,11,5,True,0,0,50,11,0,0
2026,nwsl::Football_Season::0b6761e4701749f593690c0f338da74c,nwsl::Football_Player::55bd66bfbc3240c7acf59ca32209868c,opta:Player:cbco4ht0d7uk1thgam6vc0ep6,nwsl::Football_Team::fb41ef4439dd495098cb6d40415767cc,North Carolina Courage,Maycee,Bell,M. Bell,Defender,USA,27,2,,USA,,opta:Team:b4fbmos00gxtk8qnaqsm392p5,Courage,NC,North Carolina Courage,US,True,11,984,0,0,8,0,3,0,13,2,9,0,0,0,0,91.0,17,1.55,0,0,0,0,0,0,0.9537,-0.9537,86.67,70.97,69.23,0.0,0,0,0,0,0,0,0,0,0,0,0,0,0,26.0,8.0,18.0,11.0,46.0,4.0,116.0,3.0,,,62.0,18.0,44.0,24.0,141.0,2.0,17.0,,,,36.0,10.0,26.0,,5.0,3.0,108.0,,480.0,,,,,54.0,8.0,7.0,40.0,,214.0,3.0,5.0,3.0,11.0,1.0,,,,2.0,3.0,,16.0,433.0,126.0,336.0,446.0,2.0,,,3.0,984.0,4.0,1.0,3.0,57.0,2.0,9.0,56.0,509.0,8.0,462.0,15.0,17.0,47.0,660.0,,,4.0,11.0,19.0,26.0,21.0,28.0,,,,0.0,,9.0,,,,1.0,19.0,19.0,,,,,,,,,,,,,,,,,,,,1.0,,,2.0,,,,,,,,,True,0,0,462,0,509,0,0.0,16,56,0,35,16,0,True,13,87,5,26,True,0,0,46,57,0,0
2026,nwsl::Football_Season::0b6761e4701749f593690c0f338da74c,nwsl::Football_Player::55c607b8f8ea48efa308facc28601331,opta:Player:cgfk0e62cesbgieslfge2p61h,nwsl::Football_Team::ca3f464d6b794a9087d441d75961403f,Houston Dash,Sophie,Schmidt,S. Schmidt,Midfielder,Canada,13,3,,CAN,,opta:Team:c3v2ohfuzoqmc8ljm65hi80sj,Dash,HOU,Houston Dash,US,True,9,193,0,1,3,1,2,1,5,2,5,0,1,0,0,65.0,2,0.93,0,0,0,0,0,0,0.1845,-0.1845,83.33,60.61,56.25,0.0,0,0,0,0,0,0,0,0,0,0,0,0,0,16.0,7.0,9.0,9.0,12.0,1.0,11.0,,,2.0,33.0,13.0,20.0,29.0,22.0,2.0,1.0,1.0,,,17.0,6.0,11.0,,,2.0,14.0,,61.0,1.0,,,,3.0,3.0,,12.0,,14.0,3.0,1.0,2.0,,,9.0,,,,,1.0,1.0,39.0,22.0,18.0,39.0,1.0,2.0,,2.0,193.0,2.0,1.0,,5.0,2.0,5.0,31.0,62.0,3.0,40.0,6.0,5.0,22.0,98.0,2.0,2.0,1.0,2.0,5.0,20.0,4.0,17.0,1.0,,,0.0,1.0,,1.0,,,,,,,,,,,,,,,,,,,,,,,,,,,,,,,,,,,,,True,0,0,40,0,64,0,0.47,1,31,2,6,1,0,True,5,83,0,16,True,0,0,17,5,0,0
2026,nwsl::Football_Season::0b6761e4701749f593690c0f338da74c,nwsl::Football_Player::572ca1acdb37419a843dafa8e828be66,opta:Player:3qj9t05behkav9okd8n2wywh5,nwsl::Football_Team::d2d8efe548734dfd8bc667b5a52a079a,Boston Legacy,Casey,Murphy,C. Murphy,Goalkeeper,USA,1,1,,USA,,opta:Team:2yppf5jwqllc49s0qkbkchvkk,Boston Legacy,BOS,Boston Legacy,US,True,18,1620,0,1,0,1,0,1,0,1,7,0,1,0,0,83.0,24,1.33,0,0,0,0,0,0,0.0,0.0,0.0,90.91,100.0,0.0,0,0,0,0,0,0,0,0,0,0,0,0,0,4.0,,4.0,18.0,,,35.0,3.0,,,11.0,1.0,10.0,,184.0,1.0,22.0,2.0,,,7.0,1.0,6.0,,,,176.0,,396.0,,,,5.0,24.0,,,145.0,,191.0,1.0,,,18.0,,,,,,18.0,,79.0,341.0,12.0,440.0,373.0,,,,,1620.0,,1.0,,20.0,1.0,7.0,103.0,551.0,,452.0,,,99.0,727.0,,,,34.0,88.0,43.0,56.0,11.0,,,,0.0,1.0,,1.0,,,,139.0,88.0,,,,,,,23.0,,,12.0,1.0,1.0,6.0,6.0,58.0,42.0,15.0,,13.0,11.0,,1.0,,,,,,1.0,1.0,,,True,0,0,452,0,551,0,0.06,79,103,0,167,79,0,True,0,0,0,4,True,58,1,47,20,0,0
2026,nwsl::Football_Season::0b6761e4701749f593690c0f338da74c,nwsl::Football_Player::57fe0d4b80e74d1fa6fc56aab0db25ad,opta:Player:cbhcuvuqi3gxgln6n463vz9at,nwsl::Football_Team::269e825b853f4b43a9d38390aa92bf6e,Chicago Stars,Alyssa,Naeher,A. Naeher,Goalkeeper,USA,1,1,,USA,,opta:Team:dzxypx8djih58p668surbi4qm,Chicago Stars,CHI,Chicago Stars,US,True,8,651,0,0,0,0,0,0,1,0,2,0,0,0,0,75.0,17,2.35,0,0,0,0,0,0,0.0,0.0,100.0,75.0,0.0,0.0,0,0,0,0,0,0,0,0,0,0,0,0,0,,,,8.0,,,10.0,,,,4.0,1.0,3.0,,112.0,,16.0,1.0,,,4.0,1.0,3.0,,,,60.0,,129.0,,,,,5.0,,,77.0,,43.0,,,,8.0,1.0,,,,,15.0,,29.0,106.0,12.0,149.0,132.0,,,,,651.0,,,,11.0,,2.0,59.0,215.0,,161.0,1.0,,54.0,309.0,,,,19.0,48.0,16.0,38.0,6.0,,,,0.0,,,,,,,75.0,60.0,,,,,,,29.0,,,3.0,2.0,3.0,,3.0,26.0,21.0,5.0,,7.0,6.0,,,1.0,,,,,,,,,True,0,0,161,0,215,0,0.0,29,59,0,77,29,0,True,1,100,0,0,True,26,0,38,11,0,0
2026,nwsl::Football_Season::0b6761e4701749f593690c0f338da74c,nwsl::Football_Player::5ae0d5c4363b481e8598551ea1324c50,opta:Player:22qle7tyy3946t6jdj3tqjj84,nwsl::Football_Team::1151140adfc24339ba1c93cb0b6b0238,Seattle Reign,Holly,Ward,H. Ward,Forward,Canada,12,4,,CAN,,opta:Team:bl53jk6zlfe5f583pil7xzwi5,Reign,SEA,Seattle Reign,US,True,10,289,0,0,2,0,2,0,6,7,7,2,2,0,0,77.0,4,1.25,0,0,0,0,0,0,0.2484,-0.2484,66.67,37.5,0.0,50.0,0,0,0,0,0,0,0,0,0,0,0,0,0,4.0,4.0,,10.0,16.0,,19.0,,,1.0,48.0,30.0,18.0,50.0,16.0,2.0,3.0,1.0,,,44.0,26.0,18.0,1.0,2.0,5.0,7.0,2.0,47.0,,,,,7.0,1.0,1.0,7.0,,8.0,5.0,,2.0,3.0,3.0,7.0,1.0,1.0,2.0,,,,36.0,26.0,11.0,36.0,3.0,,1.0,,289.0,16.0,2.0,1.0,4.0,7.0,7.0,43.0,47.0,2.0,36.0,9.0,13.0,11.0,112.0,1.0,1.0,9.0,,1.0,11.0,1.0,10.0,,,,0.0,,,,,,,,,,,,,,,,,,,,,,,,,,,,,,,,,,,,,,,,True,0,0,36,0,49,1,0.0,0,43,2,1,0,0,True,6,67,2,4,True,0,0,0,4,0,0
2026,nwsl::Football_Season::0b6761e4701749f593690c0f338da74c,nwsl::Football_Player::5b3b23196eed4d9f900e4f3ab4d7113d,opta:Player:dld1dfaxrkcje24pmw72odzpw,nwsl::Football_Team::d2d8efe548734dfd8bc667b5a52a079a,Boston Legacy,Jorelyn,Carabalí,J. Carabalí,Defender,Colombia,16,2,,COL,,opta:Team:2yppf5jwqllc49s0qkbkchvkk,Boston Legacy,BOS,Boston Legacy,US,True,18,1325,0,0,7,0,2,0,19,20,20,0,4,0,0,81.0,19,1.29,11,0,2,0,0,0,0.2978,-0.2978,63.33,52.38,48.57,20.83,0,0,0,0,0,0,0,0,0,0,0,0,0,35.0,18.0,17.0,18.0,65.0,,179.0,3.0,11.0,2.0,126.0,60.0,66.0,100.0,303.0,5.0,18.0,1.0,,,91.0,42.0,49.0,2.0,18.0,7.0,249.0,,695.0,,,,5.0,106.0,28.0,8.0,71.0,,108.0,7.0,5.0,2.0,14.0,3.0,4.0,6.0,5.0,2.0,23.0,,65.0,553.0,186.0,402.0,517.0,11.0,1.0,8.0,35.0,1325.0,10.0,,,57.0,20.0,20.0,193.0,725.0,7.0,582.0,30.0,8.0,143.0,992.0,18.0,10.0,3.0,37.0,70.0,107.0,54.0,73.0,,,,0.0,,7.0,,,,2.0,13.0,13.0,1.0,8.0,,,,,,,4.0,,,,,,,,,,,2.0,,3.0,,,1.0,,,,,,,True,0,0,582,0,749,5,0.0,65,193,24,135,65,0,True,19,63,18,35,True,0,3,48,57,0,0
2026,nwsl::Football_Season::0b6761e4701749f593690c0f338da74c,nwsl::Football_Player::5c1e1c261d6a4a349b24573eaed3bf49,opta:Player:2x4vbu3htfozzwd8g7bdxeacp,nwsl::Football_Team::ac29701756da44a08457762380c10733,Racing Louisville,Courtney,Petersen,C. Petersen,Defender,USA,11,2,,USA,,opta:Team:dtucewmt49th1p4selfutmnmc,Racing Lou,LOU,Racing Louisville,US,True,15,1141,0,0,3,0,1,0,8,10,4,0,0,0,0,72.0,30,2.37,31,0,0,0,0,0,0.3098,-0.3098,61.54,47.62,28.57,3.92,0,0,0,0,0,0,0,0,0,0,0,0,0,7.0,5.0,2.0,15.0,23.0,2.0,68.0,,31.0,4.0,42.0,22.0,20.0,109.0,264.0,2.0,25.0,5.0,,,35.0,17.0,18.0,,13.0,16.0,50.0,,442.0,,,,2.0,35.0,16.0,4.0,52.0,,123.0,16.0,2.0,1.0,13.0,2.0,2.0,14.0,2.0,1.0,10.0,,35.0,316.0,148.0,197.0,296.0,5.0,1.0,19.0,56.0,1141.0,4.0,4.0,,47.0,10.0,4.0,202.0,460.0,3.0,331.0,13.0,2.0,129.0,710.0,39.0,12.0,1.0,28.0,68.0,135.0,33.0,61.0,,,,0.0,,5.0,,,,,,,10.0,21.0,,,,,,,1.0,,,,,,,,,,,,,,,,,,,,,,,True,0,0,331,0,511,2,0.0,35,202,51,103,35,0,True,8,62,13,7,True,0,0,34,47,0,0
2026,nwsl::Football_Season::0b6761e4701749f593690c0f338da74c,nwsl::Football_Player::5c44cea6a05540639a949344419fa194,opta:Player:do2ji4k6i3ucxe18nxv1fn2sp,nwsl::Football_Team::cbfcacbef5bc4a278442c00926ac9ebc,Denver Summit,Emma,Regan,E. Regan,Midfielder,Canada,8,3,,CAN,,opta:Team:b6ztd03z31b0yfcae0qovefpw,Denver,DEN,Denver Summit,US,True,12,338,0,0,1,0,1,0,9,4,3,0,0,0,0,82.0,9,2.4,0,0,0,0,0,0,0.0301,-0.0301,64.29,47.62,42.86,0.0,0,0,0,0,0,0,0,0,0,0,0,0,0,7.0,4.0,3.0,12.0,30.0,,29.0,,,,42.0,22.0,20.0,29.0,50.0,3.0,9.0,,,,35.0,18.0,17.0,,7.0,1.0,33.0,,152.0,1.0,,,,13.0,6.0,3.0,24.0,,40.0,1.0,,1.0,4.0,4.0,8.0,,,,3.0,1.0,10.0,123.0,70.0,54.0,114.0,5.0,,,1.0,338.0,11.0,,,3.0,4.0,3.0,45.0,153.0,1.0,124.0,14.0,1.0,29.0,210.0,2.0,2.0,2.0,2.0,4.0,24.0,7.0,25.0,1.0,,,0.0,,2.0,,,,,,,,,,,,,,,,,,,,,,,,,,,,,,,,,,,,,,True,0,0,124,0,155,0,0.0,10,45,2,14,10,0,True,9,64,7,7,True,0,0,71,3,0,0
2026,nwsl::Football_Season::0b6761e4701749f593690c0f338da74c,nwsl::Football_Player::5d76f50c58f34b00a7bd574b12c70c94,opta:Player:93d5k82qrmjr894k2hp5aril1,nwsl::Football_Team::1151140adfc24339ba1c93cb0b6b0238,Seattle Reign,Jess,Fishlock,J. Fishlock,Midfielder,Wales,10,3,,WAL,,opta:Team:bl53jk6zlfe5f583pil7xzwi5,Reign,SEA,Seattle Reign,US,True,7,358,2,0,8,2,4,0,1,2,3,0,1,0,0,83.0,8,2.01,0,0,1,0,0,0,2.1292,-0.1292,50.0,38.46,0.0,0.0,0,0,0,0,0,0,0,0,0,0,0,0,0,5.0,5.0,,7.0,24.0,4.0,29.0,,,,26.0,16.0,10.0,63.0,24.0,1.0,7.0,1.0,2.0,2.0,21.0,11.0,10.0,,3.0,6.0,12.0,,73.0,2.0,,,,15.0,1.0,1.0,14.0,2.0,22.0,6.0,4.0,4.0,5.0,5.0,2.0,,,5.0,,3.0,4.0,59.0,41.0,27.0,64.0,1.0,2.0,,,358.0,6.0,,1.0,3.0,2.0,3.0,36.0,82.0,8.0,68.0,2.0,14.0,14.0,140.0,1.0,1.0,3.0,1.0,4.0,13.0,2.0,10.0,,0.0,2.0,1.0,,2.0,,,2.0,,,,,,,,,,,,,,,,,,,,,,,,,,,,,,,,,,,True,0,0,68,0,83,0,0.0,4,36,1,8,4,0,True,1,50,3,5,True,0,0,50,3,0,0
2026,nwsl::Football_Season::0b6761e4701749f593690c0f338da74c,nwsl::Football_Player::5f9f9dfd7a8f45328e11b1faa0a6b712,opta:Player:a3do86i0kz854bdok551hw0rt,nwsl::Football_Team::ca3f464d6b794a9087d441d75961403f,Houston Dash,Miljana,Ivanovic,M. Ivanović,Forward,Serbia,,4,,SRB,,opta:Team:c3v2ohfuzoqmc8ljm65hi80sj,Dash,HOU,Houston Dash,US,True,0,0,0,0,0,0,0,0,0,0,0,0,0,0,0,,0,,0,0,0,0,0,0,0.0,0.0,0.0,0.0,0.0,0.0,0,0,0,0,0,0,0,0,0,0,0,0,0,,,,,,,,,,,,,,,,,,,,,,,,,,,,,,,,,,,,,,,,,,,,,,,,,,,,,,,,,,,,,,,,,,,,,,,,,,,,,,,,,,,,,,,,,,,,,,,,,,,,,,,,,,,,,,,,,,,,,,,,,,,,,,True,0,0,0,0,0,0,0.0,0,0,0,0,0,0,True,0,0,0,0,True,0,0,0,0,0,0
2026,nwsl::Football_Season::0b6761e4701749f593690c0f338da74c,nwsl::Football_Player::5fb4bbfd291143ebb531a00cb56cc9a5,opta:Player:2kwdeay6pvg3d7rxyqtyuds7o,nwsl::Football_Team::cbfcacbef5bc4a278442c00926ac9ebc,Denver Summit,Lourdes,Bosch,L. Bosch,Midfielder,Mexico,19,3,,MEX,,opta:Team:b6ztd03z31b0yfcae0qovefpw,Denver,DEN,Denver Summit,US,True,0,0,0,0,0,0,0,0,0,0,0,0,0,0,0,,0,,0,0,0,0,0,0,0.0,0.0,0.0,0.0,0.0,0.0,0,0,0,0,0,0,0,0,0,0,0,0,0,,,,,,,,,,,,,,,,,,,,,,,,,,,,,,,,,,,,,,,,,,,,,,,,,,,,,,,,,,,,,,,,,,,,,,,,,,,,,,,,,,,,,,,,,,,,,,,,,,,,,,,,,,,,,,,,,,,,,,,,,,,,,,True,0,0,0,0,0,0,0.0,0,0,0,0,0,0,True,0,0,0,0,True,0,0,0,0,0,0
2026,nwsl::Football_Season::0b6761e4701749f593690c0f338da74c,nwsl::Football_Player::5fc1b3b61f604e8fb3ca8fe5a154cde9,opta:Player:1uf4321zvio3hrwfu4z4jxp7t,nwsl::Football_Team::c3e9513e280b41e5bfbb8230076e8c43,Orlando Pride,Kylie,Nadaner,K. Nadaner,Defender,USA,3,2,,USA,,opta:Team:966pdxhsoxaib9qt5083h8uus,Pride,ORL,Orlando Pride,US,True,0,0,0,0,0,0,0,0,0,0,0,0,0,0,0,,0,,0,0,0,0,0,0,0.0,0.0,0.0,0.0,0.0,0.0,0,0,0,0,0,0,0,0,0,0,0,0,0,,,,,,,,,,,,,,,,,,,,,,,,,,,,,,,,,,,,,,,,,,,,,,,,,,,,,,,,,,,,,,,,,,,,,,,,,,,,,,,,,,,,,,,,,,,,,,,,,,,,,,,,,,,,,,,,,,,,,,,,,,,,,,True,0,0,0,0,0,0,0.0,0,0,0,0,0,0,True,0,0,0,0,True,0,0,0,0,0,0
2026,nwsl::Football_Season::0b6761e4701749f593690c0f338da74c,nwsl::Football_Player::60a64a63fbee40239bd02e30ababee62,opta:Player:25bvylwz0w0wzoj0uwk45ru38,nwsl::Football_Team::2c1699409ff84c9eb491aeaca3d3edde,Kansas City Current,Clare,Gagne,C. Gagne,Goalkeeper,USA,,1,,USA,,opta:Team:agxipc0vk4rtg09amjxv10nx0,KC Current,KC,Kansas City Current,US,True,0,0,0,0,0,0,0,0,0,0,0,0,0,0,0,,0,,0,0,0,0,0,0,0.0,0.0,0.0,0.0,0.0,0.0,0,0,0,0,0,0,0,0,0,0,0,0,0,,,,,,,,,,,,,,,,,,,,,,,,,,,,,,,,,,,,,,,,,,,,,,,,,,,,,,,,,,,,,,,,,,,,,,,,,,,,,,,,,,,,,,,,,,,,,,,,,,,,,,,,,,,,,,,,,,,,,,,,,,,,,,True,0,0,0,0,0,0,0.0,0,0,0,0,0,0,True,0,0,0,0,True,0,0,0,0,0,0
2026,nwsl::Football_Season::0b6761e4701749f593690c0f338da74c,nwsl::Football_Player::625570ba882b4714a771f4f09fd81cf6,opta:Player:17s72vnhd0h3w453e79clq2vo,nwsl::Football_Team::96ba7b37bd8544a1a7329183459150ff,Portland Thorns,Nina,Nijstad,N. Nijstad,Midfielder,Netherlands,20,3,,NLD,,opta:Team:446mp88j1vpk9iwui9fiifrp8,Thorns,POR,Portland Thorns,US,True,2,91,0,0,0,0,0,0,0,1,0,0,0,0,0,72.0,3,2.97,0,0,0,0,0,0,0.0,0.0,0.0,33.33,100.0,0.0,0,0,0,0,0,0,0,0,0,0,0,0,0,1.0,,1.0,2.0,1.0,,4.0,,,,3.0,2.0,1.0,4.0,7.0,1.0,3.0,,,,2.0,2.0,,,1.0,,4.0,,14.0,,,,,1.0,1.0,1.0,3.0,,2.0,,,,1.0,1.0,1.0,,,,,,1.0,10.0,5.0,5.0,9.0,,,,,91.0,,,,,1.0,,6.0,14.0,,10.0,,2.0,4.0,22.0,,,,1.0,1.0,1.0,3.0,3.0,,,,0.0,,,,,,,,,,,,,,,,,,,,,,,,,,,,,,,,,,,,,,,,True,0,0,10,0,14,0,0.0,1,6,0,2,1,0,True,0,0,1,1,True,0,0,50,0,0,0
2026,nwsl::Football_Season::0b6761e4701749f593690c0f338da74c,nwsl::Football_Player::63930b6af7c94ec3bd5980802a154971,opta:Player:7in4ykzbs8p44qy4jrb10p0wl,nwsl::Football_Team::9587b8ce40624165903b6bc9fd252634,Angel City,Hina,Sugita,H. Sugita,Midfielder,Japan,7,3,,JPN,,opta:Team:6hbfgdczbi3yg4sdpqgtu6s,Angel City,LA,Angel City,US,True,0,0,0,0,0,0,0,0,0,0,0,0,0,0,0,,0,,0,0,0,0,0,0,0.0,0.0,0.0,0.0,0.0,0.0,0,0,0,0,0,0,0,0,0,0,0,0,0,,,,,,,,,,,,,,,,,,,,,,,,,,,,,,,,,,,,,,,,,,,,,,,,,,,,,,,,,,,,,,,,,,,,,,,,,,,,,,,,,,,,,,,,,,,,,,,,,,,,,,,,,,,,,,,,,,,,,,,,,,,,,,True,0,0,0,0,0,0,0.0,0,0,0,0,0,0,True,0,0,0,0,True,0,0,0,0,0,0
2026,nwsl::Football_Season::0b6761e4701749f593690c0f338da74c,nwsl::Football_Player::63da20737e074579b1383973fc24c6a1,opta:Player:5fyfbevwr4aisqn4969aripsk,nwsl::Football_Team::269e825b853f4b43a9d38390aa92bf6e,Chicago Stars,Micayla,Johnson,M. Johnson,Forward,USA,23,4,,USA,,opta:Team:dzxypx8djih58p668surbi4qm,Chicago Stars,CHI,Chicago Stars,US,True,12,150,0,0,5,0,1,0,3,2,0,0,0,0,0,77.0,7,4.2,0,0,0,0,0,0,0.1087,-0.1087,50.0,55.56,0.0,40.0,0,0,0,0,0,0,0,0,0,0,0,0,0,,,,12.0,19.0,,27.0,,,1.0,18.0,8.0,10.0,34.0,7.0,1.0,7.0,,,,18.0,8.0,10.0,,2.0,2.0,13.0,,45.0,,,,,16.0,5.0,2.0,7.0,,7.0,2.0,4.0,1.0,,,12.0,2.0,2.0,4.0,,1.0,1.0,34.0,23.0,14.0,34.0,3.0,,,,150.0,6.0,,,1.0,2.0,,28.0,46.0,5.0,35.0,6.0,4.0,11.0,90.0,3.0,3.0,1.0,,,11.0,3.0,11.0,,,,0.0,,,,,,,,,,,,,,,,,,,,,,,,,,,,,,,,,,,,,,,,True,0,0,35,0,51,2,0.0,1,28,5,1,1,0,True,3,50,2,0,True,0,0,100,1,0,0
2026,nwsl::Football_Season::0b6761e4701749f593690c0f338da74c,nwsl::Football_Player::65a0ea8a31f94c8c859c40d5fe7b9f7a,opta:Player:dkpal8ot7pn54hww46apjnfo4,nwsl::Football_Team::1151140adfc24339ba1c93cb0b6b0238,Seattle Reign,Evan,O'Steen,E. O'Steen,Goalkeeper,USA,18,1,,USA,,opta:Team:bl53jk6zlfe5f583pil7xzwi5,Reign,SEA,Seattle Reign,US,True,0,0,0,0,0,0,0,0,0,0,0,0,0,0,0,,0,,0,0,0,0,0,0,0.0,0.0,0.0,0.0,0.0,0.0,0,0,0,0,0,0,0,0,0,0,0,0,0,,,,,,,,,,,,,,,,,,,,,,,,,,,,,,,,,,,,,,,,,,,,,,,,,,,,,,,,,,,,,,,,,,,,,,,,,,,,,,,,,,,,,,,,,,,,,,,,,,,,,,,,,,,,,,,,,,,,,,,,,,,,,,True,0,0,0,0,0,0,0.0,0,0,0,0,0,0,True,0,0,0,0,True,0,0,0,0,0,0
2026,nwsl::Football_Season::0b6761e4701749f593690c0f338da74c,nwsl::Football_Player::65b00a37c89a4fbaba9fbfb76969a7df,opta:Player:82vhbi5bl9wmvsej0qlql2nvu,nwsl::Football_Team::c3e9513e280b41e5bfbb8230076e8c43,Orlando Pride,Nicole,Payne,N. Payne,Defender,Nigeria,23,2,,NGA,,opta:Team:966pdxhsoxaib9qt5083h8uus,Pride,ORL,Orlando Pride,US,True,8,375,1,0,2,1,1,0,3,4,5,1,0,0,0,75.0,6,1.44,0,0,0,0,0,0,0.3168,0.6832,75.0,41.38,50.0,18.18,0,0,0,0,0,0,0,0,0,0,0,0,0,2.0,1.0,1.0,8.0,22.0,3.0,52.0,,,1.0,29.0,17.0,12.0,73.0,23.0,2.0,6.0,,1.0,,27.0,16.0,11.0,,2.0,2.0,29.0,1.0,87.0,,,,1.0,31.0,11.0,3.0,13.0,1.0,13.0,2.0,1.0,1.0,3.0,3.0,5.0,2.0,2.0,2.0,,,,65.0,41.0,26.0,65.0,1.0,,1.0,10.0,375.0,10.0,,,,4.0,5.0,56.0,87.0,2.0,65.0,4.0,8.0,22.0,163.0,9.0,9.0,4.0,1.0,1.0,21.0,10.0,21.0,2.0,0.0,1.0,1.0,,1.0,,,,,,,,,,,,,,,,,,,,,,,,,,,1.0,,,,,,,,,,,True,0,0,65,0,98,2,0.0,0,56,11,1,0,0,True,3,75,2,2,True,0,0,0,0,0,0
2026,nwsl::Football_Season::0b6761e4701749f593690c0f338da74c,nwsl::Football_Player::674512a48d504c99be8523ea6cb6f7d3,opta:Player:2o7u5vupxlxjpjmthnu424ob8,nwsl::Football_Team::2c1699409ff84c9eb491aeaca3d3edde,Kansas City Current,Katie,Cappelletti,K. Cappelletti,Goalkeeper,USA,33,1,,USA,,opta:Team:agxipc0vk4rtg09amjxv10nx0,KC Current,KC,Kansas City Current,US,True,0,0,0,0,0,0,0,0,0,0,0,0,0,0,0,,0,,0,0,0,0,0,0,0.0,0.0,0.0,0.0,0.0,0.0,0,0,0,0,0,0,0,0,0,0,0,0,0,,,,,,,,,,,,,,,,,,,,,,,,,,,,,,,,,,,,,,,,,,,,,,,,,,,,,,,,,,,,,,,,,,,,,,,,,,,,,,,,,,,,,,,,,,,,,,,,,,,,,,,,,,,,,,,,,,,,,,,,,,,,,,True,0,0,0,0,0,0,0.0,0,0,0,0,0,0,True,0,0,0,0,True,0,0,0,0,0,0
2026,nwsl::Football_Season::0b6761e4701749f593690c0f338da74c,nwsl::Football_Player::676004a629cb4668972a79f81ed48f2f,opta:Player:270qzf9ig52z04iu3ujnmstg4,nwsl::Football_Team::269e825b853f4b43a9d38390aa92bf6e,Chicago Stars,Ryan,Gareis,R. Gareis,Forward,USA,24,4,,USA,,opta:Team:dzxypx8djih58p668surbi4qm,Chicago Stars,CHI,Chicago Stars,US,True,11,923,0,2,11,2,4,2,6,4,3,7,0,0,0,71.0,20,1.95,0,0,1,0,0,0,1.1944,-1.1944,50.0,30.0,0.0,11.76,0,0,0,0,0,0,0,0,0,0,0,0,0,4.0,4.0,,11.0,65.0,2.0,97.0,2.0,,7.0,60.0,42.0,18.0,146.0,68.0,2.0,19.0,1.0,,,56.0,38.0,18.0,,7.0,7.0,14.0,7.0,250.0,4.0,,,1.0,64.0,17.0,5.0,35.0,,105.0,9.0,7.0,4.0,11.0,5.0,,2.0,2.0,3.0,,4.0,1.0,176.0,99.0,81.0,177.0,6.0,,3.0,9.0,923.0,28.0,4.0,,11.0,4.0,3.0,141.0,252.0,11.0,178.0,12.0,23.0,74.0,395.0,15.0,15.0,18.0,4.0,14.0,67.0,22.0,60.0,,,,0.0,1.0,,2.0,,,,,,,,,,,,,,,,,,,,,,,,,,,,1.0,,,,,,,,,True,0,0,178,0,269,2,0.2,1,141,17,15,1,0,True,6,50,7,4,True,0,0,7,11,0,0
2026,nwsl::Football_Season::0b6761e4701749f593690c0f338da74c,nwsl::Football_Player::68b02adc0cac4f9280733b42cd06ddc2,opta:Player:9ohn9m84cy89huz745lirkted,nwsl::Football_Team::c83f2ca05aa84c738b5373f0d2a31b39,Gotham FC,Jess,Carter,J. Carter,Defender,England,27,2,,ENG,,opta:Team:bgkfdckqfqnfbmecbtz03n76d,Gotham FC,GFC,Gotham FC,US,True,18,1442,0,0,0,0,0,0,29,7,5,0,3,0,0,90.0,10,0.62,0,0,0,0,0,0,0.0,0.0,78.38,59.77,38.89,0.0,0,0,0,0,0,0,0,0,0,0,0,0,0,18.0,11.0,7.0,18.0,97.0,,182.0,9.0,,2.0,87.0,35.0,52.0,71.0,322.0,2.0,8.0,2.0,,,69.0,24.0,45.0,,24.0,1.0,340.0,,969.0,2.0,,,1.0,75.0,24.0,10.0,64.0,,251.0,1.0,,,17.0,4.0,1.0,,,3.0,22.0,,61.0,859.0,279.0,620.0,838.0,8.0,,3.0,45.0,1442.0,5.0,,,67.0,7.0,5.0,134.0,1010.0,,899.0,37.0,2.0,111.0,1251.0,1.0,1.0,2.0,40.0,58.0,69.0,43.0,53.0,,,,0.0,,8.0,,,,1.0,5.0,5.0,,,,,,,,,,,,,,,,,,,,2.0,,,,,,,,,,,,True,0,0,899,0,1011,0,0.0,61,134,1,119,61,0,True,29,78,24,18,True,0,0,51,67,0,0
2026,nwsl::Football_Season::0b6761e4701749f593690c0f338da74c,nwsl::Football_Player::694fcd67a9ff400ebb8ee3d76ed65d71,opta:Player:c4k633l6qwc6qhgqyumls5dzo,nwsl::Football_Team::ca719042b34443c4bcfe380ca4850eaf,San Diego Wave,Tatum,Wynalda,T. Wynalda,Midfielder,USA,19,3,,USA,,opta:Team:esvbnzqbyvxp2k570ez7h1a1g,San Diego Wave,SD,San Diego Wave,US,True,13,117,0,0,1,0,0,0,6,2,5,0,0,0,0,88.0,0,0.0,2,0,0,0,0,0,0.1629,-0.1629,66.67,68.0,100.0,25.0,0,0,0,0,0,0,0,0,0,0,0,0,0,2.0,,2.0,13.0,11.0,,37.0,,2.0,2.0,25.0,8.0,17.0,46.0,22.0,,,,,,23.0,8.0,15.0,,3.0,1.0,11.0,,57.0,,,,,21.0,5.0,2.0,8.0,,18.0,1.0,1.0,,,,13.0,2.0,2.0,1.0,1.0,1.0,2.0,49.0,41.0,15.0,52.0,3.0,,3.0,8.0,117.0,4.0,1.0,,5.0,2.0,5.0,26.0,62.0,1.0,54.0,9.0,4.0,8.0,121.0,6.0,6.0,2.0,3.0,5.0,11.0,3.0,3.0,,,,0.0,,,,,,,,,,,,,,,,,,,,,,,,,,,,,,,,,,,,,,,,True,0,0,54,0,70,2,0.0,2,26,8,7,2,0,True,6,67,3,2,True,0,0,29,5,0,0
2026,nwsl::Football_Season::0b6761e4701749f593690c0f338da74c,nwsl::Football_Player::6a0f8138983847b9b9b165b4d961ba81,opta:Player:dfcrqeawzmz4xjcuz4ti93w2c,nwsl::Football_Team::fb41ef4439dd495098cb6d40415767cc,North Carolina Courage,Sydney,Schmidt,S. Schmidt,Defender,USA,,2,,USA,,opta:Team:b4fbmos00gxtk8qnaqsm392p5,Courage,NC,North Carolina Courage,US,True,3,73,0,0,1,0,0,0,2,0,1,0,0,0,0,89.0,3,3.7,0,0,0,0,0,0,0.1016,-0.1016,100.0,60.0,0.0,0.0,0,0,0,0,0,0,0,0,0,0,0,0,0,,,,3.0,4.0,1.0,7.0,,,,5.0,2.0,3.0,14.0,8.0,,3.0,,,,5.0,2.0,3.0,,3.0,1.0,,,17.0,,,,,6.0,2.0,2.0,4.0,,5.0,1.0,1.0,,1.0,1.0,2.0,,,,1.0,1.0,2.0,15.0,7.0,8.0,13.0,,,3.0,4.0,73.0,2.0,,,2.0,,1.0,11.0,17.0,1.0,15.0,2.0,1.0,2.0,42.0,2.0,2.0,1.0,,,4.0,,2.0,,,,0.0,,,,,,,,,,,,,,,,,,,,,,,,,,,,,,,,,,,,,,,,True,0,0,15,0,19,0,0.0,2,11,2,2,2,0,True,2,100,3,0,True,0,0,100,2,0,0
2026,nwsl::Football_Season::0b6761e4701749f593690c0f338da74c,nwsl::Football_Player::6bb4476d3ca34d72aaed6bfe3080bc8c,opta:Player:bdrbydq468swv53zgjul54zkk,nwsl::Football_Team::96ba7b37bd8544a1a7329183459150ff,Portland Thorns,Erin,McKinney,E. McKinney,Goalkeeper,USA,40,1,,USA,,opta:Team:446mp88j1vpk9iwui9fiifrp8,Thorns,POR,Portland Thorns,US,True,0,0,0,0,0,0,0,0,0,0,0,0,0,0,0,,0,,0,0,0,0,0,0,0.0,0.0,0.0,0.0,0.0,0.0,0,0,0,0,0,0,0,0,0,0,0,0,0,,,,,,,,,,,,,,,,,,,,,,,,,,,,,,,,,,,,,,,,,,,,,,,,,,,,,,,,,,,,,,,,,,,,,,,,,,,,,,,,,,,,,,,,,,,,,,,,,,,,,,,,,,,,,,,,,,,,,,,,,,,,,,True,0,0,0,0,0,0,0.0,0,0,0,0,0,0,True,0,0,0,0,True,0,0,0,0,0,0
2026,nwsl::Football_Season::0b6761e4701749f593690c0f338da74c,nwsl::Football_Player::6c46721d5109405395df45ddfd680316,opta:Player:cenm8mly98mwv2630hcke4fmc,nwsl::Football_Team::9587b8ce40624165903b6bc9fd252634,Angel City,Casey,Phair,Casey Phair,Forward,Korea Republic,9,4,,KOR,,opta:Team:6hbfgdczbi3yg4sdpqgtu6s,Angel City,LA,Angel City,US,True,7,156,0,0,2,0,1,0,1,10,0,1,3,0,0,55.0,3,1.73,0,0,0,0,0,0,0.2481,-0.2481,100.0,11.11,16.67,0.0,0,0,0,0,0,0,0,0,0,0,0,0,0,12.0,10.0,2.0,7.0,7.0,1.0,7.0,,,2.0,27.0,24.0,3.0,24.0,4.0,5.0,2.0,1.0,,,15.0,14.0,1.0,,,1.0,4.0,1.0,23.0,,,,,3.0,3.0,2.0,2.0,,9.0,1.0,1.0,1.0,1.0,1.0,6.0,,,,,1.0,1.0,12.0,7.0,6.0,12.0,,,,,156.0,4.0,,,2.0,10.0,,21.0,24.0,2.0,13.0,1.0,6.0,11.0,47.0,,,1.0,,1.0,8.0,3.0,10.0,,,,0.0,,,,,,,,,,,,,,,,,,,,,,,,,,,,,,,,,,,,,,,,True,0,0,13,0,24,0,0.0,1,21,0,2,1,0,True,1,100,0,12,True,0,0,50,2,0,0
2026,nwsl::Football_Season::0b6761e4701749f593690c0f338da74c,nwsl::Football_Player::6d53483ebf1e436d96c8edacb96a8cca,opta:Player:7r2jzoz6ulx8825h4hh3la0kq,nwsl::Football_Team::d2d8efe548734dfd8bc667b5a52a079a,Boston Legacy,Annie,Karich,A. Karich,Midfielder,USA,6,3,,USA,,opta:Team:2yppf5jwqllc49s0qkbkchvkk,Boston Legacy,BOS,Boston Legacy,US,True,18,1619,0,0,13,0,4,0,27,20,14,1,5,0,0,83.0,24,1.33,0,0,0,0,0,0,0.5694,-0.5694,57.45,57.24,59.09,0.0,0,0,0,0,0,0,0,0,0,0,0,0,0,22.0,9.0,13.0,18.0,133.0,2.0,188.0,3.0,,1.0,152.0,65.0,87.0,181.0,365.0,14.0,22.0,2.0,,,130.0,56.0,74.0,,17.0,14.0,233.0,1.0,937.0,1.0,,,5.0,84.0,43.0,19.0,105.0,,249.0,14.0,9.0,4.0,18.0,1.0,,,,14.0,3.0,20.0,39.0,773.0,402.0,411.0,774.0,20.0,3.0,,4.0,1619.0,28.0,,,49.0,20.0,14.0,227.0,980.0,13.0,813.0,47.0,8.0,167.0,1265.0,,,15.0,20.0,45.0,104.0,63.0,122.0,1.0,,,0.0,,2.0,,,,,,,,,,,,,,,,,,,,,,,,,,,,1.0,,,,,,,,,,True,0,0,813,0,980,0,0.0,39,227,0,84,39,0,True,27,57,17,22,True,0,1,46,49,0,0
2026,nwsl::Football_Season::0b6761e4701749f593690c0f338da74c,nwsl::Football_Player::6d6d4a5642834e01ac61867306e1e367,opta:Player:2hrfvd8ehpwmr8wgyn1wqryp6,nwsl::Football_Team::2c1699409ff84c9eb491aeaca3d3edde,Kansas City Current,Laney,Rouse,L. Rouse,Defender,USA,2,2,,USA,,opta:Team:agxipc0vk4rtg09amjxv10nx0,KC Current,KC,Kansas City Current,US,True,13,869,0,1,1,1,0,1,19,13,11,2,0,0,0,79.0,12,1.24,1,0,0,0,0,0,0.0873,-0.0873,61.29,62.5,59.26,33.33,0,0,0,0,0,0,0,0,0,0,0,0,0,27.0,11.0,16.0,13.0,57.0,,80.0,3.0,1.0,3.0,96.0,36.0,60.0,123.0,207.0,7.0,10.0,2.0,,,69.0,25.0,44.0,1.0,17.0,3.0,132.0,2.0,409.0,2.0,,,,61.0,16.0,7.0,37.0,,26.0,4.0,1.0,,10.0,1.0,3.0,6.0,5.0,2.0,1.0,,10.0,320.0,130.0,208.0,322.0,12.0,,45.0,89.0,869.0,11.0,1.0,,53.0,13.0,11.0,171.0,422.0,1.0,332.0,31.0,8.0,90.0,750.0,9.0,9.0,7.0,14.0,29.0,65.0,34.0,61.0,,,,0.0,1.0,2.0,1.0,,,,,,1.0,,,,,,,,,,,,,,,,,,,,,,1.0,,,,,,,,,True,0,0,332,0,437,5,0.1,10,171,15,39,10,0,True,19,61,17,27,True,0,0,26,53,0,0
2026,nwsl::Football_Season::0b6761e4701749f593690c0f338da74c,nwsl::Football_Player::6dbc458562f2406cb714ae051cf4d8c2,opta:Player:36a4o7td0j3hr34etfmst5zze,nwsl::Football_Team::cbfcacbef5bc4a278442c00926ac9ebc,Denver Summit,Devin,Lynch,D. Lynch,Midfielder,USA,5,3,,USA,,opta:Team:b6ztd03z31b0yfcae0qovefpw,Denver,DEN,Denver Summit,US,True,16,1341,0,0,4,0,0,0,25,14,11,0,1,0,0,77.0,19,1.28,1,0,0,0,0,0,0.3156,-0.3156,62.5,59.17,61.11,0.0,0,0,0,0,0,0,0,0,0,0,0,0,0,18.0,7.0,11.0,16.0,81.0,,111.0,2.0,1.0,3.0,120.0,49.0,71.0,107.0,160.0,7.0,18.0,1.0,,,102.0,42.0,60.0,1.0,31.0,6.0,105.0,,475.0,1.0,,,3.0,41.0,37.0,21.0,75.0,,134.0,6.0,4.0,,16.0,8.0,,,,9.0,1.0,10.0,30.0,365.0,180.0,189.0,339.0,15.0,,,,1341.0,21.0,2.0,,17.0,14.0,11.0,165.0,480.0,4.0,369.0,40.0,6.0,111.0,706.0,5.0,4.0,9.0,7.0,17.0,80.0,36.0,94.0,1.0,,,0.0,,6.0,,,,,,,,1.0,,,,,,,,,,,,,,,,,,,,,,,,,,,,,,True,0,0,369,0,485,0,0.0,30,165,5,47,30,0,True,25,62,31,18,True,0,0,64,17,0,0
2026,nwsl::Football_Season::0b6761e4701749f593690c0f338da74c,nwsl::Football_Player::6eb214e42ba44ea59f98afee41a268d0,opta:Player:e1irspfo9xupqz2sqvyq1zp0q,nwsl::Football_Team::2c1699409ff84c9eb491aeaca3d3edde,Kansas City Current,Michelle,Cooper,M. Cooper,Forward,USA,17,4,,USA,,opta:Team:agxipc0vk4rtg09amjxv10nx0,KC Current,KC,Kansas City Current,US,True,13,903,4,3,16,7,10,3,11,12,12,1,1,0,0,63.0,13,1.3,1,0,4,0,0,0,2.9146,1.0854,52.38,45.71,37.5,17.86,0,0,0,0,0,0,0,0,0,0,0,0,0,8.0,5.0,3.0,13.0,60.0,3.0,116.0,1.0,1.0,9.0,105.0,57.0,48.0,215.0,81.0,6.0,12.0,1.0,4.0,4.0,97.0,52.0,45.0,,6.0,6.0,99.0,1.0,245.0,6.0,,,1.0,79.0,25.0,14.0,55.0,3.0,7.0,9.0,6.0,10.0,12.0,11.0,1.0,5.0,5.0,12.0,,2.0,11.0,152.0,104.0,55.0,143.0,10.0,3.0,6.0,10.0,903.0,35.0,4.0,2.0,7.0,12.0,12.0,196.0,247.0,16.0,154.0,21.0,50.0,93.0,485.0,23.0,23.0,20.0,7.0,15.0,92.0,24.0,78.0,1.0,1.0,3.0,3.0,3.0,,3.0,1.0,3.0,,,,,,,,,,,,,,,,,,,,,,,,,,,,1.0,,,,,,,True,0,0,154,0,275,5,0.3,11,196,28,26,11,0,True,11,52,6,8,True,0,0,42,7,0,0
2026,nwsl::Football_Season::0b6761e4701749f593690c0f338da74c,nwsl::Football_Player::6f1a3b3b9e0447f0aaffa25a360d29ee,opta:Player:6zvfcc67po0ofvl1twrv13tg5,nwsl::Football_Team::cbfcacbef5bc4a278442c00926ac9ebc,Denver Summit,Carson,Pickett,C. Pickett,Defender,USA,19,2,,USA,,opta:Team:b6ztd03z31b0yfcae0qovefpw,Denver,DEN,Denver Summit,US,True,13,723,0,0,4,0,0,0,4,4,2,0,0,0,0,78.0,8,1.0,17,0,0,0,0,0,0.5195,-0.5195,50.0,53.57,0.0,3.45,0,0,0,0,0,0,0,0,0,0,0,0,0,3.0,3.0,,13.0,36.0,2.0,47.0,2.0,17.0,1.0,28.0,13.0,15.0,88.0,191.0,,8.0,,,,25.0,10.0,15.0,,15.0,9.0,13.0,,334.0,,,,,23.0,7.0,3.0,30.0,,112.0,9.0,4.0,,8.0,5.0,5.0,11.0,1.0,5.0,5.0,,17.0,256.0,127.0,156.0,255.0,4.0,,2.0,2.0,723.0,4.0,1.0,,21.0,4.0,2.0,110.0,352.0,4.0,272.0,8.0,7.0,80.0,470.0,18.0,8.0,3.0,14.0,32.0,69.0,29.0,48.0,,,,0.0,,5.0,,,,1.0,,,10.0,6.0,,,,,,,,,,,,,,,,,,,,,,,,,,,,1.0,,True,0,0,272,0,381,1,0.0,17,110,29,49,17,0,True,4,50,15,3,True,0,0,35,21,0,0
2026,nwsl::Football_Season::0b6761e4701749f593690c0f338da74c,nwsl::Football_Player::6f371e0118d64bd0a1fce9f4cf6d52d1,opta:Player:1jlc387u7fdpnnus9nlsb179w,nwsl::Football_Team::c31d72afc09f42ee86418633aa41390a,Washington Spirit,Rosemonde,Kouassi,R. Kouassi,Forward,Côte d'Ivoire,19,4,,CIV,,opta:Team:f1ks82wpiewyqs6h3oz9v4hzj,Spirit,WAS,Washington Spirit,US,True,15,992,0,3,8,3,5,3,27,22,20,5,0,0,0,78.0,8,0.73,3,0,0,1,0,0,2.0664,-2.0664,84.38,46.99,62.5,29.17,0,0,0,0,0,0,0,0,0,0,0,0,0,8.0,3.0,5.0,15.0,76.0,2.0,153.0,,3.0,10.0,166.0,88.0,78.0,262.0,63.0,16.0,6.0,2.0,,,158.0,85.0,73.0,2.0,6.0,28.0,101.0,5.0,268.0,5.0,,1.0,,97.0,28.0,14.0,64.0,,31.0,31.0,3.0,5.0,11.0,9.0,4.0,7.0,7.0,21.0,,,4.0,206.0,156.0,60.0,205.0,5.0,,,1.0,992.0,55.0,4.0,4.0,,22.0,20.0,183.0,271.0,8.0,209.0,32.0,50.0,62.0,527.0,17.0,17.0,34.0,1.0,2.0,62.0,17.0,60.0,,,,0.0,2.0,,3.0,,,,,,,,,,,,,,,,,,,,,,,,,,,,,,,,,,,,,True,0,0,209,0,295,7,0.27,4,183,24,6,4,0,True,27,84,6,8,True,0,0,67,0,0,0
2026,nwsl::Football_Season::0b6761e4701749f593690c0f338da74c,nwsl::Football_Player::6f8212aec8f14cdbbd061c7129d3dc20,opta:Player:15u9zrm4e4gosthf1vmkp5ht6,nwsl::Football_Team::acffc559cf7d485a9c05fa23ab57054b,Utah Royals,Kate,Del Fava,K. Del Fava,Defender,USA,8,2,,USA,,opta:Team:bn7w86uw8j61dga3xr5s0yiju,Royals,UTA,Utah Royals,US,True,18,1620,2,0,16,2,4,0,18,12,14,2,2,0,0,83.0,19,1.06,0,0,0,0,0,0,2.3716,-0.3716,58.06,65.97,65.15,0.0,0,0,0,0,0,0,0,0,0,0,0,0,0,66.0,23.0,43.0,18.0,93.0,2.0,213.0,6.0,,1.0,144.0,49.0,95.0,54.0,375.0,6.0,16.0,3.0,,2.0,78.0,26.0,52.0,,26.0,4.0,278.0,2.0,819.0,,,,2.0,119.0,22.0,10.0,75.0,,132.0,4.0,12.0,4.0,18.0,,,,,7.0,9.0,,47.0,670.0,250.0,476.0,679.0,13.0,,,5.0,1620.0,6.0,,1.0,94.0,12.0,14.0,177.0,878.0,16.0,726.0,31.0,22.0,152.0,1147.0,1.0,1.0,,38.0,60.0,99.0,54.0,92.0,,1.0,1.0,0.0,,15.0,,,2.0,1.0,18.0,18.0,,,,,,,,,,,,,,,,,,,,1.0,,,3.0,2.0,,,,,,,,True,0,0,726,0,879,0,0.0,47,177,1,107,47,0,True,18,58,26,66,True,0,0,44,94,0,0
2026,nwsl::Football_Season::0b6761e4701749f593690c0f338da74c,nwsl::Football_Player::6fb7c24fe454404c899f51d0a7ea2e84,opta:Player:ccw8gtkcahxf21rutqldjvkve,nwsl::Football_Team::2c1699409ff84c9eb491aeaca3d3edde,Kansas City Current,Temwa,Chawinga,Temwa Chawinga,Forward,Malawi,6,4,,MWI,,opta:Team:agxipc0vk4rtg09amjxv10nx0,KC Current,KC,Kansas City Current,US,True,11,770,9,2,22,11,15,2,6,10,7,3,0,0,0,66.0,11,1.29,0,0,0,0,0,0,9.0955,-0.0955,46.15,39.77,28.57,50.0,0,0,0,0,0,0,0,0,0,0,0,0,0,14.0,10.0,4.0,11.0,33.0,4.0,69.0,2.0,,4.0,88.0,53.0,35.0,167.0,31.0,5.0,8.0,3.0,9.0,9.0,74.0,43.0,31.0,1.0,3.0,13.0,14.0,3.0,137.0,1.0,,,,45.0,13.0,7.0,49.0,8.0,59.0,15.0,7.0,15.0,10.0,7.0,1.0,1.0,1.0,11.0,,2.0,1.0,90.0,75.0,16.0,89.0,7.0,,1.0,,770.0,28.0,6.0,9.0,7.0,10.0,7.0,108.0,137.0,22.0,90.0,13.0,61.0,47.0,286.0,1.0,1.0,16.0,3.0,5.0,43.0,5.0,42.0,1.0,8.0,1.0,3.0,1.0,,2.0,1.0,9.0,,,,,,,,,1.0,,,,,,,,,,,,,,,,,,,,,,,,,,True,0,0,90,0,139,1,0.23,1,108,2,6,1,0,True,6,46,3,14,True,0,0,17,7,0,0
2026,nwsl::Football_Season::0b6761e4701749f593690c0f338da74c,nwsl::Football_Player::71105581a0a143b18ac92760cc09c609,opta:Player:4wgwp2bd4xrjbg7s4p193aooa,nwsl::Football_Team::2c1699409ff84c9eb491aeaca3d3edde,Kansas City Current,Croix,Bethune,C. Bethune,Midfielder,USA,7,3,,USA,,opta:Team:agxipc0vk4rtg09amjxv10nx0,KC Current,KC,Kansas City Current,US,True,18,1392,3,7,32,10,22,7,25,12,23,5,1,0,0,70.0,20,1.29,18,0,1,0,0,0,5.585,-2.585,78.12,52.94,50.0,18.18,0,0,0,0,0,0,0,0,0,0,0,0,0,10.0,5.0,5.0,18.0,92.0,6.0,218.0,,18.0,9.0,187.0,88.0,99.0,375.0,192.0,5.0,17.0,3.0,2.0,3.0,177.0,83.0,94.0,,18.0,19.0,128.0,5.0,493.0,10.0,,,1.0,143.0,41.0,21.0,122.0,1.0,113.0,26.0,10.0,22.0,17.0,12.0,1.0,4.0,4.0,39.0,,7.0,21.0,337.0,266.0,105.0,346.0,7.0,9.0,,10.0,1392.0,62.0,10.0,6.0,7.0,12.0,23.0,306.0,525.0,32.0,367.0,32.0,63.0,158.0,904.0,18.0,9.0,33.0,4.0,23.0,147.0,29.0,135.0,2.0,2.0,1.0,0.0,5.0,2.0,7.0,2.0,1.0,,,,,6.0,,,,,,,,,,,,,,,,,,,,,,,,,,,,,,True,0,0,367,0,547,4,0.45,21,306,22,44,21,0,True,25,78,18,10,True,0,0,48,7,0,0
2026,nwsl::Football_Season::0b6761e4701749f593690c0f338da74c,nwsl::Football_Player::7236536b21294992852d88dafabcc6ef,opta:Player:eblfqwhpxhw6775m134ov2e0a,nwsl::Football_Team::d2d8efe548734dfd8bc667b5a52a079a,Boston Legacy,Deja,Davis,D. Davis,Defender,USA,29,2,,USA,,opta:Team:2yppf5jwqllc49s0qkbkchvkk,Boston Legacy,BOS,Boston Legacy,US,True,1,1,0,0,0,0,0,0,0,0,0,0,0,0,0,100.0,0,0.0,0,0,0,0,0,0,0.0,0.0,0.0,0.0,0.0,0.0,0,0,0,0,0,0,0,0,0,0,0,0,0,,,,1.0,,,,,,,,,,,,,,,,,,,,,,,1.0,,1.0,,,,,,,,,,,,,,,,1.0,,,,,,,1.0,,1.0,1.0,,,,,1.0,,,,,,,,1.0,,1.0,,,,1.0,,,,,,,,,,,,0.0,,,,,,,,,,,,,,,,,,,,,,,,,,,,,,,,,,,,,,,,True,0,0,1,0,1,0,0.0,0,0,0,0,0,0,True,0,0,0,0,True,0,0,0,0,0,0
2026,nwsl::Football_Season::0b6761e4701749f593690c0f338da74c,nwsl::Football_Player::72af8c4018b84dad9a4148ff1f920398,opta:Player:78i4mxu4hxwp995udteweftgp,nwsl::Football_Team::269e825b853f4b43a9d38390aa92bf6e,Chicago Stars,Jordyn,Huitema,J. Huitema,Forward,Canada,9,4,,CAN,,opta:Team:dzxypx8djih58p668surbi4qm,Chicago Stars,CHI,Chicago Stars,US,True,12,935,4,0,12,4,7,0,6,10,16,1,1,0,0,65.0,22,2.12,1,0,0,0,0,0,3.9516,0.0484,66.67,58.88,64.29,0.0,0,0,0,0,0,0,0,0,0,0,0,0,0,56.0,20.0,36.0,12.0,61.0,2.0,42.0,1.0,1.0,3.0,107.0,44.0,63.0,116.0,69.0,3.0,22.0,,1.0,4.0,51.0,24.0,27.0,,1.0,11.0,41.0,1.0,200.0,,,,2.0,16.0,9.0,3.0,12.0,1.0,40.0,11.0,5.0,7.0,12.0,5.0,,,,3.0,,21.0,1.0,126.0,86.0,50.0,135.0,3.0,1.0,,1.0,935.0,9.0,,4.0,16.0,10.0,16.0,103.0,211.0,12.0,136.0,9.0,24.0,75.0,314.0,2.0,1.0,2.0,3.0,4.0,57.0,20.0,71.0,3.0,4.0,0.0,3.0,,,,2.0,3.0,,,,,1.0,,,,,,,,,,,,,,,,,,,,,,1.0,,,,,,,,True,0,0,136,0,213,0,0.0,1,103,2,5,1,0,True,6,67,1,56,True,0,0,20,16,0,0
2026,nwsl::Football_Season::0b6761e4701749f593690c0f338da74c,nwsl::Football_Player::72c994fd6bc3415a818f19aed4abf9a6,opta:Player:5uoom5ctl8apr1v3ew3bhrlgq,nwsl::Football_Team::1151140adfc24339ba1c93cb0b6b0238,Seattle Reign,Sally,Menti,S. Menti,Midfielder,USA,17,3,,USA,,opta:Team:bl53jk6zlfe5f583pil7xzwi5,Reign,SEA,Seattle Reign,US,True,14,668,1,0,6,1,3,0,6,11,19,3,1,0,0,60.0,8,1.08,19,0,0,0,0,0,1.3058,-0.3058,46.15,53.75,35.71,4.35,0,0,0,0,0,0,0,0,0,0,0,0,0,14.0,9.0,5.0,14.0,25.0,3.0,33.0,,19.0,1.0,80.0,37.0,43.0,117.0,64.0,7.0,5.0,3.0,1.0,1.0,66.0,28.0,38.0,1.0,9.0,13.0,21.0,3.0,152.0,1.0,,,1.0,12.0,12.0,7.0,27.0,,45.0,13.0,3.0,3.0,8.0,8.0,6.0,12.0,1.0,6.0,,1.0,8.0,89.0,66.0,38.0,84.0,7.0,1.0,,1.0,668.0,15.0,1.0,,11.0,11.0,19.0,113.0,155.0,6.0,92.0,13.0,18.0,63.0,315.0,12.0,1.0,10.0,6.0,12.0,56.0,19.0,51.0,,0.0,1.0,0.0,,2.0,,1.0,,,,,10.0,9.0,,,,1.0,,,1.0,,,,,,,,,,,,,,,,,,,,,,,True,0,0,92,0,178,1,0.0,8,113,23,20,8,0,True,6,46,9,14,True,0,0,40,11,0,0
2026,nwsl::Football_Season::0b6761e4701749f593690c0f338da74c,nwsl::Football_Player::738125313bdc48eda09c29b610520e26,opta:Player:bfk6fgj2z7yifd9iqwjlk4pka,nwsl::Football_Team::c31d72afc09f42ee86418633aa41390a,Washington Spirit,Trinity,Rodman,T. Rodman,Forward,USA,2,4,,USA,,opta:Team:f1ks82wpiewyqs6h3oz9v4hzj,Spirit,WAS,Washington Spirit,US,True,18,1510,8,5,47,13,23,5,19,18,26,4,2,0,0,66.0,12,0.72,1,0,1,0,0,0,8.2373,-0.2373,82.61,45.41,75.0,19.23,0,0,0,0,0,0,0,0,0,0,0,0,0,24.0,6.0,18.0,18.0,122.0,12.0,217.0,3.0,1.0,19.0,196.0,107.0,89.0,417.0,121.0,10.0,10.0,2.0,7.0,7.0,172.0,101.0,71.0,1.0,20.0,14.0,64.0,4.0,429.0,5.0,,,,131.0,33.0,16.0,78.0,5.0,124.0,19.0,24.0,23.0,18.0,8.0,,5.0,5.0,22.0,3.0,19.0,12.0,282.0,194.0,95.0,272.0,4.0,3.0,,14.0,1510.0,75.0,4.0,6.0,7.0,18.0,26.0,301.0,431.0,47.0,284.0,23.0,93.0,147.0,803.0,21.0,21.0,44.0,6.0,21.0,144.0,24.0,126.0,3.0,4.0,4.0,4.0,3.0,1.0,5.0,3.0,6.0,,,,,,,,,1.0,,,,,,,,,,,,,,,1.0,,,,,,,,,,,True,0,0,284,0,457,5,0.3,12,301,26,33,12,0,True,19,83,20,24,True,0,0,36,7,0,0
2026,nwsl::Football_Season::0b6761e4701749f593690c0f338da74c,nwsl::Football_Player::73d2d58e884c4af09534e7a45194980d,opta:Player:6wtid9p5sncnatdjk1unpebdg,nwsl::Football_Team::96ba7b37bd8544a1a7329183459150ff,Portland Thorns,Mackenzie,Wood,M. Wood,Goalkeeper,USA,19,1,,USA,,opta:Team:446mp88j1vpk9iwui9fiifrp8,Thorns,POR,Portland Thorns,US,True,0,0,0,0,0,0,0,0,0,0,0,0,0,0,0,,0,,0,0,0,0,0,0,0.0,0.0,0.0,0.0,0.0,0.0,0,0,0,0,0,0,0,0,0,0,0,0,0,,,,,,,,,,,,,,,,,,,,,,,,,,,,,,,,,,,,,,,,,,,,,,,,,,,,,,,,,,,,,,,,,,,,,,,,,,,,,,,,,,,,,,,,,,,,,,,,,,,,,,,,,,,,,,,,,,,,,,,,,,,,,,True,0,0,0,0,0,0,0.0,0,0,0,0,0,0,True,0,0,0,0,True,0,0,0,0,0,0
2026,nwsl::Football_Season::0b6761e4701749f593690c0f338da74c,nwsl::Football_Player::743907f6c95f40de9cac86cc0aeb2e5e,opta:Player:d3lhga9lumcm9ljjuvse54ftg,nwsl::Football_Team::96ba7b37bd8544a1a7329183459150ff,Portland Thorns,Maddie,Padelski,M. Padelski,Forward,USA,11,4,,USA,,opta:Team:446mp88j1vpk9iwui9fiifrp8,Thorns,POR,Portland Thorns,US,True,6,108,0,0,2,0,1,0,1,3,1,1,0,0,0,80.0,3,2.5,0,0,0,0,0,0,0.3081,-0.3081,33.33,23.53,0.0,50.0,0,0,0,0,0,0,0,0,0,0,0,0,0,2.0,2.0,,6.0,5.0,2.0,15.0,,,2.0,17.0,13.0,4.0,24.0,5.0,2.0,2.0,1.0,,,15.0,11.0,4.0,,1.0,1.0,9.0,1.0,25.0,,,,,6.0,4.0,3.0,5.0,,6.0,1.0,1.0,1.0,,,6.0,1.0,1.0,,,1.0,,20.0,15.0,6.0,20.0,2.0,,,,108.0,5.0,,,1.0,3.0,1.0,19.0,25.0,2.0,20.0,3.0,8.0,5.0,56.0,1.0,1.0,2.0,1.0,1.0,3.0,3.0,4.0,1.0,,,0.0,,,,,,,,,,,,,,,,,,,,,,,,,,,,,,,,,,,,,,,,True,0,0,20,0,27,1,0.0,0,19,2,1,0,0,True,1,33,1,2,True,0,0,0,1,0,0
2026,nwsl::Football_Season::0b6761e4701749f593690c0f338da74c,nwsl::Football_Player::75a1f211b7f04ffebe4cdd67cd838239,opta:Player:55di6bshvql6q8yo5c0fauw9h,nwsl::Football_Team::c31d72afc09f42ee86418633aa41390a,Washington Spirit,Andi,Sullivan,A. Sullivan,Midfielder,USA,12,3,,USA,,opta:Team:f1ks82wpiewyqs6h3oz9v4hzj,Spirit,WAS,Washington Spirit,US,True,14,462,0,0,4,0,1,0,2,10,3,0,2,0,0,88.0,3,0.58,7,0,0,0,0,0,0.1683,-0.1683,25.0,51.16,58.82,25.0,0,0,0,0,0,0,0,0,0,0,0,0,0,17.0,7.0,10.0,14.0,38.0,,21.0,,7.0,1.0,43.0,21.0,22.0,44.0,53.0,7.0,3.0,,,,26.0,14.0,12.0,1.0,8.0,1.0,63.0,,208.0,1.0,,,,7.0,4.0,4.0,19.0,,66.0,1.0,3.0,1.0,4.0,5.0,10.0,3.0,2.0,1.0,,7.0,5.0,181.0,85.0,110.0,187.0,6.0,,,,462.0,4.0,1.0,,4.0,10.0,3.0,46.0,220.0,4.0,192.0,8.0,3.0,28.0,286.0,5.0,1.0,1.0,1.0,3.0,23.0,10.0,25.0,,,,0.0,,,,,,,,,1.0,4.0,,,,,,,,,,,,,,,,,,,,,,,,,,,,,,True,0,0,192,0,228,2,0.0,5,46,8,8,5,0,True,2,25,8,17,True,0,0,62,4,0,0
2026,nwsl::Football_Season::0b6761e4701749f593690c0f338da74c,nwsl::Football_Player::75a5b73882ba47c29448e3a36c691717,opta:Player:9by1d4orgqze7m8nldkrnwwrt,nwsl::Football_Team::ca719042b34443c4bcfe380ca4850eaf,San Diego Wave,Kiki,Pickett,K. Pickett,Midfielder,USA,23,3,,USA,,opta:Team:esvbnzqbyvxp2k570ez7h1a1g,San Diego Wave,SD,San Diego Wave,US,True,8,226,0,0,1,0,0,0,3,6,4,0,0,0,0,80.0,3,1.19,0,0,0,0,0,0,0.1556,-0.1556,42.86,48.0,100.0,14.29,0,0,0,0,0,0,0,0,0,0,0,0,0,2.0,,2.0,8.0,19.0,1.0,31.0,,,,25.0,13.0,12.0,40.0,79.0,2.0,1.0,2.0,,,23.0,13.0,10.0,,4.0,2.0,28.0,,140.0,,,,,18.0,4.0,2.0,8.0,,18.0,2.0,1.0,,1.0,1.0,7.0,1.0,1.0,,1.0,,9.0,112.0,54.0,62.0,106.0,4.0,,5.0,21.0,226.0,4.0,,,7.0,6.0,4.0,49.0,144.0,1.0,115.0,7.0,3.0,29.0,215.0,6.0,6.0,1.0,5.0,9.0,25.0,10.0,20.0,,,,0.0,,,,,,,,,,,,,,,,,,,,,,,,,,,,,,,,,,,,,,,,True,0,0,115,0,151,1,0.0,9,49,7,18,9,0,True,3,43,4,2,True,0,0,50,7,0,0
2026,nwsl::Football_Season::0b6761e4701749f593690c0f338da74c,nwsl::Football_Player::75dd90b34f884be794d7d0a24f71d8d8,opta:Player:8r50p1ogefrsi5sbxnpius6j8,nwsl::Football_Team::fb41ef4439dd495098cb6d40415767cc,North Carolina Courage,Olivia,Wingate,O. Wingate,Forward,USA,20,4,,USA,,opta:Team:b4fbmos00gxtk8qnaqsm392p5,Courage,NC,North Carolina Courage,US,True,2,5,0,0,0,0,0,0,2,0,0,1,0,0,0,34.0,1,18.0,0,0,0,0,0,0,0.0,0.0,100.0,33.33,0.0,0.0,0,0,0,0,0,0,0,0,0,0,0,0,0,1.0,1.0,,2.0,3.0,,1.0,,,,6.0,4.0,2.0,5.0,,,1.0,,,,5.0,3.0,2.0,,,1.0,,1.0,3.0,,,,,1.0,,,1.0,,,1.0,,,,,2.0,,,,,,,1.0,1.0,,1.0,,,,,5.0,3.0,,,,,,6.0,3.0,,1.0,2.0,,2.0,9.0,,,2.0,,,,2.0,2.0,,,,0.0,,,,,,,,,,,,,,,,,,,,,,,,,,,,,,,,,,,,,,,,True,0,0,1,0,3,0,0.0,0,6,0,0,0,0,True,2,100,0,1,True,0,0,0,0,0,0
2026,nwsl::Football_Season::0b6761e4701749f593690c0f338da74c,nwsl::Football_Player::76946e8d1a40476cb7874e813358910c,opta:Player:4ny95dplowqc6peree7z536s4,nwsl::Football_Team::fb41ef4439dd495098cb6d40415767cc,North Carolina Courage,Madison,White,M. White,Goalkeeper,USA,77,1,,USA,,opta:Team:b4fbmos00gxtk8qnaqsm392p5,Courage,NC,North Carolina Courage,US,True,0,0,0,0,0,0,0,0,0,0,0,0,0,0,0,,0,,0,0,0,0,0,0,0.0,0.0,0.0,0.0,0.0,0.0,0,0,0,0,0,0,0,0,0,0,0,0,0,,,,,,,,,,,,,,,,,,,,,,,,,,,,,,,,,,,,,,,,,,,,,,,,,,,,,,,,,,,,,,,,,,,,,,,,,,,,,,,,,,,,,,,,,,,,,,,,,,,,,,,,,,,,,,,,,,,,,,,,,,,,,,True,0,0,0,0,0,0,0.0,0,0,0,0,0,0,True,0,0,0,0,True,0,0,0,0,0,0
2026,nwsl::Football_Season::0b6761e4701749f593690c0f338da74c,nwsl::Football_Player::76cb19f0876b4ae7b1bcd2cc804d8709,opta:Player:cg742b2p33p8uuomo365c5h5g,nwsl::Football_Team::ac29701756da44a08457762380c10733,Racing Louisville,Olivia,Sekany,O. Sekany,Goalkeeper,USA,99,1,,USA,,opta:Team:dtucewmt49th1p4selfutmnmc,Racing Lou,LOU,Racing Louisville,US,True,0,0,0,0,0,0,0,0,0,0,0,0,0,0,0,,0,,0,0,0,0,0,0,0.0,0.0,0.0,0.0,0.0,0.0,0,0,0,0,0,0,0,0,0,0,0,0,0,,,,,,,,,,,,,,,,,,,,,,,,,,,,,,,,,,,,,,,,,,,,,,,,,,,,,,,,,,,,,,,,,,,,,,,,,,,,,,,,,,,,,,,,,,,,,,,,,,,,,,,,,,,,,,,,,,,,,,,,,,,,,,True,0,0,0,0,0,0,0.0,0,0,0,0,0,0,True,0,0,0,0,True,0,0,0,0,0,0
2026,nwsl::Football_Season::0b6761e4701749f593690c0f338da74c,nwsl::Football_Player::77bd41e2c3954f40bc52b5efe805f890,opta:Player:5zwpytehpeosi3sfckvkuy3md,nwsl::Football_Team::19674698cec24f53af8866cd21abaf8f,Bay,Emily,Menges,E. Menges,Defender,USA,4,2,,USA,,opta:Team:eka22bj7co8bw5qxa6qlbinf8,Bay,BAY,Bay,US,True,0,0,0,0,0,0,0,0,0,0,0,0,0,0,0,,0,,0,0,0,0,0,0,0.0,0.0,0.0,0.0,0.0,0.0,0,0,0,0,0,0,0,0,0,0,0,0,0,,,,,,,,,,,,,,,,,,,,,,,,,,,,,,,,,,,,,,,,,,,,,,,,,,,,,,,,,,,,,,,,,,,,,,,,,,,,,,,,,,,,,,,,,,,,,,,,,,,,,,,,,,,,,,,,,,,,,,,,,,,,,,True,0,0,0,0,0,0,0.0,0,0,0,0,0,0,True,0,0,0,0,True,0,0,0,0,0,0
2026,nwsl::Football_Season::0b6761e4701749f593690c0f338da74c,nwsl::Football_Player::78cf15f1649f4f158f04d3037cc2750f,opta:Player:1s08dn7n3b5ctyion3u61hisq,nwsl::Football_Team::ca719042b34443c4bcfe380ca4850eaf,San Diego Wave,Laurina,Fazer,L. Fazer,Midfielder,France,18,3,,FRA,,opta:Team:esvbnzqbyvxp2k570ez7h1a1g,San Diego Wave,SD,San Diego Wave,US,True,16,840,0,0,4,0,0,0,3,9,6,0,2,0,0,86.0,12,1.29,0,0,0,0,0,0,0.1995,-0.1995,27.27,40.0,63.64,0.0,0,0,0,0,0,0,0,0,0,0,0,0,0,11.0,4.0,7.0,16.0,84.0,1.0,104.0,2.0,,1.0,65.0,39.0,26.0,129.0,180.0,4.0,11.0,1.0,,,54.0,35.0,19.0,1.0,10.0,8.0,157.0,,566.0,,,,,41.0,12.0,5.0,71.0,,147.0,8.0,4.0,,10.0,7.0,6.0,,,2.0,1.0,12.0,17.0,486.0,258.0,230.0,471.0,8.0,1.0,,1.0,840.0,23.0,1.0,,12.0,9.0,6.0,116.0,568.0,4.0,488.0,11.0,2.0,80.0,669.0,3.0,3.0,7.0,5.0,11.0,56.0,27.0,69.0,,,,0.0,,,,,,,,,,,,,,,,,,,,,,,,,,,,,,,,,,,,,,,,True,0,0,488,0,571,0,0.0,17,116,3,28,17,0,True,3,27,10,11,True,0,0,61,12,0,0
2026,nwsl::Football_Season::0b6761e4701749f593690c0f338da74c,nwsl::Football_Player::78fe6058bc1049be9f905c1d7b109833,opta:Player:v0k2w41tlj0elpj7nrw68onp,nwsl::Football_Team::269e825b853f4b43a9d38390aa92bf6e,Chicago Stars,Natalia,Kuikka,N. Kuikka,Defender,Finland,12,2,,FIN,,opta:Team:dzxypx8djih58p668surbi4qm,Chicago Stars,CHI,Chicago Stars,US,True,0,0,0,0,0,0,0,0,0,0,0,0,0,0,0,,0,,0,0,0,0,0,0,0.0,0.0,0.0,0.0,0.0,0.0,0,0,0,0,0,0,0,0,0,0,0,0,0,,,,,,,,,,,,,,,,,,,,,,,,,,,,,,,,,,,,,,,,,,,,,,,,,,,,,,,,,,,,,,,,,,,,,,,,,,,,,,,,,,,,,,,,,,,,,,,,,,,,,,,,,,,,,,,,,,,,,,,,,,,,,,True,0,0,0,0,0,0,0.0,0,0,0,0,0,0,True,0,0,0,0,True,0,0,0,0,0,0
2026,nwsl::Football_Season::0b6761e4701749f593690c0f338da74c,nwsl::Football_Player::79b28f8a367d46458b8d6f7daf771b53,opta:Player:8pm86ek2w3erjn3sohqtijnys,nwsl::Football_Team::c31d72afc09f42ee86418633aa41390a,Washington Spirit,Madison,Haugen,M.  Haugen,Defender,USA,35,2,,USA,,opta:Team:f1ks82wpiewyqs6h3oz9v4hzj,Spirit,WAS,Washington Spirit,US,True,2,7,0,0,0,0,0,0,0,0,0,0,0,0,0,72.0,0,0.0,0,0,0,0,0,0,0.0,0.0,0.0,50.0,0.0,0.0,0,0,0,0,0,0,0,0,0,0,0,0,0,,,,2.0,2.0,,4.0,,,1.0,2.0,1.0,1.0,16.0,5.0,,,,,,2.0,1.0,1.0,,,,,,7.0,,,,,4.0,2.0,,1.0,,,,,,,,2.0,,,,,,,5.0,5.0,,5.0,1.0,,,7.0,7.0,1.0,,,,,,7.0,7.0,,5.0,1.0,,2.0,20.0,4.0,4.0,,2.0,2.0,5.0,1.0,,,,,0.0,,,,,,,,,,,,,,,,,,,,,,,,,,,,,,,,,,,,,,,,True,0,0,5,0,11,0,0.0,0,7,4,2,0,0,True,0,0,0,0,True,0,0,0,0,0,0
2026,nwsl::Football_Season::0b6761e4701749f593690c0f338da74c,nwsl::Football_Player::7a2bf11dc5f145d79c84fea37bec2854,opta:Player:3gfz3y0ion8qreh349xyf8rv8,nwsl::Football_Team::acffc559cf7d485a9c05fa23ab57054b,Utah Royals,DeAira,Jackson,D. Jackson,Goalkeeper,USA,77,1,,USA,,opta:Team:bn7w86uw8j61dga3xr5s0yiju,Royals,UTA,Utah Royals,US,True,0,0,0,0,0,0,0,0,0,0,0,0,0,0,0,,0,,0,0,0,0,0,0,0.0,0.0,0.0,0.0,0.0,0.0,0,0,0,0,0,0,0,0,0,0,0,0,0,,,,,,,,,,,,,,,,,,,,,,,,,,,,,,,,,,,,,,,,,,,,,,,,,,,,,,,,,,,,,,,,,,,,,,,,,,,,,,,,,,,,,,,,,,,,,,,,,,,,,,,,,,,,,,,,,,,,,,,,,,,,,,True,0,0,0,0,0,0,0.0,0,0,0,0,0,0,True,0,0,0,0,True,0,0,0,0,0,0
2026,nwsl::Football_Season::0b6761e4701749f593690c0f338da74c,nwsl::Football_Player::7a3d8828fb0941f88dd72a728f9f61e4,opta:Player:4yb9avzbrzt8m4c4h1yy98jbp,nwsl::Football_Team::fb41ef4439dd495098cb6d40415767cc,North Carolina Courage,Kailen,Sheridan,K. Sheridan,Goalkeeper,Canada,1,1,,CAN,,opta:Team:b4fbmos00gxtk8qnaqsm392p5,Courage,NC,North Carolina Courage,US,True,16,1440,0,0,0,0,0,0,1,0,3,0,0,0,0,80.0,23,1.44,0,0,0,0,0,0,0.0,0.0,100.0,80.0,100.0,0.0,0,0,0,0,0,0,0,0,0,0,0,0,0,3.0,,3.0,16.0,,,108.0,4.0,,1.0,10.0,2.0,8.0,1.0,318.0,,23.0,,,,7.0,2.0,5.0,,,,142.0,,488.0,,,,1.0,51.0,1.0,,146.0,,133.0,,,,16.0,,,,,,19.0,,91.0,398.0,31.0,439.0,379.0,,1.0,,1.0,1440.0,,,,11.0,,3.0,130.0,593.0,,470.0,1.0,,123.0,728.0,,,,57.0,111.0,66.0,57.0,12.0,,,,0.0,,,,,,,107.0,60.0,,,,,,,16.0,,,7.0,1.0,5.0,1.0,6.0,37.0,29.0,8.0,2.0,6.0,6.0,,,,,,,,,,,,True,0,0,470,0,593,0,0.0,91,130,0,202,91,0,True,1,100,0,3,True,37,0,45,11,0,0
2026,nwsl::Football_Season::0b6761e4701749f593690c0f338da74c,nwsl::Football_Player::7afe6ac6ae40499b833a0d383c0f47b1,opta:Player:bc1b4tkrsx8xsdqtoj198tg16,nwsl::Football_Team::d2d8efe548734dfd8bc667b5a52a079a,Boston Legacy,Amanda,Gutierres dos Santos,Amanda Gutierres,Forward,Brazil,9,4,,BRA,,opta:Team:2yppf5jwqllc49s0qkbkchvkk,Boston Legacy,BOS,Boston Legacy,US,True,17,906,4,2,20,6,8,2,7,11,6,2,1,0,0,75.0,13,1.29,0,0,2,3,3,0,5.7628,-1.7628,63.64,38.04,40.0,16.67,0,0,0,0,0,0,0,0,0,0,0,0,0,20.0,12.0,8.0,17.0,55.0,14.0,85.0,,,4.0,92.0,57.0,35.0,153.0,40.0,6.0,12.0,1.0,1.0,4.0,72.0,45.0,27.0,1.0,2.0,10.0,44.0,2.0,190.0,1.0,,3.0,1.0,37.0,14.0,5.0,33.0,3.0,62.0,12.0,12.0,8.0,10.0,10.0,7.0,1.0,1.0,10.0,,12.0,10.0,139.0,99.0,52.0,140.0,4.0,4.0,,1.0,906.0,25.0,1.0,3.0,3.0,11.0,6.0,113.0,201.0,20.0,150.0,11.0,36.0,51.0,360.0,5.0,5.0,11.0,4.0,8.0,48.0,8.0,43.0,,3.0,1.0,2.0,2.0,2.0,2.0,,4.0,,,,,,,,,,,3.0,1.0,,,,,,,,,,,,,,,1.0,,,,,,,,True,0,0,150,0,207,1,0.2,10,113,6,18,10,0,True,7,64,2,20,True,0,0,56,3,0,0
2026,nwsl::Football_Season::0b6761e4701749f593690c0f338da74c,nwsl::Football_Player::7b95e77ca5184ed39abbd7481af81fee,opta:Player:dtrm0ji0olk3n01v71m8a5exh,nwsl::Football_Team::ca3f464d6b794a9087d441d75961403f,Houston Dash,Allysha,Chapman,A. Chapman,Defender,Canada,2,2,,CAN,,opta:Team:c3v2ohfuzoqmc8ljm65hi80sj,Dash,HOU,Houston Dash,US,True,11,352,0,1,0,1,0,1,5,5,6,1,1,0,0,65.0,5,1.28,1,0,0,0,0,0,0.0,0.0,83.33,56.67,57.14,12.5,0,0,0,0,0,0,0,0,0,0,0,0,0,7.0,3.0,4.0,11.0,15.0,,22.0,,1.0,,30.0,13.0,17.0,50.0,62.0,5.0,4.0,1.0,,,23.0,10.0,13.0,,5.0,,3.0,1.0,114.0,,,,,10.0,8.0,3.0,8.0,,40.0,1.0,,,3.0,3.0,8.0,1.0,1.0,1.0,3.0,,6.0,71.0,34.0,44.0,71.0,1.0,,3.0,33.0,352.0,3.0,,,16.0,5.0,6.0,64.0,120.0,,77.0,6.0,2.0,43.0,223.0,7.0,7.0,2.0,6.0,9.0,39.0,11.0,34.0,,,,0.0,,1.0,1.0,,,,,,,,,,,,,,,,,,,,,,,,,,,,,,,,,,,,,True,0,0,77,0,128,1,0.26,6,64,8,15,6,0,True,5,83,5,7,True,0,0,40,16,0,0
2026,nwsl::Football_Season::0b6761e4701749f593690c0f338da74c,nwsl::Football_Player::7cf959e060cf44b9afda98c1b3c893d9,opta:Player:2e8med2swmjdv0uck4hmz4s4q,nwsl::Football_Team::269e825b853f4b43a9d38390aa92bf6e,Chicago Stars,Katie,Atkinson,K. Atkinson,Goalkeeper,USA,27,1,,USA,,opta:Team:dzxypx8djih58p668surbi4qm,Chicago Stars,CHI,Chicago Stars,US,True,9,810,0,0,0,0,0,0,0,0,4,0,1,0,0,67.0,12,1.33,0,0,0,0,0,0,0.0,0.0,0.0,57.14,50.0,0.0,0,0,0,0,0,0,0,0,0,0,0,0,0,4.0,2.0,2.0,9.0,,,20.0,2.0,,,7.0,3.0,4.0,,164.0,,12.0,,,,3.0,1.0,2.0,,,,64.0,,169.0,,,,4.0,6.0,,,85.0,,70.0,,,,9.0,,,,,,18.0,,50.0,124.0,19.0,180.0,149.0,,,,,810.0,,,,12.0,,4.0,99.0,298.0,,199.0,,,99.0,423.0,,,,48.0,93.0,48.0,51.0,6.0,,,,0.0,,,,,,,116.0,94.0,,,,,,,36.0,,,3.0,1.0,2.0,5.0,,45.0,32.0,11.0,1.0,4.0,10.0,,,,,,,,1.0,1.0,,,True,0,0,199,0,298,0,0.0,50,99,0,143,50,0,True,0,0,0,4,True,45,0,35,12,0,0
2026,nwsl::Football_Season::0b6761e4701749f593690c0f338da74c,nwsl::Football_Player::7d50dd7b6526453ea7be4ca492fdef5a,opta:Player:das6ydxiwz8trtyp98ss5i295,nwsl::Football_Team::2c1699409ff84c9eb491aeaca3d3edde,Kansas City Current,Lorena,da Silva Leite,Lorena,Goalkeeper,Brazil,23,1,,BRA,,opta:Team:agxipc0vk4rtg09amjxv10nx0,KC Current,KC,Kansas City Current,US,True,12,1080,0,0,0,0,0,0,0,0,4,0,0,0,0,72.0,17,1.42,0,0,0,0,0,0,0.0,0.0,0.0,62.5,50.0,0.0,0,0,0,0,0,0,0,0,0,0,0,0,0,2.0,1.0,1.0,12.0,,,5.0,3.0,,,8.0,3.0,5.0,,84.0,,16.0,1.0,,,6.0,2.0,4.0,,,,56.0,,65.0,,,,1.0,1.0,1.0,,103.0,,67.0,,,,12.0,,,,,,5.0,,19.0,53.0,9.0,138.0,128.0,,,,,1080.0,,,,11.0,,4.0,65.0,207.0,,147.0,,,60.0,328.0,,,,15.0,57.0,31.0,29.0,3.0,,,,0.0,,,,,,,126.0,96.0,,,,,,,25.0,,,6.0,3.0,2.0,1.0,4.0,36.0,21.0,15.0,3.0,9.0,4.0,,,,,,,,,,,,True,0,0,147,0,207,0,0.0,19,65,0,76,19,0,True,0,0,0,2,True,36,0,25,11,0,0
2026,nwsl::Football_Season::0b6761e4701749f593690c0f338da74c,nwsl::Football_Player::7df864b150be44a58be51599cfd7dd80,opta:Player:4i37e3q02cbkvlhcq2dsdsr11,nwsl::Football_Team::acffc559cf7d485a9c05fa23ab57054b,Utah Royals,Lara,Prasnikar,L. Prašnikar,Forward,Slovenia,9,4,,SVN,,opta:Team:bn7w86uw8j61dga3xr5s0yiju,Royals,UTA,Utah Royals,US,True,13,447,2,0,9,2,4,0,5,6,6,3,1,0,0,67.0,8,1.61,2,0,0,1,1,0,1.7489,0.2511,71.43,42.0,25.0,44.44,0,0,0,0,0,0,0,0,0,0,0,0,0,8.0,6.0,2.0,13.0,32.0,4.0,42.0,,2.0,2.0,50.0,29.0,21.0,93.0,54.0,5.0,7.0,1.0,1.0,2.0,42.0,23.0,19.0,,3.0,9.0,32.0,3.0,131.0,,,1.0,1.0,21.0,4.0,2.0,19.0,2.0,25.0,9.0,5.0,4.0,4.0,4.0,9.0,4.0,4.0,7.0,1.0,7.0,6.0,84.0,69.0,30.0,89.0,2.0,1.0,,1.0,447.0,13.0,1.0,,5.0,6.0,6.0,78.0,143.0,9.0,95.0,7.0,18.0,48.0,234.0,5.0,4.0,2.0,5.0,9.0,39.0,14.0,39.0,3.0,1.0,1.0,1.0,,,,,2.0,,,,,1.0,,,,,,1.0,,,,,,,,,,,,,,,,,,,,,,,,True,0,0,95,0,152,4,0.0,6,78,9,15,6,0,True,5,71,3,8,True,0,0,40,5,0,0
2026,nwsl::Football_Season::0b6761e4701749f593690c0f338da74c,nwsl::Football_Player::7e125d671c06445880e000972f3ae412,opta:Player:chcm72dbsne01mmqfxo5qtvfu,nwsl::Football_Team::ca3f464d6b794a9087d441d75961403f,Houston Dash,Kat,Rader,K. Rader,Midfielder,USA,,3,,USA,,opta:Team:c3v2ohfuzoqmc8ljm65hi80sj,Dash,HOU,Houston Dash,US,True,17,1421,6,1,27,7,19,1,14,6,17,5,0,0,0,77.0,23,1.46,40,0,0,1,1,0,4.182,1.818,60.87,47.2,36.36,3.23,0,0,0,0,0,0,0,0,0,0,0,0,0,11.0,7.0,4.0,17.0,157.0,7.0,154.0,2.0,40.0,14.0,125.0,66.0,59.0,398.0,126.0,4.0,21.0,2.0,5.0,6.0,114.0,59.0,55.0,,7.0,21.0,100.0,5.0,477.0,5.0,,1.0,4.0,62.0,33.0,8.0,59.0,3.0,112.0,22.0,8.0,19.0,16.0,6.0,1.0,19.0,2.0,15.0,,28.0,7.0,367.0,266.0,133.0,373.0,9.0,2.0,,8.0,1421.0,48.0,4.0,3.0,6.0,6.0,17.0,250.0,495.0,27.0,380.0,23.0,59.0,115.0,788.0,43.0,16.0,25.0,7.0,12.0,126.0,32.0,103.0,3.0,4.0,2.0,0.0,1.0,,1.0,3.0,4.0,,,,17.0,22.0,,,,,,1.0,4.0,,,,,,,,,,,,,,,,1.0,,,,,,,True,0,0,380,0,557,2,0.06,7,250,62,19,7,0,True,14,61,7,11,True,0,0,37,6,0,0
2026,nwsl::Football_Season::0b6761e4701749f593690c0f338da74c,nwsl::Football_Player::7e96efc5034f4e4abfafca1b06af33ab,opta:Player:1za1zeyvqpbqjb1jw3sx4de5l,nwsl::Football_Team::c31d72afc09f42ee86418633aa41390a,Washington Spirit,Kate,Wiesner,K. Wiesner,Defender,USA,6,2,,USA,,opta:Team:f1ks82wpiewyqs6h3oz9v4hzj,Spirit,WAS,Washington Spirit,US,True,14,865,0,1,3,1,1,1,16,4,4,0,0,0,0,74.0,2,0.21,11,0,0,0,0,0,0.2905,-0.2905,76.19,63.16,83.33,13.64,0,0,0,0,0,0,0,0,0,0,0,0,0,6.0,1.0,5.0,14.0,49.0,2.0,60.0,4.0,11.0,3.0,57.0,21.0,36.0,121.0,155.0,1.0,2.0,,,,51.0,20.0,31.0,,11.0,3.0,9.0,,319.0,,,,,37.0,20.0,5.0,37.0,,120.0,4.0,2.0,1.0,10.0,5.0,4.0,7.0,3.0,6.0,3.0,,14.0,235.0,108.0,145.0,232.0,5.0,,32.0,86.0,865.0,10.0,,,28.0,4.0,4.0,162.0,333.0,3.0,246.0,21.0,4.0,87.0,600.0,16.0,7.0,6.0,16.0,24.0,67.0,36.0,63.0,,,,0.0,1.0,2.0,1.0,,,,,,3.0,6.0,,,,,,,,,,,,,,,,,,,,,,,,,,,,,,True,0,0,246,0,355,3,0.1,14,162,22,38,14,0,True,16,76,11,6,True,0,0,37,28,0,0
2026,nwsl::Football_Season::0b6761e4701749f593690c0f338da74c,nwsl::Football_Player::7fa746d5fcc64e3b827c740fb881e157,opta:Player:5x01qslgnhakbw4vuowdi2p9m,nwsl::Football_Team::9587b8ce40624165903b6bc9fd252634,Angel City,Hannah,Seabert,H. Seabert,Goalkeeper,USA,13,1,,USA,,opta:Team:6hbfgdczbi3yg4sdpqgtu6s,Angel City,LA,Angel City,US,True,0,0,0,0,0,0,0,0,0,0,0,0,0,0,0,,0,,0,0,0,0,0,0,0.0,0.0,0.0,0.0,0.0,0.0,0,0,0,0,0,0,0,0,0,0,0,0,0,,,,,,,,,,,,,,,,,,,,,,,,,,,,,,,,,,,,,,,,,,,,,,,,,,,,,,,,,,,,,,,,,,,,,,,,,,,,,,,,,,,,,,,,,,,,,,,,,,,,,,,,,,,,,,,,,,,,,,,,,,,,,,True,0,0,0,0,0,0,0.0,0,0,0,0,0,0,True,0,0,0,0,True,0,0,0,0,0,0
2026,nwsl::Football_Season::0b6761e4701749f593690c0f338da74c,nwsl::Football_Player::7faa87293bb743178194507021b7f326,opta:Player:2lyemolpxnfj8hbv9lcywynai,nwsl::Football_Team::19674698cec24f53af8866cd21abaf8f,Bay,Jordan,Brewster,J. Brewster,Defender,USA,2,2,,USA,,opta:Team:eka22bj7co8bw5qxa6qlbinf8,Bay,BAY,Bay,US,True,0,0,0,0,0,0,0,0,0,0,0,0,0,0,0,,0,,0,0,0,0,0,0,0.0,0.0,0.0,0.0,0.0,0.0,0,0,0,0,0,0,0,0,0,0,0,0,0,,,,,,,,,,,,,,,,,,,,,,,,,,,,,,,,,,,,,,,,,,,,0.0,0.0,,,,,,,,,,,,,,,,,,,,,,,,,,,,,,,,,,,,,,,,,,,,,,,,,,,,0.0,0.0,0.0,,,,,,,,,,,,,,,,,,,,,,,,,,,True,0,0,0,0,0,0,0.0,0,0,0,0,0,0,True,0,0,0,0,True,0,0,0,0,0,0
2026,nwsl::Football_Season::0b6761e4701749f593690c0f338da74c,nwsl::Football_Player::7fc702ff232644208fc4c5d6841f46d6,opta:Player:3esajnuok17w043qxim4s6n10,nwsl::Football_Team::acffc559cf7d485a9c05fa23ab57054b,Utah Royals,Tatumn,Milazzo,T. Milazzo,Defender,USA,23,2,,USA,,opta:Team:bn7w86uw8j61dga3xr5s0yiju,Royals,UTA,Utah Royals,US,True,15,902,3,0,6,3,3,0,12,13,5,2,1,1,0,71.0,13,1.3,0,0,2,0,0,0,1.758,1.242,85.71,48.48,44.0,18.18,0,0,0,0,0,0,0,0,0,0,0,0,0,25.0,14.0,11.0,15.0,34.0,,65.0,2.0,,4.0,66.0,34.0,32.0,85.0,164.0,2.0,11.0,2.0,,3.0,41.0,20.0,21.0,,26.0,2.0,42.0,2.0,314.0,,,,2.0,39.0,19.0,7.0,24.0,1.0,100.0,2.0,3.0,3.0,9.0,1.0,6.0,2.0,2.0,2.0,4.0,,16.0,218.0,91.0,151.0,224.0,2.0,,14.0,59.0,902.0,3.0,1.0,,26.0,13.0,5.0,140.0,340.0,6.0,240.0,14.0,8.0,100.0,547.0,9.0,9.0,2.0,28.0,40.0,75.0,34.0,60.0,,0.0,3.0,1.0,,7.0,,1.0,3.0,,9.0,9.0,,,1.0,,1.0,,,,,,,,,,,,,,,,,,,1.0,,,,,,,,True,0,0,240,0,351,2,0.0,16,140,11,56,16,0,True,12,86,26,25,True,0,0,29,26,0,0
2026,nwsl::Football_Season::0b6761e4701749f593690c0f338da74c,nwsl::Football_Player::7ff572896b4146d78ff5e10f1d8d65ab,opta:Player:e6a4lxx6og97jg9qv4lplfo4p,nwsl::Football_Team::96ba7b37bd8544a1a7329183459150ff,Portland Thorns,Marie,Müller,M. Müller,Defender,Germany,23,2,,DEU,,opta:Team:446mp88j1vpk9iwui9fiifrp8,Thorns,POR,Portland Thorns,US,True,16,1104,1,0,7,1,4,0,19,8,5,2,3,0,0,70.0,16,1.3,0,0,1,0,0,0,0.6173,0.3827,57.58,58.62,61.54,17.65,0,0,0,0,0,0,0,0,0,0,0,0,0,13.0,5.0,8.0,16.0,75.0,3.0,97.0,2.0,,1.0,87.0,36.0,51.0,156.0,177.0,3.0,13.0,3.0,1.0,1.0,74.0,31.0,43.0,,17.0,9.0,95.0,2.0,395.0,1.0,,,,53.0,28.0,15.0,57.0,1.0,51.0,9.0,3.0,4.0,13.0,8.0,3.0,3.0,3.0,5.0,8.0,5.0,18.0,272.0,125.0,153.0,257.0,14.0,2.0,22.0,73.0,1104.0,13.0,1.0,,32.0,8.0,5.0,195.0,398.0,7.0,275.0,33.0,17.0,123.0,686.0,14.0,14.0,4.0,31.0,49.0,91.0,46.0,74.0,,1.0,0.0,1.0,,3.0,,,,,,,,,,,,,,,,,,,,,,,,,,,,,,,,,,,,,,True,0,0,275,0,415,3,0.0,18,195,17,67,18,0,True,19,58,17,13,True,0,0,27,32,0,0
2026,nwsl::Football_Season::0b6761e4701749f593690c0f338da74c,nwsl::Football_Player::80072c037c734d7eb4b7401b29bd575d,opta:Player:ebmi6810g5y5w9fzin7m3gavo,nwsl::Football_Team::d2d8efe548734dfd8bc667b5a52a079a,Boston Legacy,Sammy,Smith,S. Smith,Forward,USA,8,4,,USA,,opta:Team:2yppf5jwqllc49s0qkbkchvkk,Boston Legacy,BOS,Boston Legacy,US,True,17,1022,3,0,21,3,10,0,18,19,10,1,3,0,0,67.0,17,1.5,0,0,0,0,0,0,3.9565,-0.9565,66.67,45.21,48.39,23.53,0,0,0,0,0,0,0,0,0,0,0,0,0,31.0,16.0,15.0,17.0,67.0,5.0,116.0,,,4.0,146.0,80.0,66.0,193.0,130.0,6.0,16.0,1.0,3.0,3.0,115.0,64.0,51.0,1.0,16.0,11.0,25.0,1.0,331.0,3.0,,,3.0,65.0,29.0,8.0,57.0,1.0,119.0,11.0,11.0,10.0,11.0,9.0,6.0,4.0,4.0,14.0,1.0,1.0,10.0,219.0,125.0,106.0,217.0,9.0,,15.0,62.0,1022.0,32.0,1.0,3.0,26.0,19.0,10.0,209.0,341.0,21.0,227.0,27.0,41.0,114.0,664.0,13.0,13.0,18.0,6.0,13.0,85.0,42.0,101.0,,2.0,1.0,0.0,,6.0,,2.0,2.0,1.0,,,,,,,,,,,,,,,,,,,,,,1.0,,,,,,,,,,,,True,0,0,227,0,358,4,0.0,10,209,17,23,10,0,True,18,67,16,31,True,0,0,43,26,0,0
2026,nwsl::Football_Season::0b6761e4701749f593690c0f338da74c,nwsl::Football_Player::80578bb876844892bf7fa6822bdb89b3,opta:Player:brs2knmydegipvthtwu6xwqac,nwsl::Football_Team::ac29701756da44a08457762380c10733,Racing Louisville,Kayla,Fischer,K. Fischer,Midfielder,USA,9,3,,USA,,opta:Team:dtucewmt49th1p4selfutmnmc,Racing Lou,LOU,Racing Louisville,US,True,17,1297,4,3,21,7,9,3,19,23,30,2,4,0,0,60.0,24,1.67,0,0,1,0,0,0,4.0798,-0.0798,79.17,45.92,61.9,11.11,0,0,0,0,0,0,0,0,0,0,0,0,0,21.0,8.0,13.0,17.0,42.0,7.0,176.0,,,7.0,196.0,106.0,90.0,259.0,78.0,12.0,20.0,4.0,4.0,2.0,175.0,98.0,77.0,,10.0,14.0,47.0,2.0,236.0,2.0,,,2.0,91.0,29.0,12.0,58.0,1.0,78.0,17.0,12.0,9.0,15.0,10.0,2.0,3.0,3.0,23.0,,4.0,19.0,138.0,109.0,41.0,128.0,5.0,4.0,1.0,5.0,1297.0,63.0,3.0,3.0,9.0,23.0,30.0,257.0,245.0,21.0,147.0,24.0,47.0,98.0,572.0,24.0,24.0,20.0,4.0,16.0,105.0,17.0,82.0,,3.0,1.0,1.0,1.0,,3.0,3.0,2.0,,,,,,,,,1.0,,,,,,,,,,,,,,,2.0,,,,,,,,,,,True,0,0,147,0,272,3,0.21,19,257,27,35,19,0,True,19,79,10,21,True,0,0,54,9,0,0
2026,nwsl::Football_Season::0b6761e4701749f593690c0f338da74c,nwsl::Football_Player::808933e0efb240da834c2ee39cb5ede4,opta:Player:77agy8f4m7ybib2cssdfsltuy,nwsl::Football_Team::c3e9513e280b41e5bfbb8230076e8c43,Orlando Pride,Viviana,Villacorta,V. Villacorta,Midfielder,USA,14,3,,USA,,opta:Team:966pdxhsoxaib9qt5083h8uus,Pride,ORL,Orlando Pride,US,True,0,0,0,0,0,0,0,0,0,0,0,0,0,0,0,,0,,0,0,0,0,0,0,0.0,0.0,0.0,0.0,0.0,0.0,0,0,0,0,0,0,0,0,0,0,0,0,0,,,,,,,,,,,,,,,,,,,,,,,,,,,,,,,,,,,,,,,,,,,,,,,,,,,,,,,,,,,,,,,,,,,,,,,,,,,,,,,,,,,,,,,,,,,,,,,,,,,,,,,,,,,,,,,,,,,,,,,,,,,,,,True,0,0,0,0,0,0,0.0,0,0,0,0,0,0,True,0,0,0,0,True,0,0,0,0,0,0
2026,nwsl::Football_Season::0b6761e4701749f593690c0f338da74c,nwsl::Football_Player::810db7679a9d4660929f485ed49e1988,opta:Player:48l2ildbeme2l336nor2hw6lm,nwsl::Football_Team::2c1699409ff84c9eb491aeaca3d3edde,Kansas City Current,Elizabeth,Ball,E. Ball,Defender,USA,7,2,,USA,,opta:Team:agxipc0vk4rtg09amjxv10nx0,KC Current,KC,Kansas City Current,US,True,12,903,0,0,1,0,0,0,7,6,5,0,0,0,0,86.0,12,1.2,1,0,0,0,0,0,0.1373,-0.1373,77.78,57.69,63.64,25.0,0,0,0,0,0,0,0,0,0,0,0,0,0,22.0,8.0,14.0,12.0,11.0,1.0,65.0,2.0,1.0,3.0,52.0,22.0,30.0,12.0,159.0,3.0,12.0,,,,30.0,14.0,16.0,,19.0,,200.0,,519.0,,,,2.0,27.0,7.0,2.0,32.0,,163.0,,1.0,,10.0,1.0,2.0,1.0,1.0,2.0,9.0,,38.0,441.0,95.0,360.0,416.0,2.0,,,,903.0,2.0,,,62.0,6.0,5.0,89.0,533.0,1.0,454.0,9.0,4.0,79.0,667.0,3.0,2.0,1.0,25.0,40.0,49.0,33.0,39.0,,,,0.0,,11.0,,,,,,1.0,,1.0,,,,,1.0,,,,,,,,,,,,,1.0,,1.0,,,,,,,,,,True,0,0,454,0,537,1,0.0,38,89,4,78,38,0,True,7,78,19,22,True,0,1,49,62,0,0
2026,nwsl::Football_Season::0b6761e4701749f593690c0f338da74c,nwsl::Football_Player::81619aa8f0b94bbd8e20e7f665ae8f59,opta:Player:9mo419gtk6dy5lhcvatcllkyy,nwsl::Football_Team::96ba7b37bd8544a1a7329183459150ff,Portland Thorns,Julie,Dufour,J. Dufour,Forward,France,27,4,,FRA,,opta:Team:446mp88j1vpk9iwui9fiifrp8,Thorns,POR,Portland Thorns,US,True,0,0,0,0,0,0,0,0,0,0,0,0,0,0,0,,0,,0,0,0,0,0,0,0.0,0.0,0.0,0.0,0.0,0.0,0,0,0,0,0,0,0,0,0,0,0,0,0,,,,,,,,,,,,,,,,,,,,,,,,,,,,,,,,,,,,,,,,,,,,,,,,,,,,,,,,,,,,,,,,,,,,,,,,,,,,,,,,,,,,,,,,,,,,,,,,,,,,,,,,,,,,,,,,,,,,,,,,,,,,,,True,0,0,0,0,0,0,0.0,0,0,0,0,0,0,True,0,0,0,0,True,0,0,0,0,0,0
2026,nwsl::Football_Season::0b6761e4701749f593690c0f338da74c,nwsl::Football_Player::81893f175a814e48bb103cda269cde2a,opta:Player:ocr7m6itbi3o3ttju3guw9hw,nwsl::Football_Team::ac29701756da44a08457762380c10733,Racing Louisville,Audrey,McKeen,A. McKeen,Forward,USA,,4,,USA,,opta:Team:dtucewmt49th1p4selfutmnmc,Racing Lou,LOU,Racing Louisville,US,True,14,231,0,0,5,0,0,0,5,1,3,0,0,0,0,79.0,11,4.29,0,0,0,0,0,0,0.8122,-0.8122,55.56,43.14,53.33,0.0,0,0,0,0,0,0,0,0,0,0,0,0,0,15.0,7.0,8.0,14.0,20.0,1.0,24.0,,,3.0,51.0,29.0,22.0,63.0,17.0,1.0,10.0,1.0,,,36.0,22.0,14.0,,4.0,4.0,23.0,,67.0,,,,1.0,11.0,3.0,3.0,20.0,,13.0,4.0,5.0,,1.0,1.0,13.0,,,2.0,,,1.0,51.0,23.0,34.0,56.0,4.0,,1.0,2.0,231.0,20.0,,1.0,7.0,1.0,3.0,50.0,73.0,5.0,57.0,9.0,16.0,16.0,153.0,2.0,2.0,9.0,,2.0,13.0,5.0,14.0,,,,0.0,,,,,,,,,,,,,,,,,,,,,,,,,,,,,,,,,,,,,,,,True,0,0,57,0,75,0,0.0,1,50,2,3,1,0,True,5,56,4,15,True,0,0,33,7,0,0
2026,nwsl::Football_Season::0b6761e4701749f593690c0f338da74c,nwsl::Football_Player::81f566b89fa04830b4b1657453e4f818,opta:Player:1x229gvjahkxp7w02bh0v36ga,nwsl::Football_Team::fb41ef4439dd495098cb6d40415767cc,North Carolina Courage,Ryan,Williams,R. Williams,Defender,USA,13,2,,USA,,opta:Team:b4fbmos00gxtk8qnaqsm392p5,Courage,NC,North Carolina Courage,US,True,16,1440,0,3,4,3,0,3,23,12,10,7,0,0,0,85.0,23,1.44,0,0,0,0,0,0,0.4345,-0.4345,71.88,50.0,41.67,30.65,0,0,0,0,0,0,0,0,0,0,0,0,0,24.0,14.0,10.0,16.0,139.0,4.0,206.0,4.0,,6.0,122.0,61.0,61.0,359.0,220.0,5.0,23.0,,,,98.0,47.0,51.0,1.0,21.0,19.0,246.0,7.0,628.0,2.0,,,1.0,121.0,25.0,8.0,104.0,,33.0,22.0,4.0,,16.0,,,19.0,19.0,9.0,3.0,5.0,13.0,527.0,336.0,220.0,524.0,9.0,,16.0,143.0,1440.0,30.0,7.0,,46.0,12.0,10.0,225.0,638.0,4.0,537.0,32.0,39.0,101.0,1104.0,43.0,43.0,17.0,7.0,15.0,116.0,28.0,86.0,,,,0.0,3.0,10.0,3.0,,,3.0,,,,,,,,,,,,,,,,,,,,,,2.0,,1.0,,,,,,,,,,True,0,0,537,0,700,19,0.19,13,225,62,28,13,0,True,23,72,21,24,True,0,1,46,46,0,0
2026,nwsl::Football_Season::0b6761e4701749f593690c0f338da74c,nwsl::Football_Player::83ee7340956c431b81b2caa9373d9e29,opta:Player:aoa88ulpguvr42b0a1jn8dfys,nwsl::Football_Team::ac29701756da44a08457762380c10733,Racing Louisville,Sarah,Weber,S. Weber,Forward,USA,42,4,,USA,,opta:Team:dtucewmt49th1p4selfutmnmc,Racing Lou,LOU,Racing Louisville,US,True,14,901,3,1,14,4,9,1,4,12,15,4,0,0,0,65.0,26,2.6,1,0,0,0,0,0,2.753,0.247,57.14,44.54,46.94,25.0,0,0,0,0,0,0,0,0,0,0,0,0,0,49.0,26.0,23.0,14.0,44.0,5.0,50.0,,1.0,5.0,119.0,66.0,53.0,138.0,68.0,4.0,21.0,5.0,2.0,3.0,70.0,40.0,30.0,1.0,4.0,9.0,33.0,4.0,145.0,1.0,,,2.0,20.0,10.0,3.0,18.0,1.0,24.0,10.0,5.0,9.0,11.0,8.0,3.0,2.0,2.0,8.0,1.0,6.0,7.0,85.0,71.0,40.0,102.0,3.0,1.0,,1.0,901.0,25.0,,2.0,7.0,12.0,15.0,126.0,169.0,14.0,109.0,7.0,39.0,60.0,321.0,6.0,6.0,6.0,3.0,9.0,56.0,10.0,51.0,,1.0,2.0,0.0,1.0,2.0,1.0,1.0,2.0,,,,,,,,,,,,,,,,,,,,,,,,,1.0,,1.0,,,,,,,,True,0,0,109,0,177,2,0.1,7,126,8,16,7,0,True,4,57,4,49,True,0,1,44,7,0,0
2026,nwsl::Football_Season::0b6761e4701749f593690c0f338da74c,nwsl::Football_Player::84b30914edbb45ddb082f69074fb818a,opta:Player:1yva0f096q2oqk5gz59utr42y,nwsl::Football_Team::96ba7b37bd8544a1a7329183459150ff,Portland Thorns,Bella,Bixby,B. Bixby,Goalkeeper,USA,1,1,,USA,,opta:Team:446mp88j1vpk9iwui9fiifrp8,Thorns,POR,Portland Thorns,US,True,0,0,0,0,0,0,0,0,0,0,0,0,0,0,0,,0,,0,0,0,0,0,0,0.0,0.0,0.0,0.0,0.0,0.0,0,0,0,0,0,0,0,0,0,0,0,0,0,,,,,,,,,,,,,,,,,,,,,,,,,,,,,,,,,,,,,,,,,,,,,,,,,,,,,,,,,,,,,,,,,,,,,,,,,,,,,,,,,,,,,,,,,,,,,,,,,,,,,,,,,,,,,,,,,,,,,,,,,,,,,,True,0,0,0,0,0,0,0.0,0,0,0,0,0,0,True,0,0,0,0,True,0,0,0,0,0,0
2026,nwsl::Football_Season::0b6761e4701749f593690c0f338da74c,nwsl::Football_Player::84e65c9b042d400492b5088a8f3d3c6a,opta:Player:a652ucv412tcgm98cx2ri6psk,nwsl::Football_Team::269e825b853f4b43a9d38390aa92bf6e,Chicago Stars,Bea,Franklin,B. Franklin,Midfielder,USA,20,3,,USA,,opta:Team:dzxypx8djih58p668surbi4qm,Chicago Stars,CHI,Chicago Stars,US,True,9,439,0,0,1,0,1,0,3,7,8,2,1,0,0,78.0,12,2.46,0,0,0,0,0,0,0.0183,-0.0183,100.0,44.74,40.0,100.0,0,0,0,0,0,0,0,0,0,0,0,0,0,15.0,9.0,6.0,9.0,18.0,,44.0,,,,38.0,21.0,17.0,16.0,80.0,3.0,11.0,1.0,,,23.0,12.0,11.0,,9.0,1.0,72.0,2.0,180.0,,,,1.0,25.0,3.0,2.0,14.0,,28.0,1.0,,1.0,4.0,1.0,5.0,1.0,1.0,1.0,2.0,1.0,7.0,137.0,36.0,118.0,146.0,,,,1.0,439.0,3.0,1.0,,24.0,7.0,8.0,54.0,198.0,1.0,153.0,3.0,9.0,45.0,280.0,,,2.0,11.0,16.0,24.0,21.0,29.0,,,,0.0,,4.0,,,,,8.0,8.0,,,,,,,,,,,,,,,,,,,,,,,,,,,,,,,,True,0,0,153,0,199,1,0.0,7,54,1,23,7,0,True,3,100,9,15,True,0,0,30,24,0,0
2026,nwsl::Football_Season::0b6761e4701749f593690c0f338da74c,nwsl::Football_Player::85023bcbe613492da8caaa35221257ed,opta:Player:cl1av4qyzjkq03akjof6tdf1m,nwsl::Football_Team::2c1699409ff84c9eb491aeaca3d3edde,Kansas City Current,Kayla,Sharples,K. Sharples,Defender,USA,27,2,,USA,,opta:Team:agxipc0vk4rtg09amjxv10nx0,KC Current,KC,Kansas City Current,US,True,15,1199,0,1,6,1,1,1,7,11,6,0,2,0,0,88.0,19,1.43,0,0,0,0,0,0,0.7428,-0.7428,50.0,56.34,58.06,50.0,0,0,0,0,0,0,0,0,0,0,0,0,0,31.0,13.0,18.0,15.0,20.0,1.0,151.0,3.0,,,71.0,31.0,40.0,22.0,221.0,5.0,16.0,3.0,,,40.0,18.0,22.0,,11.0,1.0,154.0,,657.0,,,,,88.0,4.0,3.0,52.0,,281.0,2.0,5.0,1.0,14.0,1.0,1.0,1.0,1.0,2.0,8.0,,32.0,575.0,164.0,428.0,559.0,7.0,,,2.0,1199.0,2.0,1.0,1.0,68.0,11.0,6.0,95.0,676.0,6.0,591.0,14.0,10.0,85.0,834.0,1.0,1.0,1.0,30.0,51.0,58.0,28.0,34.0,,,,0.0,1.0,12.0,1.0,,,,3.0,4.0,,,,,,,1.0,,,,,,,,,,,,,,,,,,,,,,,,,True,0,0,591,0,678,1,0.08,32,95,2,83,32,0,True,7,50,11,31,True,0,0,39,68,0,0
2026,nwsl::Football_Season::0b6761e4701749f593690c0f338da74c,nwsl::Football_Player::8513285029bf40cb99fa4947006018a2,opta:Player:ek8x7y3jt0xcebttt75qi5exh,nwsl::Football_Team::96ba7b37bd8544a1a7329183459150ff,Portland Thorns,Jessie,Fleming,J. Fleming,Midfielder,Canada,21,3,,CAN,,opta:Team:446mp88j1vpk9iwui9fiifrp8,Thorns,POR,Portland Thorns,US,True,18,1620,1,0,9,1,4,0,35,12,27,0,0,0,0,81.0,25,1.39,19,0,1,0,0,0,0.4145,0.5855,64.81,58.48,40.0,3.45,0,0,0,0,0,0,0,0,0,0,0,0,0,15.0,9.0,6.0,18.0,106.0,2.0,136.0,8.0,19.0,4.0,171.0,71.0,100.0,167.0,223.0,7.0,21.0,4.0,1.0,,156.0,62.0,94.0,2.0,18.0,29.0,134.0,,620.0,1.0,,,,59.0,36.0,22.0,109.0,1.0,175.0,29.0,5.0,4.0,18.0,,,11.0,1.0,13.0,3.0,10.0,36.0,495.0,226.0,296.0,475.0,19.0,2.0,,8.0,1620.0,30.0,2.0,1.0,34.0,12.0,27.0,198.0,638.0,9.0,511.0,54.0,10.0,127.0,945.0,18.0,10.0,13.0,11.0,28.0,101.0,44.0,99.0,,1.0,0.0,0.0,,5.0,,,,,,,10.0,7.0,,,,,,,,,,,,,,,,,,,1.0,,,,,,,,,,,True,0,0,511,0,667,1,0.0,36,198,29,64,36,0,True,35,65,18,15,True,0,0,56,34,0,0
2026,nwsl::Football_Season::0b6761e4701749f593690c0f338da74c,nwsl::Football_Player::85399e003cd149ec991da7c3853143ad,opta:Player:1p3bwk03ay87hp2nwrl3tfxwq,nwsl::Football_Team::cbfcacbef5bc4a278442c00926ac9ebc,Denver Summit,Kaleigh,Kurtz,K. Kurtz,Defender,USA,3,2,,USA,,opta:Team:b6ztd03z31b0yfcae0qovefpw,Denver,DEN,Denver Summit,US,True,16,1440,0,0,2,0,0,0,10,9,4,0,3,0,0,92.0,21,1.31,0,0,0,0,0,0,0.2207,-0.2207,71.43,55.56,60.87,0.0,0,0,0,0,0,0,0,0,0,0,0,0,0,23.0,9.0,14.0,16.0,35.0,1.0,174.0,4.0,,1.0,63.0,28.0,35.0,29.0,336.0,5.0,20.0,1.0,,,40.0,19.0,21.0,,19.0,7.0,214.0,,877.0,,,,3.0,96.0,15.0,8.0,67.0,,373.0,7.0,2.0,,16.0,,,,,3.0,6.0,,59.0,800.0,230.0,647.0,818.0,4.0,,16.0,23.0,1440.0,5.0,,,88.0,9.0,4.0,111.0,958.0,2.0,877.0,14.0,8.0,81.0,1186.0,1.0,1.0,4.0,15.0,35.0,48.0,34.0,46.0,1.0,,,0.0,,19.0,,,,,47.0,48.0,,,,,,,1.0,,,,,,,,,,,,,1.0,,,,,,,,,,,,True,0,0,877,0,959,0,0.0,59,111,1,94,59,0,True,10,71,19,23,True,0,0,63,88,0,0
2026,nwsl::Football_Season::0b6761e4701749f593690c0f338da74c,nwsl::Football_Player::86801cb3b86d435abd204659e3a42a0b,opta:Player:9gmw9ozey3nvckn368u93iluc,nwsl::Football_Team::ac29701756da44a08457762380c10733,Racing Louisville,Avery,Ciorbu,A. Ciorbu,Midfielder,USA,32,3,,USA,,opta:Team:dtucewmt49th1p4selfutmnmc,Racing Lou,LOU,Racing Louisville,US,True,5,94,0,0,0,0,0,0,3,2,0,0,0,0,0,69.0,5,4.79,0,0,0,0,0,0,0.0946,-0.0946,60.0,57.14,50.0,0.0,0,0,0,0,0,0,0,0,0,0,0,0,0,4.0,2.0,2.0,5.0,4.0,2.0,7.0,,,,14.0,6.0,8.0,3.0,10.0,1.0,5.0,,,,10.0,4.0,6.0,,1.0,,8.0,,32.0,1.0,,,,2.0,2.0,1.0,4.0,,10.0,,,,1.0,1.0,4.0,,,1.0,,,1.0,22.0,8.0,14.0,21.0,2.0,,,,94.0,2.0,,,1.0,2.0,,21.0,32.0,,22.0,5.0,1.0,10.0,56.0,,,1.0,1.0,3.0,7.0,3.0,7.0,,,,0.0,,,,,,,,,,,,,,,,,,,,,,,,,,,,,,,,,,,,,,,,True,0,0,22,0,32,0,0.0,1,21,0,4,1,0,True,3,60,1,4,True,0,0,25,1,0,0
2026,nwsl::Football_Season::0b6761e4701749f593690c0f338da74c,nwsl::Football_Player::86e61d5213214742a5388b2df18ecbe1,opta:Player:1mjt2c75soe0pbgry40mfmtjo,nwsl::Football_Team::2c1699409ff84c9eb491aeaca3d3edde,Kansas City Current,Katie,Scott,K. Scott,Defender,USA,31,2,,USA,,opta:Team:agxipc0vk4rtg09amjxv10nx0,KC Current,KC,Kansas City Current,US,True,9,506,0,0,2,0,1,0,7,10,5,0,3,0,0,66.0,10,1.78,1,0,0,0,0,0,0.0828,-0.0828,38.89,52.63,71.43,0.0,0,0,0,0,0,0,0,0,0,0,0,0,0,7.0,2.0,5.0,9.0,31.0,,27.0,,1.0,1.0,57.0,27.0,30.0,50.0,110.0,7.0,10.0,,,,50.0,25.0,25.0,1.0,8.0,1.0,36.0,,211.0,,,,2.0,15.0,14.0,7.0,36.0,,39.0,1.0,1.0,1.0,5.0,3.0,4.0,,,2.0,,2.0,6.0,137.0,56.0,85.0,135.0,11.0,,18.0,15.0,506.0,4.0,,,13.0,10.0,5.0,119.0,216.0,2.0,141.0,18.0,3.0,75.0,347.0,6.0,5.0,3.0,8.0,18.0,47.0,34.0,57.0,,,,0.0,,4.0,,,,,,,,1.0,,,,,,,,,,,,,,,,,,,,1.0,,,,,,,,,,True,0,0,141,0,222,0,0.0,6,119,6,24,6,0,True,7,39,8,7,True,0,1,25,13,0,0
2026,nwsl::Football_Season::0b6761e4701749f593690c0f338da74c,nwsl::Football_Player::86effc238dda42cf81a3890dc95f556e,opta:Player:bcgg4ucum9n55qdr4ny0kd3bo,nwsl::Football_Team::fb41ef4439dd495098cb6d40415767cc,North Carolina Courage,Molly,Pritchard,M. Pritchard,Goalkeeper,USA,,1,,USA,,opta:Team:b4fbmos00gxtk8qnaqsm392p5,Courage,NC,North Carolina Courage,US,True,0,0,0,0,0,0,0,0,0,0,0,0,0,0,0,,0,,0,0,0,0,0,0,0.0,0.0,0.0,0.0,0.0,0.0,0,0,0,0,0,0,0,0,0,0,0,0,0,,,,,,,,,,,,,,,,,,,,,,,,,,,,,,,,,,,,,,,,,,,,,,,,,,,,,,,,,,,,,,,,,,,,,,,,,,,,,,,,,,,,,,,,,,,,,,,,,,,,,,,,,,,,,,,,,,,,,,,,,,,,,,True,0,0,0,0,0,0,0.0,0,0,0,0,0,0,True,0,0,0,0,True,0,0,0,0,0,0
2026,nwsl::Football_Season::0b6761e4701749f593690c0f338da74c,nwsl::Football_Player::8772001989134074a48629a1110d6b62,opta:Player:edwr7f7jwnxm1plk91fx8hfro,nwsl::Football_Team::269e825b853f4b43a9d38390aa92bf6e,Chicago Stars,Michelle,Alozie,M. Alozie,Defender,Nigeria,22,2,,NGA,,opta:Team:dzxypx8djih58p668surbi4qm,Chicago Stars,CHI,Chicago Stars,US,True,11,608,0,0,8,0,3,0,15,7,4,0,1,0,0,71.0,14,2.07,0,0,0,0,0,0,0.7677,-0.7677,78.95,52.17,75.0,11.76,0,0,0,0,0,0,0,0,0,0,0,0,0,12.0,3.0,9.0,11.0,27.0,1.0,52.0,,,4.0,69.0,33.0,36.0,101.0,73.0,6.0,14.0,,,,57.0,30.0,27.0,,10.0,4.0,39.0,,149.0,,,,3.0,32.0,12.0,5.0,15.0,,11.0,4.0,5.0,3.0,8.0,6.0,3.0,2.0,2.0,5.0,2.0,,4.0,106.0,47.0,61.0,102.0,4.0,,18.0,44.0,608.0,18.0,1.0,,20.0,7.0,4.0,107.0,150.0,8.0,106.0,19.0,20.0,44.0,354.0,15.0,15.0,9.0,4.0,11.0,43.0,16.0,33.0,,,,0.0,,1.0,,,,,,,,,,,,,,,,,,,,,,,,,,,,,,,,,,,,,,True,0,0,106,0,167,2,0.0,4,107,17,15,4,0,True,15,79,10,12,True,0,0,27,20,0,0
2026,nwsl::Football_Season::0b6761e4701749f593690c0f338da74c,nwsl::Football_Player::87f8bf57a0ed4238a026b49f9c2b276d,opta:Player:836jz6qayhrahzyxdyesvrsa,nwsl::Football_Team::acffc559cf7d485a9c05fa23ab57054b,Utah Royals,Mia,Justus,M. Justus,Goalkeeper,USA,23,1,,USA,,opta:Team:bn7w86uw8j61dga3xr5s0yiju,Royals,UTA,Utah Royals,US,True,6,532,0,0,0,0,0,0,0,0,0,0,0,0,0,73.0,6,1.02,0,0,0,0,0,0,0.0,0.0,0.0,50.0,100.0,0.0,0,0,0,0,0,0,0,0,0,0,0,0,0,1.0,,1.0,6.0,,,33.0,1.0,,,2.0,1.0,1.0,,146.0,,5.0,1.0,,,1.0,1.0,,,,,63.0,,216.0,,,,,19.0,,,56.0,,68.0,,,,6.0,1.0,,,,,16.0,,53.0,162.0,38.0,163.0,148.0,,,,,532.0,1.0,,,9.0,,,80.0,277.0,,201.0,,,76.0,345.0,,,,35.0,70.0,54.0,22.0,6.0,,,,0.0,,,,,,,50.0,36.0,,,,,,,15.0,,,6.0,,1.0,,4.0,19.0,13.0,6.0,,3.0,4.0,,,,,,,,,,,,True,0,0,201,0,277,0,0.0,53,80,0,123,53,0,True,0,0,0,1,True,19,0,43,9,0,0
2026,nwsl::Football_Season::0b6761e4701749f593690c0f338da74c,nwsl::Football_Player::88284f038be14a6d8b643df2bc4c7d6d,opta:Player:47eshqoyaib3u78jfao4rmsr8,nwsl::Football_Team::ca3f464d6b794a9087d441d75961403f,Houston Dash,Khyah,Harper,K. Harper,Forward,USA,34,4,,USA,,opta:Team:c3v2ohfuzoqmc8ljm65hi80sj,Dash,HOU,Houston Dash,US,True,6,74,0,0,0,0,0,0,3,2,0,0,1,0,0,69.0,0,0.0,0,0,0,0,0,0,0.0,0.0,100.0,50.0,33.33,0.0,0,0,0,0,0,0,0,0,0,0,0,0,0,3.0,2.0,1.0,6.0,11.0,,15.0,,,,10.0,5.0,5.0,35.0,12.0,,,,,,7.0,3.0,4.0,,3.0,1.0,8.0,,35.0,,,,,6.0,2.0,,4.0,,4.0,1.0,,,,,6.0,,,1.0,,1.0,3.0,24.0,15.0,9.0,21.0,,,2.0,7.0,74.0,2.0,,,1.0,2.0,,21.0,35.0,,24.0,3.0,4.0,11.0,62.0,3.0,3.0,1.0,2.0,2.0,12.0,2.0,9.0,,,,0.0,,,,,,,,,,,,,,,,,,,,,,,,,,,,,,,,,,,,,,,,True,0,0,24,0,38,0,0.0,3,21,3,5,3,0,True,3,100,3,3,True,0,0,60,1,0,0
2026,nwsl::Football_Season::0b6761e4701749f593690c0f338da74c,nwsl::Football_Player::8860c67ac5c4405784acd0fccddc6ace,opta:Player:xov58c1kfbi2jhklxw006cr8,nwsl::Football_Team::cbfcacbef5bc4a278442c00926ac9ebc,Denver Summit,Eva,Gaetino,E. Gaetino,Defender,USA,23,2,,USA,,opta:Team:b6ztd03z31b0yfcae0qovefpw,Denver,DEN,Denver Summit,US,True,14,1051,1,0,3,1,1,0,10,14,5,0,4,0,0,86.0,16,1.37,0,0,0,0,0,0,0.9184,0.0816,71.43,47.69,70.59,0.0,0,0,0,0,0,0,0,0,0,0,0,0,0,17.0,5.0,12.0,14.0,21.0,,161.0,1.0,,,65.0,34.0,31.0,39.0,320.0,8.0,15.0,1.0,,1.0,48.0,29.0,19.0,,20.0,1.0,224.0,,594.0,,,,3.0,103.0,12.0,7.0,35.0,1.0,48.0,1.0,2.0,1.0,11.0,1.0,3.0,,,,9.0,,59.0,508.0,215.0,310.0,466.0,4.0,,,1.0,1051.0,4.0,,,59.0,14.0,5.0,103.0,613.0,3.0,525.0,14.0,14.0,88.0,763.0,3.0,3.0,2.0,25.0,46.0,65.0,26.0,42.0,,1.0,0.0,0.0,,5.0,,,1.0,1.0,1.0,1.0,,,,,,,,,,,,,,,,,,,,1.0,,1.0,,,,,,,,,,True,0,0,525,0,616,0,0.0,59,103,3,105,59,0,True,10,71,20,17,True,0,1,56,59,0,0
2026,nwsl::Football_Season::0b6761e4701749f593690c0f338da74c,nwsl::Football_Player::88f0149d2d7a44b681a920d194cf65ca,opta:Player:dmpcb84fn9c2livtnsg8aoduc,nwsl::Football_Team::c3e9513e280b41e5bfbb8230076e8c43,Orlando Pride,Reagan,Raabe,R. Raabe,Forward,USA,38,4,,USA,,opta:Team:966pdxhsoxaib9qt5083h8uus,Pride,ORL,Orlando Pride,US,True,2,33,0,0,1,0,1,0,4,2,1,0,1,0,0,34.0,3,8.18,0,0,0,0,0,0,0.0235,-0.0235,80.0,53.85,0.0,0.0,0,0,0,0,0,0,0,0,0,0,0,0,0,,,,2.0,2.0,,2.0,,,,13.0,6.0,7.0,8.0,8.0,,3.0,,,,13.0,6.0,7.0,,2.0,,2.0,,12.0,,,,1.0,1.0,3.0,2.0,3.0,,,,,1.0,,,2.0,,,1.0,,,,4.0,,4.0,4.0,1.0,,,2.0,33.0,4.0,,,1.0,2.0,1.0,15.0,12.0,1.0,4.0,5.0,4.0,8.0,39.0,,,2.0,,,6.0,2.0,8.0,,,,0.0,,,,,,,,,,,,,,,,,,,,,,,,,,,,,,,,,,,,,,,,True,0,0,4,0,12,0,0.0,0,15,0,0,0,0,True,4,80,2,0,True,0,0,0,1,0,0
2026,nwsl::Football_Season::0b6761e4701749f593690c0f338da74c,nwsl::Football_Player::891ad63d168c42aebeaeaa7359ec1fb5,opta:Player:co49l4m0my5li8yvcxgrvq0yy,nwsl::Football_Team::c83f2ca05aa84c738b5373f0d2a31b39,Gotham FC,Bruna,Santos Nhaia,Bruninha,Defender,Brazil,3,2,,BRA,,opta:Team:bgkfdckqfqnfbmecbtz03n76d,Gotham FC,GFC,Gotham FC,US,True,7,132,0,0,0,0,0,0,1,8,5,0,0,0,0,77.0,1,0.68,0,0,0,0,0,0,0.0,0.0,100.0,40.0,40.0,80.0,0,0,0,0,0,0,0,0,0,0,0,0,0,5.0,3.0,2.0,7.0,14.0,,12.0,,,1.0,25.0,15.0,10.0,41.0,31.0,1.0,,1.0,,,20.0,12.0,8.0,,2.0,2.0,21.0,,65.0,1.0,,,,2.0,1.0,,4.0,,2.0,2.0,,,,,7.0,4.0,4.0,2.0,1.0,,5.0,49.0,31.0,25.0,47.0,,,,11.0,132.0,4.0,,,4.0,8.0,5.0,26.0,68.0,,52.0,1.0,1.0,16.0,113.0,1.0,1.0,3.0,2.0,4.0,14.0,3.0,12.0,1.0,,,0.0,,2.0,,,,,,,,,,,,,,,,,,,,,,,,,,1.0,,,,,1.0,,,,,,,True,0,0,52,0,73,4,0.0,5,26,5,9,5,0,True,1,100,2,5,True,0,0,56,4,0,0
2026,nwsl::Football_Season::0b6761e4701749f593690c0f338da74c,nwsl::Football_Player::8b9f8e68542640ecb93089255329acdb,opta:Player:9faqkjlq89sh0y2vnstt24e1g,nwsl::Football_Team::cbfcacbef5bc4a278442c00926ac9ebc,Denver Summit,Meg,Boade,M. Boade,Midfielder,USA,34,3,,USA,,opta:Team:b6ztd03z31b0yfcae0qovefpw,Denver,DEN,Denver Summit,US,True,0,0,0,0,0,0,0,0,0,0,0,0,0,0,0,,0,,0,0,0,0,0,0,0.0,0.0,0.0,0.0,0.0,0.0,0,0,0,0,0,0,0,0,0,0,0,0,0,,,,,,,,,,,,,,,,,,,,,,,,,,,,,,,,,,,,,,,,,,,,,,,,,,,,,,,,,,,,,,,,,,,,,,,,,,,,,,,,,,,,,,,,,,,,,,,,,,,,,,,,,,,,,,,,,,,,,,,,,,,,,,True,0,0,0,0,0,0,0.0,0,0,0,0,0,0,True,0,0,0,0,True,0,0,0,0,0,0
2026,nwsl::Football_Season::0b6761e4701749f593690c0f338da74c,nwsl::Football_Player::8bc2b0ed38a346f2a782d7236d278aa3,opta:Player:7fk82cjz0z5vq2ts3vmz8has5,nwsl::Football_Team::c83f2ca05aa84c738b5373f0d2a31b39,Gotham FC,Denise,O'Sullivan,D. O'Sullivan,Midfielder,Republic of Ireland,5,3,,IRL,,opta:Team:bgkfdckqfqnfbmecbtz03n76d,Gotham FC,GFC,Gotham FC,US,True,2,38,0,0,0,0,0,0,1,1,3,0,0,0,0,81.0,0,0.0,0,0,0,0,0,0,0.0,0.0,33.33,60.0,0.0,0.0,0,0,0,0,0,0,0,0,0,0,0,0,0,2.0,2.0,,2.0,3.0,,10.0,,,,10.0,4.0,6.0,11.0,16.0,1.0,,,,,8.0,2.0,6.0,,,,6.0,,31.0,,,,,2.0,1.0,1.0,6.0,,6.0,,,,,,2.0,,,,1.0,1.0,2.0,25.0,19.0,6.0,23.0,2.0,,,,38.0,,,,1.0,1.0,3.0,6.0,31.0,,25.0,3.0,1.0,6.0,43.0,,,,1.0,3.0,6.0,,3.0,,,,0.0,,,,,,,,,,,,,,,,,,,,,,,,,,,,,,,,,,,,,,,,True,0,0,25,0,31,0,0.0,2,6,0,5,2,0,True,1,33,0,2,True,0,0,40,1,0,0
2026,nwsl::Football_Season::0b6761e4701749f593690c0f338da74c,nwsl::Football_Player::8be53181b9fd46c4957f8cd6975a49f9,opta:Player:avhmou9ayqv9te0nocy80aga1,nwsl::Football_Team::9587b8ce40624165903b6bc9fd252634,Angel City,Jun,Endo,J. Endō,Forward,Japan,18,4,,JPN,,opta:Team:6hbfgdczbi3yg4sdpqgtu6s,Angel City,LA,Angel City,US,True,9,432,0,0,6,0,2,0,7,4,5,1,0,0,0,64.0,5,1.04,15,0,1,0,0,0,0.6389,-0.6389,63.64,52.17,66.67,8.0,0,0,0,0,0,0,0,0,0,0,0,0,0,6.0,2.0,4.0,9.0,25.0,6.0,35.0,1.0,15.0,4.0,46.0,22.0,24.0,101.0,52.0,1.0,4.0,1.0,,,40.0,20.0,20.0,,6.0,2.0,26.0,1.0,116.0,,,,,20.0,12.0,3.0,18.0,,18.0,2.0,4.0,2.0,6.0,5.0,3.0,7.0,2.0,4.0,,2.0,3.0,75.0,59.0,25.0,74.0,4.0,1.0,,,432.0,10.0,,1.0,4.0,4.0,5.0,83.0,121.0,6.0,77.0,11.0,18.0,44.0,220.0,19.0,7.0,4.0,2.0,6.0,55.0,8.0,38.0,,,,0.0,,,,,,,,,4.0,9.0,,,,,,,,,,,,,,,,,,,,,,,,,,,,,,True,0,0,77,0,146,2,0.0,3,83,25,9,3,0,True,7,64,6,6,True,0,0,33,4,0,0
2026,nwsl::Football_Season::0b6761e4701749f593690c0f338da74c,nwsl::Football_Player::8c0148936e98403ca045b722790deea0,opta:Player:c6amo9ni4dou63jjan993dht6,nwsl::Football_Team::d2d8efe548734dfd8bc667b5a52a079a,Boston Legacy,Lilly,Reale,L. Reale,Defender,USA,2,2,,USA,,opta:Team:2yppf5jwqllc49s0qkbkchvkk,Boston Legacy,BOS,Boston Legacy,US,True,15,1078,0,0,2,0,1,0,12,11,3,0,2,0,0,80.0,9,0.75,0,0,0,0,0,0,0.2844,-0.2844,63.16,52.31,62.5,34.21,0,0,0,0,0,0,0,0,0,0,0,0,0,8.0,3.0,5.0,15.0,72.0,2.0,114.0,6.0,,4.0,65.0,31.0,34.0,178.0,197.0,4.0,9.0,,,,57.0,28.0,29.0,1.0,14.0,16.0,18.0,,487.0,1.0,,,2.0,67.0,21.0,8.0,67.0,,218.0,16.0,1.0,1.0,11.0,1.0,4.0,13.0,13.0,7.0,8.0,2.0,30.0,387.0,199.0,216.0,372.0,7.0,1.0,10.0,67.0,1078.0,12.0,1.0,1.0,43.0,11.0,3.0,162.0,505.0,2.0,402.0,19.0,12.0,103.0,764.0,25.0,25.0,7.0,23.0,49.0,95.0,33.0,54.0,,,,0.0,,3.0,,,,,,,,,,,,,,,,,,,,,,,,,,,,,,,,,,,,,,True,0,0,402,0,543,13,0.0,30,162,38,79,30,0,True,12,63,14,8,True,0,0,38,43,0,0
2026,nwsl::Football_Season::0b6761e4701749f593690c0f338da74c,nwsl::Football_Player::8ced72b131844bca97a4728d075472a2,opta:Player:13yn3loglb28io3yyj9kg3ms4,nwsl::Football_Team::acffc559cf7d485a9c05fa23ab57054b,Utah Royals,Aria,Nagai,A. Nagai,Midfielder,USA,20,3,,USA,,opta:Team:bn7w86uw8j61dga3xr5s0yiju,Royals,UTA,Utah Royals,US,True,5,93,0,0,1,0,0,0,1,4,1,0,1,0,0,76.0,1,0.97,0,0,0,0,0,0,0.1612,-0.1612,50.0,30.0,0.0,0.0,0,0,0,0,0,0,0,0,0,0,0,0,0,2.0,2.0,,5.0,10.0,,13.0,,,,10.0,7.0,3.0,11.0,13.0,2.0,,1.0,,,8.0,5.0,3.0,,3.0,,7.0,,37.0,,,,,4.0,4.0,1.0,4.0,,7.0,,1.0,,1.0,1.0,4.0,,,,,1.0,1.0,28.0,19.0,9.0,27.0,1.0,,,,93.0,1.0,,,4.0,4.0,1.0,14.0,37.0,1.0,28.0,2.0,1.0,9.0,58.0,1.0,1.0,,1.0,1.0,8.0,2.0,8.0,1.0,,,0.0,,,,,,,,,,,,,,,,,,,,,,,,,,,,,,,,,,,,,,,,True,0,0,28,0,38,0,0.0,1,14,1,2,1,0,True,1,50,3,2,True,0,0,50,4,0,0
2026,nwsl::Football_Season::0b6761e4701749f593690c0f338da74c,nwsl::Football_Player::8d06de6ab11f478e863e0180023cd152,opta:Player:a3iv6ws325cyd1vmrowwx6ck4,nwsl::Football_Team::1151140adfc24339ba1c93cb0b6b0238,Seattle Reign,Madison,Curry,M. Curry,Defender,USA,24,2,,USA,,opta:Team:bl53jk6zlfe5f583pil7xzwi5,Reign,SEA,Seattle Reign,US,True,13,1029,0,1,3,1,2,1,22,13,14,0,4,0,0,70.0,15,1.31,0,0,0,0,0,0,0.4104,-0.4104,61.11,61.46,57.14,12.12,0,0,0,0,0,0,0,0,0,0,0,0,0,14.0,6.0,8.0,13.0,56.0,4.0,85.0,3.0,,4.0,96.0,37.0,59.0,175.0,202.0,6.0,12.0,3.0,,,82.0,31.0,51.0,,19.0,7.0,23.0,,344.0,,,,1.0,53.0,48.0,31.0,29.0,,81.0,8.0,1.0,2.0,11.0,1.0,2.0,4.0,4.0,1.0,6.0,,16.0,236.0,144.0,113.0,237.0,14.0,,43.0,113.0,1029.0,9.0,1.0,,36.0,13.0,14.0,200.0,362.0,3.0,253.0,36.0,5.0,109.0,746.0,29.0,29.0,5.0,21.0,43.0,102.0,36.0,66.0,,,,0.0,1.0,4.0,1.0,,,,,,,,,,,,,,,,,,,,,,,,,,,1.0,,,,,,,,,,True,0,0,253,0,395,4,0.09,16,200,33,59,16,0,True,22,61,19,14,True,0,1,27,36,0,0
2026,nwsl::Football_Season::0b6761e4701749f593690c0f338da74c,nwsl::Football_Player::8d16edc2033a4281990ebb8662af78b5,opta:Player:cmivpbf5hzq5j8feacgla5nv8,nwsl::Football_Team::2c1699409ff84c9eb491aeaca3d3edde,Kansas City Current,Mary,Long,M. Long,Forward,USA,19,4,,USA,,opta:Team:agxipc0vk4rtg09amjxv10nx0,KC Current,KC,Kansas City Current,US,True,0,0,0,0,0,0,0,0,0,0,0,0,0,0,0,,0,,0,0,0,0,0,0,0.0,0.0,0.0,0.0,0.0,0.0,0,0,0,0,0,0,0,0,0,0,0,0,0,,,,,,,,,,,,,,,,,,,,,,,,,,,,,,,,,,,,,,,,,,,,,,,,,,,,,,,,,,,,,,,,,,,,,,,,,,,,,,,,,,,,,,,,,,,,,,,,,,,,,,,,,,,,,,,,,,,,,,,,,,,,,,True,0,0,0,0,0,0,0.0,0,0,0,0,0,0,True,0,0,0,0,True,0,0,0,0,0,0
2026,nwsl::Football_Season::0b6761e4701749f593690c0f338da74c,nwsl::Football_Player::8d41be19ea664cb5976221bb3592293d,opta:Player:1v67tba1l3sxow1geovdqefo5,nwsl::Football_Team::c31d72afc09f42ee86418633aa41390a,Washington Spirit,Rebeca,Bernal,R. Bernal,Defender,Mexico,4,2,,MEX,,opta:Team:f1ks82wpiewyqs6h3oz9v4hzj,Spirit,WAS,Washington Spirit,US,True,18,1322,2,0,10,2,3,0,16,11,8,1,2,0,0,87.0,11,0.75,5,0,1,0,0,0,1.2313,0.7687,61.54,53.54,47.83,10.0,0,0,0,0,0,0,0,0,0,0,0,0,0,23.0,12.0,11.0,18.0,111.0,2.0,133.0,3.0,5.0,,99.0,46.0,53.0,100.0,192.0,7.0,9.0,2.0,,2.0,76.0,34.0,42.0,,20.0,9.0,150.0,1.0,643.0,,,,,47.0,21.0,15.0,67.0,,202.0,9.0,7.0,3.0,16.0,8.0,2.0,2.0,1.0,8.0,8.0,9.0,18.0,557.0,257.0,313.0,550.0,10.0,,,1.0,1322.0,12.0,2.0,,31.0,11.0,8.0,132.0,655.0,10.0,568.0,26.0,8.0,87.0,855.0,9.0,2.0,6.0,16.0,29.0,72.0,24.0,58.0,,1.0,1.0,0.0,,4.0,,,2.0,,1.0,1.0,,3.0,,,,,,,,,,,,,,,,,,,,,,2.0,,,,,,,,True,0,0,568,0,665,1,0.0,18,132,10,47,18,0,True,16,62,20,23,True,0,0,38,31,0,0
2026,nwsl::Football_Season::0b6761e4701749f593690c0f338da74c,nwsl::Football_Player::8d5a9316dcc64f99bade9c227befbceb,opta:Player:cjkvwfookgchoji7xxnsct1w,nwsl::Football_Team::96ba7b37bd8544a1a7329183459150ff,Portland Thorns,Cassandra,Bogere,C. Bogere,Midfielder,Norway,6,3,,NOR,,opta:Team:446mp88j1vpk9iwui9fiifrp8,Thorns,POR,Portland Thorns,US,True,17,1069,0,0,4,0,2,0,23,23,5,0,1,1,0,76.0,12,1.01,0,0,0,0,0,0,0.1988,-0.1988,56.1,45.38,50.0,40.0,0,0,0,0,0,0,0,0,0,0,0,0,0,12.0,6.0,6.0,17.0,79.0,,63.0,4.0,,2.0,119.0,65.0,54.0,71.0,128.0,10.0,11.0,1.0,,,107.0,59.0,48.0,1.0,13.0,4.0,92.0,,384.0,1.0,,,,21.0,35.0,20.0,70.0,,88.0,4.0,2.0,2.0,14.0,9.0,3.0,2.0,2.0,2.0,1.0,11.0,9.0,291.0,119.0,177.0,285.0,18.0,1.0,,1.0,1069.0,15.0,,1.0,17.0,23.0,5.0,137.0,387.0,4.0,294.0,41.0,5.0,93.0,575.0,3.0,3.0,4.0,6.0,10.0,57.0,39.0,83.0,,,,0.0,,3.0,,,,,,,,,1.0,,1.0,,,,,,,,,,,,,,,,,,,,,,,,,,,True,0,0,294,0,392,2,0.0,9,137,5,19,9,0,True,23,56,13,12,True,0,0,47,17,0,0
2026,nwsl::Football_Season::0b6761e4701749f593690c0f338da74c,nwsl::Football_Player::8e0a1b9a4d43469b86adca8d94f57496,opta:Player:4c3ul31a4mf94cclrayr43g7p,nwsl::Football_Team::9587b8ce40624165903b6bc9fd252634,Angel City,Sydney,Leroux,S. Leroux,Forward,USA,2,4,,USA,,opta:Team:6hbfgdczbi3yg4sdpqgtu6s,Angel City,LA,Angel City,US,True,0,0,0,0,0,0,0,0,0,0,0,0,0,0,0,,0,,0,0,0,0,0,0,0.0,0.0,0.0,0.0,0.0,0.0,0,0,0,0,0,0,0,0,0,0,0,0,0,,,,,,,,,,,,,,,,,,,,,,,,,,,,,,,,,,,,,,,,,,,,,,,,,,,,,,,,,,,,,,,,,,,,,,,,,,,,,,,,,,,,,,,,,,,,,,,,,,,,,,,,,,,,,,,,,,,,,,,,,,,,,,True,0,0,0,0,0,0,0.0,0,0,0,0,0,0,True,0,0,0,0,True,0,0,0,0,0,0
2026,nwsl::Football_Season::0b6761e4701749f593690c0f338da74c,nwsl::Football_Player::8e4ef1a9758b4eea8d00aa2fd5abc101,opta:Player:eyx4psuhprqtodl08iimdwb11,nwsl::Football_Team::269e825b853f4b43a9d38390aa92bf6e,Chicago Stars,Kathrin,Hendrich,K. Hendrich,Defender,Germany,6,2,,DEU,,opta:Team:dzxypx8djih58p668surbi4qm,Chicago Stars,CHI,Chicago Stars,US,True,10,789,0,0,3,0,1,0,10,2,5,0,0,0,0,89.0,16,1.83,0,0,0,0,0,0,0.2158,-0.2158,76.92,58.33,20.0,0.0,0,0,0,0,0,0,0,0,0,0,0,0,0,5.0,4.0,1.0,10.0,22.0,,126.0,2.0,,,36.0,15.0,21.0,12.0,132.0,2.0,15.0,1.0,,,31.0,11.0,20.0,,14.0,2.0,149.0,,354.0,1.0,,,1.0,64.0,8.0,4.0,31.0,,76.0,2.0,2.0,1.0,8.0,1.0,2.0,,,2.0,3.0,,15.0,313.0,93.0,244.0,322.0,3.0,,,1.0,789.0,5.0,,,28.0,2.0,5.0,53.0,379.0,3.0,337.0,13.0,4.0,42.0,481.0,,,2.0,12.0,25.0,22.0,20.0,17.0,,,,0.0,,11.0,,,,1.0,7.0,7.0,,,,,,,,,,,,,,,,,,,,2.0,,,1.0,,,,,,,,,True,0,0,337,0,379,0,0.0,15,53,0,40,15,0,True,10,77,14,5,True,0,0,38,28,0,0
2026,nwsl::Football_Season::0b6761e4701749f593690c0f338da74c,nwsl::Football_Player::8e98714fbbb040eca395323bf0341abb,opta:Player:dec9dey1t0mbpdgyutns60iz8,nwsl::Football_Team::2c1699409ff84c9eb491aeaca3d3edde,Kansas City Current,Kolo,Suliafu,K. Suliafu,Defender,USA,44,2,,USA,,opta:Team:agxipc0vk4rtg09amjxv10nx0,KC Current,KC,Kansas City Current,US,True,1,25,0,0,0,0,0,0,0,0,0,0,0,0,0,90.0,1,3.6,0,0,0,0,0,0,0.0,0.0,0.0,0.0,0.0,0.0,0,0,0,0,0,0,0,0,0,0,0,0,0,,,,1.0,3.0,,2.0,,,,,,,,9.0,,1.0,,,,,,,,,,6.0,,19.0,,,,1.0,1.0,1.0,,1.0,,1.0,,,,,,1.0,,,,,,,17.0,7.0,10.0,17.0,,,2.0,,25.0,,,,1.0,,,4.0,19.0,,17.0,,,2.0,22.0,,,,,1.0,2.0,,1.0,,,,0.0,,,,,,,,,,,,,,,,,,,,,,,,,,,,,,,,,,,,,,,,True,0,0,17,0,19,0,0.0,0,4,0,1,0,0,True,0,0,0,0,True,0,0,0,1,0,0
2026,nwsl::Football_Season::0b6761e4701749f593690c0f338da74c,nwsl::Football_Player::8f646310f20a489f84c92d5c4b831d1b,opta:Player:9tbrhbbmfxq8l363kybl4g7ah,nwsl::Football_Team::9587b8ce40624165903b6bc9fd252634,Angel City,Ariadina,Alves Borges,Ary Borges,Midfielder,Brazil,8,3,,BRA,,opta:Team:6hbfgdczbi3yg4sdpqgtu6s,Angel City,LA,Angel City,US,True,15,1286,2,1,18,3,6,1,24,23,19,0,1,0,0,79.0,15,1.05,0,0,0,0,0,0,2.1668,-0.1668,64.86,48.61,40.74,20.0,0,0,0,0,0,0,0,0,0,0,0,0,0,27.0,16.0,11.0,15.0,122.0,3.0,100.0,5.0,,6.0,144.0,74.0,70.0,158.0,181.0,13.0,15.0,,1.0,2.0,117.0,58.0,59.0,2.0,19.0,10.0,123.0,,556.0,,,,,42.0,28.0,11.0,89.0,1.0,149.0,11.0,12.0,6.0,14.0,1.0,1.0,2.0,2.0,3.0,7.0,9.0,23.0,432.0,233.0,219.0,427.0,13.0,2.0,,9.0,1286.0,26.0,,1.0,38.0,23.0,19.0,182.0,575.0,18.0,450.0,37.0,28.0,125.0,831.0,8.0,8.0,11.0,33.0,45.0,93.0,40.0,80.0,,1.0,1.0,0.0,,6.0,1.0,1.0,2.0,,,,,,,,,1.0,,,,,,,,,,,,,,,,1.0,,,,,,,,,,True,0,0,450,0,585,2,0.07,23,182,10,68,23,0,True,24,65,19,27,True,0,1,34,38,0,0
2026,nwsl::Football_Season::0b6761e4701749f593690c0f338da74c,nwsl::Football_Player::8fff0be5941647158bce3fa7fc4a0cdd,opta:Player:20qmwwdxbdp6ade3j9lssbvxm,nwsl::Football_Team::269e825b853f4b43a9d38390aa92bf6e,Chicago Stars,Halle,Mackiewicz,H. Mackiewicz,Goalkeeper,USA,22,1,,USA,,opta:Team:dzxypx8djih58p668surbi4qm,Chicago Stars,CHI,Chicago Stars,US,True,1,69,0,0,0,0,0,0,0,0,0,0,0,0,0,82.0,4,5.22,0,0,0,0,0,0,0.0,0.0,0.0,0.0,0.0,0.0,0,0,0,0,0,0,0,0,0,0,0,0,0,,,,1.0,,,3.0,,,,,,,,19.0,,4.0,,,,,,,,,,6.0,,11.0,,,,,2.0,,,5.0,,2.0,,,,,,1.0,,,,2.0,,6.0,9.0,1.0,21.0,16.0,,,,,69.0,,,,1.0,,,5.0,27.0,,22.0,,,5.0,31.0,,,,1.0,5.0,1.0,4.0,,,,,0.0,,,,,,,9.0,10.0,,,,,,,2.0,,,1.0,,,,,1.0,1.0,,,,,,,,,,,,,,,,True,0,0,22,0,27,0,0.0,6,5,0,11,6,0,True,0,0,0,0,True,1,0,55,1,0,0
2026,nwsl::Football_Season::0b6761e4701749f593690c0f338da74c,nwsl::Football_Player::907a57b1c41046b08063e94229484b5e,opta:Player:cqpdeqi0psfadqsgejcvdqqne,nwsl::Football_Team::ca3f464d6b794a9087d441d75961403f,Houston Dash,Malia,Berkely,M. Berkely,Defender,USA,10,2,,USA,,opta:Team:c3v2ohfuzoqmc8ljm65hi80sj,Dash,HOU,Houston Dash,US,True,16,938,0,0,5,0,1,0,16,2,3,0,0,0,0,78.0,18,1.73,0,0,0,1,0,0,1.0392,-1.0392,59.26,73.47,36.36,0.0,0,0,0,0,0,0,0,0,0,0,0,0,0,11.0,7.0,4.0,16.0,26.0,,137.0,2.0,,,49.0,13.0,36.0,29.0,195.0,,16.0,2.0,,,38.0,6.0,32.0,,9.0,1.0,117.0,,407.0,,,1.0,2.0,80.0,8.0,7.0,46.0,,125.0,1.0,4.0,1.0,9.0,2.0,7.0,,,2.0,6.0,,42.0,320.0,122.0,238.0,318.0,11.0,,1.0,,938.0,3.0,,1.0,41.0,2.0,3.0,123.0,463.0,5.0,360.0,27.0,7.0,103.0,600.0,3.0,3.0,2.0,35.0,70.0,80.0,26.0,33.0,,,,0.0,,10.0,,,,1.0,16.0,24.0,,,,,,1.0,8.0,,,,,,,,,,,,,,,,,,,,,,,,,True,0,0,360,0,466,0,0.0,42,123,3,112,42,0,True,16,59,9,11,True,0,0,38,41,0,0
2026,nwsl::Football_Season::0b6761e4701749f593690c0f338da74c,nwsl::Football_Player::9088cd3919ae4facb366b7f4cf1ca493,opta:Player:b8xa1whpr8m3e5zbziz9e91bd,nwsl::Football_Team::acffc559cf7d485a9c05fa23ab57054b,Utah Royals,Narumi,Miura,N. Miura,Midfielder,Japan,6,3,,JPN,,opta:Team:bn7w86uw8j61dga3xr5s0yiju,Royals,UTA,Utah Royals,US,True,13,1118,2,0,7,2,3,0,23,16,13,1,1,0,0,81.0,13,1.05,0,0,0,0,0,0,0.8078,1.1922,60.53,55.56,15.38,54.55,0,0,0,0,0,0,0,0,0,0,0,0,0,13.0,11.0,2.0,13.0,78.0,6.0,106.0,2.0,,4.0,99.0,44.0,55.0,115.0,140.0,10.0,11.0,2.0,1.0,1.0,86.0,33.0,53.0,2.0,9.0,6.0,89.0,1.0,417.0,,,,2.0,35.0,28.0,19.0,58.0,1.0,112.0,6.0,4.0,3.0,13.0,3.0,,6.0,6.0,2.0,3.0,13.0,17.0,339.0,173.0,172.0,322.0,15.0,1.0,,1.0,1118.0,9.0,2.0,,18.0,16.0,13.0,123.0,419.0,7.0,339.0,38.0,9.0,80.0,602.0,5.0,5.0,4.0,16.0,23.0,56.0,29.0,57.0,,1.0,1.0,1.0,,1.0,,1.0,,,,,,,,,,,,,,,,,,,,,,,,,1.0,,,,,,,,,,,True,0,0,339,0,430,6,0.0,17,123,11,40,17,0,True,23,61,9,13,True,0,0,42,18,0,0
2026,nwsl::Football_Season::0b6761e4701749f593690c0f338da74c,nwsl::Football_Player::909a06c8277b428f8e6acae7e1a62d39,opta:Player:2lh6bupkrijpm9n916446nbop,nwsl::Football_Team::c3e9513e280b41e5bfbb8230076e8c43,Orlando Pride,Oihane,Hernández,Oihane Hernández,Defender,Spain,21,2,,ESP,,opta:Team:966pdxhsoxaib9qt5083h8uus,Pride,ORL,Orlando Pride,US,True,17,1187,0,1,4,1,0,1,22,17,3,2,2,0,0,84.0,21,1.59,0,0,0,0,0,0,0.2285,-0.2285,73.33,49.46,46.67,15.38,0,0,0,0,0,0,0,0,0,0,0,0,0,15.0,8.0,7.0,17.0,86.0,2.0,99.0,3.0,,8.0,93.0,47.0,46.0,179.0,167.0,7.0,19.0,2.0,,,78.0,39.0,39.0,,24.0,13.0,129.0,2.0,430.0,1.0,,,2.0,59.0,35.0,17.0,48.0,,53.0,14.0,4.0,,16.0,9.0,1.0,6.0,6.0,6.0,6.0,1.0,15.0,357.0,153.0,215.0,347.0,8.0,,16.0,121.0,1187.0,11.0,3.0,,33.0,17.0,3.0,156.0,435.0,4.0,362.0,30.0,10.0,73.0,790.0,33.0,33.0,3.0,19.0,27.0,73.0,33.0,46.0,,,,0.0,1.0,3.0,1.0,,,,,,,,,,,,,,,,,,,,,,,,,,,1.0,1.0,,,,,,,,,True,0,0,362,0,474,6,0.08,15,156,39,42,15,0,True,22,73,24,15,True,0,1,36,33,0,0
2026,nwsl::Football_Season::0b6761e4701749f593690c0f338da74c,nwsl::Football_Player::91b542420acc43c6955b5f8a782b2adb,opta:Player:3yq6kd2n7n13dmqpmcg4f13bo,nwsl::Football_Team::c31d72afc09f42ee86418633aa41390a,Washington Spirit,Deborah,Abiodun,D. Abiodun,Midfielder,Nigeria,20,3,,NGA,,opta:Team:f1ks82wpiewyqs6h3oz9v4hzj,Spirit,WAS,Washington Spirit,US,True,8,246,0,0,1,0,1,0,12,8,3,0,2,0,0,81.0,1,0.37,0,0,0,0,0,0,0.0405,-0.0405,66.67,51.92,25.0,0.0,0,0,0,0,0,0,0,0,0,0,0,0,0,8.0,6.0,2.0,8.0,23.0,1.0,37.0,,,1.0,52.0,25.0,27.0,44.0,45.0,6.0,1.0,,,,44.0,19.0,25.0,,8.0,8.0,28.0,,138.0,,,,,14.0,12.0,9.0,28.0,,42.0,8.0,,1.0,3.0,3.0,5.0,,,4.0,,8.0,4.0,111.0,57.0,54.0,107.0,6.0,2.0,,,246.0,8.0,2.0,,,8.0,3.0,45.0,138.0,1.0,111.0,18.0,6.0,27.0,214.0,2.0,2.0,2.0,4.0,6.0,23.0,6.0,21.0,,,,0.0,,2.0,,,,,,,,,,,,,,,,,,,,,,,,,,,,,,,,,,,,,,True,0,0,111,0,140,0,0.0,4,45,2,10,4,0,True,12,67,8,8,True,0,0,40,0,0,0
2026,nwsl::Football_Season::0b6761e4701749f593690c0f338da74c,nwsl::Football_Player::920f2b3f71554778a0f38f3ada7405ad,opta:Player:6alny8atonddyhmltw3dgo1d5,nwsl::Football_Team::269e825b853f4b43a9d38390aa92bf6e,Chicago Stars,Julia,Grosso,J. Grosso,Midfielder,Canada,7,3,,CAN,,opta:Team:dzxypx8djih58p668surbi4qm,Chicago Stars,CHI,Chicago Stars,US,True,14,1108,0,0,8,0,5,0,8,10,12,0,1,0,0,86.0,23,1.87,1,0,0,0,0,0,0.7439,-0.7439,53.33,45.92,25.0,10.0,0,0,0,0,0,0,0,0,0,0,0,0,0,8.0,6.0,2.0,14.0,109.0,4.0,134.0,2.0,1.0,7.0,98.0,53.0,45.0,192.0,161.0,7.0,22.0,1.0,,,90.0,47.0,43.0,,6.0,18.0,132.0,,470.0,3.0,,,,79.0,31.0,13.0,58.0,,91.0,18.0,3.0,5.0,13.0,4.0,1.0,2.0,1.0,16.0,,20.0,11.0,400.0,236.0,188.0,411.0,7.0,1.0,,5.0,1108.0,26.0,,,12.0,10.0,12.0,134.0,493.0,8.0,422.0,15.0,24.0,71.0,670.0,8.0,8.0,13.0,3.0,11.0,55.0,24.0,60.0,,,,0.0,,,,,,,,,1.0,,,,,,,,,,,,,,,,,,,,,,,,,,,,,,,True,0,0,422,0,503,1,0.0,11,134,10,22,11,0,True,8,53,6,8,True,0,0,50,12,0,0
2026,nwsl::Football_Season::0b6761e4701749f593690c0f338da74c,nwsl::Football_Player::925b70520fdb41b3afd6477937c4d93c,opta:Player:1cfhmihovl78l8osqbo1w9nth,nwsl::Football_Team::c83f2ca05aa84c738b5373f0d2a31b39,Gotham FC,Guro,Reiten,G. Reiten,Forward,Norway,18,4,,NOR,,opta:Team:bgkfdckqfqnfbmecbtz03n76d,Gotham FC,GFC,Gotham FC,US,True,13,1018,0,4,3,4,1,4,13,9,5,2,0,0,0,83.0,6,0.53,22,0,0,0,0,0,0.3978,-0.3978,54.17,52.86,66.67,19.35,0,0,0,0,0,0,0,0,0,0,0,0,0,6.0,2.0,4.0,13.0,133.0,2.0,104.0,2.0,22.0,11.0,70.0,33.0,37.0,246.0,153.0,4.0,3.0,3.0,,,64.0,31.0,33.0,,11.0,20.0,14.0,2.0,473.0,,,,,74.0,20.0,3.0,58.0,,192.0,23.0,2.0,1.0,12.0,7.0,1.0,18.0,12.0,4.0,5.0,1.0,20.0,387.0,203.0,221.0,386.0,11.0,,13.0,83.0,1018.0,18.0,5.0,,18.0,9.0,5.0,173.0,492.0,3.0,406.0,24.0,27.0,86.0,766.0,44.0,31.0,8.0,9.0,23.0,108.0,22.0,63.0,,,,0.0,4.0,,4.0,,,,,,6.0,10.0,,,,,,,,,,,,,,,,,,,,,,,,,,,,,,True,0,0,406,0,554,12,0.35,20,173,62,43,20,0,True,13,54,11,6,True,0,0,47,18,0,0
2026,nwsl::Football_Season::0b6761e4701749f593690c0f338da74c,nwsl::Football_Player::93ab29167bcd49b1a9d06e29f2cfb3c2,opta:Player:2sylxhwmisg8f763p2t1q934k,nwsl::Football_Team::fb41ef4439dd495098cb6d40415767cc,North Carolina Courage,Hannah,Betfort,H. Betfort,Forward,USA,30,4,,USA,,opta:Team:b4fbmos00gxtk8qnaqsm392p5,Courage,NC,North Carolina Courage,US,True,12,414,0,0,7,0,2,0,0,3,4,1,0,0,0,82.0,6,1.3,0,0,0,0,0,0,1.0088,-1.0088,0.0,45.45,75.0,0.0,0,0,0,0,0,0,0,0,0,0,0,0,0,4.0,1.0,3.0,12.0,30.0,1.0,17.0,,,2.0,22.0,12.0,10.0,55.0,9.0,2.0,6.0,,,,18.0,11.0,7.0,,,4.0,14.0,1.0,59.0,,,,1.0,7.0,7.0,2.0,8.0,,12.0,4.0,5.0,2.0,4.0,4.0,8.0,,,3.0,,4.0,,47.0,31.0,22.0,53.0,,,1.0,1.0,414.0,7.0,,2.0,2.0,3.0,4.0,37.0,65.0,7.0,53.0,,19.0,12.0,118.0,2.0,2.0,4.0,1.0,1.0,12.0,2.0,11.0,2.0,,,0.0,,1.0,,,,,,,,,,,,,,,,,,,,,,,,,,,,,,,,,,,,,,True,0,0,53,0,67,0,0.0,0,37,2,1,0,0,True,0,0,0,4,True,0,0,0,2,0,0
2026,nwsl::Football_Season::0b6761e4701749f593690c0f338da74c,nwsl::Football_Player::94de57f74c554630b9abe7bc1bd588f9,opta:Player:42vdmyzhg3m7or9duzcuwkusp,nwsl::Football_Team::1151140adfc24339ba1c93cb0b6b0238,Seattle Reign,Brittany,Ratcliffe,B. Ratcliffe,Forward,USA,13,4,,USA,,opta:Team:bl53jk6zlfe5f583pil7xzwi5,Reign,SEA,Seattle Reign,US,True,15,275,2,0,4,2,4,0,4,2,8,3,0,0,0,81.0,8,2.62,0,0,0,0,0,0,1.2067,0.7933,100.0,40.0,14.29,20.0,0,0,0,0,0,0,0,0,0,0,0,0,0,7.0,6.0,1.0,15.0,29.0,1.0,32.0,,,5.0,35.0,21.0,14.0,77.0,7.0,,7.0,1.0,1.0,2.0,28.0,15.0,13.0,,1.0,1.0,3.0,3.0,52.0,,,,,16.0,5.0,2.0,11.0,1.0,13.0,1.0,,4.0,2.0,2.0,13.0,3.0,3.0,1.0,,1.0,,42.0,31.0,14.0,42.0,,,,7.0,275.0,11.0,,2.0,3.0,2.0,8.0,47.0,52.0,4.0,42.0,4.0,13.0,10.0,135.0,12.0,12.0,6.0,,1.0,20.0,2.0,9.0,1.0,1.0,1.0,1.0,,1.0,,,1.0,,,,,,,,,,,,,,,,,,,,,,,,,,,1.0,,,,,,,,True,0,0,42,0,67,3,0.0,0,47,15,1,0,0,True,4,100,1,7,True,0,0,0,3,0,0
2026,nwsl::Football_Season::0b6761e4701749f593690c0f338da74c,nwsl::Football_Player::95d2c552a83342bc947134ce8db57d56,opta:Player:1zjvb0kej2m1kp1sl0hw8tmuh,nwsl::Football_Team::c83f2ca05aa84c738b5373f0d2a31b39,Gotham FC,Jaelin,Howell,J. Howell,Midfielder,USA,7,3,,USA,,opta:Team:bgkfdckqfqnfbmecbtz03n76d,Gotham FC,GFC,Gotham FC,US,True,18,1581,0,2,15,2,7,2,31,24,27,0,5,0,0,86.0,12,0.68,1,0,1,0,0,0,0.9078,-0.9078,60.78,61.9,62.07,9.09,0,0,0,0,0,0,0,0,0,0,0,0,0,29.0,11.0,18.0,18.0,165.0,1.0,192.0,8.0,1.0,7.0,168.0,64.0,104.0,201.0,238.0,13.0,9.0,3.0,,,139.0,53.0,86.0,,29.0,9.0,189.0,,810.0,,,,1.0,76.0,33.0,19.0,106.0,,238.0,11.0,8.0,7.0,18.0,5.0,,1.0,1.0,8.0,3.0,11.0,18.0,686.0,297.0,410.0,688.0,20.0,1.0,,2.0,1581.0,19.0,2.0,,39.0,24.0,27.0,174.0,830.0,15.0,706.0,51.0,28.0,124.0,1126.0,10.0,9.0,7.0,16.0,30.0,89.0,45.0,94.0,,,,0.0,2.0,3.0,2.0,,,,,,,1.0,,,,,,,,,,,,,,,,,,,,,,,,,,,,,,True,0,0,706,0,841,1,0.11,18,174,11,48,18,0,True,31,61,29,29,True,0,0,38,39,0,0
2026,nwsl::Football_Season::0b6761e4701749f593690c0f338da74c,nwsl::Football_Player::96199c0cfb7245f6b6460174fb25883b,opta:Player:bwjqs0orziydksase1flhedt6,nwsl::Football_Team::acffc559cf7d485a9c05fa23ab57054b,Utah Royals,Ana,Tejada,Ana Tejada,Defender,Spain,17,2,,ESP,,opta:Team:bn7w86uw8j61dga3xr5s0yiju,Royals,UTA,Utah Royals,US,True,17,1290,0,2,19,2,9,2,19,30,14,0,6,0,0,73.0,11,0.77,0,0,2,0,0,0,1.356,-1.356,63.33,46.53,48.72,60.0,0,0,0,0,0,0,0,0,0,0,0,0,0,39.0,20.0,19.0,17.0,60.0,4.0,105.0,3.0,,5.0,144.0,77.0,67.0,117.0,177.0,17.0,8.0,3.0,,,105.0,57.0,48.0,1.0,15.0,13.0,100.0,,424.0,,,,,50.0,30.0,15.0,74.0,,101.0,15.0,10.0,9.0,15.0,7.0,2.0,3.0,3.0,4.0,5.0,12.0,23.0,313.0,170.0,150.0,294.0,11.0,1.0,,,1290.0,21.0,2.0,,34.0,30.0,14.0,172.0,438.0,19.0,317.0,30.0,12.0,121.0,654.0,2.0,2.0,10.0,28.0,40.0,86.0,37.0,81.0,,,,0.0,1.0,3.0,2.0,,,,2.0,2.0,,,,,,,,,2.0,,,,,,,,,,,,,,,,,,,,,,,True,0,0,317,0,443,3,0.14,23,172,5,63,23,0,True,19,63,15,39,True,0,0,37,34,0,0
2026,nwsl::Football_Season::0b6761e4701749f593690c0f338da74c,nwsl::Football_Player::963846c568d34a539e360dcd93046ebd,opta:Player:4yor5z7hocccrrs0p85jf179w,nwsl::Football_Team::19674698cec24f53af8866cd21abaf8f,Bay,Emmie,Allen,E. Allen,Goalkeeper,USA,32,1,,USA,,opta:Team:eka22bj7co8bw5qxa6qlbinf8,Bay,BAY,Bay,US,True,2,115,0,0,0,0,0,0,0,0,0,0,0,0,0,79.0,4,3.13,0,0,0,0,0,0,0.0,0.0,0.0,50.0,100.0,0.0,0,0,0,0,0,0,0,0,0,0,0,0,0,1.0,,1.0,2.0,,,2.0,,,,2.0,1.0,1.0,,16.0,,4.0,,,,1.0,1.0,,,,,8.0,,17.0,,,,,1.0,,,9.0,,13.0,,,,1.0,,1.0,,,,1.0,,4.0,15.0,1.0,28.0,25.0,,,,,115.0,,,,1.0,,,8.0,37.0,,29.0,,,8.0,46.0,,,,2.0,7.0,2.0,6.0,1.0,,,,0.0,,,,,,,15.0,16.0,,,,,,,4.0,,,,,,,1.0,4.0,4.0,,,,,,,,,,,,,,,,True,0,0,29,0,37,0,0.0,4,8,0,11,4,0,True,0,0,0,1,True,4,0,36,1,0,0
2026,nwsl::Football_Season::0b6761e4701749f593690c0f338da74c,nwsl::Football_Player::9792e74df15347e7956b266647bfd2a6,opta:Player:5kx524x345idecr205u9oopd6,nwsl::Football_Team::2c1699409ff84c9eb491aeaca3d3edde,Kansas City Current,Alana,Cook,A. Cook,Defender,USA,15,2,,USA,,opta:Team:agxipc0vk4rtg09amjxv10nx0,KC Current,KC,Kansas City Current,US,True,0,0,0,0,0,0,0,0,0,0,0,0,0,0,0,,0,,0,0,0,0,0,0,0.0,0.0,0.0,0.0,0.0,0.0,0,0,0,0,0,0,0,0,0,0,0,0,0,,,,,,,,,,,,,,,,,,,,,,,,,,,,,,,,,,,,,,,,,,,,,,,,,,,,,,,,,,,,,,,,,,,,,,,,,,,,,,,,,,,,,,,,,,,,,,,,,,,,,,,,,,,,,,,,,,,,,,,,,,,,,,True,0,0,0,0,0,0,0.0,0,0,0,0,0,0,True,0,0,0,0,True,0,0,0,0,0,0
2026,nwsl::Football_Season::0b6761e4701749f593690c0f338da74c,nwsl::Football_Player::97c6c3ae31c54d7c816afc2abb9bb8e0,opta:Player:28v73115wyhj3wwz5qylgszdg,nwsl::Football_Team::cbfcacbef5bc4a278442c00926ac9ebc,Denver Summit,Jasmine,Aikey,J. Aikey,Forward,USA,12,4,,USA,,opta:Team:b6ztd03z31b0yfcae0qovefpw,Denver,DEN,Denver Summit,US,True,0,0,0,0,0,0,0,0,0,0,0,0,0,0,0,,0,,0,0,0,0,0,0,0.0,0.0,0.0,0.0,0.0,0.0,0,0,0,0,0,0,0,0,0,0,0,0,0,,,,,,,,,,,,,,,,,,,,,,,,,,,,,,,,,,,,,,,,,,,,,,,,,,,,,,,,,,,,,,,,,,,,,,,,,,,,,,,,,,,,,,,,,,,,,,,,,,,,,,,,,,,,,,,,,,,,,,,,,,,,,,True,0,0,0,0,0,0,0.0,0,0,0,0,0,0,True,0,0,0,0,True,0,0,0,0,0,0
2026,nwsl::Football_Season::0b6761e4701749f593690c0f338da74c,nwsl::Football_Player::98465b941a5d4e2aaa2a013813ed82a5,opta:Player:5vb1j5w8876lkpw3sgf5g6f4k,nwsl::Football_Team::c83f2ca05aa84c738b5373f0d2a31b39,Gotham FC,Ryan,Campbell,R. Campbell,Goalkeeper,USA,12,1,,USA,,opta:Team:bgkfdckqfqnfbmecbtz03n76d,Gotham FC,GFC,Gotham FC,US,True,0,0,0,0,0,0,0,0,0,0,0,0,0,0,0,,0,,0,0,0,0,0,0,0.0,0.0,0.0,0.0,0.0,0.0,0,0,0,0,0,0,0,0,0,0,0,0,0,,,,,,,,,,,,,,,,,,,,,,,,,,,,,,,,,,,,,,,,,,,,,,,,,,,,,,,,,,,,,,,,,,,,,,,,,,,,,,,,,,,,,,,,,,,,,,,,,,,,,,,,,,,,,,,,,,,,,,,,,,,,,,True,0,0,0,0,0,0,0.0,0,0,0,0,0,0,True,0,0,0,0,True,0,0,0,0,0,0
2026,nwsl::Football_Season::0b6761e4701749f593690c0f338da74c,nwsl::Football_Player::98dcb1c31ca44fd195fa3302144a6140,opta:Player:8co65x7tuvynuqvket8okb7xl,nwsl::Football_Team::fb41ef4439dd495098cb6d40415767cc,North Carolina Courage,Natalie,Jacobs,N. Jacobs,Defender,USA,4,2,,USA,,opta:Team:b4fbmos00gxtk8qnaqsm392p5,Courage,NC,North Carolina Courage,US,True,4,293,0,0,0,0,0,0,4,6,7,0,1,0,0,86.0,3,0.92,6,0,0,0,0,0,0.0,0.0,50.0,65.52,80.0,0.0,0,0,0,0,0,0,0,0,0,0,0,0,0,5.0,1.0,4.0,4.0,10.0,,44.0,,6.0,,29.0,10.0,19.0,17.0,85.0,3.0,3.0,,,,24.0,9.0,15.0,,7.0,3.0,50.0,,142.0,,,,1.0,31.0,1.0,,15.0,,17.0,3.0,,,3.0,2.0,1.0,3.0,,1.0,4.0,,9.0,120.0,56.0,86.0,130.0,4.0,,1.0,3.0,293.0,2.0,,,14.0,6.0,7.0,35.0,162.0,,139.0,8.0,,23.0,228.0,4.0,1.0,2.0,8.0,14.0,22.0,5.0,9.0,,,,0.0,,4.0,,,,,11.0,11.0,3.0,3.0,,,,,,,,,,,,,,,,,,,,,,,,,,,,,,True,0,0,139,0,169,0,0.0,9,35,7,23,9,0,True,4,50,7,5,True,0,0,39,14,0,0
2026,nwsl::Football_Season::0b6761e4701749f593690c0f338da74c,nwsl::Football_Player::996bf315d3dc4e479053da3ea31925ff,opta:Player:7xb0niqg08hrxk8i2nq8zvfth,nwsl::Football_Team::1151140adfc24339ba1c93cb0b6b0238,Seattle Reign,Nerilia,Mondesir,N. Mondesir,Forward,Haiti,30,4,,HTI,,opta:Team:bl53jk6zlfe5f583pil7xzwi5,Reign,SEA,Seattle Reign,US,True,15,753,1,2,10,3,6,2,15,23,21,5,2,0,0,71.0,16,1.91,30,0,0,0,0,0,1.2547,-0.2547,65.22,43.85,37.5,11.54,0,0,0,0,0,0,0,0,0,0,0,0,0,16.0,10.0,6.0,15.0,37.0,3.0,100.0,1.0,30.0,5.0,130.0,73.0,57.0,198.0,59.0,16.0,14.0,2.0,1.0,1.0,114.0,63.0,51.0,,11.0,14.0,44.0,5.0,190.0,1.0,,,,53.0,16.0,6.0,50.0,1.0,55.0,16.0,4.0,6.0,7.0,4.0,8.0,19.0,6.0,7.0,1.0,2.0,8.0,132.0,104.0,52.0,129.0,8.0,3.0,,1.0,753.0,33.0,2.0,,5.0,23.0,21.0,160.0,195.0,10.0,137.0,23.0,22.0,58.0,417.0,37.0,16.0,18.0,7.0,12.0,80.0,15.0,46.0,,1.0,0.0,1.0,2.0,,2.0,,1.0,,,,9.0,18.0,,,,,,,,,,,,,,,,,,,,,,,,,,,,,,True,0,0,137,0,247,6,0.24,8,160,52,20,8,0,True,15,65,11,16,True,0,0,40,5,0,0
2026,nwsl::Football_Season::0b6761e4701749f593690c0f338da74c,nwsl::Football_Player::9a6e94e5fb19478f9dbc33f702d2d891,opta:Player:13mfu77eipda4tqe1grek3a7e,nwsl::Football_Team::c3e9513e280b41e5bfbb8230076e8c43,Orlando Pride,Simone,Jackson,S. Jackson,Forward,USA,35,4,,USA,,opta:Team:966pdxhsoxaib9qt5083h8uus,Pride,ORL,Orlando Pride,US,True,8,204,0,0,0,0,0,0,8,5,3,1,0,0,0,59.0,3,1.32,0,0,0,0,0,0,0.1157,-0.1157,72.73,64.71,100.0,0.0,0,0,0,0,0,0,0,0,0,0,0,0,0,6.0,,6.0,8.0,14.0,2.0,21.0,,,2.0,34.0,12.0,22.0,36.0,18.0,1.0,3.0,,,,28.0,12.0,16.0,1.0,3.0,1.0,23.0,1.0,61.0,1.0,,,,10.0,7.0,2.0,17.0,,7.0,1.0,,,1.0,1.0,7.0,,,2.0,1.0,4.0,3.0,35.0,18.0,18.0,33.0,3.0,,,2.0,204.0,4.0,1.0,,5.0,5.0,3.0,46.0,62.0,,36.0,11.0,9.0,26.0,118.0,3.0,3.0,2.0,1.0,2.0,22.0,7.0,24.0,2.0,,,0.0,,,,,,,,,,,,,,,,,,,,,,,,,,,,,,,,,,,,,,,,True,0,0,36,0,65,0,0.0,3,46,3,5,3,0,True,8,73,3,6,True,0,0,60,5,0,0
2026,nwsl::Football_Season::0b6761e4701749f593690c0f338da74c,nwsl::Football_Player::9aa0ae7f0bc648da9095a03174257a3c,opta:Player:9b94qn8vkpl0e7ujskes2m7d,nwsl::Football_Team::acffc559cf7d485a9c05fa23ab57054b,Utah Royals,Miyabi,Moriya,M. Moriya,Defender,Japan,22,2,,JPN,,opta:Team:bn7w86uw8j61dga3xr5s0yiju,Royals,UTA,Utah Royals,US,True,13,594,0,1,6,1,0,1,14,5,3,1,0,0,0,69.0,5,0.76,0,0,1,0,0,0,0.2007,-0.2007,66.67,54.39,40.0,22.22,0,0,0,0,0,0,0,0,0,0,0,0,0,10.0,6.0,4.0,13.0,32.0,,68.0,,,4.0,57.0,26.0,31.0,133.0,131.0,3.0,5.0,,,,47.0,20.0,27.0,,10.0,6.0,59.0,1.0,263.0,,,,,38.0,26.0,13.0,24.0,,44.0,7.0,6.0,,6.0,4.0,7.0,4.0,4.0,3.0,4.0,,9.0,179.0,113.0,72.0,172.0,7.0,,4.0,65.0,594.0,12.0,1.0,1.0,23.0,5.0,3.0,133.0,266.0,6.0,181.0,21.0,6.0,85.0,474.0,14.0,14.0,5.0,17.0,26.0,72.0,27.0,59.0,,,,0.0,1.0,1.0,1.0,,,,,,,,,,,,,,,,,,,,,,,,,,,,1.0,,,,,,,,,True,0,0,181,0,284,4,0.15,9,133,18,35,9,0,True,14,67,10,10,True,0,0,26,23,0,0
2026,nwsl::Football_Season::0b6761e4701749f593690c0f338da74c,nwsl::Football_Player::9b57636e0405440fbad174a02ec2b1c1,opta:Player:b5jo1ka6xqmhir94kq7udrf8,nwsl::Football_Team::acffc559cf7d485a9c05fa23ab57054b,Utah Royals,Kameron,Simmonds,K. Simmonds,Defender,Jamaica,6,2,,JAM,,opta:Team:bn7w86uw8j61dga3xr5s0yiju,Royals,UTA,Utah Royals,US,True,6,272,0,0,3,0,2,0,7,6,0,0,2,0,0,41.0,5,1.65,0,0,0,0,0,0,0.1172,-0.1172,77.78,46.67,40.0,75.0,0,0,0,0,0,0,0,0,0,0,0,0,0,5.0,3.0,2.0,6.0,3.0,,23.0,,,,30.0,16.0,14.0,34.0,38.0,6.0,5.0,,,,25.0,13.0,12.0,,3.0,,19.0,,60.0,1.0,,,1.0,12.0,6.0,1.0,7.0,,1.0,,1.0,2.0,3.0,3.0,3.0,3.0,3.0,3.0,,,2.0,24.0,19.0,9.0,23.0,2.0,,8.0,26.0,272.0,6.0,,,6.0,6.0,,62.0,61.0,3.0,25.0,9.0,2.0,36.0,152.0,1.0,1.0,3.0,5.0,9.0,32.0,5.0,27.0,,,,0.0,,3.0,,,,1.0,,,,,,,,,,,,,,,,,,,,,,,,,,,,,,,,,,True,0,0,25,0,65,3,0.0,2,62,4,11,2,0,True,7,78,3,5,True,0,0,18,6,0,0
2026,nwsl::Football_Season::0b6761e4701749f593690c0f338da74c,nwsl::Football_Player::9b7fd5c1259c48b1a87f1cc0c10f713c,opta:Player:4c6z6g6q7jq62bznylu0kjnc9,nwsl::Football_Team::2c1699409ff84c9eb491aeaca3d3edde,Kansas City Current,Lo'eau,LaBonta,L. LaBonta,Midfielder,USA,10,3,,USA,,opta:Team:agxipc0vk4rtg09amjxv10nx0,KC Current,KC,Kansas City Current,US,True,17,1350,1,0,8,1,3,0,18,8,20,2,1,0,0,82.0,19,1.27,1,0,0,2,0,0,1.8669,-0.8669,54.55,66.67,53.85,27.27,0,0,0,0,0,0,0,0,0,0,0,0,0,13.0,6.0,7.0,17.0,88.0,2.0,107.0,4.0,1.0,3.0,99.0,33.0,66.0,153.0,212.0,5.0,17.0,2.0,1.0,1.0,86.0,27.0,59.0,2.0,21.0,13.0,157.0,2.0,531.0,1.0,1.0,2.0,1.0,54.0,14.0,11.0,79.0,1.0,112.0,13.0,5.0,3.0,16.0,6.0,1.0,3.0,3.0,6.0,4.0,5.0,30.0,426.0,227.0,238.0,432.0,15.0,1.0,1.0,5.0,1350.0,14.0,2.0,2.0,20.0,8.0,20.0,152.0,569.0,8.0,462.0,33.0,22.0,107.0,773.0,8.0,8.0,5.0,15.0,36.0,94.0,21.0,71.0,1.0,1.0,0.0,0.0,,,,,,,,,,,,,,,,,,,,,,,,,,,,,,,,,,,,,,,,True,0,0,462,0,580,3,0.0,30,152,11,66,30,0,True,18,55,21,13,True,0,0,45,20,0,0
2026,nwsl::Football_Season::0b6761e4701749f593690c0f338da74c,nwsl::Football_Player::9c24fd239ed34bfa8d4c706539805ad7,opta:Player:5awt3jkiwx648u4pz5rxwy96,nwsl::Football_Team::ca719042b34443c4bcfe380ca4850eaf,San Diego Wave,Daniela,Arias,D. Arias,Defender,Colombia,30,2,,COL,,opta:Team:esvbnzqbyvxp2k570ez7h1a1g,San Diego Wave,SD,San Diego Wave,US,True,0,0,0,0,0,0,0,0,0,0,0,0,0,0,0,,0,,0,0,0,0,0,0,0.0,0.0,0.0,0.0,0.0,0.0,0,0,0,0,0,0,0,0,0,0,0,0,0,,,,,,,,,,,,,,,,,,,,,,,,,,,,,,,,,,,,,,,,,,,,,,,,,,,,,,,,,,,,,,,,,,,,,,,,,,,,,,,,,,,,,,,,,,,,,,,,,,,,,,,,,,,,,,,,,,,,,,,,,,,,,,True,0,0,0,0,0,0,0.0,0,0,0,0,0,0,True,0,0,0,0,True,0,0,0,0,0,0
2026,nwsl::Football_Season::0b6761e4701749f593690c0f338da74c,nwsl::Football_Player::9c658c9bfac94ebaa87d167e59315ba9,opta:Player:73q03evwuq5rdm7scz31yj4a2,nwsl::Football_Team::ac29701756da44a08457762380c10733,Racing Louisville,Makenna,Morris,M. Morris,Midfielder,USA,8,3,,USA,,opta:Team:dtucewmt49th1p4selfutmnmc,Racing Lou,LOU,Racing Louisville,US,True,12,636,0,0,5,0,2,0,9,6,3,4,1,0,0,61.0,9,1.27,13,0,0,0,0,0,0.9593,-0.9593,56.25,41.07,14.29,5.56,0,0,0,0,0,0,0,0,0,0,0,0,0,7.0,6.0,1.0,12.0,25.0,4.0,38.0,,13.0,5.0,56.0,33.0,23.0,122.0,58.0,1.0,9.0,,,,49.0,27.0,22.0,,7.0,9.0,31.0,4.0,134.0,2.0,,,,22.0,19.0,8.0,28.0,,24.0,9.0,3.0,2.0,8.0,8.0,4.0,8.0,1.0,3.0,2.0,4.0,6.0,81.0,66.0,26.0,78.0,7.0,2.0,3.0,10.0,636.0,16.0,,1.0,17.0,6.0,3.0,105.0,138.0,5.0,84.0,16.0,17.0,54.0,286.0,12.0,5.0,6.0,2.0,11.0,55.0,11.0,43.0,,,,0.0,,,,,,,,,5.0,6.0,,,,,,,,,,,,,,,,,,,,,,,,,,,,,,True,0,0,84,0,156,1,0.0,6,105,18,17,6,0,True,9,56,7,7,True,0,0,35,17,0,0
2026,nwsl::Football_Season::0b6761e4701749f593690c0f338da74c,nwsl::Football_Player::9ccd079f4b56432e8f21ede69aabddee,opta:Player:68a0jc6cin6hxx0bkdch9hc5x,nwsl::Football_Team::96ba7b37bd8544a1a7329183459150ff,Portland Thorns,Mackenzie,Arnold,M. Arnold,Goalkeeper,Australia,30,1,,AUS,,opta:Team:446mp88j1vpk9iwui9fiifrp8,Thorns,POR,Portland Thorns,US,True,15,1350,0,0,0,0,0,0,1,0,1,0,1,0,0,80.0,22,1.47,0,0,0,0,0,0,0.0,0.0,100.0,85.71,100.0,0.0,0,0,0,0,0,0,0,0,0,0,0,0,0,5.0,,5.0,15.0,,,85.0,6.0,,,7.0,1.0,6.0,,217.0,,18.0,4.0,,,2.0,1.0,1.0,,,,160.0,,444.0,,,,,33.0,,,129.0,,173.0,,,,15.0,,,,,,24.0,,91.0,383.0,21.0,417.0,347.0,,,,,1350.0,,,,19.0,,1.0,115.0,550.0,,438.0,1.0,,112.0,726.0,,,,50.0,109.0,49.0,63.0,3.0,,,,0.0,,,,,,,116.0,64.0,,,,,,,28.0,,,15.0,1.0,1.0,,7.0,55.0,37.0,18.0,,21.0,7.0,,,1.0,,,,,,,,,True,0,0,438,0,550,0,0.0,91,115,0,200,91,0,True,1,100,0,5,True,55,0,46,19,0,0
2026,nwsl::Football_Season::0b6761e4701749f593690c0f338da74c,nwsl::Football_Player::9ddbf15f0b1d4331b43666f04aede0bd,opta:Player:5mxyi3hnz8x7p4t5wib1y7tas,nwsl::Football_Team::c31d72afc09f42ee86418633aa41390a,Washington Spirit,Molly,Skurcenski,M. Skurcenski,Midfielder,USA,34,3,,USA,,opta:Team:f1ks82wpiewyqs6h3oz9v4hzj,Spirit,WAS,Washington Spirit,US,True,0,0,0,0,0,0,0,0,0,0,0,0,0,0,0,,0,,0,0,0,0,0,0,0.0,0.0,0.0,0.0,0.0,0.0,0,0,0,0,0,0,0,0,0,0,0,0,0,,,,,,,,,,,,,,,,,,,,,,,,,,,,,,,,,,,,,,,,,,,,,,,,,,,,,,,,,,,,,,,,,,,,,,,,,,,,,,,,,,,,,,,,,,,,,,,,,,,,,,,,,,,,,,,,,,,,,,,,,,,,,,True,0,0,0,0,0,0,0.0,0,0,0,0,0,0,True,0,0,0,0,True,0,0,0,0,0,0
2026,nwsl::Football_Season::0b6761e4701749f593690c0f338da74c,nwsl::Football_Player::9dfb4d71f2454c48947447407eabeea4,opta:Player:czmpp6e2oo276u9prac16le51,nwsl::Football_Team::cbfcacbef5bc4a278442c00926ac9ebc,Denver Summit,Pauline,Peyraud-Magnin,P. Peyraud-Magnin,Goalkeeper,France,21,1,,FRA,,opta:Team:b6ztd03z31b0yfcae0qovefpw,Denver,DEN,Denver Summit,US,True,0,0,0,0,0,0,0,0,0,0,0,0,0,0,0,,0,,0,0,0,0,0,0,0.0,0.0,0.0,0.0,0.0,0.0,0,0,0,0,0,0,0,0,0,0,0,0,0,,,,,,,,,,,,,,,,,,,,,,,,,,,,,,,,,,,,,,,,,,,,,,,,,,,,,,,,,,,,,,,,,,,,,,,,,,,,,,,,,,,,,,,,,,,,,,,,,,,,,,,,,,,,,,,,,,,,,,,,,,,,,,True,0,0,0,0,0,0,0.0,0,0,0,0,0,0,True,0,0,0,0,True,0,0,0,0,0,0
2026,nwsl::Football_Season::0b6761e4701749f593690c0f338da74c,nwsl::Football_Player::9e98c713a7154c928697e3cf043fec63,opta:Player:6089nfwh31ha73pl7vlla75cl,nwsl::Football_Team::ca3f464d6b794a9087d441d75961403f,Houston Dash,Sarah,Puntigam,S. Puntigam,Midfielder,Austria,17,3,,AUT,,opta:Team:c3v2ohfuzoqmc8ljm65hi80sj,Dash,HOU,Houston Dash,US,True,14,549,1,0,5,1,3,0,7,13,1,0,0,0,0,77.0,10,1.64,0,0,1,1,1,0,1.0719,-0.0719,63.64,46.67,66.67,0.0,0,0,0,0,0,0,0,0,0,0,0,0,0,12.0,4.0,8.0,14.0,46.0,1.0,28.0,,,1.0,45.0,24.0,21.0,74.0,81.0,4.0,9.0,1.0,,1.0,33.0,20.0,13.0,1.0,10.0,5.0,52.0,,224.0,,,1.0,3.0,11.0,14.0,9.0,28.0,,47.0,5.0,2.0,3.0,5.0,3.0,9.0,,,1.0,,14.0,5.0,170.0,93.0,79.0,167.0,4.0,1.0,,,549.0,5.0,,,21.0,13.0,1.0,68.0,226.0,5.0,172.0,11.0,10.0,54.0,318.0,3.0,3.0,,5.0,10.0,40.0,17.0,44.0,2.0,1.0,0.0,1.0,,2.0,,1.0,1.0,,,,,,,,,,,1.0,,,,,,,,,,,,,,,,,,,,,,,,True,0,0,172,0,229,0,0.0,5,68,3,15,5,0,True,7,64,10,12,True,0,0,33,21,0,0
2026,nwsl::Football_Season::0b6761e4701749f593690c0f338da74c,nwsl::Football_Player::9f1259fd8ae04a44832edee67142bc05,opta:Player:blkef5f0gi6ug0fak08pb4ep6,nwsl::Football_Team::ac29701756da44a08457762380c10733,Racing Louisville,Maddie,Pokorny,M. Pokorny,Midfielder,USA,17,3,,USA,,opta:Team:dtucewmt49th1p4selfutmnmc,Racing Lou,LOU,Racing Louisville,US,True,0,0,0,0,0,0,0,0,0,0,0,0,0,0,0,,0,,0,0,0,0,0,0,0.0,0.0,0.0,0.0,0.0,0.0,0,0,0,0,0,0,0,0,0,0,0,0,0,,,,,,,,,,,,,,,,,,,,,,,,,,,,,,,,,,,,,,,,,,,,0.0,0.0,,,,,,,,,,,,,,,,,,,,,,,,,,,,,,,,,,,,,,,,,,,,,,,,,,,,0.0,0.0,0.0,,,,,,,,,,,,,,,,,,,,,,,,,,,True,0,0,0,0,0,0,0.0,0,0,0,0,0,0,True,0,0,0,0,True,0,0,0,0,0,0
2026,nwsl::Football_Season::0b6761e4701749f593690c0f338da74c,nwsl::Football_Player::a0afe0dd22bc4b4eb895446288d523c8,opta:Player:a79iaz3p6ag1g6qx8ws1y8ff8,nwsl::Football_Team::d2d8efe548734dfd8bc667b5a52a079a,Boston Legacy,Amanda,Allen,A. Allen,Forward,Canada,7,4,,CAN,,opta:Team:2yppf5jwqllc49s0qkbkchvkk,Boston Legacy,BOS,Boston Legacy,US,True,9,67,0,0,0,0,0,0,3,1,0,0,0,0,0,79.0,0,0.0,0,0,0,0,0,0,0.0,0.0,100.0,40.0,0.0,0.0,0,0,0,0,0,0,0,0,0,0,0,0,0,2.0,2.0,,9.0,3.0,,12.0,,,1.0,15.0,9.0,6.0,16.0,9.0,,,,,,13.0,7.0,6.0,,1.0,2.0,5.0,,19.0,,,,,7.0,,,5.0,,2.0,2.0,,,,,9.0,,,3.0,,,,15.0,11.0,4.0,15.0,,,1.0,2.0,67.0,5.0,,,4.0,1.0,,12.0,19.0,,15.0,3.0,1.0,4.0,44.0,1.0,1.0,4.0,,,4.0,1.0,4.0,,,,0.0,,,,,,,,,,,,,,,,,,,,,,,,,,,,,,,,,,,,,,,,True,0,0,15,0,20,0,0.0,0,12,1,0,0,0,True,3,100,1,2,True,0,0,0,4,0,0
2026,nwsl::Football_Season::0b6761e4701749f593690c0f338da74c,nwsl::Football_Player::a0b3cc966c05471caea2fced8abdb5cc,opta:Player:1d0w87gdvjcorim34wblp5hqs,nwsl::Football_Team::c83f2ca05aa84c738b5373f0d2a31b39,Gotham FC,Mak,Whitham,M. Whitham,Forward,USA,31,4,,USA,,opta:Team:bgkfdckqfqnfbmecbtz03n76d,Gotham FC,GFC,Gotham FC,US,True,1,13,0,0,0,0,0,0,0,0,0,0,0,0,0,100.0,0,0.0,0,0,0,0,0,0,0.0,0.0,0.0,0.0,0.0,0.0,0,0,0,0,0,0,0,0,0,0,0,0,0,,,,1.0,,,1.0,,,,,,,2.0,,,,,,,,,,,,,,,2.0,,,,,,,,,,2.0,,,,,,1.0,,,,,,,2.0,2.0,,2.0,,,,,13.0,,,,,,,1.0,2.0,,2.0,,1.0,,3.0,,,,,,,,,,,,0.0,,,,,,,,,,,,,,,,,,,,,,,,,,,,,,,,,,,,,,,,True,0,0,2,0,2,0,0.0,0,1,0,0,0,0,True,0,0,0,0,True,0,0,0,0,0,0
2026,nwsl::Football_Season::0b6761e4701749f593690c0f338da74c,nwsl::Football_Player::a0b960ec400b4ad389c72e720e32e86d,opta:Player:3ytdxf659yjtnml5zzpxl01k9,nwsl::Football_Team::fb41ef4439dd495098cb6d40415767cc,North Carolina Courage,Cortnee,Vine,C. Vine,Forward,Australia,22,4,,AUS,,opta:Team:b4fbmos00gxtk8qnaqsm392p5,Courage,NC,North Carolina Courage,US,True,2,88,0,0,0,0,0,0,0,2,0,1,1,0,0,60.0,2,2.05,0,0,0,0,0,0,0.0556,-0.0556,0.0,12.5,50.0,20.0,0,0,0,0,0,0,0,0,0,0,0,0,0,2.0,1.0,1.0,2.0,7.0,1.0,7.0,,,1.0,8.0,7.0,1.0,24.0,6.0,1.0,2.0,,,,6.0,6.0,,,3.0,,5.0,1.0,22.0,1.0,,,,3.0,3.0,,6.0,,4.0,,,,1.0,1.0,1.0,1.0,1.0,,,,,13.0,9.0,5.0,13.0,,,,,88.0,2.0,,,1.0,2.0,,19.0,22.0,,13.0,,4.0,9.0,40.0,4.0,4.0,2.0,,,12.0,1.0,9.0,1.0,,,0.0,,,,,,,,,,,,,,,,,,,,,,,,,,,,,,,,,,,,,,,,True,0,0,13,0,27,1,0.0,0,19,5,0,0,0,True,0,0,3,2,True,0,0,0,1,0,0
2026,nwsl::Football_Season::0b6761e4701749f593690c0f338da74c,nwsl::Football_Player::a1626364867445b3b33022e19cac46ff,opta:Player:p6mq2ouc50vln1ou3cyg0lqs,nwsl::Football_Team::2c1699409ff84c9eb491aeaca3d3edde,Kansas City Current,Marisa,Jordan,M. Jordan,Goalkeeper,USA,1,1,,USA,,opta:Team:agxipc0vk4rtg09amjxv10nx0,KC Current,KC,Kansas City Current,US,True,6,540,0,0,0,0,0,0,0,0,1,0,0,0,0,66.0,8,1.33,0,0,0,0,0,0,0.0,0.0,0.0,66.67,100.0,0.0,0,0,0,0,0,0,0,0,0,0,0,0,0,1.0,,1.0,6.0,,,5.0,1.0,,,3.0,1.0,2.0,,55.0,,6.0,2.0,,,2.0,1.0,1.0,,,,16.0,,44.0,,,,1.0,3.0,,,37.0,,29.0,,,,6.0,,,,,,2.0,,13.0,36.0,7.0,59.0,53.0,,,,,540.0,,,,5.0,,1.0,36.0,100.0,,66.0,,,34.0,156.0,,,,5.0,32.0,21.0,13.0,2.0,,,,0.0,,,,,,,53.0,49.0,,,,,,,25.0,,,2.0,,,1.0,3.0,15.0,7.0,8.0,,5.0,2.0,,,,,,,,,,,,True,0,0,66,0,100,0,0.0,13,36,0,45,13,0,True,0,0,0,1,True,15,0,29,5,0,0
2026,nwsl::Football_Season::0b6761e4701749f593690c0f338da74c,nwsl::Football_Player::a1cb8dfb75ce4a89bdfe350de18b0410,opta:Player:25tx5w4piygeti5vzv2tz7ggk,nwsl::Football_Team::d2d8efe548734dfd8bc667b5a52a079a,Boston Legacy,Fauzia,Najjemba,F. Najjemba,Forward,Uganda,13,4,,UGA,,opta:Team:2yppf5jwqllc49s0qkbkchvkk,Boston Legacy,BOS,Boston Legacy,US,True,5,176,0,0,2,0,1,0,1,2,1,0,0,0,0,76.0,3,1.53,0,0,0,0,0,0,0.1302,-0.1302,100.0,23.08,0.0,25.0,0,0,0,0,0,0,0,0,0,0,0,0,0,1.0,1.0,,5.0,11.0,2.0,25.0,,,1.0,13.0,10.0,3.0,35.0,6.0,,3.0,,,,12.0,9.0,3.0,1.0,,1.0,16.0,,41.0,,,,1.0,11.0,4.0,3.0,9.0,,8.0,1.0,1.0,1.0,1.0,1.0,4.0,1.0,1.0,1.0,,,2.0,31.0,22.0,10.0,29.0,,,,1.0,176.0,8.0,,,1.0,2.0,1.0,31.0,41.0,2.0,31.0,1.0,12.0,10.0,78.0,3.0,3.0,2.0,,,12.0,1.0,10.0,,,,0.0,,,,,,,,,,,,,,,,,,,,,,,,,,,,,,,,,,,,,,,,True,0,0,31,0,45,1,0.0,2,31,4,2,2,0,True,1,100,0,1,True,0,0,100,1,0,0
2026,nwsl::Football_Season::0b6761e4701749f593690c0f338da74c,nwsl::Football_Player::a439341551034a09972c0d4efd10ccc0,opta:Player:1msrx80nnfp04v03t5jkoo76y,nwsl::Football_Team::1151140adfc24339ba1c93cb0b6b0238,Seattle Reign,Emily,Mason,E. Mason,Defender,USA,14,2,,USA,,opta:Team:bl53jk6zlfe5f583pil7xzwi5,Reign,SEA,Seattle Reign,US,True,13,910,0,0,2,0,1,0,10,5,1,0,1,0,0,82.0,14,1.38,0,0,1,0,0,0,0.3957,-0.3957,66.67,65.79,60.0,50.0,0,0,0,0,0,0,0,0,0,0,0,0,0,15.0,6.0,9.0,13.0,47.0,3.0,133.0,3.0,,1.0,38.0,13.0,25.0,17.0,202.0,3.0,13.0,1.0,,,23.0,7.0,16.0,,10.0,,211.0,,526.0,,,,,85.0,7.0,4.0,38.0,,84.0,,1.0,1.0,10.0,2.0,3.0,2.0,2.0,,13.0,,27.0,432.0,98.0,347.0,416.0,5.0,1.0,4.0,1.0,910.0,1.0,,,54.0,5.0,1.0,112.0,544.0,2.0,443.0,15.0,8.0,101.0,674.0,2.0,2.0,,28.0,67.0,79.0,24.0,34.0,,,,0.0,,9.0,,,,,,,,,,,,,,,,,,,,,,,,,,,,,1.0,,,,,,,,,True,0,0,443,0,548,2,0.0,27,112,4,94,27,0,True,10,67,10,15,True,0,0,29,54,0,0
2026,nwsl::Football_Season::0b6761e4701749f593690c0f338da74c,nwsl::Football_Player::a508823d48c24d818a9b76c99106c143,opta:Player:53uflfknc5uus7iqw3obp5fx1,nwsl::Football_Team::ca3f464d6b794a9087d441d75961403f,Houston Dash,Jane,Campbell,J. Campbell,Goalkeeper,USA,1,1,,USA,,opta:Team:c3v2ohfuzoqmc8ljm65hi80sj,Dash,HOU,Houston Dash,US,True,16,1433,0,0,0,0,0,0,0,1,1,0,1,0,0,79.0,23,1.44,0,0,0,0,0,0,0.0,0.0,0.0,50.0,0.0,0.0,0,0,0,0,0,0,0,0,0,0,0,0,0,,,,16.0,,,92.0,4.0,,,2.0,1.0,1.0,,236.0,1.0,20.0,3.0,,,2.0,1.0,1.0,,,,166.0,,390.0,,,,3.0,67.0,,,125.0,,153.0,,,,16.0,1.0,,,,,12.0,,55.0,336.0,21.0,416.0,382.0,,,,,1433.0,,,,10.0,1.0,1.0,122.0,555.0,,437.0,,,118.0,698.0,,,,42.0,109.0,62.0,56.0,9.0,,,,0.0,,,,,,,123.0,107.0,,,,,,,35.0,,,8.0,,1.0,5.0,4.0,67.0,41.0,26.0,1.0,16.0,11.0,,1.0,,,,,,1.0,1.0,1.0,,True,0,0,437,0,555,0,0.0,55,122,0,164,55,0,True,0,0,0,0,True,67,1,34,10,0,0
2026,nwsl::Football_Season::0b6761e4701749f593690c0f338da74c,nwsl::Football_Player::a5495110a1614676bdd04a42f6068041,opta:Player:f0cwpq45aa7b5de10j9skw44p,nwsl::Football_Team::acffc559cf7d485a9c05fa23ab57054b,Utah Royals,Nuria,Rábano,Nuria Rábano,Defender,Spain,14,2,,ESP,,opta:Team:bn7w86uw8j61dga3xr5s0yiju,Royals,UTA,Utah Royals,US,True,12,1026,0,3,2,3,0,3,21,16,6,0,0,0,0,67.0,13,1.14,24,0,0,0,0,0,0.097,-0.097,56.76,52.63,33.33,18.52,0,0,0,0,0,0,0,0,0,0,0,0,0,12.0,8.0,4.0,12.0,51.0,1.0,68.0,2.0,24.0,5.0,95.0,45.0,50.0,177.0,201.0,10.0,11.0,2.0,,,83.0,37.0,46.0,,11.0,23.0,11.0,,376.0,,,,2.0,41.0,25.0,9.0,56.0,,139.0,26.0,2.0,,12.0,4.0,,20.0,10.0,3.0,11.0,,28.0,246.0,150.0,137.0,239.0,16.0,,15.0,123.0,1026.0,7.0,5.0,,35.0,16.0,6.0,212.0,402.0,2.0,267.0,37.0,6.0,135.0,756.0,36.0,20.0,3.0,38.0,58.0,124.0,47.0,77.0,,,,0.0,3.0,3.0,3.0,,,,1.0,1.0,8.0,11.0,,,,,,,,,,,,,,,,,,,,1.0,,,,,,,,,,True,0,0,267,0,456,10,0.26,28,212,54,86,28,0,True,21,57,11,12,True,0,1,33,35,0,0
2026,nwsl::Football_Season::0b6761e4701749f593690c0f338da74c,nwsl::Football_Player::a58cdc45fc0448a28cbd965d9601aaf7,opta:Player:516s5q2n1hop56c1768x0jbh1,nwsl::Football_Team::d2d8efe548734dfd8bc667b5a52a079a,Boston Legacy,Nichelle,Prince,N. Prince,Forward,Canada,12,4,,CAN,,opta:Team:2yppf5jwqllc49s0qkbkchvkk,Boston Legacy,BOS,Boston Legacy,US,True,18,1409,2,3,12,5,4,3,20,17,5,10,1,0,0,68.0,22,1.41,0,0,1,0,0,0,2.2924,-0.2924,74.07,41.96,36.84,26.79,0,0,0,0,0,0,0,0,0,0,0,0,0,19.0,12.0,7.0,18.0,73.0,1.0,133.0,,,14.0,112.0,65.0,47.0,268.0,97.0,9.0,20.0,2.0,1.0,2.0,93.0,53.0,40.0,1.0,21.0,20.0,155.0,10.0,335.0,2.0,,,4.0,80.0,38.0,18.0,51.0,1.0,10.0,23.0,8.0,4.0,17.0,11.0,1.0,15.0,15.0,8.0,2.0,1.0,7.0,227.0,156.0,86.0,220.0,7.0,,7.0,48.0,1409.0,25.0,5.0,1.0,11.0,17.0,5.0,214.0,335.0,12.0,227.0,27.0,54.0,108.0,636.0,41.0,41.0,15.0,4.0,7.0,116.0,33.0,101.0,1.0,2.0,0.0,0.0,3.0,,3.0,,2.0,,,,,,,,,,,,,,,,,,,,,,,,,,,1.0,,,,,,,,True,0,0,227,0,391,15,0.19,7,214,56,14,7,0,True,20,74,21,19,True,0,0,50,11,0,0
2026,nwsl::Football_Season::0b6761e4701749f593690c0f338da74c,nwsl::Football_Player::a62cd15f05c645a188617a4ced02ab5c,opta:Player:ambkmqohpux5r4cvtszfpeej8,nwsl::Football_Team::53c0a1e1a0e0458da15c881382e8481d,TBC,Flora Marta,Lacho,Flora Marta Lacho,Forward,Angola,30,4,,ANG,,opta:Team:1wanv4klwn3lvzg1snmdmn5lgTbdTeamhome,TBC,TBD,TBC,,True,0,0,0,0,0,0,0,0,0,0,0,0,0,0,0,,0,,0,0,0,0,0,0,0.0,0.0,0.0,0.0,0.0,0.0,0,0,0,0,0,0,0,0,0,0,0,0,0,,,,,,,,,,,,,,,,,,,,,,,,,,,,,,,,,,,,,,,,,,,,0.0,0.0,,,,,,,,,,,,,,,,,,,,,,,,,,,,,,,,,,,,,,,,,,,,,,,,,,,,0.0,0.0,0.0,,,,,,,,,,,,,,,,,,,,,,,,,,,True,0,0,0,0,0,0,0.0,0,0,0,0,0,0,True,0,0,0,0,True,0,0,0,0,0,0
2026,nwsl::Football_Season::0b6761e4701749f593690c0f338da74c,nwsl::Football_Player::a74c35267e4b4a689431f9d3be7522c6,opta:Player:5ekbwy8vf1l1jzj6txawrg7h1,nwsl::Football_Team::2c1699409ff84c9eb491aeaca3d3edde,Kansas City Current,Débora Cristiane,de Oliveira,Debinha,Midfielder,Brazil,99,3,,BRA,,opta:Team:agxipc0vk4rtg09amjxv10nx0,KC Current,KC,Kansas City Current,US,True,12,753,3,1,17,4,10,1,8,3,4,5,0,0,0,72.0,11,1.31,23,0,0,0,0,0,3.8071,-0.8071,80.0,42.65,50.0,8.57,0,0,0,0,0,0,0,0,0,0,0,0,0,6.0,3.0,3.0,12.0,58.0,4.0,93.0,,23.0,4.0,68.0,39.0,29.0,268.0,114.0,1.0,10.0,1.0,3.0,3.0,62.0,36.0,26.0,1.0,10.0,18.0,46.0,5.0,283.0,1.0,,,1.0,64.0,20.0,13.0,50.0,3.0,77.0,19.0,7.0,10.0,10.0,6.0,2.0,11.0,3.0,12.0,1.0,9.0,4.0,200.0,168.0,53.0,206.0,2.0,2.0,,6.0,753.0,29.0,2.0,3.0,3.0,3.0,4.0,171.0,295.0,17.0,210.0,10.0,48.0,85.0,489.0,24.0,11.0,14.0,2.0,9.0,94.0,15.0,76.0,,3.0,0.0,1.0,,,1.0,,3.0,,,,8.0,12.0,,,,,,,2.0,,,,,,,,,,,,,,,,,,,,,,,True,0,0,210,0,330,3,0.12,4,171,35,13,4,0,True,8,80,10,6,True,0,0,31,3,0,0
2026,nwsl::Football_Season::0b6761e4701749f593690c0f338da74c,nwsl::Football_Player::a781ef1be91e49abb66b45cbd140e7c4,opta:Player:6zu0f63ej8pixk97nfzrexiad,nwsl::Football_Team::cbfcacbef5bc4a278442c00926ac9ebc,Denver Summit,Natasha,Flint,N. Flint,Forward,England,26,4,,ENG,,opta:Team:b6ztd03z31b0yfcae0qovefpw,Denver,DEN,Denver Summit,US,True,14,1102,4,2,20,6,9,2,12,15,14,5,3,0,0,78.0,15,1.23,0,0,0,0,0,0,2.8999,1.1001,63.16,48.54,75.0,50.0,0,0,0,0,0,0,0,0,0,0,0,0,0,8.0,2.0,6.0,14.0,103.0,7.0,125.0,3.0,,4.0,103.0,53.0,50.0,191.0,75.0,8.0,14.0,1.0,3.0,3.0,95.0,51.0,44.0,1.0,14.0,8.0,63.0,5.0,352.0,,,,3.0,36.0,25.0,16.0,49.0,1.0,116.0,10.0,11.0,9.0,12.0,5.0,2.0,3.0,3.0,11.0,1.0,9.0,23.0,273.0,159.0,122.0,255.0,7.0,,,5.0,1102.0,27.0,2.0,2.0,17.0,15.0,14.0,136.0,357.0,20.0,278.0,19.0,34.0,79.0,559.0,3.0,3.0,11.0,13.0,20.0,68.0,14.0,59.0,,1.0,3.0,1.0,1.0,3.0,2.0,2.0,2.0,,,,,,,,,1.0,,,,,,,,,,,,,,,1.0,1.0,,1.0,,,,,,,,True,0,0,278,0,363,3,0.16,23,136,6,43,23,0,True,12,63,14,8,True,0,1,53,17,0,0
2026,nwsl::Football_Season::0b6761e4701749f593690c0f338da74c,nwsl::Football_Player::a79161648fb0412187766de7176ab440,opta:Player:dyfsbff9jueyw5jhjou424bo4,nwsl::Football_Team::c3e9513e280b41e5bfbb8230076e8c43,Orlando Pride,Kerry,Abello,K. Abello,Defender,USA,25,2,,USA,,opta:Team:966pdxhsoxaib9qt5083h8uus,Pride,ORL,Orlando Pride,US,True,7,317,0,0,2,0,0,0,7,3,2,0,0,0,0,79.0,3,0.85,0,0,0,0,0,0,0.2362,-0.2362,58.33,67.65,85.71,0.0,0,0,0,0,0,0,0,0,0,0,0,0,0,7.0,1.0,6.0,7.0,27.0,3.0,45.0,,,1.0,34.0,11.0,23.0,56.0,76.0,2.0,3.0,,,,27.0,10.0,17.0,,2.0,2.0,8.0,,178.0,1.0,,,,32.0,7.0,2.0,22.0,,69.0,2.0,2.0,,4.0,4.0,3.0,,,3.0,1.0,,5.0,140.0,60.0,82.0,137.0,5.0,1.0,8.0,28.0,317.0,6.0,,,11.0,3.0,2.0,68.0,180.0,2.0,142.0,12.0,5.0,38.0,281.0,8.0,8.0,3.0,2.0,8.0,32.0,14.0,30.0,,,,0.0,,1.0,,,,,,,,,,,,,,,,,,,,,,,,,,,,,,,,,,,,,,True,0,0,142,0,188,0,0.0,5,68,8,13,5,0,True,7,58,2,7,True,0,0,38,11,0,0
2026,nwsl::Football_Season::0b6761e4701749f593690c0f338da74c,nwsl::Football_Player::a86e9ba2f4c44ce789c593b2b5bf9bcb,opta:Player:d9dirjpaqkq3gga2zyeykcv6d,nwsl::Football_Team::c31d72afc09f42ee86418633aa41390a,Washington Spirit,Aubrey,Kingsbury,A. Kingsbury,Goalkeeper,USA,1,1,,USA,,opta:Team:f1ks82wpiewyqs6h3oz9v4hzj,Spirit,WAS,Washington Spirit,US,True,0,0,0,0,0,0,0,0,0,0,0,0,0,0,0,,0,,0,0,0,0,0,0,0.0,0.0,0.0,0.0,0.0,0.0,0,0,0,0,0,0,0,0,0,0,0,0,0,,,,,,,,,,,,,,,,,,,,,,,,,,,,,,,,,,,,,,,,,,,,,,,,,,,,,,,,,,,,,,,,,,,,,,,,,,,,,,,,,,,,,,,,,,,,,,,,,,,,,,,,,,,,,,,,,,,,,,,,,,,,,,True,0,0,0,0,0,0,0.0,0,0,0,0,0,0,True,0,0,0,0,True,0,0,0,0,0,0
2026,nwsl::Football_Season::0b6761e4701749f593690c0f338da74c,nwsl::Football_Player::aa256aeb38a8454589438798a521ae12,opta:Player:74uudh34v23m2z9gy5tdppxey,nwsl::Football_Team::96ba7b37bd8544a1a7329183459150ff,Portland Thorns,Sam,Hiatt,S. Hiatt,Defender,USA,16,2,,USA,,opta:Team:446mp88j1vpk9iwui9fiifrp8,Thorns,POR,Portland Thorns,US,True,17,1488,0,0,4,0,1,0,10,7,5,0,1,0,0,88.0,22,1.33,0,0,0,0,0,0,0.5584,-0.5584,62.5,54.79,57.58,0.0,0,0,0,0,0,0,0,0,0,0,0,0,0,33.0,14.0,19.0,17.0,58.0,1.0,152.0,7.0,,,73.0,33.0,40.0,21.0,349.0,4.0,18.0,4.0,,,40.0,19.0,21.0,,12.0,4.0,241.0,,830.0,,,,,90.0,10.0,3.0,53.0,,259.0,4.0,3.0,1.0,17.0,3.0,,,,,17.0,,57.0,718.0,157.0,634.0,734.0,6.0,,,1.0,1488.0,4.0,1.0,1.0,101.0,7.0,5.0,127.0,907.0,4.0,791.0,16.0,13.0,116.0,1103.0,,,3.0,36.0,61.0,64.0,52.0,55.0,,,,0.0,,22.0,,,,1.0,43.0,44.0,,,,,,,1.0,,,,,,,,,,,,,1.0,,,,,1.0,,,,,,,True,0,0,791,0,907,0,0.0,57,127,0,118,57,0,True,10,62,12,33,True,0,0,48,101,0,0
2026,nwsl::Football_Season::0b6761e4701749f593690c0f338da74c,nwsl::Football_Player::aa3fb0629ef8427fbe4ec8242a5d8865,opta:Player:8gqtwfvc0ehmlvnaw2qb112zu,nwsl::Football_Team::9587b8ce40624165903b6bc9fd252634,Angel City,Ally,Sentnor,A. Sentnor,Forward,USA,21,4,,USA,,opta:Team:6hbfgdczbi3yg4sdpqgtu6s,Angel City,LA,Angel City,US,True,17,1418,2,2,34,4,11,2,15,8,37,7,1,0,0,77.0,20,1.27,24,0,2,0,0,0,4.1695,-2.1695,65.22,49.45,33.33,11.11,0,0,0,0,0,0,0,0,0,0,0,0,0,27.0,18.0,9.0,17.0,80.0,14.0,162.0,2.0,24.0,10.0,182.0,92.0,90.0,325.0,98.0,6.0,19.0,1.0,2.0,2.0,155.0,74.0,81.0,2.0,5.0,22.0,93.0,7.0,353.0,1.0,,,1.0,59.0,18.0,10.0,69.0,2.0,107.0,24.0,23.0,11.0,17.0,9.0,,10.0,3.0,21.0,,12.0,12.0,266.0,210.0,88.0,276.0,8.0,3.0,1.0,2.0,1418.0,49.0,5.0,3.0,8.0,8.0,37.0,208.0,378.0,34.0,288.0,23.0,72.0,90.0,692.0,19.0,1.0,23.0,2.0,13.0,94.0,15.0,77.0,2.0,1.0,1.0,0.0,1.0,2.0,2.0,,,,,,5.0,17.0,,,,1.0,,,5.0,,,,,,,,,,,,,,,,,,,,,,,True,0,0,288,0,405,3,0.13,12,208,27,25,12,0,True,15,65,5,27,True,0,0,48,8,0,0
2026,nwsl::Football_Season::0b6761e4701749f593690c0f338da74c,nwsl::Football_Player::aaf2552ae4c54dcfa1ec352db94d8b0f,opta:Player:e2q91279c3j489oaaqgb6iwb8,nwsl::Football_Team::1151140adfc24339ba1c93cb0b6b0238,Seattle Reign,Emeri,Adames,E. Adames,Forward,USA,7,4,,USA,,opta:Team:bl53jk6zlfe5f583pil7xzwi5,Reign,SEA,Seattle Reign,US,True,13,476,0,2,5,2,1,2,6,5,1,4,0,0,0,59.0,3,0.57,10,0,1,0,0,0,0.8701,-0.8701,85.71,29.27,25.0,11.11,0,0,0,0,0,0,0,0,0,0,0,0,0,4.0,3.0,1.0,13.0,25.0,4.0,66.0,,10.0,6.0,41.0,29.0,12.0,106.0,38.0,4.0,3.0,,,,37.0,26.0,11.0,1.0,6.0,8.0,54.0,4.0,124.0,,,,,27.0,15.0,6.0,25.0,,9.0,10.0,4.0,1.0,5.0,5.0,8.0,8.0,3.0,3.0,1.0,2.0,5.0,73.0,47.0,35.0,69.0,1.0,1.0,,,476.0,18.0,2.0,1.0,3.0,5.0,1.0,110.0,126.0,5.0,74.0,7.0,22.0,52.0,242.0,19.0,13.0,11.0,3.0,9.0,62.0,9.0,43.0,,,,0.0,2.0,1.0,2.0,,,,,,5.0,4.0,,,,,,,,,,,,,,,,,,,,,,,,,,,,,,True,0,0,74,0,153,3,0.38,5,110,27,14,5,0,True,6,86,6,4,True,0,0,36,3,0,0
2026,nwsl::Football_Season::0b6761e4701749f593690c0f338da74c,nwsl::Football_Player::ab5925e484b549b084e72c85df4de7df,opta:Player:8oj7cqgjacle67i49w4a3gx6,nwsl::Football_Team::96ba7b37bd8544a1a7329183459150ff,Portland Thorns,Isabella,Obaze,I. Obaze,Defender,Denmark,5,2,,DNK,,opta:Team:446mp88j1vpk9iwui9fiifrp8,Thorns,POR,Portland Thorns,US,True,9,717,0,0,3,0,1,0,6,1,4,0,0,0,0,85.0,7,0.88,0,0,1,0,0,0,0.4171,-0.4171,54.55,76.92,76.47,0.0,0,0,0,0,0,0,0,0,0,0,0,0,0,17.0,4.0,13.0,9.0,19.0,3.0,89.0,5.0,,1.0,39.0,9.0,30.0,17.0,132.0,1.0,7.0,,,,22.0,5.0,17.0,,7.0,2.0,94.0,,317.0,,,,,54.0,6.0,2.0,22.0,,86.0,2.0,2.0,1.0,8.0,1.0,1.0,,,2.0,9.0,,16.0,272.0,50.0,231.0,265.0,5.0,,,2.0,717.0,2.0,,,36.0,1.0,4.0,54.0,331.0,3.0,281.0,11.0,10.0,50.0,418.0,,,,17.0,23.0,30.0,20.0,27.0,,,,0.0,,3.0,,,,,3.0,3.0,,,,,,,,,,,,,,,,,,,,,,,,,,,,,,,,True,0,0,281,0,331,0,0.0,16,54,0,39,16,0,True,6,55,7,17,True,0,0,41,36,0,0
2026,nwsl::Football_Season::0b6761e4701749f593690c0f338da74c,nwsl::Football_Player::ac29e17a8bff414e8ede153e5067e250,opta:Player:6uui5rxnfn6y5rkcsbuloiui,nwsl::Football_Team::c3e9513e280b41e5bfbb8230076e8c43,Orlando Pride,Ally,Lemos,A. Lemos,Midfielder,USA,6,3,,USA,,opta:Team:966pdxhsoxaib9qt5083h8uus,Pride,ORL,Orlando Pride,US,True,18,1389,0,2,13,2,6,2,12,17,15,0,2,0,0,77.0,24,1.56,35,0,1,1,0,0,1.9162,-1.9162,38.71,54.13,44.44,5.88,0,0,0,0,0,0,0,0,0,0,0,0,0,18.0,10.0,8.0,18.0,103.0,9.0,169.0,5.0,35.0,9.0,109.0,50.0,59.0,213.0,262.0,12.0,21.0,3.0,,,91.0,40.0,51.0,,25.0,22.0,195.0,,653.0,1.0,,1.0,2.0,74.0,19.0,11.0,67.0,,142.0,24.0,7.0,6.0,16.0,7.0,2.0,16.0,3.0,5.0,1.0,11.0,51.0,500.0,277.0,279.0,489.0,19.0,1.0,,1.0,1389.0,16.0,3.0,1.0,21.0,17.0,15.0,236.0,702.0,13.0,540.0,31.0,10.0,162.0,948.0,39.0,10.0,11.0,34.0,74.0,168.0,33.0,88.0,,,,0.0,2.0,2.0,2.0,,,,,,9.0,20.0,,,,,,,2.0,,,,,,,,,,,,,,,,1.0,,,,,,,True,0,0,540,0,753,3,0.13,51,236,51,125,51,0,True,12,39,25,18,True,0,0,41,21,0,0
2026,nwsl::Football_Season::0b6761e4701749f593690c0f338da74c,nwsl::Football_Player::aca2fdf863f449bda03f5f46f28ed9f4,opta:Player:6ll9js3n0rzhwm1m84rm91vdg,nwsl::Football_Team::c83f2ca05aa84c738b5373f0d2a31b39,Gotham FC,Jordynn,Dudley,J. Dudley,Forward,USA,2,4,,USA,,opta:Team:bgkfdckqfqnfbmecbtz03n76d,Gotham FC,GFC,Gotham FC,US,True,17,1132,2,2,29,4,19,2,13,29,40,1,3,0,0,65.0,7,0.56,1,0,0,0,0,0,4.219,-2.219,50.0,52.29,54.29,11.11,0,0,0,0,0,0,0,0,0,0,0,0,0,35.0,16.0,19.0,17.0,68.0,11.0,189.0,3.0,1.0,12.0,218.0,104.0,114.0,330.0,90.0,9.0,4.0,3.0,2.0,2.0,183.0,88.0,95.0,1.0,9.0,18.0,149.0,1.0,345.0,1.0,,,,96.0,39.0,13.0,43.0,1.0,44.0,20.0,10.0,19.0,12.0,8.0,5.0,1.0,1.0,29.0,1.0,5.0,2.0,223.0,143.0,86.0,226.0,13.0,2.0,,5.0,1132.0,53.0,7.0,4.0,9.0,29.0,40.0,231.0,351.0,29.0,228.0,26.0,105.0,123.0,662.0,8.0,7.0,30.0,8.0,12.0,117.0,14.0,111.0,,1.0,1.0,2.0,2.0,3.0,2.0,1.0,1.0,,,,,1.0,,,,2.0,,,,,,,,,,,,,,,,,,,1.0,,,,,,,True,0,0,228,0,360,1,0.16,2,231,9,14,2,0,True,13,50,9,35,True,0,0,14,9,0,0
2026,nwsl::Football_Season::0b6761e4701749f593690c0f338da74c,nwsl::Football_Player::aca824486f9b4663bf4118794d4719c8,opta:Player:5xeqrq3iczzork08c28rmx3ah,nwsl::Football_Team::acffc559cf7d485a9c05fa23ab57054b,Utah Royals,Janni,Thomsen,J. Thomsen,Midfielder,Denmark,7,3,,DNK,,opta:Team:bn7w86uw8j61dga3xr5s0yiju,Royals,UTA,Utah Royals,US,True,11,733,0,0,5,0,2,0,18,7,5,1,1,0,0,72.0,6,0.74,20,0,2,0,0,0,0.5617,-0.5617,81.82,57.97,85.71,12.2,0,0,0,0,0,0,0,0,0,0,0,0,0,7.0,1.0,6.0,11.0,54.0,6.0,105.0,3.0,20.0,13.0,69.0,29.0,40.0,165.0,122.0,2.0,4.0,2.0,,,62.0,28.0,34.0,,5.0,9.0,85.0,1.0,258.0,2.0,,,,55.0,21.0,8.0,45.0,,12.0,9.0,3.0,2.0,9.0,5.0,2.0,9.0,5.0,7.0,5.0,,18.0,184.0,109.0,94.0,176.0,4.0,,22.0,79.0,733.0,17.0,,,30.0,7.0,5.0,168.0,273.0,5.0,194.0,22.0,8.0,79.0,554.0,32.0,18.0,9.0,20.0,32.0,84.0,27.0,47.0,,,,0.0,,2.0,,,,,,,4.0,12.0,,,,,,,,,,,,,,,,,,1.0,,,,,,,,,,,,True,0,0,194,0,314,5,0.0,18,168,41,50,18,0,True,18,82,5,7,True,0,0,36,30,0,0
2026,nwsl::Football_Season::0b6761e4701749f593690c0f338da74c,nwsl::Football_Player::ad338528a3ad42769bc70668109da114,opta:Player:bzn9r2st3lrb74jbrnosv75ec,nwsl::Football_Team::19674698cec24f53af8866cd21abaf8f,Bay,Tess,Boade,T. Boade,Forward,USA,12,4,,USA,,opta:Team:eka22bj7co8bw5qxa6qlbinf8,Bay,BAY,Bay,US,True,2,19,0,0,0,0,0,0,0,0,1,0,0,0,0,62.0,0,0.0,0,0,0,0,0,0,0.0,0.0,0.0,33.33,0.0,0.0,0,0,0,0,0,0,0,0,0,0,0,0,0,1.0,1.0,,2.0,6.0,,3.0,,,1.0,3.0,2.0,1.0,4.0,3.0,,,,,,2.0,1.0,1.0,,1.0,,3.0,,13.0,,,,,3.0,,,,,1.0,,,,,,2.0,,,,,,,8.0,6.0,2.0,8.0,,,,,19.0,1.0,,,,,1.0,7.0,13.0,,8.0,,,5.0,17.0,1.0,1.0,,,,4.0,2.0,5.0,2.0,,,0.0,,,,,,,,,,,,,,,,,,,,,,,,,,,,,,,,,,,,,,,,True,0,0,8,0,14,0,0.0,0,7,1,0,0,0,True,0,0,1,1,True,0,0,0,0,0,0
2026,nwsl::Football_Season::0b6761e4701749f593690c0f338da74c,nwsl::Football_Player::ad9acd5fa5cf475a87d9a92b99e682fd,opta:Player:5kaxtpwnuplnrodirmblx3cb8,nwsl::Football_Team::ca719042b34443c4bcfe380ca4850eaf,San Diego Wave,Melanie,Barcenas,M. Barcenas,Forward,USA,7,4,,USA,,opta:Team:esvbnzqbyvxp2k570ez7h1a1g,San Diego Wave,SD,San Diego Wave,US,True,17,670,3,0,29,3,19,0,13,6,11,5,2,0,0,80.0,5,0.67,2,0,0,0,0,0,3.5031,-0.5031,61.9,57.32,57.14,7.14,0,0,0,0,0,0,0,0,0,0,0,0,0,7.0,3.0,4.0,17.0,72.0,4.0,96.0,,2.0,6.0,82.0,35.0,47.0,208.0,80.0,3.0,4.0,1.0,3.0,1.0,75.0,32.0,43.0,,6.0,6.0,92.0,5.0,300.0,2.0,,,,39.0,15.0,8.0,31.0,2.0,57.0,6.0,10.0,19.0,6.0,5.0,11.0,1.0,1.0,11.0,,13.0,3.0,238.0,163.0,77.0,236.0,8.0,2.0,,2.0,670.0,22.0,,5.0,6.0,6.0,11.0,124.0,301.0,29.0,239.0,21.0,29.0,62.0,478.0,13.0,10.0,10.0,1.0,5.0,61.0,14.0,57.0,1.0,3.0,0.0,1.0,,1.0,,1.0,1.0,,,,,2.0,,,,,,,2.0,,,,,,,,,,,,2.0,,,,,,,,,,,True,0,0,239,0,315,1,0.0,3,124,14,8,3,0,True,13,62,6,7,True,0,0,38,6,0,0
2026,nwsl::Football_Season::0b6761e4701749f593690c0f338da74c,nwsl::Football_Player::ae3e3d9feb31461eb38d1722bafe9362,opta:Player:12u2uljshcub82tkuzqz8b5sk,nwsl::Football_Team::2c1699409ff84c9eb491aeaca3d3edde,Kansas City Current,Kelsey,Branson,K. Branson,Midfielder,USA,34,3,,USA,,opta:Team:agxipc0vk4rtg09amjxv10nx0,KC Current,KC,Kansas City Current,US,True,1,58,0,0,0,0,0,0,2,1,0,0,0,0,0,69.0,3,4.66,0,0,0,0,0,0,0.0,0.0,100.0,40.0,0.0,0.0,0,0,0,0,0,0,0,0,0,0,0,0,0,,,,1.0,6.0,,9.0,,,,5.0,3.0,2.0,4.0,10.0,,3.0,,,,5.0,3.0,2.0,,2.0,,5.0,,29.0,,,,,2.0,1.0,,6.0,,8.0,,,,1.0,1.0,,,,,,,,20.0,10.0,10.0,20.0,,,,,58.0,2.0,,,2.0,1.0,,12.0,29.0,,20.0,2.0,,9.0,40.0,,,,,2.0,7.0,2.0,7.0,,,,0.0,,,,,,,,,,,,,,,,,,,,,,,,,,,,,,,,,,,,,,,,True,0,0,20,0,29,0,0.0,0,12,0,2,0,0,True,2,100,2,0,True,0,0,0,2,0,0
2026,nwsl::Football_Season::0b6761e4701749f593690c0f338da74c,nwsl::Football_Player::ae9264d3ca7c4028a3972204a2793e62,opta:Player:cyko2ctxt0cam993fomcjkqhg,nwsl::Football_Team::96ba7b37bd8544a1a7329183459150ff,Portland Thorns,Renee,Lyles,R. Lyles,Midfielder,USA,41,3,,USA,,opta:Team:446mp88j1vpk9iwui9fiifrp8,Thorns,POR,Portland Thorns,US,True,7,230,1,1,3,2,2,1,1,4,4,0,0,0,0,60.0,7,2.74,0,0,0,0,0,0,0.2328,0.7672,25.0,44.83,40.0,0.0,0,0,0,0,0,0,0,0,0,0,0,0,0,5.0,3.0,2.0,7.0,9.0,2.0,22.0,,,1.0,29.0,16.0,13.0,35.0,24.0,3.0,6.0,1.0,1.0,1.0,24.0,13.0,11.0,,3.0,1.0,27.0,,64.0,,,,,11.0,7.0,4.0,14.0,1.0,4.0,2.0,1.0,2.0,2.0,2.0,5.0,,,3.0,,1.0,2.0,38.0,23.0,15.0,36.0,3.0,,,,230.0,6.0,,,3.0,4.0,4.0,41.0,64.0,3.0,38.0,4.0,11.0,26.0,111.0,1.0,1.0,1.0,,,23.0,4.0,26.0,,1.0,0.0,0.0,,,1.0,,,,,,,,,,,,,,,,,,,,,,,,,,,,,,,,,,,,,True,0,0,38,0,65,0,0.39,2,41,1,2,2,0,True,1,25,3,5,True,0,0,100,3,0,0
2026,nwsl::Football_Season::0b6761e4701749f593690c0f338da74c,nwsl::Football_Player::af41af05521443b5b718ca9cac9c7427,opta:Player:7o68y3woof1o26ja5sm7buwb8,nwsl::Football_Team::2c1699409ff84c9eb491aeaca3d3edde,Kansas City Current,Gianna,Paul,G. Paul,Forward,USA,12,4,,USA,,opta:Team:agxipc0vk4rtg09amjxv10nx0,KC Current,KC,Kansas City Current,US,True,7,191,0,0,3,0,1,0,1,2,4,0,0,0,0,75.0,6,2.83,0,0,0,0,0,0,0.2457,-0.2457,50.0,27.59,20.0,0.0,0,0,0,0,0,0,0,0,0,0,0,0,0,5.0,4.0,1.0,7.0,7.0,,12.0,,,1.0,29.0,21.0,8.0,39.0,12.0,2.0,5.0,1.0,,,24.0,17.0,7.0,,,4.0,7.0,,32.0,,,,1.0,5.0,6.0,4.0,10.0,,10.0,4.0,2.0,1.0,2.0,2.0,5.0,,,1.0,,2.0,,23.0,18.0,9.0,27.0,1.0,,,,191.0,14.0,,,,2.0,4.0,33.0,36.0,3.0,27.0,2.0,8.0,9.0,83.0,2.0,2.0,4.0,,1.0,10.0,1.0,8.0,,,,0.0,,,,,,,,,,,,,,,,,,,,,,,,,,,,,,,,,,,,,,,,True,0,0,27,0,38,0,0.0,0,33,2,1,0,0,True,1,50,0,5,True,0,0,0,0,0,0
2026,nwsl::Football_Season::0b6761e4701749f593690c0f338da74c,nwsl::Football_Player::afa88f0c0ec840f38096c040ebe83e08,opta:Player:7wy32l2np787xm3b61zyd79t6,nwsl::Football_Team::2c1699409ff84c9eb491aeaca3d3edde,Kansas City Current,Kyra,Carusa,K. Carusa,Forward,Republic of Ireland,66,4,,IRL,,opta:Team:agxipc0vk4rtg09amjxv10nx0,KC Current,KC,Kansas City Current,US,True,4,50,0,0,1,0,1,0,0,2,4,2,0,0,0,77.0,1,1.8,0,0,0,0,0,0,0.0165,-0.0165,0.0,46.67,66.67,0.0,0,0,0,0,0,0,0,0,0,0,0,0,0,3.0,1.0,2.0,4.0,5.0,,1.0,,,1.0,15.0,8.0,7.0,12.0,5.0,,1.0,,,,12.0,7.0,5.0,,,,4.0,2.0,16.0,,,,,1.0,,,3.0,,3.0,,,1.0,,,4.0,,,,,2.0,1.0,12.0,8.0,5.0,12.0,1.0,,,,50.0,3.0,,,,2.0,4.0,11.0,17.0,1.0,13.0,1.0,2.0,4.0,30.0,,,3.0,,,3.0,1.0,4.0,,,,0.0,,,,,,,,,,,,,,,,,,,,,,,,,,,,,,,,,,,,,,,,True,0,0,13,0,17,0,0.0,1,11,0,1,1,0,True,0,0,0,3,True,0,0,100,0,0,0
2026,nwsl::Football_Season::0b6761e4701749f593690c0f338da74c,nwsl::Football_Player::afdfe7f8d3554cbdb5a28867ae47b468,opta:Player:aa62mdrh7m02q6yydl6dmcmc4,nwsl::Football_Team::9587b8ce40624165903b6bc9fd252634,Angel City,Jennie,Immethun,J. Immethun,Midfielder,USA,,3,,USA,,opta:Team:6hbfgdczbi3yg4sdpqgtu6s,Angel City,LA,Angel City,US,True,4,169,0,0,1,0,0,0,4,3,4,0,1,0,0,82.0,2,1.07,0,0,0,0,0,0,0.0546,-0.0546,80.0,52.38,66.67,0.0,0,0,0,0,0,0,0,0,0,0,0,0,0,3.0,1.0,2.0,4.0,22.0,,9.0,,,,21.0,10.0,11.0,12.0,14.0,,2.0,,,,18.0,9.0,9.0,,2.0,1.0,16.0,,64.0,,,,,2.0,6.0,3.0,9.0,,13.0,1.0,1.0,,2.0,2.0,2.0,,,1.0,,,2.0,52.0,19.0,34.0,51.0,1.0,,,,169.0,2.0,,,2.0,3.0,4.0,17.0,65.0,1.0,53.0,5.0,1.0,12.0,93.0,,,1.0,1.0,1.0,9.0,3.0,11.0,,,,0.0,,,,,,,,,,,,,,,,,,,,,,,,,,,,,,,,,,,,,,,,True,0,0,53,0,65,0,0.0,2,17,0,3,2,0,True,4,80,2,3,True,0,0,67,2,0,0
2026,nwsl::Football_Season::0b6761e4701749f593690c0f338da74c,nwsl::Football_Player::b0fe6c1df4fc4afeabe923ab23915632,opta:Player:191uogxjdg4uo178qv1544jys,nwsl::Football_Team::ca3f464d6b794a9087d441d75961403f,Houston Dash,Messiah,Bright,M. Bright,Forward,USA,6,4,,USA,,opta:Team:c3v2ohfuzoqmc8ljm65hi80sj,Dash,HOU,Houston Dash,US,True,8,191,0,0,3,0,0,0,4,2,0,2,0,0,0,53.0,3,1.41,0,0,0,0,0,0,1.2785,-1.2785,80.0,36.67,41.67,0.0,0,0,0,0,0,0,0,0,0,0,0,0,0,12.0,7.0,5.0,8.0,11.0,2.0,19.0,,,2.0,30.0,19.0,11.0,45.0,15.0,2.0,3.0,,,,18.0,12.0,6.0,,1.0,2.0,10.0,2.0,51.0,2.0,,,1.0,12.0,6.0,3.0,12.0,,17.0,2.0,3.0,,2.0,2.0,6.0,,,1.0,,4.0,1.0,26.0,17.0,11.0,27.0,1.0,,,,191.0,8.0,1.0,1.0,,2.0,,45.0,53.0,3.0,28.0,5.0,14.0,25.0,98.0,,,3.0,2.0,3.0,21.0,4.0,22.0,1.0,,,0.0,,1.0,,,,,,,,,,,,,,,,,,,,,,,,,,,,,,,,,,,,,,True,0,0,28,0,53,0,0.0,1,45,0,4,1,0,True,4,80,1,12,True,0,0,25,0,0,0
2026,nwsl::Football_Season::0b6761e4701749f593690c0f338da74c,nwsl::Football_Player::b197886583034c96945c5e1c418bbf5c,opta:Player:30pt4uhplyxm0ljkqsffaw7x0,nwsl::Football_Team::ac29701756da44a08457762380c10733,Racing Louisville,Maddie,Prohaska,M. Prohaska,Goalkeeper,USA,99,1,,USA,,opta:Team:dtucewmt49th1p4selfutmnmc,Racing Lou,LOU,Racing Louisville,US,True,2,158,0,0,0,0,0,0,0,0,0,0,0,0,0,74.0,2,1.14,0,0,0,0,0,0,0.0,0.0,0.0,0.0,0.0,0.0,0,0,0,0,0,0,0,0,0,0,0,0,0,,,,2.0,,,3.0,,,,,,,,31.0,,2.0,,,,,,,,,,18.0,,39.0,,,,,3.0,,,14.0,,11.0,,,,1.0,,1.0,,,,3.0,,13.0,32.0,7.0,37.0,31.0,,,,,158.0,,,,2.0,,,17.0,60.0,,44.0,,,16.0,75.0,,,,5.0,15.0,6.0,10.0,1.0,,,,0.0,,,,,,,18.0,18.0,,,,,,,8.0,,,,,,,1.0,4.0,3.0,1.0,,,2.0,,,,,,,,,,,,True,0,0,44,0,60,0,0.0,13,17,0,28,13,0,True,0,0,0,0,True,4,0,46,2,0,0
2026,nwsl::Football_Season::0b6761e4701749f593690c0f338da74c,nwsl::Football_Player::b1c0273cecaa43fa8d7e11f8a1f3a771,opta:Player:cdrea0bhjm9l8vtwdg82kpv6c,nwsl::Football_Team::19674698cec24f53af8866cd21abaf8f,Bay,Camryn,Miller,C. Miller,Goalkeeper,USA,,1,,USA,,opta:Team:eka22bj7co8bw5qxa6qlbinf8,Bay,BAY,Bay,US,True,0,0,0,0,0,0,0,0,0,0,0,0,0,0,0,,0,,0,0,0,0,0,0,0.0,0.0,0.0,0.0,0.0,0.0,0,0,0,0,0,0,0,0,0,0,0,0,0,,,,,,,,,,,,,,,,,,,,,,,,,,,,,,,,,,,,,,,,,,,,,,,,,,,,,,,,,,,,,,,,,,,,,,,,,,,,,,,,,,,,,,,,,,,,,,,,,,,,,,,,,,,,,,,,,,,,,,,,,,,,,,True,0,0,0,0,0,0,0.0,0,0,0,0,0,0,True,0,0,0,0,True,0,0,0,0,0,0
2026,nwsl::Football_Season::0b6761e4701749f593690c0f338da74c,nwsl::Football_Player::b4c1a9753def4e8b965ea004157befca,opta:Player:dclrtmr0cnlv1lk12678awwes,nwsl::Football_Team::ca3f464d6b794a9087d441d75961403f,Houston Dash,Caroline,DeLisle,C. DeLisle,Goalkeeper,USA,,1,,USA,,opta:Team:c3v2ohfuzoqmc8ljm65hi80sj,Dash,HOU,Houston Dash,US,True,2,97,0,0,0,0,0,0,0,0,0,0,0,0,0,78.0,2,1.86,0,0,0,0,0,0,0.0,0.0,0.0,0.0,0.0,0.0,0,0,0,0,0,0,0,0,0,0,0,0,0,,,,2.0,,,5.0,,,,,,,,22.0,,2.0,,,,,,,,,,15.0,,40.0,,,,1.0,4.0,,,11.0,,17.0,,,,1.0,,1.0,,,,,,3.0,34.0,1.0,41.0,39.0,,,,,97.0,,,,1.0,,,12.0,54.0,,42.0,,,12.0,62.0,,,,7.0,12.0,6.0,6.0,,,,,0.0,,,,,,,7.0,8.0,,,,,,,4.0,,,,,1.0,1.0,,3.0,2.0,1.0,,,,,,,,,,,,,,,True,0,0,42,0,54,0,0.0,3,12,0,15,3,0,True,0,0,0,0,True,3,0,20,1,0,0
2026,nwsl::Football_Season::0b6761e4701749f593690c0f338da74c,nwsl::Football_Player::b5447fcc30e6483b9b81e2d3cd9e3749,opta:Player:drui01747q8utggzizrs6n2i2,nwsl::Football_Team::1151140adfc24339ba1c93cb0b6b0238,Seattle Reign,Mia,Fishel,M. Fishel,Forward,USA,19,4,,USA,,opta:Team:bl53jk6zlfe5f583pil7xzwi5,Reign,SEA,Seattle Reign,US,True,12,754,2,0,14,2,9,0,5,10,7,5,1,0,0,66.0,11,1.31,0,0,0,1,1,0,3.432,-1.432,45.45,48.35,56.25,0.0,0,0,0,0,0,0,0,0,0,0,0,0,0,32.0,14.0,18.0,12.0,30.0,4.0,48.0,1.0,,2.0,91.0,47.0,44.0,111.0,54.0,4.0,9.0,2.0,1.0,2.0,59.0,33.0,26.0,1.0,5.0,8.0,34.0,5.0,136.0,2.0,,1.0,1.0,18.0,13.0,5.0,22.0,2.0,26.0,8.0,5.0,9.0,9.0,7.0,3.0,,,8.0,,9.0,3.0,86.0,57.0,37.0,91.0,6.0,,,,754.0,23.0,1.0,2.0,9.0,10.0,7.0,106.0,144.0,14.0,94.0,11.0,37.0,50.0,284.0,2.0,2.0,8.0,3.0,5.0,40.0,12.0,45.0,2.0,0.0,2.0,0.0,,2.0,,,2.0,1.0,,,,,,,,,,1.0,,,,,,,,,,,,1.0,,,,,,,,,,,,True,0,0,94,0,146,0,0.0,3,106,2,8,3,0,True,5,45,5,32,True,0,0,38,9,0,0
2026,nwsl::Football_Season::0b6761e4701749f593690c0f338da74c,nwsl::Football_Player::b59aacbdbb734601810422f27dff5ddb,opta:Player:bxj6bpjfxkumj112yoco9wahg,nwsl::Football_Team::fb41ef4439dd495098cb6d40415767cc,North Carolina Courage,Riley,Jackson,R. Jackson,Midfielder,USA,16,3,,USA,,opta:Team:b4fbmos00gxtk8qnaqsm392p5,Courage,NC,North Carolina Courage,US,True,16,1420,1,2,18,3,6,2,20,28,9,1,3,0,0,81.0,20,1.27,44,0,0,1,1,0,2.9514,-1.9514,54.05,48.97,50.0,6.9,0,0,0,0,0,0,0,0,0,0,0,0,0,26.0,13.0,13.0,16.0,169.0,7.0,219.0,4.0,44.0,2.0,145.0,74.0,71.0,352.0,325.0,13.0,20.0,,,1.0,119.0,61.0,58.0,1.0,8.0,33.0,222.0,1.0,878.0,5.0,,1.0,,91.0,27.0,15.0,130.0,1.0,181.0,35.0,12.0,6.0,16.0,5.0,,20.0,4.0,12.0,3.0,22.0,45.0,701.0,425.0,314.0,674.0,17.0,4.0,,,1420.0,29.0,5.0,1.0,16.0,28.0,9.0,281.0,897.0,18.0,719.0,37.0,25.0,178.0,1173.0,38.0,11.0,11.0,11.0,41.0,168.0,48.0,137.0,1.0,1.0,0.0,1.0,2.0,4.0,2.0,,1.0,,,,16.0,21.0,,,,,,1.0,1.0,,,,,,,,,,,,,,,,,,,,,,,True,0,0,719,0,955,4,0.13,45,281,58,86,45,0,True,20,54,8,26,True,0,0,52,16,0,0
2026,nwsl::Football_Season::0b6761e4701749f593690c0f338da74c,nwsl::Football_Player::b66f7bcff55c49fcbadd2bd156e62c4f,opta:Player:dqlf8zcw7pgs9tg3lj0p91w5w,nwsl::Football_Team::19674698cec24f53af8866cd21abaf8f,Bay,Onyeka,Gamero,O. Gamero,Forward,USA,6,4,,USA,,opta:Team:eka22bj7co8bw5qxa6qlbinf8,Bay,BAY,Bay,US,True,5,92,0,0,3,0,1,0,1,0,1,0,0,0,0,73.0,2,1.96,0,0,0,0,0,0,0.1082,-0.1082,50.0,57.14,0.0,0.0,0,0,0,0,0,0,0,0,0,0,0,0,0,,,,5.0,3.0,1.0,13.0,,,1.0,7.0,3.0,4.0,24.0,8.0,,2.0,,,,7.0,3.0,4.0,,1.0,2.0,6.0,,29.0,,,,1.0,1.0,4.0,1.0,5.0,,12.0,2.0,2.0,1.0,,,5.0,,,1.0,,,,21.0,18.0,3.0,21.0,1.0,,,,92.0,3.0,,,1.0,,1.0,16.0,29.0,3.0,21.0,2.0,7.0,8.0,50.0,1.0,1.0,3.0,1.0,2.0,5.0,4.0,6.0,,,,0.0,,,,,,,,,,,,,,,,,,,,,,,,,,,,,,,,,,,,,,,,True,0,0,21,0,30,0,0.0,0,16,1,2,0,0,True,1,50,1,0,True,0,0,0,1,0,0
2026,nwsl::Football_Season::0b6761e4701749f593690c0f338da74c,nwsl::Football_Player::b6a0694762f84a9fa3f5a476d0db9f87,opta:Player:burd5qngjbukcd01bdjk8r3hm,nwsl::Football_Team::c83f2ca05aa84c738b5373f0d2a31b39,Gotham FC,Teagan,Wy,T. Wy,Goalkeeper,USA,31,1,,USA,,opta:Team:bgkfdckqfqnfbmecbtz03n76d,Gotham FC,GFC,Gotham FC,US,True,0,0,0,0,0,0,0,0,0,0,0,0,0,0,0,,0,,0,0,0,0,0,0,0.0,0.0,0.0,0.0,0.0,0.0,0,0,0,0,0,0,0,0,0,0,0,0,0,,,,,,,,,,,,,,,,,,,,,,,,,,,,,,,,,,,,,,,,,,,,,,,,,,,,,,,,,,,,,,,,,,,,,,,,,,,,,,,,,,,,,,,,,,,,,,,,,,,,,,,,,,,,,,,,,,,,,,,,,,,,,,True,0,0,0,0,0,0,0.0,0,0,0,0,0,0,True,0,0,0,0,True,0,0,0,0,0,0
2026,nwsl::Football_Season::0b6761e4701749f593690c0f338da74c,nwsl::Football_Player::b73ff56499744e4fb1f166b598f7b04f,opta:Player:5ibsbj2zqv62c94k5wijnayy2,nwsl::Football_Team::ca719042b34443c4bcfe380ca4850eaf,San Diego Wave,Catarina,Macário,C. Macário,Forward,USA,20,4,,USA,,opta:Team:esvbnzqbyvxp2k570ez7h1a1g,San Diego Wave,SD,San Diego Wave,US,True,0,0,0,0,0,0,0,0,0,0,0,0,0,0,0,,0,,0,0,0,0,0,0,0.0,0.0,0.0,0.0,0.0,0.0,0,0,0,0,0,0,0,0,0,0,0,0,0,,,,,,,,,,,,,,,,,,,,,,,,,,,,,,,,,,,,,,,,,,,,,,,,,,,,,,,,,,,,,,,,,,,,,,,,,,,,,,,,,,,,,,,,,,,,,,,,,,,,,,,,,,,,,,,,,,,,,,,,,,,,,,True,0,0,0,0,0,0,0.0,0,0,0,0,0,0,True,0,0,0,0,True,0,0,0,0,0,0
2026,nwsl::Football_Season::0b6761e4701749f593690c0f338da74c,nwsl::Football_Player::b79c07308de84ca7967c474613f2fe20,opta:Player:2x310j2wycjsv4nzblfqd7sru,nwsl::Football_Team::fb41ef4439dd495098cb6d40415767cc,North Carolina Courage,Payton,Linnehan,P. Linnehan,Forward,USA,15,4,,USA,,opta:Team:b4fbmos00gxtk8qnaqsm392p5,Courage,NC,North Carolina Courage,US,True,3,147,0,1,1,1,0,1,2,1,0,1,0,0,0,74.0,1,0.61,0,0,0,0,0,0,0.6512,-0.6512,100.0,42.86,0.0,14.29,0,0,0,0,0,0,0,0,0,0,0,0,0,,,,3.0,12.0,,21.0,,,2.0,7.0,4.0,3.0,37.0,20.0,1.0,1.0,,,,7.0,4.0,3.0,,3.0,,26.0,1.0,60.0,,,,,10.0,6.0,1.0,5.0,,2.0,1.0,1.0,,2.0,2.0,1.0,1.0,1.0,1.0,,4.0,2.0,44.0,32.0,13.0,42.0,,,,4.0,147.0,2.0,1.0,1.0,2.0,1.0,,32.0,60.0,1.0,44.0,2.0,7.0,16.0,92.0,6.0,6.0,,3.0,3.0,14.0,8.0,13.0,1.0,,,0.0,1.0,,1.0,,,,,,,,,,,,,,,,,,,,,,,,,,,,,,,,,,,,,True,0,0,44,0,67,1,0.61,2,32,7,5,2,0,True,2,100,3,0,True,0,0,40,2,0,0
2026,nwsl::Football_Season::0b6761e4701749f593690c0f338da74c,nwsl::Football_Player::b7b10520cd77421e97f225c988f93e57,opta:Player:6fi5hacjc8lj8zej0d2lfq66t,nwsl::Football_Team::c83f2ca05aa84c738b5373f0d2a31b39,Gotham FC,Ann-Katrin,Berger,A. Berger,Goalkeeper,Germany,30,1,,DEU,,opta:Team:bgkfdckqfqnfbmecbtz03n76d,Gotham FC,GFC,Gotham FC,US,True,15,1350,0,0,1,0,1,0,0,0,2,0,0,0,0,78.0,12,0.8,0,0,0,0,0,0,0.021,-0.021,0.0,88.89,100.0,0.0,0,0,0,0,0,0,0,0,0,0,0,0,0,4.0,,4.0,15.0,,,91.0,8.0,,,9.0,1.0,8.0,1.0,279.0,,9.0,3.0,,,5.0,1.0,4.0,,,2.0,192.0,,531.0,,,,1.0,33.0,3.0,,164.0,,179.0,2.0,,1.0,15.0,,,,,2.0,31.0,,114.0,424.0,37.0,464.0,387.0,,,,,1350.0,,,,15.0,,2.0,151.0,650.0,1.0,501.0,,,149.0,805.0,,,,86.0,139.0,74.0,75.0,10.0,,,,0.0,,,,,,,111.0,65.0,,,,,,,20.0,,,17.0,1.0,1.0,2.0,1.0,48.0,28.0,20.0,,8.0,8.0,,,,,,,,,,,,True,0,0,501,0,650,0,0.0,114,151,0,253,114,0,True,0,0,0,4,True,48,0,45,15,0,0
2026,nwsl::Football_Season::0b6761e4701749f593690c0f338da74c,nwsl::Football_Player::b7f052b3fd2b44e798841bb74f5af288,opta:Player:200bh3nq238rg7oxzbyweq49g,nwsl::Football_Team::ca3f464d6b794a9087d441d75961403f,Houston Dash,Kate,Faasse,K. Faasse,Forward,USA,,4,,USA,,opta:Team:c3v2ohfuzoqmc8ljm65hi80sj,Dash,HOU,Houston Dash,US,True,14,794,2,2,10,4,6,2,4,4,6,14,0,0,0,77.0,15,1.7,0,0,0,0,0,0,1.8525,0.1475,66.67,35.71,27.27,0.0,0,0,0,0,0,0,0,0,0,0,0,0,0,22.0,16.0,6.0,14.0,44.0,1.0,23.0,,,1.0,56.0,36.0,20.0,92.0,19.0,2.0,14.0,1.0,2.0,1.0,34.0,20.0,14.0,,1.0,5.0,26.0,14.0,113.0,,,,1.0,14.0,3.0,1.0,10.0,2.0,33.0,7.0,4.0,6.0,9.0,9.0,5.0,,,2.0,,9.0,2.0,84.0,60.0,33.0,91.0,2.0,,,,794.0,16.0,1.0,3.0,4.0,4.0,6.0,62.0,122.0,10.0,93.0,6.0,20.0,29.0,199.0,,,6.0,1.0,1.0,20.0,9.0,28.0,6.0,1.0,1.0,0.0,2.0,2.0,2.0,,1.0,,,,,,,,,,,,,,,,,,,,,,,,1.0,,,,,,,,,,,True,0,0,93,0,122,0,0.23,2,62,0,3,2,0,True,4,67,1,22,True,0,0,67,4,0,0
2026,nwsl::Football_Season::0b6761e4701749f593690c0f338da74c,nwsl::Football_Player::b8fb5ce847ca49b2a581724e284dfd10,opta:Player:78r84jt04ixcanyq0d0x7jmz8,nwsl::Football_Team::1151140adfc24339ba1c93cb0b6b0238,Seattle Reign,Jordyn,Bugg,J. Bugg,Defender,USA,23,2,,USA,,opta:Team:bl53jk6zlfe5f583pil7xzwi5,Reign,SEA,Seattle Reign,US,True,8,629,1,0,4,1,1,0,7,4,6,0,0,0,0,87.0,10,1.43,0,0,0,0,0,0,0.2791,0.7209,46.67,63.27,61.54,16.67,0,0,0,0,0,0,0,0,0,0,0,0,0,13.0,5.0,8.0,8.0,23.0,,94.0,2.0,,,49.0,18.0,31.0,21.0,136.0,1.0,7.0,3.0,,1.0,36.0,13.0,23.0,,10.0,2.0,61.0,,345.0,,,,1.0,54.0,9.0,6.0,36.0,,168.0,2.0,3.0,1.0,7.0,1.0,1.0,2.0,1.0,2.0,3.0,,14.0,293.0,70.0,266.0,320.0,8.0,,4.0,7.0,629.0,5.0,,,46.0,4.0,6.0,77.0,388.0,4.0,334.0,15.0,8.0,54.0,531.0,5.0,5.0,4.0,15.0,33.0,44.0,15.0,21.0,,0.0,1.0,0.0,,8.0,,,1.0,,32.0,32.0,,,,,,,,,,,,,,,,,,,,,,,,1.0,,,,,,,,True,0,0,334,0,394,1,0.0,14,77,6,47,14,0,True,7,47,10,13,True,0,0,30,46,0,0
2026,nwsl::Football_Season::0b6761e4701749f593690c0f338da74c,nwsl::Football_Player::b936d03963c947e7a137521ff4f578b3,opta:Player:615vz7uoe3eiozddbe206io6h,nwsl::Football_Team::96ba7b37bd8544a1a7329183459150ff,Portland Thorns,Reyna,Reyes,R. Reyes,Defender,Mexico,2,2,,MEX,,opta:Team:446mp88j1vpk9iwui9fiifrp8,Thorns,POR,Portland Thorns,US,True,15,1162,0,0,2,0,1,0,12,9,12,4,0,1,0,79.0,18,1.39,0,0,0,0,0,0,0.3902,-0.3902,66.67,51.55,57.14,0.0,0,0,0,0,0,0,0,0,0,0,0,0,0,28.0,12.0,16.0,15.0,95.0,1.0,77.0,3.0,,6.0,97.0,47.0,50.0,124.0,186.0,3.0,16.0,2.0,,,69.0,35.0,34.0,2.0,17.0,3.0,121.0,4.0,407.0,,,,,31.0,22.0,7.0,53.0,,15.0,3.0,1.0,1.0,13.0,4.0,2.0,,,4.0,4.0,,9.0,321.0,115.0,214.0,320.0,6.0,,22.0,112.0,1162.0,20.0,1.0,1.0,48.0,9.0,12.0,166.0,417.0,2.0,329.0,18.0,17.0,88.0,748.0,8.0,8.0,7.0,17.0,28.0,61.0,35.0,60.0,,,,0.0,,5.0,,,,,,,,,1.0,1.0,,,,,,,,,,,,,,,,,,,,,,,,,,,,True,0,0,329,0,425,0,0.0,9,166,8,37,9,0,True,12,67,17,28,True,0,0,24,48,0,0
2026,nwsl::Football_Season::0b6761e4701749f593690c0f338da74c,nwsl::Football_Player::b9e251d77c634898bc99e50cd03a3134,opta:Player:efynp5qo9b9x0lh9b4ft0ic8a,nwsl::Football_Team::ca719042b34443c4bcfe380ca4850eaf,San Diego Wave,Gia,Corley,G. Corley,Midfielder,USA,11,3,,USA,,opta:Team:esvbnzqbyvxp2k570ez7h1a1g,San Diego Wave,SD,San Diego Wave,US,True,14,855,0,3,15,3,10,3,15,9,12,0,2,0,0,81.0,11,1.16,6,0,0,0,0,0,2.1585,-2.1585,78.95,40.16,40.0,7.69,0,0,0,0,0,0,0,0,0,0,0,0,0,5.0,3.0,2.0,14.0,73.0,8.0,160.0,1.0,6.0,9.0,122.0,73.0,49.0,258.0,79.0,4.0,9.0,2.0,,,117.0,70.0,47.0,,5.0,20.0,35.0,,301.0,3.0,,,,84.0,25.0,16.0,57.0,,116.0,23.0,5.0,10.0,11.0,8.0,3.0,2.0,1.0,16.0,1.0,6.0,8.0,241.0,177.0,68.0,235.0,4.0,6.0,,2.0,855.0,59.0,4.0,,3.0,9.0,12.0,167.0,303.0,15.0,243.0,19.0,50.0,60.0,528.0,11.0,5.0,19.0,,1.0,63.0,8.0,59.0,,,,0.0,3.0,1.0,3.0,,,,,,1.0,5.0,,,,,,,1.0,,,,,,,,,,,,,,,,,,,,,,,True,0,0,243,0,316,1,0.32,8,167,13,9,8,0,True,15,79,5,5,True,0,0,89,3,0,0
2026,nwsl::Football_Season::0b6761e4701749f593690c0f338da74c,nwsl::Football_Player::ba1bdfe55b8646738100a1f9c8b69e0d,opta:Player:e0gmts9bxn8goqm3bz4835016,nwsl::Football_Team::c83f2ca05aa84c738b5373f0d2a31b39,Gotham FC,Taryn,Torres,T. Torres,Midfielder,USA,8,3,,USA,,opta:Team:bgkfdckqfqnfbmecbtz03n76d,Gotham FC,GFC,Gotham FC,US,True,2,5,0,0,0,0,0,0,0,0,1,0,0,0,0,0.0,0,0.0,0,0,0,0,0,0,0.0,0.0,0.0,100.0,100.0,0.0,0,0,0,0,0,0,0,0,0,0,0,0,0,1.0,,1.0,2.0,,,1.0,,,,2.0,,2.0,1.0,2.0,,,,,,1.0,,1.0,,1.0,,1.0,,3.0,,,,,,,,,,,,,,,,2.0,,,,,,,,,,,,,,,5.0,,,,1.0,,1.0,3.0,3.0,,,,,3.0,7.0,,,,1.0,1.0,3.0,,2.0,,,,0.0,,,,,,,,,,,,,,,,,,,,,,,,,,,,,,,,,,,,,,,,True,0,0,0,0,3,0,0.0,0,3,0,1,0,0,True,0,0,1,1,True,0,0,0,1,0,0
2026,nwsl::Football_Season::0b6761e4701749f593690c0f338da74c,nwsl::Football_Player::badbf997458d485caabfecfba5bb76f1,opta:Player:8v62hppzsz2yonw60h9910iga,nwsl::Football_Team::269e825b853f4b43a9d38390aa92bf6e,Chicago Stars,Jenna,Bike,J. Bike,Forward,USA,4,4,,USA,,opta:Team:dzxypx8djih58p668surbi4qm,Chicago Stars,CHI,Chicago Stars,US,True,14,739,0,0,4,0,2,0,11,9,20,1,0,0,0,73.0,13,1.58,0,0,0,0,0,0,0.4008,-0.4008,68.75,67.14,83.33,14.29,0,0,0,0,0,0,0,0,0,0,0,0,0,6.0,1.0,5.0,14.0,50.0,3.0,68.0,,,2.0,70.0,23.0,47.0,68.0,111.0,6.0,13.0,,,,64.0,22.0,42.0,,10.0,5.0,71.0,1.0,241.0,,,,,42.0,16.0,8.0,32.0,,16.0,5.0,2.0,2.0,8.0,4.0,6.0,2.0,2.0,6.0,4.0,1.0,14.0,173.0,67.0,114.0,165.0,5.0,,13.0,58.0,739.0,7.0,1.0,,28.0,9.0,20.0,115.0,248.0,4.0,179.0,16.0,8.0,69.0,461.0,12.0,12.0,1.0,13.0,22.0,56.0,25.0,47.0,,,,0.0,,3.0,,,,,,,,,,,,,,,,,,,,,,,,,,,,,1.0,,,,,,,,,True,0,0,179,0,262,2,0.0,14,115,14,36,14,0,True,11,69,10,6,True,0,0,39,28,0,0
2026,nwsl::Football_Season::0b6761e4701749f593690c0f338da74c,nwsl::Football_Player::bb0103a05e5f49418ff33df52b8b71b9,opta:Player:90bm7jsl7sjqiel7u2tv0vgq2,nwsl::Football_Team::fb41ef4439dd495098cb6d40415767cc,North Carolina Courage,Manaka,Matsukubo,M. Matsukubo,Midfielder,Japan,34,3,,JPN,,opta:Team:b4fbmos00gxtk8qnaqsm392p5,Courage,NC,North Carolina Courage,US,True,9,766,5,4,31,9,11,4,11,19,11,0,0,0,0,76.0,9,1.06,0,0,0,0,0,0,4.0584,0.9416,47.83,48.45,50.0,29.41,0,0,0,0,0,0,0,0,0,0,0,0,0,14.0,7.0,7.0,9.0,96.0,8.0,101.0,1.0,,2.0,97.0,50.0,47.0,221.0,99.0,13.0,9.0,,4.0,5.0,83.0,43.0,40.0,,6.0,15.0,57.0,,335.0,2.0,,,,33.0,34.0,24.0,42.0,1.0,96.0,19.0,20.0,11.0,8.0,2.0,1.0,5.0,5.0,6.0,,12.0,18.0,250.0,158.0,109.0,244.0,12.0,3.0,1.0,5.0,766.0,17.0,3.0,1.0,6.0,19.0,11.0,144.0,348.0,31.0,262.0,23.0,42.0,86.0,550.0,12.0,12.0,9.0,5.0,14.0,85.0,13.0,72.0,1.0,4.0,1.0,1.0,3.0,2.0,4.0,4.0,3.0,,,,,,,,,,,,,,,,,,,,,,,,,,,,,,,,,,,True,0,0,262,0,365,5,0.47,18,144,17,32,18,0,True,11,48,6,14,True,0,0,56,6,0,0
2026,nwsl::Football_Season::0b6761e4701749f593690c0f338da74c,nwsl::Football_Player::bb2e756c53984f5ebf78cd343ec20b70,opta:Player:6opd7nuh51c7p6pn6w04yuntg,nwsl::Football_Team::cbfcacbef5bc4a278442c00926ac9ebc,Denver Summit,Megan,Reid,M. Reid,Defender,Canada,2,2,,CAN,,opta:Team:b6ztd03z31b0yfcae0qovefpw,Denver,DEN,Denver Summit,US,True,8,420,0,0,5,0,1,0,5,5,6,0,1,0,0,90.0,5,1.07,0,0,1,0,0,0,0.3244,-0.3244,62.5,60.71,50.0,100.0,0,0,0,0,0,0,0,0,0,0,0,0,0,6.0,3.0,3.0,8.0,13.0,,55.0,2.0,,1.0,28.0,11.0,17.0,13.0,86.0,1.0,5.0,,,,22.0,8.0,14.0,,6.0,1.0,103.0,,244.0,,,,,27.0,3.0,,13.0,,49.0,1.0,4.0,1.0,5.0,3.0,3.0,1.0,1.0,,3.0,1.0,5.0,217.0,59.0,166.0,219.0,3.0,,,4.0,420.0,,,2.0,24.0,5.0,6.0,30.0,251.0,5.0,224.0,8.0,7.0,27.0,322.0,,,,5.0,8.0,15.0,12.0,19.0,,,,0.0,,6.0,,,,,,,,,,,,,,,,,,,,,,,,,,,,,1.0,,,,,,,,,True,0,0,224,0,252,1,0.0,5,30,1,13,5,0,True,5,62,6,6,True,0,0,38,24,0,0
2026,nwsl::Football_Season::0b6761e4701749f593690c0f338da74c,nwsl::Football_Player::bbee9da0fc744ebcabc586c3232bf4be,opta:Player:3x6baiktcpcjxxh258a5uebpx,nwsl::Football_Team::ca719042b34443c4bcfe380ca4850eaf,San Diego Wave,Perle,Morroni,P. Morroni,Defender,France,75,2,,FRA,,opta:Team:esvbnzqbyvxp2k570ez7h1a1g,San Diego Wave,SD,San Diego Wave,US,True,17,1508,0,0,9,0,3,0,33,24,27,1,7,0,0,83.0,18,1.07,1,0,0,0,0,0,0.9979,-0.9979,61.11,52.49,30.0,26.32,0,0,0,0,0,0,0,0,0,0,0,0,0,20.0,14.0,6.0,17.0,135.0,1.0,207.0,4.0,1.0,6.0,181.0,86.0,95.0,252.0,389.0,17.0,16.0,2.0,,,161.0,72.0,89.0,,21.0,13.0,41.0,1.0,809.0,,,,,113.0,27.0,13.0,97.0,,278.0,13.0,6.0,3.0,17.0,6.0,,5.0,5.0,8.0,3.0,3.0,20.0,666.0,324.0,376.0,675.0,21.0,2.0,16.0,134.0,1508.0,35.0,2.0,1.0,23.0,24.0,27.0,247.0,843.0,9.0,695.0,54.0,24.0,148.0,1276.0,14.0,14.0,12.0,11.0,33.0,106.0,56.0,115.0,,,,0.0,,3.0,,,,,,,,,,,,,,,,,,,,,,,,,,,,,,,,,,,,,,True,0,0,695,0,862,5,0.0,20,247,19,53,20,0,True,33,61,21,20,True,0,0,38,23,0,0
2026,nwsl::Football_Season::0b6761e4701749f593690c0f338da74c,nwsl::Football_Player::bc3ca23353464f63934f54719facdad1,opta:Player:4afp9a7g56vm7289h6c4neqs4,nwsl::Football_Team::acffc559cf7d485a9c05fa23ab57054b,Utah Royals,Kalea,Eichenberger,K. Eichenberger,Forward,USA,33,4,,USA,,opta:Team:bn7w86uw8j61dga3xr5s0yiju,Royals,UTA,Utah Royals,US,True,1,7,0,0,1,0,0,0,0,0,0,0,0,0,0,0.0,0,0.0,0,0,0,0,0,0,0.069,-0.069,0.0,0.0,0.0,0.0,0,0,0,0,0,0,0,0,0,0,0,0,0,,,,1.0,1.0,,1.0,,,,1.0,1.0,,3.0,,,,,,,1.0,1.0,,,1.0,,,,1.0,,,,,1.0,,,1.0,,,,1.0,,,,1.0,,,,,,,,,,,,,,,7.0,1.0,,,,,,2.0,1.0,1.0,,,1.0,1.0,4.0,,,1.0,,,1.0,,1.0,1.0,,,0.0,,,,,,,,,,,,,,,,,,,,,,,,,,,,,,,,,,,,,,,,True,0,0,0,0,1,0,0.0,0,2,0,0,0,0,True,0,0,1,0,True,0,0,0,0,0,0
2026,nwsl::Football_Season::0b6761e4701749f593690c0f338da74c,nwsl::Football_Player::bdd7739110444a1d831efa276c9e6006,opta:Player:537chvzc9ggg2ohklt7hq9m38,nwsl::Football_Team::96ba7b37bd8544a1a7329183459150ff,Portland Thorns,Valerin,Loboa,V. Loboa,Forward,Colombia,88,4,,COL,,opta:Team:446mp88j1vpk9iwui9fiifrp8,Thorns,POR,Portland Thorns,US,True,1,13,0,0,0,0,0,0,0,1,2,0,0,0,0,50.0,1,6.92,0,0,0,0,0,0,0.0,0.0,0.0,80.0,100.0,0.0,0,0,0,0,0,0,0,0,0,0,0,0,0,1.0,,1.0,1.0,1.0,,3.0,,,,5.0,1.0,4.0,2.0,1.0,1.0,,1.0,,,4.0,1.0,3.0,,,,,,2.0,,,,,3.0,,,,,,,,,,,1.0,,,1.0,,,,1.0,,1.0,1.0,,,,,13.0,,,,,1.0,2.0,2.0,2.0,,1.0,,,1.0,6.0,,,,,,1.0,,1.0,,,,0.0,,,,,,,,,,,,,,,,,,,,,,,,,,,,,,,,,,,,,,,,True,0,0,1,0,2,0,0.0,0,2,0,0,0,0,True,0,0,0,1,True,0,0,0,0,0,0
2026,nwsl::Football_Season::0b6761e4701749f593690c0f338da74c,nwsl::Football_Player::bebc6af83c4342a38467774e2d6603ca,opta:Player:3i1tb812znsp7f2sbg7bcet0q,nwsl::Football_Team::269e825b853f4b43a9d38390aa92bf6e,Chicago Stars,Leilanni,Nesbeth,L. Nesbeth,Midfielder,Bermuda,13,3,,BMU,,opta:Team:dzxypx8djih58p668surbi4qm,Chicago Stars,CHI,Chicago Stars,US,True,5,97,0,0,2,0,1,0,4,2,3,0,0,0,0,81.0,3,2.78,1,0,0,0,0,0,0.0506,-0.0506,80.0,50.0,66.67,0.0,0,0,0,0,0,0,0,0,0,0,0,0,0,3.0,1.0,2.0,5.0,8.0,,15.0,,1.0,,20.0,10.0,10.0,26.0,15.0,2.0,2.0,1.0,,,17.0,9.0,8.0,,2.0,2.0,19.0,,43.0,1.0,,,,7.0,5.0,5.0,2.0,,4.0,2.0,1.0,1.0,,,5.0,,,,2.0,,7.0,35.0,18.0,19.0,30.0,1.0,,,4.0,97.0,6.0,,,,2.0,3.0,20.0,46.0,2.0,37.0,5.0,2.0,9.0,79.0,3.0,3.0,3.0,1.0,4.0,10.0,2.0,5.0,,,,0.0,,,,,,,,,,,,,,,,,,,,,,,,,,,,,,,,,,,,,,,,True,0,0,37,0,49,0,0.0,7,20,3,11,7,0,True,4,80,2,3,True,0,0,64,0,0,0
2026,nwsl::Football_Season::0b6761e4701749f593690c0f338da74c,nwsl::Football_Player::c0076f9d59514192ab6a1107bfc8493a,opta:Player:706rwdwv4re27svfmlo7na3th,nwsl::Football_Team::cbfcacbef5bc4a278442c00926ac9ebc,Denver Summit,Abby,Smith,A. Smith,Goalkeeper,USA,35,1,,USA,,opta:Team:b6ztd03z31b0yfcae0qovefpw,Denver,DEN,Denver Summit,US,True,16,1440,0,0,0,0,0,0,0,0,2,0,0,0,0,83.0,21,1.31,0,0,0,0,0,0,0.0,0.0,0.0,88.89,100.0,0.0,0,0,0,0,0,0,0,0,0,0,0,0,0,6.0,,6.0,16.0,,,71.0,4.0,,,9.0,1.0,8.0,,210.0,,20.0,1.0,,,3.0,1.0,2.0,,,1.0,220.0,,483.0,,,,3.0,35.0,1.0,,185.0,,177.0,1.0,,,16.0,,,,,1.0,19.0,,56.0,425.0,22.0,479.0,445.0,,,,,1440.0,,,,23.0,,2.0,107.0,607.0,,501.0,,,106.0,783.0,,,,53.0,98.0,61.0,45.0,8.0,,,,0.0,,,,,,,127.0,66.0,,,,,,,22.0,,,12.0,1.0,1.0,4.0,8.0,51.0,36.0,15.0,,13.0,10.0,,,,,,,,,,,,True,0,0,501,0,607,0,0.0,56,107,0,154,56,0,True,0,0,0,6,True,51,0,36,23,0,0
2026,nwsl::Football_Season::0b6761e4701749f593690c0f338da74c,nwsl::Football_Player::c01844d3ed704fa0b1f0b75cfbf02f07,opta:Player:9qxszyv1nsecxmblytqm9me7e,nwsl::Football_Team::ca719042b34443c4bcfe380ca4850eaf,San Diego Wave,Trinity,Byars,T. Byars,Forward,USA,15,4,,USA,,opta:Team:esvbnzqbyvxp2k570ez7h1a1g,San Diego Wave,SD,San Diego Wave,US,True,13,433,6,0,11,6,9,0,0,4,6,2,2,0,0,72.0,8,1.66,0,0,0,0,0,0,4.2716,1.7284,0.0,36.67,57.14,100.0,0,0,0,0,0,0,0,0,0,0,0,0,0,7.0,3.0,4.0,13.0,46.0,6.0,44.0,,,3.0,30.0,19.0,11.0,124.0,22.0,2.0,7.0,1.0,5.0,5.0,23.0,16.0,7.0,,3.0,6.0,36.0,2.0,109.0,,,,,23.0,5.0,5.0,16.0,4.0,17.0,6.0,2.0,9.0,3.0,2.0,10.0,2.0,2.0,1.0,,8.0,1.0,74.0,63.0,25.0,85.0,,,,1.0,433.0,11.0,1.0,2.0,4.0,4.0,6.0,63.0,121.0,11.0,86.0,,39.0,35.0,199.0,,,5.0,,3.0,33.0,2.0,32.0,2.0,2.0,4.0,0.0,,,,2.0,4.0,,,,,,,,,,,,,,,,,,,,,,,,1.0,,,,,,,,,,,True,0,0,86,0,123,2,0.0,1,63,2,4,1,0,True,0,0,3,7,True,0,0,25,4,0,0
2026,nwsl::Football_Season::0b6761e4701749f593690c0f338da74c,nwsl::Football_Player::c096d058034e441cb84bcdaad2de8892,opta:Player:epb6dczs2ys7wew8ge6zlfjoq,nwsl::Football_Team::fb41ef4439dd495098cb6d40415767cc,North Carolina Courage,Oli,Peña,O. Peña,Midfielder,USA,80,3,,USA,,opta:Team:b4fbmos00gxtk8qnaqsm392p5,Courage,NC,North Carolina Courage,US,True,0,0,0,0,0,0,0,0,0,0,0,0,0,0,0,,0,,0,0,0,0,0,0,0.0,0.0,0.0,0.0,0.0,0.0,0,0,0,0,0,0,0,0,0,0,0,0,0,,,,,,,,,,,,,,,,,,,,,,,,,,,,,,,,,,,,,,,,,,,,,,,,,,,,,,,,,,,,,,,,,,,,,,,,,,,,,,,,,,,,,,,,,,,,,,,,,,,,,,,,,,,,,,,,,,,,,,,,,,,,,,True,0,0,0,0,0,0,0.0,0,0,0,0,0,0,True,0,0,0,0,True,0,0,0,0,0,0
2026,nwsl::Football_Season::0b6761e4701749f593690c0f338da74c,nwsl::Football_Player::c143615f95aa493689aa185f5c465932,opta:Player:dzfr9ktjmxqj2eh2xibt7konp,nwsl::Football_Team::ca719042b34443c4bcfe380ca4850eaf,San Diego Wave,Kenza,Dali,K. Dali,Midfielder,France,10,3,,FRA,,opta:Team:esvbnzqbyvxp2k570ez7h1a1g,San Diego Wave,SD,San Diego Wave,US,True,17,1400,0,2,11,2,6,2,15,18,6,3,4,0,0,86.0,17,1.09,54,0,1,1,0,0,1.6408,-1.6408,71.43,42.0,25.0,10.53,0,0,0,0,0,0,0,0,0,0,0,0,0,4.0,3.0,1.0,17.0,260.0,8.0,262.0,3.0,54.0,7.0,100.0,58.0,42.0,416.0,307.0,6.0,14.0,3.0,,,96.0,55.0,41.0,,9.0,40.0,266.0,3.0,962.0,5.0,,1.0,,113.0,26.0,6.0,108.0,,173.0,42.0,5.0,6.0,16.0,3.0,1.0,26.0,8.0,14.0,3.0,18.0,31.0,817.0,479.0,406.0,828.0,6.0,6.0,1.0,5.0,1400.0,32.0,11.0,1.0,14.0,18.0,6.0,283.0,1006.0,11.0,859.0,21.0,14.0,147.0,1293.0,57.0,23.0,11.0,11.0,27.0,169.0,35.0,120.0,,,,0.0,2.0,2.0,2.0,,,,,,11.0,21.0,,,,,,,2.0,,,,,,,,,,,,,,,,,,,,,,,True,0,0,859,0,1082,8,0.13,31,283,76,58,31,0,True,15,71,9,4,True,0,0,53,14,0,0
2026,nwsl::Football_Season::0b6761e4701749f593690c0f338da74c,nwsl::Football_Player::c1760c43c4464a9fa620e630b2e55842,opta:Player:du3gffi42u5vm5zpzcubn4h2i,nwsl::Football_Team::269e825b853f4b43a9d38390aa92bf6e,Chicago Stars,Emma,Egizii,E. Egizii,Midfielder,USA,,3,,USA,,opta:Team:dzxypx8djih58p668surbi4qm,Chicago Stars,CHI,Chicago Stars,US,True,6,220,0,0,1,0,1,0,1,2,4,1,0,0,0,66.0,2,0.82,2,0,0,0,0,0,0.1812,-0.1812,16.67,43.33,50.0,0.0,0,0,0,0,0,0,0,0,0,0,0,0,0,2.0,1.0,1.0,6.0,11.0,2.0,29.0,,2.0,2.0,30.0,17.0,13.0,35.0,31.0,1.0,1.0,1.0,,,28.0,16.0,12.0,,2.0,4.0,17.0,1.0,70.0,2.0,,,,17.0,9.0,3.0,15.0,,11.0,4.0,,1.0,1.0,2.0,5.0,1.0,,2.0,,1.0,1.0,46.0,26.0,21.0,45.0,5.0,,,,220.0,9.0,,,,2.0,4.0,50.0,70.0,1.0,46.0,6.0,5.0,24.0,122.0,2.0,1.0,7.0,3.0,4.0,17.0,9.0,20.0,,,,0.0,,1.0,,,,,,,1.0,1.0,,,,,,,,,,,,,,,,,,,,,,,,,,,,,,True,0,0,46,0,73,0,0.0,1,50,3,5,1,0,True,1,17,2,2,True,0,0,20,0,0,0
2026,nwsl::Football_Season::0b6761e4701749f593690c0f338da74c,nwsl::Football_Player::c24469a7791a4b01afa7570b75bc4fa9,opta:Player:atvo1d7070tccvlbi8x5rakno,nwsl::Football_Team::9587b8ce40624165903b6bc9fd252634,Angel City,Sophia,Mattice,S. Mattice,Defender,USA,25,2,,USA,,opta:Team:6hbfgdczbi3yg4sdpqgtu6s,Angel City,LA,Angel City,US,True,2,106,0,1,2,1,1,1,3,2,1,0,0,0,0,53.0,1,0.85,0,0,0,0,0,0,0.2194,-0.2194,100.0,66.67,100.0,0.0,0,0,0,0,0,0,0,0,0,0,0,0,0,4.0,,4.0,2.0,3.0,1.0,8.0,,,,12.0,4.0,8.0,19.0,41.0,,1.0,,,,8.0,4.0,4.0,,4.0,1.0,,,48.0,,,,,3.0,5.0,2.0,2.0,,7.0,2.0,1.0,1.0,1.0,,1.0,,,,2.0,,6.0,26.0,14.0,13.0,21.0,,,2.0,7.0,106.0,1.0,1.0,,6.0,2.0,1.0,33.0,51.0,2.0,27.0,3.0,3.0,24.0,89.0,5.0,3.0,,5.0,9.0,21.0,8.0,15.0,,,,0.0,1.0,,1.0,,,,,,,,,,,,,,,,,,,,,,,,,,,,,,,,,,,,,True,0,0,27,0,56,0,0.85,6,33,5,15,6,0,True,3,100,4,4,True,0,0,40,6,0,0
2026,nwsl::Football_Season::0b6761e4701749f593690c0f338da74c,nwsl::Football_Player::c281f4077abb41a6a90c9dd309f3fb20,opta:Player:7df2h1fsf74sz29p3yxibgis4,nwsl::Football_Team::c31d72afc09f42ee86418633aa41390a,Washington Spirit,Kaylie,Collins,K. Collins,Goalkeeper,USA,31,1,,USA,,opta:Team:f1ks82wpiewyqs6h3oz9v4hzj,Spirit,WAS,Washington Spirit,US,True,0,0,0,0,0,0,0,0,0,0,0,0,0,0,0,,0,,0,0,0,0,0,0,0.0,0.0,0.0,0.0,0.0,0.0,0,0,0,0,0,0,0,0,0,0,0,0,0,,,,,,,,,,,,,,,,,,,,,,,,,,,,,,,,,,,,,,,,,,,,,,,,,,,,,,,,,,,,,,,,,,,,,,,,,,,,,,,,,,,,,,,,,,,,,,,,,,,,,,,,,,,,,,,,,,,,,,,,,,,,,,True,0,0,0,0,0,0,0.0,0,0,0,0,0,0,True,0,0,0,0,True,0,0,0,0,0,0
2026,nwsl::Football_Season::0b6761e4701749f593690c0f338da74c,nwsl::Football_Player::c29a2b0fb20147b1a49d5e9dc55afdf1,opta:Player:3izdhhnuuxiomh66g4g0d0yc,nwsl::Football_Team::1151140adfc24339ba1c93cb0b6b0238,Seattle Reign,Ainsley,McCammon,A. McCammon,Midfielder,USA,16,3,,USA,,opta:Team:bl53jk6zlfe5f583pil7xzwi5,Reign,SEA,Seattle Reign,US,True,14,987,0,4,9,4,3,4,8,4,9,0,1,0,0,70.0,13,1.19,0,0,0,0,0,0,0.7503,-0.7503,57.14,55.22,50.0,0.0,0,0,0,0,0,0,0,0,0,0,0,0,0,20.0,10.0,10.0,14.0,71.0,3.0,80.0,1.0,,5.0,67.0,30.0,37.0,93.0,188.0,3.0,11.0,2.0,,,47.0,20.0,27.0,,26.0,8.0,83.0,,442.0,,,,1.0,27.0,29.0,13.0,49.0,,101.0,12.0,6.0,3.0,12.0,8.0,2.0,,,4.0,7.0,14.0,27.0,309.0,130.0,180.0,283.0,6.0,3.0,,,987.0,9.0,4.0,,26.0,4.0,9.0,160.0,443.0,9.0,310.0,14.0,18.0,133.0,608.0,3.0,3.0,4.0,19.0,44.0,97.0,39.0,89.0,1.0,,,0.0,3.0,8.0,4.0,,,,,,,,,,,,,,,,,,,,,,,,,1.0,,,,,,,,,,,,True,0,0,310,0,446,0,0.36,27,160,3,71,27,0,True,8,57,26,20,True,0,0,38,26,0,0
2026,nwsl::Football_Season::0b6761e4701749f593690c0f338da74c,nwsl::Football_Player::c35a5a4c76924bb9a960c3c64dcc8f02,opta:Player:1q590mud86ewzkizrtirrtduy,nwsl::Football_Team::d2d8efe548734dfd8bc667b5a52a079a,Boston Legacy,Andressa Karolaine,Freire Gomes Ferreira,Kaká,Defender,Brazil,3,2,,BRA,,opta:Team:2yppf5jwqllc49s0qkbkchvkk,Boston Legacy,BOS,Boston Legacy,US,True,2,180,0,0,0,0,0,0,0,5,0,0,1,0,0,80.0,4,2.0,0,0,0,0,0,0,0.0,0.0,0.0,54.55,100.0,0.0,0,0,0,0,0,0,0,0,0,0,0,0,0,3.0,,3.0,2.0,4.0,,18.0,,,,11.0,5.0,6.0,1.0,42.0,2.0,4.0,,,,8.0,5.0,3.0,,3.0,,30.0,,96.0,,,,,6.0,4.0,1.0,6.0,,28.0,,,,2.0,,,,,,2.0,,7.0,75.0,26.0,57.0,76.0,3.0,,,,180.0,,,,7.0,5.0,,23.0,104.0,,83.0,3.0,,21.0,122.0,,,,7.0,10.0,11.0,10.0,11.0,,,,0.0,,,,,,,4.0,4.0,,,,,,,,,,,,,,,,,,,,,,,,,,,,,,,,True,0,0,83,0,104,0,0.0,7,23,0,17,7,0,True,0,0,3,3,True,0,0,41,7,0,0
2026,nwsl::Football_Season::0b6761e4701749f593690c0f338da74c,nwsl::Football_Player::c390f57b0fe54464b1c2efec9aeee043,opta:Player:cp4zctgc9g0g8tkwppioezb3d,nwsl::Football_Team::c3e9513e280b41e5bfbb8230076e8c43,Orlando Pride,Jacqueline,Ovalle,J. Ovalle,Forward,Mexico,13,4,,MEX,,opta:Team:966pdxhsoxaib9qt5083h8uus,Pride,ORL,Orlando Pride,US,True,12,780,1,3,13,4,9,3,11,11,12,2,0,0,0,83.0,9,1.04,24,0,0,0,0,0,1.7595,-0.7595,57.89,44.55,23.53,19.44,0,0,0,0,0,0,0,0,0,0,0,0,0,17.0,13.0,4.0,12.0,78.0,6.0,70.0,1.0,24.0,7.0,101.0,56.0,45.0,213.0,45.0,4.0,9.0,,1.0,1.0,84.0,43.0,41.0,1.0,3.0,15.0,72.0,2.0,214.0,,,,,35.0,18.0,9.0,50.0,,28.0,18.0,4.0,9.0,10.0,9.0,2.0,13.0,7.0,11.0,,8.0,1.0,175.0,133.0,64.0,183.0,8.0,,1.0,,780.0,26.0,2.0,2.0,7.0,11.0,12.0,118.0,223.0,13.0,184.0,19.0,32.0,39.0,414.0,24.0,9.0,12.0,1.0,2.0,50.0,13.0,37.0,2.0,0.0,1.0,0.0,2.0,,3.0,1.0,,,,,5.0,11.0,,,,,,,1.0,,,,,,,,,,,,,,,,,,,,,,,True,0,0,184,0,259,7,0.35,1,118,36,3,1,0,True,11,58,3,17,True,0,0,33,7,0,0
2026,nwsl::Football_Season::0b6761e4701749f593690c0f338da74c,nwsl::Football_Player::c4119bcbf98641c2b822788600449a33,opta:Player:90uj2c13ubln7tk1c9y0ra4x6,nwsl::Football_Team::ac29701756da44a08457762380c10733,Racing Louisville,Quincy,McMahon,Q. McMahon,Defender,USA,12,2,,USA,,opta:Team:dtucewmt49th1p4selfutmnmc,Racing Lou,LOU,Racing Louisville,US,True,12,805,0,0,3,0,1,0,15,6,6,0,3,0,0,75.0,11,1.23,1,0,1,0,0,0,0.7354,-0.7354,60.0,57.14,22.22,25.0,0,0,0,0,0,0,0,0,0,0,0,0,0,9.0,7.0,2.0,12.0,31.0,3.0,73.0,,1.0,2.0,77.0,33.0,44.0,124.0,126.0,,10.0,1.0,,,68.0,26.0,42.0,,8.0,4.0,13.0,,242.0,,,,,35.0,16.0,8.0,57.0,,80.0,4.0,2.0,1.0,9.0,7.0,3.0,3.0,3.0,11.0,1.0,,11.0,180.0,89.0,101.0,176.0,10.0,1.0,24.0,60.0,805.0,15.0,2.0,1.0,26.0,6.0,6.0,132.0,250.0,3.0,187.0,25.0,8.0,63.0,493.0,9.0,9.0,5.0,12.0,18.0,55.0,17.0,45.0,,,,0.0,,3.0,,,,,,,,,,,,,,,,,,,,,,,,,,,,,,,,,,,,,,True,0,0,187,0,262,3,0.0,11,132,12,29,11,0,True,15,60,8,9,True,0,0,38,26,0,0
2026,nwsl::Football_Season::0b6761e4701749f593690c0f338da74c,nwsl::Football_Player::c413ab13b4b2411b8255f868ec263843,opta:Player:b9d4fqz6ezz2azklpghb9kyjt,nwsl::Football_Team::c31d72afc09f42ee86418633aa41390a,Washington Spirit,Ashley,Hatch,A. Hatch,Forward,USA,33,4,,USA,,opta:Team:f1ks82wpiewyqs6h3oz9v4hzj,Spirit,WAS,Washington Spirit,US,True,0,0,0,0,0,0,0,0,0,0,0,0,0,0,0,,0,,0,0,0,0,0,0,0.0,0.0,0.0,0.0,0.0,0.0,0,0,0,0,0,0,0,0,0,0,0,0,0,,,,,,,,,,,,,,,,,,,,,,,,,,,,,,,,,,,,,,,,,,,,,,,,,,,,,,,,,,,,,,,,,,,,,,,,,,,,,,,,,,,,,,,,,,,,,,,,,,,,,,,,,,,,,,,,,,,,,,,,,,,,,,True,0,0,0,0,0,0,0.0,0,0,0,0,0,0,True,0,0,0,0,True,0,0,0,0,0,0
2026,nwsl::Football_Season::0b6761e4701749f593690c0f338da74c,nwsl::Football_Player::c65f53172a64441da1827a457a29c250,opta:Player:889wzuqchr0aosu3l1qov1fys,nwsl::Football_Team::1151140adfc24339ba1c93cb0b6b0238,Seattle Reign,Sofía,Cedeño,S. Cedeño,Midfielder,USA,36,3,,USA,,opta:Team:bl53jk6zlfe5f583pil7xzwi5,Reign,SEA,Seattle Reign,US,True,1,12,0,0,1,0,0,0,0,2,0,0,0,0,0,78.0,0,0.0,0,0,0,0,0,0,0.113,-0.113,0.0,0.0,0.0,33.33,0,0,0,0,0,0,0,0,0,0,0,0,0,1.0,1.0,,1.0,,,7.0,,,1.0,3.0,3.0,,11.0,5.0,1.0,,,,,2.0,2.0,,,,,3.0,,9.0,,,,,6.0,,,,,1.0,,1.0,,,,1.0,1.0,1.0,,,,1.0,7.0,8.0,,6.0,,,,,12.0,,,,,2.0,,5.0,9.0,1.0,7.0,,3.0,2.0,15.0,2.0,2.0,,,,4.0,,2.0,,,,0.0,,,,,,,,,,,,,,,,,,,,,,,,,,,,,,,,,,,,,,,,True,0,0,7,0,12,1,0.0,1,5,3,1,1,0,True,0,0,0,1,True,0,0,100,0,0,0
2026,nwsl::Football_Season::0b6761e4701749f593690c0f338da74c,nwsl::Football_Player::c75e5a65dfaf42b588cbdf8ef5069537,opta:Player:3bx0w0ftkij1lqrt727gjd94a,nwsl::Football_Team::acffc559cf7d485a9c05fa23ab57054b,Utah Royals,Madison,Hammond,M. Hammond,Midfielder,USA,99,3,,USA,,opta:Team:bn7w86uw8j61dga3xr5s0yiju,Royals,UTA,Utah Royals,US,True,7,249,0,0,1,0,0,0,3,6,2,0,0,0,0,80.0,6,2.17,0,0,0,0,0,0,0.3176,-0.3176,60.0,44.44,50.0,0.0,0,0,0,0,0,0,0,0,0,0,0,0,0,6.0,3.0,3.0,7.0,12.0,,14.0,,,,27.0,15.0,12.0,19.0,32.0,3.0,5.0,1.0,,,21.0,12.0,9.0,1.0,5.0,4.0,15.0,,81.0,1.0,,,1.0,5.0,4.0,2.0,15.0,,22.0,4.0,1.0,,2.0,1.0,5.0,,,2.0,,3.0,2.0,64.0,33.0,31.0,62.0,2.0,,,,249.0,5.0,,,9.0,6.0,2.0,29.0,81.0,1.0,64.0,5.0,1.0,17.0,124.0,,,1.0,1.0,6.0,13.0,4.0,11.0,,,,0.0,,1.0,,,,,,,,,,,,,,,,,,,,,,,,,,,,,,,,,,,,,,True,0,0,64,0,81,0,0.0,2,29,0,8,2,0,True,3,60,5,6,True,0,0,25,9,0,0
2026,nwsl::Football_Season::0b6761e4701749f593690c0f338da74c,nwsl::Football_Player::c7c35bca896849439784a5cdee73a0b1,opta:Player:9wvoeo39cgbelv8ddqin3aaga,nwsl::Football_Team::c3e9513e280b41e5bfbb8230076e8c43,Orlando Pride,Hailie,Mace,H. Mace,Midfielder,USA,5,3,,USA,,opta:Team:966pdxhsoxaib9qt5083h8uus,Pride,ORL,Orlando Pride,US,True,16,1156,0,0,3,0,1,0,19,11,14,0,2,0,0,80.0,18,1.4,0,0,0,0,0,0,0.4018,-0.4018,63.33,56.47,0.0,40.0,0,0,0,0,0,0,0,0,0,0,0,0,0,8.0,8.0,,16.0,51.0,3.0,168.0,3.0,,2.0,85.0,37.0,48.0,64.0,277.0,7.0,15.0,3.0,,,77.0,29.0,48.0,,28.0,6.0,149.0,,564.0,,,,1.0,98.0,18.0,9.0,78.0,,108.0,6.0,2.0,1.0,13.0,4.0,3.0,2.0,2.0,4.0,9.0,,49.0,448.0,142.0,326.0,417.0,11.0,1.0,16.0,45.0,1156.0,7.0,,,49.0,11.0,14.0,160.0,585.0,3.0,466.0,30.0,3.0,119.0,832.0,3.0,2.0,3.0,30.0,55.0,80.0,42.0,64.0,,,,0.0,,4.0,,,,,,,,,,,,,,,,,,,,,,,,,,,,,,,,,,,,,,True,0,0,466,0,590,2,0.0,49,160,5,104,49,0,True,19,63,28,8,True,0,0,47,49,0,0
2026,nwsl::Football_Season::0b6761e4701749f593690c0f338da74c,nwsl::Football_Player::c7f75696e16f4f4e931ae9209e1ea127,opta:Player:9zrzcsqjleybaieeuuqkk4kr8,nwsl::Football_Team::ac29701756da44a08457762380c10733,Racing Louisville,Natalie,Mitchell,N. Mitchell,Midfielder,USA,,3,,USA,,opta:Team:dtucewmt49th1p4selfutmnmc,Racing Lou,LOU,Racing Louisville,US,True,0,0,0,0,0,0,0,0,0,0,0,0,0,0,0,,0,,0,0,0,0,0,0,0.0,0.0,0.0,0.0,0.0,0.0,0,0,0,0,0,0,0,0,0,0,0,0,0,,,,,,,,,,,,,,,,,,,,,,,,,,,,,,,,,,,,,,,,,,,,,,,,,,,,,,,,,,,,,,,,,,,,,,,,,,,,,,,,,,,,,,,,,,,,,,,,,,,,,,,,,,,,,,,,,,,,,,,,,,,,,,True,0,0,0,0,0,0,0.0,0,0,0,0,0,0,True,0,0,0,0,True,0,0,0,0,0,0
2026,nwsl::Football_Season::0b6761e4701749f593690c0f338da74c,nwsl::Football_Player::c89b3d151ee84bdba11f4918c1be931a,opta:Player:5s97uqfhtme0d5ic4dk48zsdm,nwsl::Football_Team::ca719042b34443c4bcfe380ca4850eaf,San Diego Wave,Leah,Freeman,L. Freeman,Goalkeeper,USA,1,1,,USA,,opta:Team:esvbnzqbyvxp2k570ez7h1a1g,San Diego Wave,SD,San Diego Wave,US,True,6,540,0,0,0,0,0,0,0,0,1,0,0,0,0,70.0,6,1.0,0,0,0,0,0,0,0.0,0.0,0.0,100.0,100.0,0.0,0,0,0,0,0,0,0,0,0,0,0,0,0,1.0,,1.0,6.0,,,10.0,2.0,,,2.0,,2.0,,56.0,,5.0,1.0,,,1.0,,1.0,,,1.0,33.0,,90.0,,,,,3.0,,,37.0,,39.0,1.0,,,6.0,,,,,,4.0,,16.0,72.0,6.0,83.0,73.0,,,,,540.0,,,,4.0,,1.0,40.0,128.0,,89.0,,,39.0,164.0,,,,17.0,36.0,23.0,16.0,3.0,,,,0.0,,,,,,,34.0,21.0,,,,,,,10.0,,,,,,,3.0,8.0,5.0,3.0,,1.0,,,,,,,,,,,,,True,0,0,89,0,128,0,0.0,16,40,0,52,16,0,True,0,0,0,1,True,8,0,31,4,0,0
2026,nwsl::Football_Season::0b6761e4701749f593690c0f338da74c,nwsl::Football_Player::c8da9ce253a9427e8484187e0c8ac57f,opta:Player:b3pwhedfzplkesy9qek3q6o7o,nwsl::Football_Team::ca3f464d6b794a9087d441d75961403f,Houston Dash,Rebeca,Costa da Silva,Rebeca Costa,Defender,Brazil,29,2,,BRA,,opta:Team:c3v2ohfuzoqmc8ljm65hi80sj,Dash,HOU,Houston Dash,US,True,0,0,0,0,0,0,0,0,0,0,0,0,0,0,0,,0,,0,0,0,0,0,0,0.0,0.0,0.0,0.0,0.0,0.0,0,0,0,0,0,0,0,0,0,0,0,0,0,,,,,,,,,,,,,,,,,,,,,,,,,,,,,,,,,,,,,,,,,,,,0.0,0.0,,,,,,,,,,,,,,,,,,,,,,,,,,,,,,,,,,,,,,,,,,,,,,,,,,,,0.0,0.0,0.0,,,,,,,,,,,,,,,,,,,,,,,,,,,True,0,0,0,0,0,0,0.0,0,0,0,0,0,0,True,0,0,0,0,True,0,0,0,0,0,0
2026,nwsl::Football_Season::0b6761e4701749f593690c0f338da74c,nwsl::Football_Player::c8daea44150e40579e2c46716e16246e,opta:Player:9yoa6ehqan7po2q49famrk4d0,nwsl::Football_Team::d2d8efe548734dfd8bc667b5a52a079a,Boston Legacy,Emerson,Elgin,E. Elgin,Defender,USA,4,2,,USA,,opta:Team:2yppf5jwqllc49s0qkbkchvkk,Boston Legacy,BOS,Boston Legacy,US,True,14,1230,0,2,1,2,1,2,11,5,11,0,0,0,0,84.0,17,1.24,0,0,0,0,0,0,0.1202,-0.1202,50.0,60.53,53.33,0.0,0,0,0,0,0,0,0,0,0,0,0,0,0,15.0,7.0,8.0,14.0,38.0,2.0,203.0,2.0,,2.0,76.0,30.0,46.0,30.0,285.0,3.0,15.0,2.0,,,61.0,23.0,38.0,,16.0,1.0,82.0,,640.0,,,,4.0,152.0,16.0,8.0,81.0,,273.0,3.0,,1.0,14.0,2.0,,,,5.0,4.0,1.0,45.0,533.0,169.0,397.0,521.0,11.0,5.0,,8.0,1230.0,9.0,2.0,,53.0,5.0,11.0,135.0,678.0,1.0,566.0,22.0,3.0,112.0,862.0,2.0,2.0,2.0,18.0,51.0,72.0,42.0,61.0,,,,0.0,2.0,9.0,2.0,,,,14.0,14.0,,,,,,,,,,,,,,,,,,,,,,,,,,,,,,,,True,0,0,566,0,680,0,0.15,45,135,2,96,45,0,True,11,50,16,15,True,0,0,47,53,0,0
2026,nwsl::Football_Season::0b6761e4701749f593690c0f338da74c,nwsl::Football_Player::c8f867ab54e845239e4bf43547443cdc,opta:Player:347h4639fjw27rx29j0we0q5m,nwsl::Football_Team::cbfcacbef5bc4a278442c00926ac9ebc,Denver Summit,Jordan,Baggett,J. Baggett,Midfielder,USA,15,3,,USA,,opta:Team:b6ztd03z31b0yfcae0qovefpw,Denver,DEN,Denver Summit,US,True,0,0,0,0,0,0,0,0,0,0,0,0,0,0,0,,0,,0,0,0,0,0,0,0.0,0.0,0.0,0.0,0.0,0.0,0,0,0,0,0,0,0,0,0,0,0,0,0,,,,,,,,,,,,,,,,,,,,,,,,,,,,,,,,,,,,,,,,,,,,,,,,,,,,,,,,,,,,,,,,,,,,,,,,,,,,,,,,,,,,,,,,,,,,,,,,,,,,,,,,,,,,,,,,,,,,,,,,,,,,,,True,0,0,0,0,0,0,0.0,0,0,0,0,0,0,True,0,0,0,0,True,0,0,0,0,0,0
2026,nwsl::Football_Season::0b6761e4701749f593690c0f338da74c,nwsl::Football_Player::c9e1f316ddb24fa680b4806d95e707c6,opta:Player:iwbi7wnz7xl9dtiqrg0ka6ay,nwsl::Football_Team::19674698cec24f53af8866cd21abaf8f,Bay,Karlie,Lema,K. Lema,Forward,USA,5,4,,USA,,opta:Team:eka22bj7co8bw5qxa6qlbinf8,Bay,BAY,Bay,US,True,17,1055,4,0,23,4,15,0,11,23,9,15,2,0,0,73.0,14,1.19,0,0,3,0,0,0,4.2771,-0.2771,64.71,40.57,32.0,10.0,0,0,0,0,0,0,0,0,0,0,0,0,0,25.0,17.0,8.0,17.0,53.0,9.0,85.0,1.0,,14.0,106.0,63.0,43.0,218.0,30.0,9.0,14.0,,4.0,4.0,81.0,46.0,35.0,,3.0,5.0,36.0,15.0,165.0,2.0,,,2.0,47.0,9.0,5.0,27.0,4.0,49.0,5.0,8.0,15.0,13.0,11.0,4.0,1.0,1.0,9.0,,4.0,3.0,118.0,100.0,22.0,118.0,6.0,,1.0,,1055.0,21.0,,,11.0,23.0,9.0,122.0,168.0,23.0,121.0,17.0,67.0,47.0,358.0,9.0,9.0,10.0,2.0,3.0,50.0,6.0,44.0,,2.0,2.0,1.0,,,,,4.0,,,,,,,,,,,,,,,,,,,,,,,,,,,,,,,,,1.0,,True,0,0,121,0,178,1,0.0,3,122,10,6,3,0,True,11,65,3,25,True,0,0,50,11,0,0
2026,nwsl::Football_Season::0b6761e4701749f593690c0f338da74c,nwsl::Football_Player::ca64614f15f447ffbad8df1731cf8af9,opta:Player:83fvamzyuhfbgp5j1bn0n0650,nwsl::Football_Team::269e825b853f4b43a9d38390aa92bf6e,Chicago Stars,Jameese,Joseph,J. Joseph,Forward,USA,8,4,,USA,,opta:Team:dzxypx8djih58p668surbi4qm,Chicago Stars,CHI,Chicago Stars,US,True,14,912,0,0,11,0,5,0,12,16,9,5,2,0,0,76.0,20,1.97,1,0,2,0,0,0,0.8143,-0.8143,75.0,31.15,50.0,30.0,0,0,0,0,0,0,0,0,0,0,0,0,0,6.0,3.0,3.0,14.0,53.0,6.0,97.0,,1.0,3.0,122.0,84.0,38.0,148.0,33.0,9.0,20.0,,,,116.0,81.0,35.0,,3.0,7.0,36.0,5.0,166.0,3.0,,,4.0,60.0,17.0,8.0,49.0,,46.0,7.0,6.0,5.0,10.0,4.0,4.0,3.0,3.0,10.0,,1.0,5.0,126.0,74.0,56.0,122.0,4.0,2.0,,1.0,912.0,50.0,1.0,,,16.0,9.0,138.0,168.0,11.0,127.0,16.0,28.0,41.0,357.0,7.0,6.0,17.0,,2.0,33.0,15.0,39.0,3.0,,,0.0,,,,,,,,,,,,,,,,,,,,,,,,,,,,,,,,,,,,,,,,True,0,0,127,0,178,3,0.0,5,138,10,7,5,0,True,12,75,3,6,True,0,0,71,0,0,0
2026,nwsl::Football_Season::0b6761e4701749f593690c0f338da74c,nwsl::Football_Player::cac9bfef965b49f9a20bbc0deb15ccfa,opta:Player:dv8265k3za578hkzxxuttqmdx,nwsl::Football_Team::2c1699409ff84c9eb491aeaca3d3edde,Kansas City Current,Vanessa,DiBernardo,V. DiBernardo,Midfielder,USA,16,3,,USA,,opta:Team:agxipc0vk4rtg09amjxv10nx0,KC Current,KC,Kansas City Current,US,True,5,146,0,0,0,0,0,0,0,1,2,0,0,0,0,81.0,3,1.85,5,0,0,0,0,0,0.0,0.0,0.0,45.45,50.0,16.67,0,0,0,0,0,0,0,0,0,0,0,0,0,2.0,1.0,1.0,5.0,16.0,,12.0,,5.0,,11.0,6.0,5.0,34.0,28.0,,2.0,1.0,,,9.0,5.0,4.0,1.0,1.0,3.0,11.0,,63.0,,,,1.0,4.0,5.0,3.0,9.0,,13.0,3.0,,,,,5.0,3.0,1.0,,,,2.0,51.0,41.0,17.0,53.0,2.0,,,,146.0,2.0,,,3.0,1.0,2.0,27.0,68.0,,55.0,2.0,,13.0,100.0,3.0,1.0,1.0,,3.0,15.0,1.0,10.0,,,,0.0,,,,,,,,,2.0,1.0,,,,,,,,,,,,,,,,,,,,,,,,,,,,,,True,0,0,55,0,74,1,0.0,2,27,6,5,2,0,True,0,0,1,2,True,0,0,40,3,0,0
2026,nwsl::Football_Season::0b6761e4701749f593690c0f338da74c,nwsl::Football_Player::cafe0fb40c194bfd95bebea739443cd7,opta:Player:6p2318moul9op4hmigk1xbaw9,nwsl::Football_Team::ca719042b34443c4bcfe380ca4850eaf,San Diego Wave,Kristen,McNabb,K. McNabb,Defender,USA,14,2,,USA,,opta:Team:esvbnzqbyvxp2k570ez7h1a1g,San Diego Wave,SD,San Diego Wave,US,True,18,1620,0,0,7,0,3,0,12,18,7,0,1,0,0,87.0,19,1.06,0,0,0,0,0,0,1.0184,-1.0184,70.59,55.24,64.71,100.0,0,0,0,0,0,0,0,0,0,0,0,0,0,51.0,18.0,33.0,18.0,49.0,1.0,239.0,5.0,,,105.0,47.0,58.0,63.0,473.0,11.0,16.0,3.0,,,54.0,29.0,25.0,,20.0,7.0,237.0,,1195.0,,,,,103.0,24.0,7.0,82.0,,475.0,7.0,4.0,3.0,18.0,,,1.0,1.0,1.0,7.0,1.0,46.0,1031.0,278.0,791.0,1022.0,5.0,,,7.0,1620.0,6.0,1.0,1.0,74.0,18.0,7.0,184.0,1234.0,7.0,1068.0,17.0,16.0,166.0,1437.0,,,,32.0,60.0,76.0,90.0,106.0,,,,0.0,,11.0,,,,1.0,9.0,9.0,,,,,,,,,,,,,,,,,,,,1.0,,,,,,,,,,,,True,0,0,1068,0,1235,1,0.0,46,184,1,106,46,0,True,12,71,20,51,True,0,0,43,74,0,0
2026,nwsl::Football_Season::0b6761e4701749f593690c0f338da74c,nwsl::Football_Player::cb6caff04d61498b9fef4c71d0c3f1e1,opta:Player:cbofbntctfuhr1vqpn7eywt05,nwsl::Football_Team::fb41ef4439dd495098cb6d40415767cc,North Carolina Courage,Feli,Rauch,F. Rauch,Defender,Germany,11,2,,DEU,,opta:Team:b4fbmos00gxtk8qnaqsm392p5,Courage,NC,North Carolina Courage,US,True,11,352,0,1,4,1,2,1,6,3,7,0,0,1,0,80.0,6,1.53,0,0,1,0,0,0,0.4306,-0.4306,66.67,52.5,28.57,42.86,0,0,0,0,0,0,0,0,0,0,0,0,0,7.0,5.0,2.0,11.0,33.0,2.0,39.0,,,2.0,40.0,19.0,21.0,72.0,52.0,1.0,6.0,,,,33.0,14.0,19.0,,5.0,5.0,5.0,,130.0,1.0,,,1.0,24.0,10.0,6.0,24.0,,46.0,6.0,2.0,2.0,4.0,4.0,7.0,3.0,3.0,3.0,,,1.0,102.0,58.0,53.0,107.0,3.0,1.0,1.0,14.0,352.0,8.0,2.0,,6.0,3.0,7.0,49.0,136.0,4.0,108.0,9.0,13.0,28.0,227.0,4.0,4.0,3.0,5.0,8.0,22.0,10.0,20.0,1.0,,,0.0,1.0,,1.0,,,,,,,,1.0,1.0,,,,,1.0,,,,,,,,,,,,,,,,,,,,,,,True,0,0,108,0,143,3,0.26,1,49,7,9,1,0,True,6,67,5,7,True,0,0,11,6,0,0
2026,nwsl::Football_Season::0b6761e4701749f593690c0f338da74c,nwsl::Football_Player::cb8411eb673a4b09be39cff1e820f3a7,opta:Player:11so3nfejun31ajhmqjlwapqt,nwsl::Football_Team::ca719042b34443c4bcfe380ca4850eaf,San Diego Wave,Sandra,Paños,Sandra Paños,Goalkeeper,Spain,12,1,,ESP,,opta:Team:esvbnzqbyvxp2k570ez7h1a1g,San Diego Wave,SD,San Diego Wave,US,True,2,180,0,0,0,0,0,0,0,0,0,0,0,0,0,90.0,2,1.0,0,0,0,0,0,0,0.0,0.0,0.0,100.0,100.0,0.0,0,0,0,0,0,0,0,0,0,0,0,0,0,1.0,,1.0,2.0,,,6.0,1.0,,,1.0,,1.0,,20.0,,2.0,,,,,,,,,,17.0,,36.0,,,,,5.0,,,16.0,,11.0,,,,2.0,,,,,,1.0,,5.0,33.0,1.0,42.0,38.0,,,,,180.0,,,,1.0,,,5.0,48.0,,43.0,,,5.0,62.0,,,,4.0,5.0,2.0,3.0,,,,,0.0,,,,,,,12.0,6.0,,,,,,,,,,2.0,,,,1.0,5.0,4.0,1.0,,,1.0,,,,,,,,,,,,True,0,0,43,0,48,0,0.0,5,5,0,10,5,0,True,0,0,0,1,True,5,0,50,1,0,0
2026,nwsl::Football_Season::0b6761e4701749f593690c0f338da74c,nwsl::Football_Player::cbb95e0c05e942a7a4f2f0907da9d2fc,opta:Player:6ftqiwxvuzbs2s9ctll81kb2s,nwsl::Football_Team::9587b8ce40624165903b6bc9fd252634,Angel City,Taylor,Suarez,T. Suarez,Midfielder,USA,99,3,,USA,,opta:Team:6hbfgdczbi3yg4sdpqgtu6s,Angel City,LA,Angel City,US,True,15,653,1,0,13,1,8,0,4,5,3,0,0,0,0,69.0,7,0.96,10,0,0,0,0,0,2.6228,-1.6228,66.67,37.29,40.0,9.52,0,0,0,0,0,0,0,0,0,0,0,0,0,15.0,9.0,6.0,15.0,35.0,4.0,54.0,,10.0,8.0,59.0,37.0,22.0,133.0,44.0,3.0,7.0,,1.0,1.0,44.0,28.0,16.0,1.0,6.0,8.0,27.0,,136.0,4.0,,,,38.0,16.0,12.0,32.0,1.0,35.0,8.0,5.0,8.0,6.0,5.0,9.0,4.0,2.0,7.0,,4.0,5.0,93.0,71.0,29.0,91.0,2.0,,,1.0,653.0,23.0,1.0,4.0,9.0,5.0,3.0,111.0,141.0,13.0,96.0,6.0,39.0,45.0,288.0,18.0,9.0,13.0,3.0,5.0,58.0,5.0,40.0,,0.0,1.0,0.0,,1.0,,,1.0,,,,1.0,8.0,,,,,,,,,,,,,,,,,,,,,,,1.0,,,,,,,True,0,0,96,0,162,2,0.0,5,111,21,10,5,0,True,4,67,6,15,True,0,0,50,9,0,0
2026,nwsl::Football_Season::0b6761e4701749f593690c0f338da74c,nwsl::Football_Player::cddba4af4e31494b91caeeb135909281,opta:Player:d7ynx5n59yihgtl6tybx0rbbo,nwsl::Football_Team::ca3f464d6b794a9087d441d75961403f,Houston Dash,Cate,Hardin,C. Hardin,Defender,USA,18,2,,USA,,opta:Team:c3v2ohfuzoqmc8ljm65hi80sj,Dash,HOU,Houston Dash,US,True,11,547,0,0,3,0,1,0,8,6,2,0,1,0,0,76.0,13,2.14,0,0,0,0,0,0,0.247,-0.247,50.0,45.61,45.45,0.0,0,0,0,0,0,0,0,0,0,0,0,0,0,11.0,6.0,5.0,11.0,23.0,1.0,37.0,,,1.0,57.0,31.0,26.0,60.0,91.0,5.0,12.0,1.0,,,46.0,25.0,21.0,,15.0,4.0,47.0,,201.0,,,,2.0,15.0,11.0,6.0,27.0,,44.0,4.0,2.0,1.0,6.0,2.0,5.0,,,3.0,1.0,4.0,4.0,151.0,77.0,78.0,151.0,8.0,,,4.0,547.0,9.0,1.0,,20.0,6.0,2.0,72.0,205.0,3.0,155.0,16.0,3.0,50.0,307.0,3.0,3.0,5.0,4.0,11.0,40.0,13.0,39.0,,,,0.0,,1.0,,,,,,,,,,,,,,,,,,,,,,,,,,,,1.0,,,,,,,,,,True,0,0,155,0,208,0,0.0,4,72,3,15,4,0,True,8,50,15,11,True,0,1,27,20,0,0
2026,nwsl::Football_Season::0b6761e4701749f593690c0f338da74c,nwsl::Football_Player::cee456c338e246a08218cf350ed0ba50,opta:Player:54baezi0oivpmiz91y7bj3zmc,nwsl::Football_Team::ca719042b34443c4bcfe380ca4850eaf,San Diego Wave,Brooklyn,Courtnall,B. Courtnall,Defender,Canada,22,2,,CAN,,opta:Team:esvbnzqbyvxp2k570ez7h1a1g,San Diego Wave,SD,San Diego Wave,US,True,11,745,0,0,3,0,0,0,5,4,9,0,2,0,0,85.0,13,1.57,0,0,0,0,0,0,0.152,-0.152,62.5,61.76,37.5,0.0,0,0,0,0,0,0,0,0,0,0,0,0,0,8.0,5.0,3.0,11.0,28.0,,102.0,1.0,,,34.0,13.0,21.0,25.0,180.0,2.0,12.0,1.0,,,26.0,8.0,18.0,,11.0,1.0,126.0,,441.0,,,,1.0,51.0,9.0,4.0,38.0,,137.0,1.0,3.0,,7.0,2.0,4.0,,,1.0,4.0,,20.0,371.0,134.0,265.0,379.0,3.0,,1.0,1.0,745.0,2.0,,,42.0,4.0,9.0,82.0,471.0,3.0,399.0,8.0,3.0,72.0,579.0,1.0,1.0,1.0,17.0,33.0,40.0,33.0,39.0,,,,0.0,,7.0,,,,1.0,10.0,10.0,,,,,,,,,,,,,,,,,,,,1.0,,,,,,,,,,1.0,,True,0,0,399,0,472,0,0.0,20,82,1,53,20,0,True,5,62,11,8,True,0,0,38,42,0,0
2026,nwsl::Football_Season::0b6761e4701749f593690c0f338da74c,nwsl::Football_Player::cfe14710edf54a02806026e010c8c0cf,opta:Player:8a7ctuwycacikdkihnrgxpr10,nwsl::Football_Team::ca3f464d6b794a9087d441d75961403f,Houston Dash,Linda,Ullmark,L. Ullmark,Midfielder,USA,,3,,USA,,opta:Team:c3v2ohfuzoqmc8ljm65hi80sj,Dash,HOU,Houston Dash,US,True,17,1334,2,3,14,5,9,3,14,24,28,3,3,0,0,73.0,23,1.55,4,0,1,0,0,0,2.28,-0.28,60.87,42.77,18.18,16.67,0,0,0,0,0,0,0,0,0,0,0,0,0,11.0,9.0,2.0,17.0,87.0,10.0,164.0,3.0,4.0,6.0,159.0,91.0,68.0,222.0,106.0,14.0,20.0,3.0,2.0,2.0,148.0,82.0,66.0,2.0,11.0,19.0,85.0,3.0,337.0,2.0,,,4.0,78.0,30.0,15.0,73.0,2.0,62.0,22.0,5.0,9.0,17.0,9.0,,4.0,2.0,15.0,,4.0,5.0,244.0,151.0,100.0,242.0,9.0,2.0,1.0,1.0,1334.0,45.0,5.0,1.0,9.0,24.0,28.0,192.0,340.0,14.0,247.0,23.0,32.0,93.0,608.0,8.0,6.0,15.0,9.0,18.0,76.0,25.0,75.0,3.0,1.0,1.0,1.0,1.0,1.0,3.0,,1.0,,,,2.0,2.0,,,,,,,,,,,,,,,,,,,,,,,,,,,,,,True,0,0,247,0,352,2,0.2,5,192,12,23,5,0,True,14,61,11,11,True,0,0,22,9,0,0
2026,nwsl::Football_Season::0b6761e4701749f593690c0f338da74c,nwsl::Football_Player::d008acd9fb8b431e88f29ea421bacf99,opta:Player:9m7cv7nfjp4nkywfcv2rccfoq,nwsl::Football_Team::acffc559cf7d485a9c05fa23ab57054b,Utah Royals,Dayana,Pierre-Louis,D. Pierre-Louis,Midfielder,Haiti,15,3,,HTI,,opta:Team:bn7w86uw8j61dga3xr5s0yiju,Royals,UTA,Utah Royals,US,True,8,341,0,0,4,0,1,0,4,11,7,0,4,0,0,78.0,4,1.06,0,0,0,0,0,0,0.3678,-0.3678,57.14,52.38,71.43,0.0,0,0,0,0,0,0,0,0,0,0,0,0,0,7.0,2.0,5.0,8.0,21.0,,31.0,,,1.0,42.0,20.0,22.0,30.0,27.0,9.0,4.0,,,,35.0,18.0,17.0,,1.0,2.0,27.0,,103.0,,,,1.0,6.0,5.0,,16.0,,28.0,2.0,3.0,1.0,3.0,3.0,5.0,,,3.0,,3.0,4.0,80.0,44.0,36.0,76.0,3.0,,,,341.0,5.0,,1.0,5.0,11.0,7.0,30.0,103.0,4.0,80.0,7.0,4.0,23.0,153.0,,,2.0,1.0,5.0,18.0,5.0,18.0,,,,0.0,,1.0,,,,,,,,,,,,,,,,,,,,,,,,,,,,,,,,,,,,,,True,0,0,80,0,103,0,0.0,4,30,0,9,4,0,True,4,57,1,7,True,0,0,44,5,0,0
2026,nwsl::Football_Season::0b6761e4701749f593690c0f338da74c,nwsl::Football_Player::d05274ce6faa42d48bec0325f29568e2,opta:Player:as9gd28disfeeiiqxn7gjvg2c,nwsl::Football_Team::19674698cec24f53af8866cd21abaf8f,Bay,Kennedy,Fuller,K. Fuller,Midfielder,USA,47,3,,USA,,opta:Team:eka22bj7co8bw5qxa6qlbinf8,Bay,BAY,Bay,US,True,17,1202,3,2,16,5,6,2,10,14,19,0,0,0,0,71.0,12,0.9,36,0,3,0,0,0,2.9769,0.0231,52.63,53.39,57.14,3.77,0,0,0,0,0,0,0,0,0,0,0,0,0,21.0,9.0,12.0,17.0,42.0,15.0,112.0,2.0,36.0,10.0,118.0,55.0,63.0,270.0,107.0,10.0,11.0,1.0,3.0,3.0,97.0,46.0,51.0,1.0,3.0,25.0,68.0,,266.0,2.0,,,1.0,65.0,20.0,12.0,46.0,3.0,64.0,27.0,10.0,6.0,14.0,9.0,3.0,11.0,2.0,14.0,2.0,2.0,10.0,187.0,157.0,51.0,187.0,9.0,4.0,1.0,3.0,1202.0,27.0,1.0,,16.0,14.0,19.0,186.0,281.0,16.0,197.0,19.0,44.0,84.0,538.0,44.0,9.0,11.0,4.0,9.0,116.0,12.0,75.0,1.0,2.0,1.0,1.0,2.0,2.0,2.0,,1.0,,,,7.0,26.0,,,,1.0,,,2.0,,,,,,,,,,,,,,,,,,,,,,,True,0,0,197,0,334,2,0.15,10,186,53,19,10,0,True,10,53,3,21,True,0,0,53,16,0,0
2026,nwsl::Football_Season::0b6761e4701749f593690c0f338da74c,nwsl::Football_Player::d07feb8cd7c94d03b741e2326515241f,opta:Player:f5belq8ns6bvom52sbhby6d5g,nwsl::Football_Team::c31d72afc09f42ee86418633aa41390a,Washington Spirit,Paige,Metayer,P. Metayer,Midfielder,USA,26,3,,USA,,opta:Team:f1ks82wpiewyqs6h3oz9v4hzj,Spirit,WAS,Washington Spirit,US,True,11,557,0,1,5,1,4,1,3,3,1,1,0,0,0,73.0,3,0.48,0,0,0,0,0,0,0.6768,-0.6768,37.5,44.19,60.0,33.33,0,0,0,0,0,0,0,0,0,0,0,0,0,10.0,4.0,6.0,11.0,40.0,,47.0,1.0,,2.0,43.0,24.0,19.0,108.0,83.0,,3.0,,,,33.0,20.0,13.0,,5.0,6.0,77.0,1.0,212.0,1.0,,,,27.0,18.0,3.0,21.0,,13.0,7.0,1.0,4.0,4.0,2.0,7.0,3.0,3.0,4.0,1.0,1.0,4.0,154.0,71.0,87.0,151.0,5.0,,17.0,25.0,557.0,13.0,3.0,1.0,21.0,3.0,1.0,111.0,213.0,5.0,155.0,8.0,10.0,58.0,360.0,6.0,6.0,6.0,4.0,7.0,41.0,23.0,51.0,,,,0.0,1.0,2.0,1.0,,,,,,,,,,,,,,,,,,,,,,,,,,,,,,,,,,,,,True,0,0,155,0,222,3,0.16,4,111,9,11,4,0,True,3,38,5,10,True,0,0,36,21,0,0
2026,nwsl::Football_Season::0b6761e4701749f593690c0f338da74c,nwsl::Football_Player::d0996c9d85fe48cfad90d75fbc26be45,opta:Player:5x0tdccu577fvluyzh839zwlx,nwsl::Football_Team::d2d8efe548734dfd8bc667b5a52a079a,Boston Legacy,Laís,dos Santos Araújo,Laís Araújo,Defender,Brazil,24,2,,BRA,,opta:Team:2yppf5jwqllc49s0qkbkchvkk,Boston Legacy,BOS,Boston Legacy,US,True,7,494,0,0,2,0,2,0,5,8,1,0,2,0,0,88.0,8,1.46,0,0,0,0,0,0,0.153,-0.153,62.5,45.16,55.56,0.0,0,0,0,0,0,0,0,0,0,0,0,0,0,9.0,4.0,5.0,7.0,24.0,1.0,64.0,,,,31.0,17.0,14.0,13.0,85.0,1.0,7.0,1.0,,,22.0,13.0,9.0,,8.0,,100.0,,244.0,,,,2.0,33.0,5.0,1.0,26.0,,52.0,,,2.0,6.0,4.0,1.0,,,,3.0,,11.0,214.0,48.0,181.0,218.0,3.0,,,5.0,494.0,1.0,,,21.0,8.0,1.0,38.0,261.0,2.0,229.0,8.0,3.0,32.0,324.0,1.0,1.0,,10.0,18.0,24.0,9.0,14.0,,,,0.0,,4.0,,,,,10.0,10.0,,,,,,,,,,,,,,,,,,,,,,,,,,,,,,,,True,0,0,229,0,262,0,0.0,11,38,1,29,11,0,True,5,62,8,9,True,0,0,38,21,0,0
2026,nwsl::Football_Season::0b6761e4701749f593690c0f338da74c,nwsl::Football_Player::d1485dcbe6f34e4c9ba927371173260d,opta:Player:4j3kopvvd3iej6p4h9z36giqd,nwsl::Football_Team::c83f2ca05aa84c738b5373f0d2a31b39,Gotham FC,Rose,Lavelle,R. Lavelle,Midfielder,USA,16,3,,USA,,opta:Team:bgkfdckqfqnfbmecbtz03n76d,Gotham FC,GFC,Gotham FC,US,True,16,1255,4,0,31,4,15,0,20,9,10,1,1,0,0,79.0,11,0.79,19,0,0,0,0,0,3.8093,0.1907,80.0,56.82,66.67,17.07,0,0,0,0,0,0,0,0,0,0,0,0,0,18.0,6.0,12.0,16.0,129.0,4.0,207.0,4.0,19.0,6.0,132.0,57.0,75.0,377.0,156.0,6.0,8.0,3.0,4.0,4.0,114.0,51.0,63.0,2.0,5.0,27.0,133.0,1.0,485.0,3.0,,,1.0,97.0,19.0,11.0,73.0,1.0,81.0,27.0,16.0,15.0,14.0,6.0,2.0,16.0,7.0,28.0,,10.0,12.0,381.0,285.0,121.0,378.0,5.0,2.0,,11.0,1255.0,33.0,3.0,5.0,7.0,9.0,10.0,213.0,499.0,31.0,390.0,25.0,66.0,109.0,766.0,26.0,10.0,12.0,3.0,15.0,118.0,17.0,94.0,,3.0,1.0,2.0,,,,3.0,2.0,,,,8.0,11.0,,,,1.0,,,,,,,,,,,,,,,,,,,,,,,,,,True,0,0,390,0,540,7,0.0,12,213,41,27,12,0,True,20,80,5,18,True,0,0,44,7,0,0
2026,nwsl::Football_Season::0b6761e4701749f593690c0f338da74c,nwsl::Football_Player::d19b2c8f459848858cd65bf39ae5aef3,opta:Player:6vfx2udsgk0gsqdqnpknlpr10,nwsl::Football_Team::c3e9513e280b41e5bfbb8230076e8c43,Orlando Pride,Zoe,Matthews,Z. Matthews,Defender,USA,27,2,,USA,,opta:Team:966pdxhsoxaib9qt5083h8uus,Pride,ORL,Orlando Pride,US,True,1,8,0,0,0,0,0,0,0,1,0,0,0,0,0,100.0,1,11.25,0,0,0,0,0,0,0.0276,-0.0276,0.0,40.0,50.0,0.0,0,0,0,0,0,0,0,0,0,0,0,0,0,4.0,2.0,2.0,1.0,,1.0,2.0,,,,5.0,3.0,2.0,2.0,,1.0,1.0,,,,1.0,1.0,,,1.0,,1.0,,2.0,,,,,1.0,,,1.0,,1.0,,,,,,1.0,,,,,,,2.0,2.0,,2.0,,,,,8.0,,,,,1.0,,2.0,2.0,,2.0,,,,6.0,1.0,1.0,,,,1.0,,,,,,0.0,,,,,,,,,,,,,,,,,,,,,,,,,,,,,,,,,,,,,,,,True,0,0,2,0,3,0,0.0,0,2,1,0,0,0,True,0,0,1,4,True,0,0,0,0,0,0
2026,nwsl::Football_Season::0b6761e4701749f593690c0f338da74c,nwsl::Football_Player::d216e5104276420fa4c6f162f613f5b7,opta:Player:z3jmigxgq8yvv6klslbg3axg,nwsl::Football_Team::ca719042b34443c4bcfe380ca4850eaf,San Diego Wave,Luisa,Agudelo,L. Agudelo,Goalkeeper,Colombia,1,1,,COL,,opta:Team:esvbnzqbyvxp2k570ez7h1a1g,San Diego Wave,SD,San Diego Wave,US,True,3,270,0,0,0,0,0,0,0,0,0,0,0,0,0,86.0,4,1.33,0,0,0,0,0,0,0.0,0.0,0.0,50.0,100.0,0.0,0,0,0,0,0,0,0,0,0,0,0,0,0,1.0,,1.0,3.0,,,14.0,1.0,,,2.0,1.0,1.0,,33.0,,4.0,,,,1.0,1.0,,,,,32.0,,59.0,,,,,8.0,,,26.0,,12.0,,,,3.0,,,,,,4.0,,7.0,57.0,6.0,60.0,59.0,,,,,270.0,1.0,,,3.0,,,12.0,77.0,,66.0,,,11.0,104.0,,,,5.0,10.0,8.0,3.0,1.0,,,,0.0,,,,,,,18.0,10.0,,,,,,,5.0,,,,2.0,,,1.0,8.0,4.0,4.0,,3.0,2.0,,,,,,,,,,,,True,0,0,66,0,77,0,0.0,7,12,0,17,7,0,True,0,0,0,1,True,8,0,41,3,0,0
2026,nwsl::Football_Season::0b6761e4701749f593690c0f338da74c,nwsl::Football_Player::d23d7e4bff8f4282b946c478b857105c,opta:Player:bdsv3kql5t6sw5ed2gsxmz2eh,nwsl::Football_Team::ca3f464d6b794a9087d441d75961403f,Houston Dash,Evelina,Duljan,E. Duljan,Defender,Sweden,7,2,,SWE,,opta:Team:c3v2ohfuzoqmc8ljm65hi80sj,Dash,HOU,Houston Dash,US,True,0,0,0,0,0,0,0,0,0,0,0,0,0,0,0,,0,,0,0,0,0,0,0,0.0,0.0,0.0,0.0,0.0,0.0,0,0,0,0,0,0,0,0,0,0,0,0,0,,,,,,,,,,,,,,,,,,,,,,,,,,,,,,,,,,,,,,,,,,,,,,,,,,,,,,,,,,,,,,,,,,,,,,,,,,,,,,,,,,,,,,,,,,,,,,,,,,,,,,,,,,,,,,,,,,,,,,,,,,,,,,True,0,0,0,0,0,0,0.0,0,0,0,0,0,0,True,0,0,0,0,True,0,0,0,0,0,0
2026,nwsl::Football_Season::0b6761e4701749f593690c0f338da74c,nwsl::Football_Player::d24c806737e2498c980976b0695bfbe8,opta:Player:6e7scc2z7henelebs853mc844,nwsl::Football_Team::fb41ef4439dd495098cb6d40415767cc,North Carolina Courage,Ally,Schlegel,A. Schlegel,Forward,USA,34,4,,USA,,opta:Team:b4fbmos00gxtk8qnaqsm392p5,Courage,NC,North Carolina Courage,US,True,13,559,1,0,12,1,5,0,8,6,8,4,0,1,0,69.0,10,1.61,0,0,0,0,0,0,2.4227,-1.4227,44.44,54.41,66.67,25.0,0,0,0,0,0,0,0,0,0,0,0,0,0,15.0,5.0,10.0,13.0,44.0,1.0,37.0,,,2.0,68.0,31.0,37.0,123.0,51.0,3.0,10.0,,1.0,1.0,53.0,26.0,27.0,1.0,4.0,3.0,59.0,4.0,168.0,,,,,13.0,16.0,7.0,22.0,1.0,15.0,3.0,7.0,5.0,6.0,6.0,7.0,1.0,1.0,1.0,,13.0,2.0,114.0,74.0,42.0,113.0,10.0,,,7.0,559.0,16.0,,3.0,8.0,6.0,8.0,86.0,169.0,12.0,115.0,18.0,27.0,54.0,284.0,3.0,3.0,4.0,1.0,4.0,44.0,13.0,50.0,5.0,1.0,0.0,0.0,,2.0,,,1.0,,,,,,1.0,1.0,,1.0,,,,,,,,,,,,,,,,,,,,,,,,,,True,0,0,115,0,173,1,0.0,2,86,4,6,2,0,True,8,44,4,15,True,0,0,33,8,0,0
2026,nwsl::Football_Season::0b6761e4701749f593690c0f338da74c,nwsl::Football_Player::d2e295e660ac4110bb3ab9be9185c86d,opta:Player:8cjb3weg2uhmwh9l21gw0xqtw,nwsl::Football_Team::96ba7b37bd8544a1a7329183459150ff,Portland Thorns,Jayden,Perry,J. Perry,Defender,USA,24,2,,USA,,opta:Team:446mp88j1vpk9iwui9fiifrp8,Thorns,POR,Portland Thorns,US,True,13,676,1,2,3,3,3,2,4,8,7,0,2,1,0,84.0,12,1.6,0,0,0,0,0,0,0.5105,0.4895,57.14,51.02,44.44,100.0,0,0,0,0,0,0,0,0,0,0,0,0,0,18.0,10.0,8.0,13.0,22.0,1.0,78.0,3.0,,1.0,49.0,24.0,25.0,16.0,138.0,3.0,9.0,3.0,,1.0,31.0,14.0,17.0,,12.0,3.0,52.0,,337.0,1.0,,,,40.0,8.0,4.0,24.0,,169.0,5.0,,3.0,7.0,,6.0,1.0,1.0,3.0,6.0,,27.0,275.0,64.0,254.0,290.0,3.0,,2.0,4.0,676.0,3.0,2.0,,39.0,8.0,7.0,79.0,381.0,3.0,317.0,7.0,6.0,64.0,495.0,,,1.0,24.0,43.0,40.0,24.0,21.0,,1.0,0.0,1.0,2.0,5.0,2.0,,1.0,,28.0,28.0,,,1.0,1.0,,1.0,,,,,,,,,,,,,,,,,,1.0,,,,,,,,True,0,0,317,0,382,1,0.27,27,79,1,70,27,0,True,4,57,12,18,True,0,0,39,39,0,0
2026,nwsl::Football_Season::0b6761e4701749f593690c0f338da74c,nwsl::Football_Player::d34c603875494308b83fc6a75c948837,opta:Player:4k83z2cdvn2kwb72kh8e8qfsa,nwsl::Football_Team::c83f2ca05aa84c738b5373f0d2a31b39,Gotham FC,Jaedyn,Shaw,J. Shaw,Midfielder,USA,11,3,,USA,,opta:Team:bgkfdckqfqnfbmecbtz03n76d,Gotham FC,GFC,Gotham FC,US,True,15,1272,4,3,28,7,13,3,24,17,22,2,1,0,0,76.0,8,0.57,26,0,2,0,0,0,3.726,0.274,70.59,51.48,40.91,12.0,0,0,0,0,0,0,0,0,0,0,0,0,0,22.0,13.0,9.0,15.0,116.0,8.0,167.0,6.0,26.0,5.0,169.0,82.0,87.0,323.0,146.0,6.0,6.0,2.0,4.0,3.0,147.0,69.0,78.0,,10.0,16.0,63.0,2.0,457.0,2.0,,,1.0,62.0,40.0,25.0,69.0,4.0,145.0,19.0,15.0,13.0,15.0,7.0,,21.0,6.0,22.0,,11.0,24.0,347.0,238.0,140.0,333.0,10.0,4.0,,3.0,1272.0,43.0,4.0,1.0,8.0,17.0,22.0,232.0,470.0,28.0,357.0,34.0,46.0,113.0,806.0,31.0,18.0,21.0,5.0,16.0,124.0,20.0,97.0,1.0,2.0,2.0,2.0,3.0,3.0,3.0,,2.0,,,,13.0,11.0,,,,,,,,,,,,,,,,,,,1.0,,,,1.0,,,,,,,True,0,0,357,0,520,6,0.21,24,232,50,40,24,0,True,24,71,10,22,True,0,0,60,8,0,0
2026,nwsl::Football_Season::0b6761e4701749f593690c0f338da74c,nwsl::Football_Player::d3f96dfb6d4a416694444e80657ead00,opta:Player:1s91u7ifljohsjikqqhqci9sk,nwsl::Football_Team::d2d8efe548734dfd8bc667b5a52a079a,Boston Legacy,Nicolette,Hernández,N. Hernández,Defender,Mexico,20,2,,MEX,,opta:Team:2yppf5jwqllc49s0qkbkchvkk,Boston Legacy,BOS,Boston Legacy,US,True,10,240,0,0,0,0,0,0,4,6,6,0,0,0,0,75.0,1,0.38,0,0,0,0,0,0,0.0286,-0.0286,44.44,47.62,28.57,16.67,0,0,0,0,0,0,0,0,0,0,0,0,0,7.0,5.0,2.0,10.0,16.0,1.0,41.0,,,3.0,42.0,22.0,20.0,47.0,31.0,2.0,1.0,,,,35.0,17.0,18.0,1.0,4.0,2.0,4.0,,83.0,,,,,26.0,13.0,5.0,18.0,,34.0,2.0,,,2.0,1.0,8.0,2.0,2.0,3.0,1.0,,5.0,61.0,27.0,38.0,58.0,5.0,,3.0,24.0,240.0,10.0,,,7.0,6.0,6.0,56.0,85.0,,63.0,9.0,4.0,22.0,190.0,10.0,10.0,3.0,4.0,5.0,19.0,13.0,17.0,,,,0.0,,1.0,,,,,,,,,,,,,,,,,,,,,,,,,,,,,,,,,,,,,,True,0,0,63,0,97,2,0.0,5,56,12,10,5,0,True,4,44,4,7,True,0,0,50,7,0,0
2026,nwsl::Football_Season::0b6761e4701749f593690c0f338da74c,nwsl::Football_Player::d47dced2a50a42ea85c8f0ce564a9746,opta:Player:br17lkx91icsoqiibmufa23v8,nwsl::Football_Team::ac29701756da44a08457762380c10733,Racing Louisville,Emma,Sears,E. Sears,Forward,USA,13,4,,USA,,opta:Team:dtucewmt49th1p4selfutmnmc,Racing Lou,LOU,Racing Louisville,US,True,16,1217,2,4,14,6,10,4,11,18,5,10,2,0,0,63.0,26,1.92,0,0,0,0,0,0,2.3988,-0.3988,61.11,38.64,70.83,20.59,0,0,0,0,0,0,0,0,0,0,0,0,0,24.0,7.0,17.0,16.0,56.0,9.0,115.0,,,16.0,132.0,81.0,51.0,309.0,72.0,11.0,23.0,3.0,2.0,1.0,108.0,74.0,34.0,,16.0,15.0,66.0,10.0,233.0,2.0,,,1.0,68.0,33.0,16.0,49.0,2.0,42.0,19.0,4.0,10.0,14.0,7.0,2.0,7.0,7.0,11.0,,4.0,1.0,145.0,120.0,35.0,147.0,7.0,,7.0,30.0,1217.0,50.0,3.0,3.0,5.0,18.0,5.0,230.0,236.0,14.0,148.0,18.0,79.0,88.0,536.0,27.0,27.0,30.0,6.0,11.0,95.0,20.0,77.0,,2.0,0.0,0.0,3.0,,4.0,,1.0,,,,,,,,,1.0,,,,,,,,,,,,,,,1.0,,,,,,,,,,,True,0,0,148,0,270,7,0.3,1,230,34,12,1,0,True,11,61,16,24,True,0,0,8,5,0,0
2026,nwsl::Football_Season::0b6761e4701749f593690c0f338da74c,nwsl::Football_Player::d48ecbd1e5b54125a1199c9f748fa1d3,opta:Player:anwmefu9etrn8i0r74r1jg9g,nwsl::Football_Team::1151140adfc24339ba1c93cb0b6b0238,Seattle Reign,Maddie,Dahlien,M. Dahlien,Forward,USA,5,4,,USA,,opta:Team:bl53jk6zlfe5f583pil7xzwi5,Reign,SEA,Seattle Reign,US,True,14,1063,2,2,17,4,10,2,8,12,12,2,0,0,0,71.0,14,1.19,0,0,2,1,0,0,3.5367,-1.5367,47.06,47.92,66.67,25.0,0,0,0,0,0,0,0,0,0,0,0,0,0,6.0,2.0,4.0,14.0,76.0,10.0,116.0,1.0,,16.0,96.0,50.0,46.0,233.0,36.0,5.0,11.0,3.0,1.0,2.0,90.0,48.0,42.0,1.0,5.0,14.0,11.0,2.0,205.0,3.0,1.0,1.0,1.0,54.0,20.0,10.0,41.0,1.0,83.0,16.0,7.0,10.0,12.0,9.0,2.0,8.0,8.0,13.0,,1.0,3.0,145.0,104.0,50.0,143.0,9.0,,,,1063.0,31.0,4.0,4.0,9.0,12.0,12.0,145.0,206.0,17.0,146.0,17.0,75.0,60.0,416.0,24.0,24.0,20.0,9.0,15.0,65.0,19.0,45.0,1.0,0.0,2.0,1.0,2.0,2.0,2.0,1.0,2.0,,,,,,,,,,,,,,,,,,,,,,,,,,,,,,,,,,,True,0,0,146,0,238,8,0.17,3,145,32,18,3,0,True,8,47,5,6,True,0,0,17,9,0,0
2026,nwsl::Football_Season::0b6761e4701749f593690c0f338da74c,nwsl::Football_Player::d512157412184783822bc2cf21db09bf,opta:Player:5b2dire687lp3dasdj2z3n0q2,nwsl::Football_Team::96ba7b37bd8544a1a7329183459150ff,Portland Thorns,Reilyn,Turner,R. Turner,Forward,USA,66,4,,USA,,opta:Team:446mp88j1vpk9iwui9fiifrp8,Thorns,POR,Portland Thorns,US,True,13,749,5,0,16,5,8,0,9,7,16,2,0,0,0,54.0,4,0.48,0,0,0,0,0,0,3.2758,1.7242,60.0,58.33,63.64,7.69,0,0,0,0,0,0,0,0,0,0,0,0,0,33.0,12.0,21.0,13.0,44.0,4.0,62.0,2.0,,5.0,108.0,45.0,63.0,134.0,47.0,2.0,4.0,,4.0,5.0,75.0,33.0,42.0,,11.0,4.0,40.0,2.0,163.0,1.0,,,,35.0,17.0,9.0,29.0,1.0,32.0,4.0,8.0,8.0,11.0,9.0,2.0,1.0,1.0,11.0,1.0,1.0,6.0,88.0,44.0,45.0,82.0,6.0,,1.0,1.0,749.0,21.0,,2.0,28.0,7.0,16.0,134.0,163.0,16.0,88.0,15.0,43.0,75.0,353.0,12.0,12.0,11.0,2.0,10.0,72.0,15.0,65.0,3.0,3.0,2.0,0.0,,2.0,,2.0,5.0,,,,,,,,,,,,,,,,,,,,,,,,,,,2.0,,,,,,,,True,0,0,88,0,176,1,0.0,6,134,13,16,6,0,True,9,60,11,33,True,0,0,38,28,0,0
2026,nwsl::Football_Season::0b6761e4701749f593690c0f338da74c,nwsl::Football_Player::d554da063af949d9b11787c4c83bf7fc,opta:Player:96uam5me1x7vlrlhra84v0vzd,nwsl::Football_Team::d2d8efe548734dfd8bc667b5a52a079a,Boston Legacy,Josefine,Hasbo,J. Hasbo,Midfielder,Denmark,5,3,,DNK,,opta:Team:2yppf5jwqllc49s0qkbkchvkk,Boston Legacy,BOS,Boston Legacy,US,True,13,702,0,0,4,0,0,0,10,7,9,1,0,0,0,81.0,14,1.79,0,0,0,0,0,0,0.8619,-0.8619,58.82,53.73,50.0,33.33,0,0,0,0,0,0,0,0,0,0,0,0,0,10.0,5.0,5.0,13.0,73.0,2.0,73.0,,,2.0,67.0,31.0,36.0,122.0,106.0,1.0,12.0,2.0,,,57.0,26.0,31.0,,13.0,9.0,53.0,1.0,334.0,1.0,,,2.0,37.0,12.0,4.0,42.0,,106.0,9.0,4.0,,9.0,5.0,4.0,3.0,3.0,5.0,1.0,4.0,11.0,268.0,167.0,107.0,260.0,7.0,,,5.0,702.0,16.0,,1.0,6.0,7.0,9.0,118.0,338.0,4.0,271.0,17.0,16.0,67.0,480.0,6.0,4.0,7.0,4.0,8.0,56.0,17.0,59.0,1.0,,,0.0,,2.0,,,,,,,,,,,,,,,,,,,,,,,,,,,,,,,,,,,,,,True,0,0,271,0,347,3,0.0,11,118,9,19,11,0,True,10,59,13,10,True,0,0,58,6,0,0
2026,nwsl::Football_Season::0b6761e4701749f593690c0f338da74c,nwsl::Football_Player::d570c9dcade14352bec26996bfab1c00,opta:Player:2v8dmidlxcm7nagtono0jaiuh,nwsl::Football_Team::acffc559cf7d485a9c05fa23ab57054b,Utah Royals,Kiana,Palacios,K. Palacios,Forward,Mexico,21,4,,MEX,,opta:Team:bn7w86uw8j61dga3xr5s0yiju,Royals,UTA,Utah Royals,US,True,17,1209,3,3,17,6,8,3,11,19,9,6,1,0,0,71.0,16,1.19,0,0,0,0,0,0,4.3002,-1.3002,61.11,43.2,47.5,20.0,0,0,0,0,0,0,0,0,0,0,0,0,0,40.0,21.0,19.0,17.0,61.0,6.0,70.0,1.0,,3.0,125.0,71.0,54.0,186.0,48.0,5.0,13.0,3.0,3.0,3.0,85.0,50.0,35.0,1.0,3.0,6.0,35.0,6.0,163.0,,,,1.0,33.0,25.0,12.0,43.0,1.0,34.0,9.0,9.0,8.0,15.0,12.0,2.0,2.0,2.0,8.0,1.0,9.0,3.0,112.0,80.0,47.0,122.0,7.0,1.0,,1.0,1209.0,28.0,3.0,4.0,3.0,19.0,9.0,123.0,178.0,17.0,125.0,18.0,50.0,53.0,356.0,8.0,8.0,8.0,2.0,5.0,56.0,5.0,48.0,1.0,2.0,1.0,0.0,2.0,1.0,3.0,1.0,2.0,,,,,,,,,,,,,,,,,,,,,,,,,,,1.0,,,,,,,,True,0,0,125,0,188,2,0.22,3,123,10,8,3,0,True,11,61,3,40,True,0,0,38,3,0,0
2026,nwsl::Football_Season::0b6761e4701749f593690c0f338da74c,nwsl::Football_Player::d576555bc98d477a9c831e65e16f7626,opta:Player:22rwy15pz3noi4av4wb3i0wh6,nwsl::Football_Team::ca3f464d6b794a9087d441d75961403f,Houston Dash,Maggie,Graham,M. Graham,Midfielder,USA,19,3,,USA,,opta:Team:c3v2ohfuzoqmc8ljm65hi80sj,Dash,HOU,Houston Dash,US,True,17,1447,3,2,11,5,6,2,19,17,16,1,1,0,0,73.0,24,1.49,0,0,1,1,1,0,2.0167,0.9833,73.08,51.75,45.45,37.5,0,0,0,0,0,0,0,0,0,0,0,0,0,33.0,18.0,15.0,17.0,91.0,1.0,72.0,2.0,,1.0,114.0,55.0,59.0,149.0,193.0,4.0,21.0,3.0,2.0,2.0,81.0,37.0,44.0,,15.0,12.0,82.0,1.0,477.0,,,1.0,4.0,28.0,23.0,11.0,53.0,1.0,124.0,14.0,5.0,6.0,16.0,2.0,1.0,3.0,3.0,2.0,4.0,13.0,14.0,348.0,193.0,167.0,343.0,7.0,2.0,1.0,6.0,1447.0,11.0,5.0,2.0,30.0,17.0,16.0,169.0,490.0,11.0,357.0,26.0,25.0,133.0,680.0,5.0,5.0,6.0,15.0,28.0,102.0,36.0,105.0,2.0,2.0,1.0,1.0,2.0,8.0,2.0,1.0,3.0,,,,,,,,,,,1.0,,,,,,,,,,,,,1.0,,,1.0,1.0,,,,,,,True,0,0,357,0,498,3,0.12,14,169,8,42,14,0,True,19,73,15,33,True,0,0,33,30,0,0
2026,nwsl::Football_Season::0b6761e4701749f593690c0f338da74c,nwsl::Football_Player::d5c841dcdea54696979eda5b6d0fbdb6,opta:Player:1115fgmv9xa3nwx3bu19jr9pl,nwsl::Football_Team::acffc559cf7d485a9c05fa23ab57054b,Utah Royals,Alexa,Spaanstra,A. Spaanstra,Forward,USA,30,4,,USA,,opta:Team:bn7w86uw8j61dga3xr5s0yiju,Royals,UTA,Utah Royals,US,True,14,381,0,0,2,0,0,0,4,4,7,1,1,0,0,61.0,6,1.42,1,0,0,0,0,0,0.2501,-0.2501,66.67,40.91,33.33,15.38,0,0,0,0,0,0,0,0,0,0,0,0,0,3.0,2.0,1.0,14.0,19.0,2.0,33.0,,1.0,8.0,44.0,26.0,18.0,84.0,30.0,1.0,4.0,2.0,,,41.0,24.0,17.0,,3.0,4.0,36.0,1.0,94.0,1.0,,,1.0,20.0,9.0,4.0,14.0,,11.0,4.0,2.0,,2.0,2.0,12.0,2.0,2.0,4.0,,,2.0,56.0,40.0,20.0,56.0,2.0,,4.0,14.0,381.0,16.0,,,7.0,4.0,7.0,75.0,96.0,2.0,58.0,6.0,9.0,38.0,198.0,11.0,11.0,6.0,2.0,6.0,43.0,6.0,32.0,,,,0.0,,1.0,,,,,,,,,,,,,,,,,,,,,,,,,,,,1.0,,,,,,,,,,True,0,0,58,0,109,2,0.0,2,75,13,8,2,0,True,4,67,3,3,True,0,1,25,7,0,0
2026,nwsl::Football_Season::0b6761e4701749f593690c0f338da74c,nwsl::Football_Player::d70a89d4bf9e47778923c4ab4ae9e679,opta:Player:c72vuxvsbhryoxlv9yowz4grt,nwsl::Football_Team::ca3f464d6b794a9087d441d75961403f,Houston Dash,Hillary,Beall,H. Beall,Goalkeeper,USA,22,1,,USA,,opta:Team:c3v2ohfuzoqmc8ljm65hi80sj,Dash,HOU,Houston Dash,US,True,0,0,0,0,0,0,0,0,0,0,0,0,0,0,0,,0,,0,0,0,0,0,0,0.0,0.0,0.0,0.0,0.0,0.0,0,0,0,0,0,0,0,0,0,0,0,0,0,,,,,,,,,,,,,,,,,,,,,,,,,,,,,,,,,,,,,,,,,,,,,,,,,,,,,,,,,,,,,,,,,,,,,,,,,,,,,,,,,,,,,,,,,,,,,,,,,,,,,,,,,,,,,,,,,,,,,,,,,,,,,,True,0,0,0,0,0,0,0.0,0,0,0,0,0,0,True,0,0,0,0,True,0,0,0,0,0,0
2026,nwsl::Football_Season::0b6761e4701749f593690c0f338da74c,nwsl::Football_Player::d73ddb615f3149cfb6432c6f82b21ac9,opta:Player:3gxgrg34v8ffgde2g0nbm92c4,nwsl::Football_Team::c83f2ca05aa84c738b5373f0d2a31b39,Gotham FC,Sarah,Schupansky,S. Schupansky,Midfielder,USA,11,3,,USA,,opta:Team:bgkfdckqfqnfbmecbtz03n76d,Gotham FC,GFC,Gotham FC,US,True,15,537,0,1,2,1,0,1,3,9,14,0,0,0,0,70.0,5,0.84,4,0,0,0,0,0,0.4606,-0.4606,60.0,46.15,25.0,15.38,0,0,0,0,0,0,0,0,0,0,0,0,0,8.0,6.0,2.0,15.0,55.0,3.0,74.0,,4.0,1.0,52.0,28.0,24.0,136.0,66.0,3.0,4.0,1.0,,,44.0,22.0,22.0,,4.0,8.0,54.0,,205.0,,,,1.0,17.0,17.0,4.0,28.0,,31.0,9.0,2.0,,7.0,7.0,8.0,8.0,4.0,3.0,,3.0,5.0,143.0,105.0,47.0,139.0,2.0,2.0,1.0,2.0,537.0,11.0,1.0,,1.0,9.0,14.0,102.0,206.0,2.0,144.0,5.0,4.0,62.0,305.0,19.0,15.0,7.0,5.0,13.0,74.0,7.0,49.0,,,,0.0,1.0,1.0,1.0,,,,,,3.0,,,,,,,,,,,,,,,,,,,,,,,,,,,,,,,True,0,0,144,0,232,4,0.17,5,102,26,18,5,0,True,3,60,4,8,True,0,0,28,1,0,0
2026,nwsl::Football_Season::0b6761e4701749f593690c0f338da74c,nwsl::Football_Player::d7d29fcbb1374eb4bda584df8d928547,opta:Player:dkk9sopglpjgnopxcxkn65gid,nwsl::Football_Team::269e825b853f4b43a9d38390aa92bf6e,Chicago Stars,Mallory,Swanson,M. Swanson,Forward,USA,9,4,,USA,,opta:Team:dzxypx8djih58p668surbi4qm,Chicago Stars,CHI,Chicago Stars,US,True,6,392,1,0,6,1,3,0,0,5,7,2,0,0,0,70.0,8,1.84,12,0,0,0,0,0,0.6302,0.3698,0.0,45.16,66.67,0.0,0,0,0,0,0,0,0,0,0,0,0,0,0,3.0,1.0,2.0,6.0,32.0,,49.0,,12.0,5.0,31.0,17.0,14.0,94.0,28.0,2.0,8.0,,1.0,1.0,28.0,16.0,12.0,,2.0,8.0,16.0,2.0,86.0,,,,3.0,30.0,13.0,5.0,21.0,,14.0,7.0,3.0,3.0,4.0,2.0,2.0,5.0,,4.0,,,1.0,60.0,50.0,18.0,62.0,1.0,1.0,,5.0,392.0,8.0,2.0,2.0,5.0,5.0,7.0,62.0,90.0,6.0,63.0,1.0,19.0,27.0,170.0,16.0,8.0,5.0,4.0,6.0,40.0,3.0,21.0,,0.0,1.0,1.0,,,,1.0,,,,,5.0,6.0,,,,,,,,,,,,,,,,,,,,,,,,,,,,,,True,0,0,63,0,111,0,0.0,1,62,21,7,1,0,True,0,0,2,3,True,0,0,14,5,0,0
2026,nwsl::Football_Season::0b6761e4701749f593690c0f338da74c,nwsl::Football_Player::d814c62705514d3ab343c0798bb924ba,opta:Player:1xgse8t4dm0decmpzebsphvfu,nwsl::Football_Team::cbfcacbef5bc4a278442c00926ac9ebc,Denver Summit,Yazmeen,Ryan,Y. Ryan,Forward,USA,11,4,,USA,,opta:Team:b6ztd03z31b0yfcae0qovefpw,Denver,DEN,Denver Summit,US,True,16,1353,3,3,28,6,10,3,12,14,18,2,0,0,0,76.0,17,1.13,16,0,2,0,0,0,3.5055,-0.5055,63.16,42.38,42.86,22.45,0,0,0,0,0,0,0,0,0,0,0,0,0,14.0,8.0,6.0,16.0,111.0,7.0,202.0,3.0,16.0,16.0,151.0,87.0,64.0,432.0,100.0,8.0,16.0,1.0,2.0,1.0,137.0,79.0,58.0,,10.0,29.0,133.0,2.0,435.0,6.0,,,3.0,111.0,41.0,24.0,68.0,3.0,94.0,31.0,18.0,10.0,15.0,2.0,1.0,15.0,11.0,21.0,,16.0,23.0,328.0,253.0,93.0,308.0,7.0,1.0,3.0,25.0,1353.0,60.0,12.0,4.0,5.0,14.0,18.0,254.0,438.0,28.0,331.0,19.0,99.0,107.0,788.0,34.0,24.0,27.0,3.0,13.0,124.0,17.0,94.0,2.0,1.0,2.0,0.0,3.0,3.0,3.0,,1.0,,,,4.0,10.0,,,,1.0,,,,,,,,,,,,,,,2.0,,,,,,,,,,,True,0,0,331,0,487,11,0.2,23,254,49,36,23,0,True,12,63,10,14,True,0,0,64,5,0,0
2026,nwsl::Football_Season::0b6761e4701749f593690c0f338da74c,nwsl::Football_Player::d8f389524b654b238b386797cb3b1216,opta:Player:13hy7ggmnhfalmdqlbp6lzv11,nwsl::Football_Team::c83f2ca05aa84c738b5373f0d2a31b39,Gotham FC,Esther,González,Esther González,Forward,Spain,9,4,,ESP,,opta:Team:bgkfdckqfqnfbmecbtz03n76d,Gotham FC,GFC,Gotham FC,US,True,15,1142,6,0,32,6,16,0,6,7,12,8,0,0,0,80.0,7,0.55,0,0,3,2,2,0,7.8522,-1.8522,54.55,42.17,43.48,16.67,0,0,0,0,0,0,0,0,0,0,0,0,0,23.0,13.0,10.0,15.0,70.0,6.0,117.0,5.0,,11.0,83.0,48.0,35.0,222.0,66.0,2.0,6.0,1.0,3.0,6.0,60.0,35.0,25.0,1.0,1.0,13.0,65.0,8.0,279.0,2.0,,2.0,,44.0,17.0,8.0,39.0,6.0,94.0,13.0,16.0,16.0,12.0,4.0,3.0,2.0,2.0,2.0,,6.0,10.0,220.0,155.0,83.0,226.0,5.0,1.0,2.0,2.0,1142.0,25.0,1.0,6.0,1.0,7.0,12.0,122.0,295.0,32.0,236.0,11.0,72.0,59.0,461.0,10.0,10.0,7.0,2.0,4.0,54.0,15.0,55.0,1.0,3.0,3.0,1.0,,1.0,,,5.0,,,,,,,,,,,2.0,,,,,,,,,,,,,,,,,,,,,,,,True,0,0,236,0,307,2,0.0,10,122,12,14,10,0,True,6,55,1,23,True,0,0,71,1,0,0
2026,nwsl::Football_Season::0b6761e4701749f593690c0f338da74c,nwsl::Football_Player::d9bb4ddad5e34f7b89ab4608dc8277d1,opta:Player:6bbodw3m9bstocysxvzfuo3my,nwsl::Football_Team::c83f2ca05aa84c738b5373f0d2a31b39,Gotham FC,Tierna,Davidson,T. Davidson,Defender,USA,15,2,,USA,,opta:Team:bgkfdckqfqnfbmecbtz03n76d,Gotham FC,GFC,Gotham FC,US,True,17,1177,2,1,3,3,3,1,14,11,5,0,0,0,0,89.0,11,0.84,0,0,0,0,0,0,0.6293,1.3707,73.68,64.79,70.0,0.0,0,0,0,0,0,0,0,0,0,0,0,0,0,30.0,9.0,21.0,17.0,58.0,4.0,225.0,4.0,,2.0,71.0,25.0,46.0,58.0,362.0,7.0,8.0,3.0,,2.0,41.0,16.0,25.0,,12.0,6.0,159.0,,912.0,,,,1.0,131.0,16.0,10.0,58.0,2.0,379.0,7.0,,3.0,13.0,5.0,4.0,,,1.0,9.0,1.0,48.0,800.0,239.0,607.0,798.0,5.0,,,7.0,1177.0,3.0,,,54.0,11.0,5.0,126.0,958.0,3.0,846.0,19.0,21.0,112.0,1113.0,,,,17.0,50.0,70.0,42.0,62.0,,0.0,2.0,1.0,,7.0,1.0,,1.0,,17.0,17.0,,,,,,,,,,,,,,,,,,,,,,,,,,,,,,,,True,0,0,846,0,958,0,0.08,48,126,0,98,48,0,True,14,74,12,30,True,0,0,49,54,0,0
2026,nwsl::Football_Season::0b6761e4701749f593690c0f338da74c,nwsl::Football_Player::d9f63636eae141b9a9fccd6533df3a2b,opta:Player:8e4jqpg6oty7im4qy4a6j1wk4,nwsl::Football_Team::c83f2ca05aa84c738b5373f0d2a31b39,Gotham FC,Shelby,Hogan,S. Hogan,Goalkeeper,USA,1,1,,USA,,opta:Team:bgkfdckqfqnfbmecbtz03n76d,Gotham FC,GFC,Gotham FC,US,True,3,270,0,0,0,0,0,0,0,0,0,0,0,0,0,73.0,0,0.0,0,0,0,0,0,0,0.0,0.0,0.0,0.0,0.0,0.0,0,0,0,0,0,0,0,0,0,0,0,0,0,,,,3.0,,,7.0,3.0,,,,,,,46.0,,,,,,,,,,,,32.0,,75.0,,,,,2.0,,,32.0,,19.0,,,,3.0,,,,,,7.0,,12.0,58.0,8.0,62.0,58.0,,,,,270.0,,,,5.0,,,27.0,97.0,,70.0,,,27.0,128.0,,,,18.0,26.0,17.0,10.0,1.0,,,,0.0,,,,,,,20.0,12.0,,,,,,,4.0,,,1.0,1.0,,,1.0,12.0,6.0,6.0,,2.0,,,,,,,,,,,,,True,0,0,70,0,97,0,0.0,12,27,0,38,12,0,True,0,0,0,0,True,12,0,32,5,0,0
2026,nwsl::Football_Season::0b6761e4701749f593690c0f338da74c,nwsl::Football_Player::db2f5b1eb5d542459bdcd2e603cb2949,opta:Player:f492lo1waofo8lw3fizklxt04,nwsl::Football_Team::fb41ef4439dd495098cb6d40415767cc,North Carolina Courage,Cameron,Brooks,C. Brooks,Defender,USA,,2,,USA,,opta:Team:b4fbmos00gxtk8qnaqsm392p5,Courage,NC,North Carolina Courage,US,True,1,4,0,0,0,0,0,0,0,0,0,0,0,0,0,0.0,1,22.5,0,0,0,0,0,0,0.0,0.0,0.0,0.0,0.0,0.0,0,0,0,0,0,0,0,0,0,0,0,0,0,,,,1.0,,,,,,,,,,,1.0,,1.0,,,,,,,,,,,,1.0,,,,,,,,,,,,,,,,1.0,,,,,,,,,,,,,,,4.0,,,,,,,1.0,1.0,,,,,1.0,1.0,,,,,,,1.0,1.0,,,,0.0,,,,,,,,,,,,,,,,,,,,,,,,,,,,,,,,,,,,,,,,True,0,0,0,0,1,0,0.0,0,1,0,0,0,0,True,0,0,0,0,True,0,0,0,0,0,0
2026,nwsl::Football_Season::0b6761e4701749f593690c0f338da74c,nwsl::Football_Player::db70ea2c9700442ba12c8efb0965e90c,opta:Player:a35rkuwagz53cmbcn42nkbfca,nwsl::Football_Team::1151140adfc24339ba1c93cb0b6b0238,Seattle Reign,Neeku,Purcell,N. Purcell,Goalkeeper,USA,35,1,,USA,,opta:Team:bl53jk6zlfe5f583pil7xzwi5,Reign,SEA,Seattle Reign,US,True,0,0,0,0,0,0,0,0,0,0,0,0,0,0,0,,0,,0,0,0,0,0,0,0.0,0.0,0.0,0.0,0.0,0.0,0,0,0,0,0,0,0,0,0,0,0,0,0,,,,,,,,,,,,,,,,,,,,,,,,,,,,,,,,,,,,,,,,,,,,,,,,,,,,,,,,,,,,,,,,,,,,,,,,,,,,,,,,,,,,,,,,,,,,,,,,,,,,,,,,,,,,,,,,,,,,,,,,,,,,,,True,0,0,0,0,0,0,0.0,0,0,0,0,0,0,True,0,0,0,0,True,0,0,0,0,0,0
2026,nwsl::Football_Season::0b6761e4701749f593690c0f338da74c,nwsl::Football_Player::dc141c8f287a4bb48a803a250ba1fe3a,opta:Player:4d8qvj1c824xw2kj5dnax6x3o,nwsl::Football_Team::d2d8efe548734dfd8bc667b5a52a079a,Boston Legacy,Sophia,Lowenberg,S. Lowenberg,Midfielder,USA,25,3,,USA,,opta:Team:2yppf5jwqllc49s0qkbkchvkk,Boston Legacy,BOS,Boston Legacy,US,True,1,7,0,0,0,0,0,0,1,0,0,0,0,0,0,67.0,0,0.0,0,0,0,0,0,0,0.0,0.0,100.0,50.0,0.0,0.0,0,0,0,0,0,0,0,0,0,0,0,0,0,,,,1.0,,,3.0,,,,2.0,1.0,1.0,,6.0,,,,,,2.0,1.0,1.0,,,,1.0,,12.0,,,,,2.0,2.0,1.0,,,5.0,,,,,,1.0,,,,,,,8.0,,8.0,8.0,,,,,7.0,1.0,,,,,,5.0,12.0,,8.0,1.0,,4.0,15.0,,,,2.0,2.0,2.0,2.0,2.0,,,,0.0,,,,,,,,,,,,,,,,,,,,,,,,,,,,,,,,,,,,,,,,True,0,0,8,0,12,0,0.0,0,5,0,2,0,0,True,1,100,0,0,True,0,0,0,0,0,0
2026,nwsl::Football_Season::0b6761e4701749f593690c0f338da74c,nwsl::Football_Player::dc3910a88592482d933542fb999e21fe,opta:Player:4ls15w5noxqo6mtkcn7akzyms,nwsl::Football_Team::ca3f464d6b794a9087d441d75961403f,Houston Dash,Clarissa,Laris­ey,C. Laris­ey,Forward,Canada,9,4,,CAN,,opta:Team:c3v2ohfuzoqmc8ljm65hi80sj,Dash,HOU,Houston Dash,US,True,14,379,0,0,5,0,2,0,6,8,4,2,3,0,0,61.0,5,1.19,1,0,0,0,0,0,1.2578,-1.2578,54.55,48.72,20.0,0.0,0,0,0,0,0,0,0,0,0,0,0,0,0,5.0,4.0,1.0,14.0,24.0,1.0,37.0,,1.0,3.0,39.0,20.0,19.0,78.0,9.0,6.0,4.0,1.0,,,34.0,16.0,18.0,,1.0,3.0,21.0,2.0,65.0,1.0,,,1.0,23.0,7.0,2.0,15.0,,14.0,3.0,3.0,2.0,2.0,2.0,12.0,,,3.0,,1.0,1.0,38.0,21.0,20.0,40.0,5.0,,,4.0,379.0,8.0,,4.0,4.0,8.0,4.0,61.0,68.0,5.0,41.0,11.0,18.0,27.0,149.0,5.0,5.0,3.0,1.0,1.0,27.0,5.0,26.0,1.0,,,0.0,,,,,,,,,,,,,,,,,,,,,,,,,,,,,,,,,,,,,,,,True,0,0,41,0,73,0,0.0,1,61,5,2,1,0,True,6,55,1,5,True,0,0,50,4,0,0
2026,nwsl::Football_Season::0b6761e4701749f593690c0f338da74c,nwsl::Football_Player::dc5b62503b254bc7b911b31b48969494,opta:Player:et72990p9axru09oxv51hokwl,nwsl::Football_Team::96ba7b37bd8544a1a7329183459150ff,Portland Thorns,Deyna,Castellanos,D. Castellanos,Forward,Venezuela,10,4,,VEN,,opta:Team:446mp88j1vpk9iwui9fiifrp8,Thorns,POR,Portland Thorns,US,True,6,142,0,0,2,0,0,0,0,3,0,0,2,0,0,88.0,4,2.54,0,0,0,0,0,0,0.1681,-0.1681,0.0,12.5,50.0,50.0,0,0,0,0,0,0,0,0,0,0,0,0,0,2.0,1.0,1.0,6.0,12.0,1.0,9.0,,,2.0,16.0,14.0,2.0,25.0,6.0,1.0,1.0,3.0,,,14.0,13.0,1.0,,,1.0,11.0,,39.0,,,,,2.0,3.0,1.0,6.0,,10.0,1.0,2.0,,,,6.0,1.0,1.0,1.0,1.0,1.0,1.0,34.0,18.0,17.0,33.0,,,,1.0,142.0,6.0,,,3.0,3.0,,16.0,39.0,2.0,34.0,,4.0,5.0,66.0,1.0,1.0,2.0,1.0,1.0,4.0,2.0,4.0,,,,0.0,,,,,,,,,,,,,,,,,,,,,,,,,,,,,,,,,,,,,,,,True,0,0,34,0,41,1,0.0,1,16,2,2,1,0,True,0,0,0,2,True,0,0,50,3,0,0
2026,nwsl::Football_Season::0b6761e4701749f593690c0f338da74c,nwsl::Football_Player::dcc2564e748442b7a956fa4f8056ba87,opta:Player:bamecc5g588tcqcq0ymsrgtuc,nwsl::Football_Team::19674698cec24f53af8866cd21abaf8f,Bay,Keira,Barry,K. Barry,Forward,England,,4,,ENG,,opta:Team:eka22bj7co8bw5qxa6qlbinf8,Bay,BAY,Bay,US,True,12,322,2,0,5,2,2,0,5,12,3,4,2,0,0,66.0,5,1.4,3,0,0,0,0,0,0.4889,1.5111,55.56,32.69,37.5,11.11,0,0,0,0,0,0,0,0,0,0,0,0,0,8.0,5.0,3.0,12.0,20.0,1.0,37.0,,3.0,4.0,52.0,35.0,17.0,70.0,18.0,8.0,5.0,,1.0,2.0,44.0,30.0,14.0,,2.0,6.0,22.0,4.0,74.0,,,,1.0,14.0,10.0,4.0,14.0,2.0,16.0,6.0,3.0,2.0,2.0,2.0,10.0,2.0,2.0,2.0,,2.0,1.0,48.0,35.0,17.0,49.0,4.0,,,,322.0,16.0,1.0,,3.0,12.0,3.0,66.0,76.0,5.0,50.0,9.0,8.0,26.0,161.0,16.0,13.0,13.0,2.0,5.0,31.0,11.0,21.0,1.0,1.0,1.0,1.0,,1.0,,,2.0,,,,,2.0,,,,,,,,,,,,,,,,,,,,,,,,,,,,,,True,0,0,50,0,94,2,0.0,1,66,18,6,1,0,True,5,56,2,8,True,0,0,17,3,0,0
2026,nwsl::Football_Season::0b6761e4701749f593690c0f338da74c,nwsl::Football_Player::dd0a7a6f7ee5446e9ef8c0a20ed56e97,opta:Player:ajm2otiy72xcni5pbtu1259n8,nwsl::Football_Team::19674698cec24f53af8866cd21abaf8f,Bay,Joelle,Anderson,J. Anderson,Midfielder,USA,18,3,,USA,,opta:Team:eka22bj7co8bw5qxa6qlbinf8,Bay,BAY,Bay,US,True,15,1029,1,0,7,1,3,0,8,3,2,1,2,0,0,86.0,19,1.66,1,0,0,0,0,0,0.3571,0.6429,80.0,61.54,52.94,0.0,0,0,0,0,0,0,0,0,0,0,0,0,0,17.0,8.0,9.0,15.0,36.0,1.0,143.0,2.0,1.0,,39.0,15.0,24.0,27.0,246.0,1.0,18.0,1.0,,1.0,22.0,7.0,15.0,,12.0,4.0,58.0,1.0,576.0,,,,2.0,75.0,9.0,5.0,68.0,,276.0,4.0,4.0,3.0,14.0,9.0,1.0,,,3.0,10.0,,37.0,490.0,154.0,371.0,488.0,2.0,1.0,,3.0,1029.0,3.0,1.0,,55.0,3.0,2.0,104.0,616.0,7.0,525.0,10.0,5.0,91.0,747.0,2.0,2.0,3.0,23.0,53.0,52.0,41.0,38.0,,1.0,0.0,1.0,,7.0,,1.0,,,14.0,14.0,,,,,,,,,,,,,,,,,,,,,,,,,,,,,,,,True,0,0,525,0,618,0,0.0,37,104,2,90,37,0,True,8,80,12,17,True,0,0,41,55,0,0
2026,nwsl::Football_Season::0b6761e4701749f593690c0f338da74c,nwsl::Football_Player::dd58c531924040d7b2a296847b8e2ef2,opta:Player:bjfczg1weeqdrvmc56c16jthw,nwsl::Football_Team::ca3f464d6b794a9087d441d75961403f,Houston Dash,Leah,Klenke,L. Klenke,Defender,USA,,2,,USA,,opta:Team:c3v2ohfuzoqmc8ljm65hi80sj,Dash,HOU,Houston Dash,US,True,17,1458,0,0,8,0,3,0,15,8,18,0,1,0,0,76.0,23,1.42,0,0,0,0,0,0,0.743,-0.743,62.5,58.49,47.06,13.33,0,0,0,0,0,0,0,0,0,0,0,0,0,34.0,18.0,16.0,17.0,57.0,3.0,204.0,4.0,,6.0,106.0,44.0,62.0,116.0,354.0,6.0,20.0,3.0,,,72.0,26.0,46.0,,15.0,5.0,83.0,,652.0,3.0,,,4.0,114.0,24.0,8.0,75.0,,201.0,5.0,5.0,3.0,16.0,1.0,1.0,2.0,2.0,4.0,5.0,,31.0,491.0,193.0,336.0,496.0,9.0,,11.0,51.0,1458.0,9.0,,1.0,90.0,8.0,18.0,214.0,695.0,8.0,527.0,24.0,15.0,168.0,990.0,13.0,12.0,5.0,24.0,62.0,127.0,54.0,106.0,,,,0.0,,9.0,,,,1.0,6.0,7.0,,,,,,,1.0,,,,,,,,,,,,,1.0,,2.0,1.0,,,,,,,,,True,0,0,527,0,710,2,0.0,31,214,15,93,31,0,True,15,62,15,34,True,0,2,33,90,0,0
2026,nwsl::Football_Season::0b6761e4701749f593690c0f338da74c,nwsl::Football_Player::ddb5b884acb246c9879102de84c0d868,opta:Player:9azuadl08w0xklciriln9982c,nwsl::Football_Team::9587b8ce40624165903b6bc9fd252634,Angel City,Karsyn,Cherry,K. Cherry,Defender,USA,4,2,,USA,,opta:Team:6hbfgdczbi3yg4sdpqgtu6s,Angel City,LA,Angel City,US,True,2,75,0,0,1,0,0,0,0,0,0,0,0,0,0,88.0,2,2.4,0,0,0,0,0,0,0.032,-0.032,0.0,60.0,75.0,0.0,0,0,0,0,0,0,0,0,0,0,0,0,0,4.0,1.0,3.0,2.0,7.0,,9.0,,,2.0,5.0,2.0,3.0,13.0,18.0,,2.0,,,,1.0,1.0,,,,3.0,5.0,,39.0,,,,,6.0,1.0,,1.0,,9.0,3.0,1.0,,1.0,1.0,1.0,,,,1.0,,3.0,34.0,25.0,9.0,31.0,,,,7.0,75.0,1.0,1.0,,4.0,,,8.0,39.0,1.0,34.0,,2.0,5.0,55.0,1.0,1.0,,,2.0,5.0,1.0,3.0,,,,0.0,,,,,,,,,,,,,,,,,,,,,,,,,,,,,,,,,,,,,,,,True,0,0,34,0,40,0,0.0,3,8,1,5,3,0,True,0,0,0,4,True,0,0,60,4,0,0
2026,nwsl::Football_Season::0b6761e4701749f593690c0f338da74c,nwsl::Football_Player::dead86b2fe8a4adc8ff4fb12d9111944,opta:Player:f1xb9y38jfjmrhgv22svv9sa2,nwsl::Football_Team::19674698cec24f53af8866cd21abaf8f,Bay,Anouk,Denton,A. Denton,Defender,England,,2,,ENG,,opta:Team:eka22bj7co8bw5qxa6qlbinf8,Bay,BAY,Bay,US,True,8,529,0,0,2,0,0,0,18,4,9,0,1,0,0,82.0,5,0.85,0,0,0,0,0,0,0.4138,-0.4138,85.71,71.15,75.0,0.0,0,0,0,0,0,0,0,0,0,0,0,0,0,4.0,1.0,3.0,8.0,42.0,1.0,49.0,2.0,,,52.0,15.0,37.0,68.0,60.0,1.0,4.0,1.0,,,48.0,14.0,34.0,1.0,12.0,2.0,20.0,,191.0,,,,1.0,23.0,8.0,4.0,35.0,,75.0,2.0,2.0,,6.0,4.0,2.0,,,4.0,2.0,,8.0,156.0,84.0,77.0,153.0,3.0,,8.0,51.0,529.0,5.0,,1.0,19.0,4.0,9.0,64.0,197.0,2.0,161.0,21.0,1.0,36.0,367.0,3.0,3.0,4.0,8.0,10.0,14.0,25.0,26.0,,,,0.0,,1.0,,,,,,,,,,,,,,,,,,,,,,,,,,1.0,,,,,,,,,,,,True,0,0,161,0,200,0,0.0,8,64,3,18,8,0,True,18,86,12,4,True,0,0,44,19,0,0
2026,nwsl::Football_Season::0b6761e4701749f593690c0f338da74c,nwsl::Football_Player::defa5ede49564c5c9b518c5c5281cf9a,opta:Player:97ia01cyibu1l7qs8qexd2n3e,nwsl::Football_Team::ca3f464d6b794a9087d441d75961403f,Houston Dash,Kiki,Van Zanten,K. Van Zanten,Midfielder,Jamaica,12,3,,JAM,,opta:Team:c3v2ohfuzoqmc8ljm65hi80sj,Dash,HOU,Houston Dash,US,True,12,763,4,0,21,4,13,0,11,10,15,1,2,0,0,74.0,10,1.18,1,0,0,0,0,0,2.8591,1.1409,68.75,45.19,29.63,25.0,0,0,0,0,0,0,0,0,0,0,0,0,0,27.0,19.0,8.0,12.0,55.0,3.0,61.0,1.0,1.0,6.0,104.0,57.0,47.0,190.0,44.0,3.0,8.0,2.0,4.0,3.0,77.0,38.0,39.0,1.0,6.0,11.0,38.0,1.0,191.0,1.0,,,3.0,33.0,26.0,15.0,36.0,1.0,59.0,11.0,8.0,13.0,10.0,8.0,2.0,2.0,2.0,8.0,,14.0,4.0,139.0,101.0,45.0,140.0,5.0,2.0,,4.0,763.0,23.0,1.0,4.0,13.0,10.0,15.0,107.0,196.0,21.0,144.0,16.0,34.0,52.0,383.0,6.0,6.0,17.0,2.0,3.0,48.0,10.0,49.0,4.0,4.0,0.0,1.0,,,,3.0,1.0,,,,,,,,,1.0,,,,,,,,,,,,,,,1.0,,,,,,,,,,,True,0,0,144,0,204,2,0.0,4,107,8,7,4,0,True,11,69,6,27,True,0,0,57,13,0,0
2026,nwsl::Football_Season::0b6761e4701749f593690c0f338da74c,nwsl::Football_Player::df60b4341c11492ab396c85a121dd302,opta:Player:cieyupgmnxecb4emqljudrw89,nwsl::Football_Team::ac29701756da44a08457762380c10733,Racing Louisville,Arin,Wright,A. Wright,Defender,USA,3,2,,USA,,opta:Team:dtucewmt49th1p4selfutmnmc,Racing Lou,LOU,Racing Louisville,US,True,12,1008,1,1,5,2,1,1,2,1,8,1,0,0,0,79.0,16,1.43,0,0,0,0,0,0,1.2523,-0.2523,28.57,68.09,66.67,42.86,0,0,0,0,0,0,0,0,0,0,0,0,0,24.0,8.0,16.0,12.0,26.0,1.0,66.0,,,3.0,47.0,15.0,32.0,32.0,195.0,,14.0,2.0,,1.0,23.0,7.0,16.0,,19.0,4.0,109.0,1.0,378.0,,,,,35.0,12.0,7.0,46.0,,71.0,5.0,4.0,1.0,11.0,,1.0,3.0,3.0,1.0,9.0,,26.0,299.0,113.0,206.0,290.0,5.0,,,2.0,1008.0,4.0,3.0,1.0,55.0,1.0,8.0,103.0,401.0,5.0,316.0,7.0,13.0,85.0,557.0,4.0,4.0,,17.0,35.0,65.0,24.0,50.0,,1.0,0.0,0.0,1.0,16.0,1.0,,1.0,,,,,,,,,,,,,,,,,,,,,,,,,,,1.0,,,,,,,,True,0,0,316,0,408,3,0.09,26,103,7,61,26,0,True,2,29,19,24,True,0,0,43,55,0,0
2026,nwsl::Football_Season::0b6761e4701749f593690c0f338da74c,nwsl::Football_Player::e0083709d64e4f7aa5329c7b17fc6687,opta:Player:642fsrjj1seobmhxeefruv578,nwsl::Football_Team::c3e9513e280b41e5bfbb8230076e8c43,Orlando Pride,Zara,Chavoshi,Z. Chavoshi,Defender,Canada,16,2,,CAN,,opta:Team:966pdxhsoxaib9qt5083h8uus,Pride,ORL,Orlando Pride,US,True,7,493,0,0,0,0,0,0,6,4,6,0,1,0,0,79.0,7,1.28,0,0,0,0,0,0,0.06,-0.06,42.86,62.22,37.5,0.0,0,0,0,0,0,0,0,0,0,0,0,0,0,8.0,5.0,3.0,7.0,21.0,1.0,75.0,2.0,,3.0,45.0,17.0,28.0,30.0,133.0,2.0,7.0,,,,37.0,12.0,25.0,,8.0,2.0,96.0,,282.0,,,,,39.0,9.0,4.0,32.0,,42.0,2.0,,,5.0,,2.0,,,5.0,3.0,,12.0,221.0,80.0,149.0,217.0,8.0,,,5.0,493.0,4.0,,,19.0,4.0,6.0,70.0,292.0,,229.0,14.0,8.0,63.0,379.0,,,2.0,10.0,34.0,47.0,16.0,29.0,,,,0.0,,4.0,,,,,,,,,,,,,,,,,,,,,,,,,,,,,,,,,,,,,,True,0,0,229,0,292,0,0.0,12,70,0,46,12,0,True,6,43,8,8,True,0,0,26,19,0,0
2026,nwsl::Football_Season::0b6761e4701749f593690c0f338da74c,nwsl::Football_Player::e036a5e038a341b2b45efc0d58587acf,opta:Player:1mym43khm3hlhzbj42tbnjlec,nwsl::Football_Team::ac29701756da44a08457762380c10733,Racing Louisville,Katie,O'Kane,K. O'Kane,Midfielder,USA,20,3,,USA,,opta:Team:dtucewmt49th1p4selfutmnmc,Racing Lou,LOU,Racing Louisville,US,True,17,1409,2,2,15,4,4,2,11,29,15,1,2,0,0,74.0,29,1.85,39,0,3,0,0,0,2.0746,-0.0746,36.67,35.93,21.43,7.14,0,0,0,0,0,0,0,0,0,0,0,0,0,14.0,11.0,3.0,17.0,70.0,15.0,115.0,,39.0,14.0,167.0,107.0,60.0,233.0,162.0,14.0,24.0,5.0,1.0,1.0,153.0,96.0,57.0,1.0,10.0,20.0,88.0,1.0,377.0,,,,2.0,52.0,29.0,17.0,82.0,2.0,76.0,22.0,11.0,4.0,15.0,2.0,2.0,19.0,4.0,12.0,2.0,2.0,29.0,278.0,190.0,119.0,261.0,19.0,6.0,,2.0,1409.0,51.0,4.0,,16.0,29.0,15.0,232.0,396.0,15.0,290.0,30.0,28.0,106.0,709.0,40.0,12.0,13.0,13.0,33.0,122.0,24.0,73.0,,2.0,0.0,1.0,2.0,3.0,2.0,,,,,,12.0,24.0,,,,,,,6.0,,,,,,,,,,,,1.0,,,,,1.0,1.0,,,,,True,0,0,290,0,452,4,0.13,29,232,56,62,29,0,True,11,37,10,14,True,0,0,47,16,0,0
2026,nwsl::Football_Season::0b6761e4701749f593690c0f338da74c,nwsl::Football_Player::e0a407a396b94362806b642667a930cc,opta:Player:31huq3jv7h6l1n0ybdp8523ca,nwsl::Football_Team::ca3f464d6b794a9087d441d75961403f,Houston Dash,Emina,Ekic,E. Ekić,Forward,Bosnia and Herzegovina,11,4,,BIH,,opta:Team:c3v2ohfuzoqmc8ljm65hi80sj,Dash,HOU,Houston Dash,US,True,5,86,0,0,0,0,0,0,2,2,1,1,1,0,0,78.0,1,1.05,1,0,0,0,0,0,0.0,0.0,66.67,53.33,66.67,66.67,0,0,0,0,0,0,0,0,0,0,0,0,0,3.0,1.0,2.0,5.0,11.0,,10.0,,1.0,,15.0,7.0,8.0,12.0,10.0,1.0,1.0,,,,12.0,6.0,6.0,,1.0,1.0,7.0,1.0,30.0,,,,,5.0,1.0,1.0,2.0,,3.0,1.0,,,1.0,1.0,4.0,2.0,2.0,2.0,,,,24.0,12.0,14.0,24.0,1.0,,,,86.0,3.0,,,1.0,2.0,1.0,15.0,31.0,,24.0,3.0,,7.0,55.0,1.0,,,,,6.0,2.0,7.0,,,,0.0,,,,,,,,,,1.0,,,,,,,,,,,,,,,,,,,,,,,,,,,,,,True,0,0,24,0,34,2,0.0,0,15,3,0,0,0,True,2,67,1,3,True,0,0,0,1,0,0
2026,nwsl::Football_Season::0b6761e4701749f593690c0f338da74c,nwsl::Football_Player::e0e778409f6442b7b1f2e2d55a5a8565,opta:Player:a7yq5hwmc27r615dak86yfoph,nwsl::Football_Team::ca719042b34443c4bcfe380ca4850eaf,San Diego Wave,Ludmila,da Silva,Ludmila,Forward,Brazil,14,4,,BRA,,opta:Team:esvbnzqbyvxp2k570ez7h1a1g,San Diego Wave,SD,San Diego Wave,US,True,18,1268,1,0,34,1,14,0,19,20,18,13,0,0,0,62.0,13,0.92,0,0,2,0,0,0,6.6697,-5.6697,86.36,42.94,38.71,0.0,0,0,0,0,0,0,0,0,0,0,0,0,0,31.0,19.0,12.0,18.0,57.0,8.0,131.0,,,19.0,163.0,93.0,70.0,296.0,50.0,7.0,12.0,1.0,1.0,1.0,132.0,74.0,58.0,1.0,5.0,7.0,57.0,13.0,194.0,4.0,,,,70.0,24.0,12.0,25.0,1.0,52.0,7.0,20.0,14.0,17.0,13.0,1.0,,,18.0,,4.0,6.0,111.0,89.0,44.0,127.0,3.0,1.0,1.0,,1268.0,51.0,1.0,11.0,7.0,20.0,18.0,195.0,216.0,34.0,133.0,22.0,116.0,83.0,494.0,18.0,18.0,22.0,1.0,7.0,88.0,13.0,76.0,3.0,0.0,1.0,1.0,,1.0,,,1.0,,,,,,,,,1.0,,,,,,,,,,,,,,,,,,,,,,,,,,True,0,0,133,0,234,0,0.0,6,195,18,13,6,0,True,19,86,5,31,True,0,0,46,7,0,0
2026,nwsl::Football_Season::0b6761e4701749f593690c0f338da74c,nwsl::Football_Player::e13f13ced32c4de9bdbedf05c00e5ed5,opta:Player:bs8nttx9e514q3b5d81u3itt6,nwsl::Football_Team::c31d72afc09f42ee86418633aa41390a,Washington Spirit,Élisabeth,Tsé,É. Tsé,Defender,Canada,5,2,,CAN,,opta:Team:f1ks82wpiewyqs6h3oz9v4hzj,Spirit,WAS,Washington Spirit,US,True,10,339,0,0,1,0,0,0,2,5,4,0,1,0,0,93.0,3,0.8,0,0,0,0,0,0,0.0728,-0.0728,100.0,46.43,50.0,0.0,0,0,0,0,0,0,0,0,0,0,0,0,0,10.0,5.0,5.0,10.0,30.0,,49.0,,,1.0,28.0,15.0,13.0,27.0,66.0,1.0,2.0,1.0,,,18.0,10.0,8.0,,3.0,,79.0,,193.0,,,,,28.0,4.0,2.0,20.0,,27.0,,1.0,,4.0,3.0,6.0,,,2.0,1.0,,4.0,179.0,54.0,133.0,183.0,,,7.0,9.0,339.0,1.0,,,14.0,5.0,4.0,28.0,202.0,1.0,187.0,2.0,1.0,15.0,261.0,1.0,1.0,1.0,,3.0,9.0,7.0,12.0,,,,0.0,,3.0,,,,,1.0,1.0,,,,,,,,,,,,,,,,,,,,,,,,,,,,,,,,True,0,0,187,0,203,0,0.0,4,28,1,7,4,0,True,2,100,3,10,True,0,0,57,14,0,0
2026,nwsl::Football_Season::0b6761e4701749f593690c0f338da74c,nwsl::Football_Player::e217f693d9c1472c9ca602ef93c69386,opta:Player:4asnz2kicgzv2exc5u2lfwudx,nwsl::Football_Team::c3e9513e280b41e5bfbb8230076e8c43,Orlando Pride,Luana,Bertolucci Paixão,Luana,Midfielder,Brazil,8,3,,BRA,,opta:Team:966pdxhsoxaib9qt5083h8uus,Pride,ORL,Orlando Pride,US,True,12,363,0,1,5,1,1,1,9,11,11,0,0,0,0,64.0,7,1.74,4,0,1,0,0,0,0.4774,-0.4774,52.94,54.84,30.0,0.0,0,0,0,0,0,0,0,0,0,0,0,0,0,10.0,7.0,3.0,12.0,23.0,,39.0,,4.0,,62.0,28.0,34.0,58.0,47.0,10.0,7.0,,,,52.0,21.0,31.0,1.0,5.0,4.0,22.0,,113.0,,,,1.0,14.0,19.0,8.0,28.0,,22.0,5.0,4.0,1.0,4.0,4.0,8.0,4.0,,3.0,1.0,2.0,2.0,71.0,47.0,29.0,70.0,8.0,2.0,,1.0,363.0,6.0,1.0,,6.0,11.0,11.0,63.0,114.0,5.0,72.0,17.0,3.0,42.0,207.0,4.0,3.0,3.0,2.0,6.0,32.0,14.0,36.0,2.0,,,0.0,1.0,2.0,1.0,,,1.0,,,4.0,,,,,,,,1.0,,,,,,,,,,,,,1.0,,,,,,,,,,True,0,0,72,0,122,0,0.25,2,63,8,8,2,0,True,9,53,5,10,True,0,1,25,6,0,0
2026,nwsl::Football_Season::0b6761e4701749f593690c0f338da74c,nwsl::Football_Player::e36d5228fd7541d394bb2df04fded14f,opta:Player:7izc8t071mkrrgvptdjru467e,nwsl::Football_Team::96ba7b37bd8544a1a7329183459150ff,Portland Thorns,Olivia,Moultrie,O. Moultrie,Midfielder,USA,13,3,,USA,,opta:Team:446mp88j1vpk9iwui9fiifrp8,Thorns,POR,Portland Thorns,US,True,16,1313,5,5,25,10,18,5,14,7,22,2,1,0,0,76.0,23,1.58,47,0,1,1,1,0,5.2507,-0.2507,43.75,44.63,34.29,2.99,0,0,0,0,0,0,0,0,0,0,0,0,0,35.0,23.0,12.0,16.0,90.0,12.0,174.0,5.0,47.0,11.0,177.0,98.0,79.0,309.0,185.0,5.0,19.0,4.0,3.0,5.0,142.0,75.0,67.0,,8.0,28.0,96.0,2.0,422.0,3.0,,1.0,,72.0,19.0,12.0,67.0,2.0,87.0,33.0,7.0,18.0,15.0,2.0,1.0,29.0,2.0,13.0,,15.0,26.0,323.0,238.0,139.0,322.0,18.0,5.0,2.0,5.0,1313.0,49.0,5.0,5.0,17.0,7.0,22.0,246.0,458.0,25.0,348.0,32.0,43.0,110.0,805.0,45.0,5.0,27.0,7.0,34.0,134.0,21.0,76.0,1.0,2.0,3.0,3.0,5.0,5.0,5.0,3.0,5.0,,,,20.0,27.0,,,,,,1.0,2.0,,,,,,,,,,,1.0,,,,,,,,,,,,True,0,0,348,0,525,2,0.34,26,246,67,60,26,0,True,14,44,8,35,True,0,0,43,17,0,0
2026,nwsl::Football_Season::0b6761e4701749f593690c0f338da74c,nwsl::Football_Player::e3732803fbc74097b03f22501baf27d7,opta:Player:7xktpagze0zc1ufeyultukk45,nwsl::Football_Team::ca719042b34443c4bcfe380ca4850eaf,San Diego Wave,Gabrielle,Jordão Portilho,Gabi Portilho,Forward,Brazil,81,4,,BRA,,opta:Team:esvbnzqbyvxp2k570ez7h1a1g,San Diego Wave,SD,San Diego Wave,US,True,16,661,0,0,9,0,6,0,5,11,17,3,1,0,0,75.0,9,1.23,1,0,0,0,0,0,2.3963,-2.3963,50.0,34.94,11.11,14.29,0,0,0,0,0,0,0,0,0,0,0,0,0,9.0,8.0,1.0,16.0,55.0,4.0,55.0,,1.0,4.0,83.0,54.0,29.0,155.0,41.0,3.0,8.0,1.0,,,74.0,46.0,28.0,,3.0,7.0,49.0,3.0,171.0,1.0,,,,31.0,15.0,8.0,28.0,,27.0,7.0,3.0,6.0,7.0,7.0,9.0,1.0,1.0,1.0,,3.0,3.0,128.0,87.0,43.0,126.0,5.0,,,6.0,661.0,28.0,,3.0,2.0,11.0,17.0,95.0,172.0,9.0,129.0,10.0,39.0,43.0,309.0,6.0,5.0,17.0,4.0,7.0,39.0,10.0,36.0,1.0,,,0.0,,,,,,,,,,1.0,,,,,,,,,,,,,,,,,,,,,,,,,,,,,,True,0,0,129,0,179,1,0.0,3,95,7,10,3,0,True,5,50,3,9,True,0,0,30,2,0,0
2026,nwsl::Football_Season::0b6761e4701749f593690c0f338da74c,nwsl::Football_Player::e3a4b9a720014da8a851e9d8f3892aed,opta:Player:ap0166ueagw059fehsj6hh3h1,nwsl::Football_Team::96ba7b37bd8544a1a7329183459150ff,Portland Thorns,Daiane,Limeira Santos Silva,Daiane,Defender,Brazil,34,2,,BRA,,opta:Team:446mp88j1vpk9iwui9fiifrp8,Thorns,POR,Portland Thorns,US,True,0,0,0,0,0,0,0,0,0,0,0,0,0,0,0,,0,,0,0,0,0,0,0,0.0,0.0,0.0,0.0,0.0,0.0,0,0,0,0,0,0,0,0,0,0,0,0,0,,,,,,,,,,,,,,,,,,,,,,,,,,,,,,,,,,,,,,,,,,,,0.0,0.0,,,,,,,,,,,,,,,,,,,,,,,,,,,,,,,,,,,,,,,,,,,,,,,,,,,,0.0,0.0,0.0,,,,,,,,,,,,,,,,,,,,,,,,,,,True,0,0,0,0,0,0,0.0,0,0,0,0,0,0,True,0,0,0,0,True,0,0,0,0,0,0
2026,nwsl::Football_Season::0b6761e4701749f593690c0f338da74c,nwsl::Football_Player::e430381cd0da42f193b7801fc9f23009,opta:Player:3m2dbl8f5fu9h2sd7cte1bqxg,nwsl::Football_Team::19674698cec24f53af8866cd21abaf8f,Bay,Alex,Pfeiffer,A. Pfeiffer,Forward,USA,17,4,,USA,,opta:Team:eka22bj7co8bw5qxa6qlbinf8,Bay,BAY,Bay,US,True,10,663,2,3,16,5,12,3,3,5,12,1,0,0,0,73.0,9,1.22,7,0,1,0,0,0,2.1091,-0.1091,50.0,42.11,50.0,13.33,0,0,0,0,0,0,0,0,0,0,0,0,0,2.0,1.0,1.0,10.0,43.0,8.0,101.0,,7.0,8.0,76.0,44.0,32.0,189.0,32.0,4.0,9.0,,2.0,2.0,74.0,43.0,31.0,,4.0,10.0,70.0,1.0,164.0,,,,,42.0,7.0,5.0,25.0,,25.0,13.0,4.0,12.0,9.0,7.0,1.0,2.0,2.0,13.0,,,7.0,117.0,89.0,36.0,116.0,3.0,1.0,,1.0,663.0,30.0,3.0,,1.0,5.0,12.0,118.0,170.0,16.0,123.0,6.0,53.0,47.0,325.0,13.0,6.0,12.0,2.0,8.0,54.0,6.0,39.0,1.0,1.0,1.0,0.0,3.0,,3.0,2.0,,,,,,4.0,,,,1.0,,,3.0,,,,,,,,,,,,,,,,,,,,,,,True,0,0,123,0,185,2,0.41,7,118,15,15,7,0,True,3,50,4,2,True,0,0,47,1,0,0
2026,nwsl::Football_Season::0b6761e4701749f593690c0f338da74c,nwsl::Football_Player::e4c0dd7de1294525a9f1635b7e210792,opta:Player:lg9muzm3sbiijicsik53m3je,nwsl::Football_Team::9587b8ce40624165903b6bc9fd252634,Angel City,Angelina,Anderson,A. Anderson,Goalkeeper,USA,19,1,,USA,,opta:Team:6hbfgdczbi3yg4sdpqgtu6s,Angel City,LA,Angel City,US,True,16,1440,0,0,0,0,0,0,1,0,2,0,0,0,0,73.0,17,1.06,0,0,0,0,0,0,0.0,0.0,100.0,100.0,100.0,0.0,0,0,0,0,0,0,0,0,0,0,0,0,0,4.0,,4.0,16.0,,,77.0,5.0,,,7.0,,7.0,,259.0,,16.0,1.0,,,3.0,,3.0,,,,165.0,,398.0,,,,,33.0,2.0,1.0,128.0,,137.0,,,,16.0,,,,,,33.0,,94.0,328.0,48.0,361.0,315.0,,,,,1440.0,,,,11.0,,2.0,158.0,561.0,,409.0,1.0,,152.0,688.0,,,,75.0,149.0,98.0,54.0,3.0,,,,0.0,,,,,,,90.0,99.0,,,,,,,47.0,,,12.0,2.0,1.0,2.0,6.0,53.0,30.0,23.0,,13.0,8.0,,,,,,,,1.0,1.0,,,True,0,0,409,0,561,0,0.0,94,158,0,243,94,0,True,1,100,0,4,True,53,0,39,11,0,0
2026,nwsl::Football_Season::0b6761e4701749f593690c0f338da74c,nwsl::Football_Player::e51fe8ea427c4f39894fce94ed9fadcd,opta:Player:dy302yj9tjby62ur1u8ab8rxm,nwsl::Football_Team::c3e9513e280b41e5bfbb8230076e8c43,Orlando Pride,Cori,Dyke,C. Dyke,Midfielder,USA,12,3,,USA,,opta:Team:966pdxhsoxaib9qt5083h8uus,Pride,ORL,Orlando Pride,US,True,18,1605,1,1,4,2,3,1,22,8,5,1,1,0,0,84.0,26,1.46,0,0,0,0,0,0,0.2096,0.7904,81.48,54.29,31.25,17.65,0,0,0,0,0,0,0,0,0,0,0,0,0,16.0,11.0,5.0,18.0,77.0,1.0,141.0,6.0,,7.0,70.0,32.0,38.0,155.0,255.0,1.0,23.0,3.0,,1.0,54.0,21.0,33.0,,13.0,4.0,143.0,1.0,646.0,,,,2.0,72.0,21.0,5.0,63.0,1.0,182.0,5.0,1.0,3.0,18.0,1.0,,3.0,3.0,1.0,11.0,,32.0,539.0,189.0,361.0,515.0,5.0,,12.0,97.0,1605.0,8.0,2.0,,59.0,8.0,5.0,158.0,657.0,4.0,547.0,27.0,11.0,110.0,955.0,14.0,14.0,4.0,26.0,51.0,84.0,40.0,59.0,,1.0,0.0,0.0,1.0,10.0,1.0,,,,,,,,,,,,,,,,,,,,,,,,,,,,,,,,,,,,,True,0,0,547,0,674,3,0.06,32,158,17,83,32,0,True,22,81,13,16,True,0,0,39,59,0,0
2026,nwsl::Football_Season::0b6761e4701749f593690c0f338da74c,nwsl::Football_Player::e58cc03e05a54a28bf3133ec9c1a3632,opta:Player:2bb2dbogerxxvircnah8gw222,nwsl::Football_Team::1151140adfc24339ba1c93cb0b6b0238,Seattle Reign,Claudia,Dickey,C. Dickey,Goalkeeper,USA,1,1,,USA,,opta:Team:bl53jk6zlfe5f583pil7xzwi5,Reign,SEA,Seattle Reign,US,True,13,1170,0,0,0,0,0,0,0,0,4,0,0,0,0,85.0,15,1.15,0,0,0,0,0,0,0.0,0.0,0.0,100.0,100.0,0.0,0,0,0,0,0,0,0,0,0,0,0,0,0,2.0,,2.0,13.0,,,61.0,4.0,,,6.0,,6.0,,251.0,,11.0,4.0,,,4.0,,4.0,,,,171.0,,497.0,,,,,34.0,1.0,,104.0,,158.0,,,,13.0,,,,,,25.0,,60.0,439.0,20.0,469.0,429.0,,,,,1170.0,,,,2.0,,4.0,92.0,580.0,,489.0,,,91.0,677.0,,,,45.0,84.0,44.0,47.0,7.0,,,,0.0,,,,,,,68.0,35.0,,,,,,,7.0,,,6.0,,1.0,,,42.0,26.0,16.0,5.0,4.0,6.0,,,,,,,,,,,,True,0,0,489,0,580,0,0.0,60,92,0,144,60,0,True,0,0,0,2,True,42,0,42,2,0,0
2026,nwsl::Football_Season::0b6761e4701749f593690c0f338da74c,nwsl::Football_Player::e878c5789b6a4af382182129004de27d,opta:Player:ef4p261ukptzw3feyv8vnh90,nwsl::Football_Team::fb41ef4439dd495098cb6d40415767cc,North Carolina Courage,Chioma,Okafor,C. Okafor,Forward,Nigeria,,4,,NGA,,opta:Team:b4fbmos00gxtk8qnaqsm392p5,Courage,NC,North Carolina Courage,US,True,8,175,0,0,3,0,0,0,2,2,2,0,1,0,0,74.0,4,2.06,0,0,0,0,0,0,0.2209,-0.2209,100.0,30.43,50.0,20.0,0,0,0,0,0,0,0,0,0,0,0,0,0,6.0,3.0,3.0,8.0,16.0,1.0,17.0,,,3.0,23.0,16.0,7.0,57.0,17.0,1.0,4.0,,,,17.0,13.0,4.0,,,3.0,19.0,,58.0,,,,1.0,3.0,7.0,4.0,5.0,,8.0,3.0,3.0,,2.0,3.0,6.0,1.0,1.0,,,1.0,,42.0,36.0,9.0,44.0,,,,3.0,175.0,6.0,,,1.0,2.0,2.0,33.0,60.0,3.0,44.0,2.0,10.0,16.0,101.0,4.0,4.0,4.0,1.0,2.0,18.0,2.0,14.0,,,,0.0,,1.0,,,,,,,,,,,,,,,,,,,,,,,,,,,,,,,,,,,,,,True,0,0,44,0,65,1,0.0,0,33,5,2,0,0,True,2,100,0,6,True,0,0,0,1,0,0
2026,nwsl::Football_Season::0b6761e4701749f593690c0f338da74c,nwsl::Football_Player::e8b4386d7df847f6a328dea38ddc55ce,opta:Player:7p8n46qssxb0drknt952vivbo,nwsl::Football_Team::ca719042b34443c4bcfe380ca4850eaf,San Diego Wave,Kimmi,Ascanio,K. Ascanio,Midfielder,USA,8,3,,USA,,opta:Team:esvbnzqbyvxp2k570ez7h1a1g,San Diego Wave,SD,San Diego Wave,US,True,18,1366,1,3,11,4,6,3,20,20,12,0,0,0,0,87.0,16,1.05,0,0,1,0,0,0,1.5342,-0.5342,52.63,43.41,46.34,100.0,0,0,0,0,0,0,0,0,0,0,0,0,0,41.0,22.0,19.0,18.0,179.0,5.0,235.0,4.0,,2.0,182.0,103.0,79.0,291.0,226.0,3.0,13.0,3.0,,1.0,141.0,81.0,60.0,1.0,17.0,14.0,203.0,,818.0,3.0,,,,105.0,33.0,25.0,110.0,,220.0,17.0,5.0,6.0,15.0,4.0,3.0,1.0,1.0,11.0,1.0,18.0,8.0,708.0,370.0,349.0,710.0,18.0,4.0,,,1366.0,44.0,4.0,2.0,12.0,20.0,12.0,194.0,828.0,11.0,718.0,38.0,38.0,110.0,1083.0,,,18.0,2.0,9.0,75.0,35.0,101.0,1.0,1.0,0.0,1.0,2.0,4.0,3.0,,,,,,,,,,,1.0,,,,,,,,,,,,,,,,,,1.0,1.0,,,,,,,True,0,0,718,0,829,1,0.2,8,194,1,17,8,0,True,20,53,17,41,True,0,0,47,12,0,0
2026,nwsl::Football_Season::0b6761e4701749f593690c0f338da74c,nwsl::Football_Player::e9488064a60149bebd3650cfc6bb8a5c,opta:Player:61ucpn8qxos0kwaw0gdpqubys,nwsl::Football_Team::ca3f464d6b794a9087d441d75961403f,Houston Dash,Avery,Patterson,A. Patterson,Defender,USA,30,2,,USA,,opta:Team:c3v2ohfuzoqmc8ljm65hi80sj,Dash,HOU,Houston Dash,US,True,15,1350,0,1,11,1,2,1,26,20,19,1,6,0,0,77.0,21,1.4,0,0,1,0,0,0,1.2562,-1.2562,60.47,55.56,42.86,29.73,0,0,0,0,0,0,0,0,0,0,0,0,0,21.0,12.0,9.0,15.0,92.0,9.0,200.0,4.0,,10.0,162.0,72.0,90.0,286.0,206.0,10.0,19.0,2.0,,,141.0,60.0,81.0,2.0,28.0,17.0,215.0,1.0,514.0,3.0,,,3.0,103.0,24.0,11.0,90.0,,26.0,18.0,9.0,2.0,15.0,,,11.0,11.0,19.0,4.0,,34.0,391.0,205.0,221.0,381.0,17.0,1.0,39.0,116.0,1350.0,28.0,1.0,,46.0,20.0,19.0,242.0,539.0,11.0,415.0,43.0,41.0,124.0,1004.0,26.0,26.0,15.0,17.0,33.0,109.0,41.0,91.0,,,,0.0,1.0,5.0,1.0,,,1.0,,,,,,,,,,,,,,,,,,,,,,,,2.0,,,,,,,,,,True,0,0,415,0,576,11,0.07,34,242,37,67,34,0,True,26,60,28,21,True,0,2,51,46,0,0
2026,nwsl::Football_Season::0b6761e4701749f593690c0f338da74c,nwsl::Football_Player::e9e4589be89b4dc4a5da3df021cffc4b,opta:Player:au47n9q997wysvfhe7jxrstbe,nwsl::Football_Team::d2d8efe548734dfd8bc667b5a52a079a,Boston Legacy,Aleigh,Gambone,A. Gambone,Forward,USA,15,4,,USA,,opta:Team:2yppf5jwqllc49s0qkbkchvkk,Boston Legacy,BOS,Boston Legacy,US,True,17,423,1,0,5,1,3,0,8,8,7,0,0,0,0,74.0,4,0.85,7,0,0,0,0,0,1.1246,-0.1246,57.14,50.88,14.29,14.29,0,0,0,0,0,0,0,0,0,0,0,0,0,7.0,6.0,1.0,17.0,42.0,,53.0,,7.0,2.0,57.0,28.0,29.0,86.0,54.0,4.0,4.0,,1.0,1.0,50.0,22.0,28.0,1.0,4.0,6.0,36.0,,163.0,1.0,,,1.0,26.0,15.0,9.0,26.0,1.0,35.0,6.0,2.0,3.0,3.0,3.0,14.0,4.0,1.0,7.0,1.0,4.0,4.0,119.0,79.0,48.0,119.0,6.0,,2.0,7.0,423.0,11.0,,2.0,4.0,8.0,7.0,83.0,167.0,5.0,123.0,14.0,8.0,44.0,278.0,3.0,,5.0,6.0,10.0,26.0,21.0,34.0,,1.0,0.0,0.0,,2.0,,,,,1.0,1.0,3.0,3.0,,,,,,,,,,,,,,,,,,,,,,,,,,,,,,True,0,0,123,0,174,1,0.0,4,83,7,14,4,0,True,8,57,4,7,True,0,0,29,4,0,0
2026,nwsl::Football_Season::0b6761e4701749f593690c0f338da74c,nwsl::Football_Player::ea630eb197bb4762b4b8b4c1b7ef363c,opta:Player:5duflqiee345rp4s7uqkhcq95,nwsl::Football_Team::acffc559cf7d485a9c05fa23ab57054b,Utah Royals,Cloé,Lacasse,C. Lacasse,Forward,Canada,24,4,,CAN,,opta:Team:bn7w86uw8j61dga3xr5s0yiju,Royals,UTA,Utah Royals,US,True,18,1494,6,7,20,13,15,7,28,12,17,3,4,0,0,68.0,16,0.96,45,0,1,1,1,0,3.5436,2.4564,59.57,49.39,25.93,12.79,0,0,0,0,0,0,0,0,0,0,0,0,0,27.0,20.0,7.0,18.0,120.0,11.0,155.0,3.0,45.0,21.0,164.0,83.0,81.0,365.0,92.0,6.0,14.0,2.0,4.0,6.0,137.0,63.0,74.0,1.0,14.0,31.0,19.0,3.0,334.0,1.0,,1.0,2.0,82.0,57.0,28.0,90.0,3.0,118.0,38.0,5.0,15.0,18.0,7.0,,25.0,11.0,10.0,2.0,7.0,11.0,224.0,177.0,85.0,226.0,19.0,1.0,1.0,4.0,1494.0,35.0,8.0,4.0,23.0,12.0,17.0,245.0,349.0,20.0,237.0,47.0,58.0,112.0,719.0,62.0,42.0,20.0,12.0,21.0,154.0,20.0,91.0,2.0,1.0,5.0,2.0,5.0,1.0,7.0,2.0,6.0,,,,13.0,19.0,,,,2.0,,1.0,,,,,,,,,,,,,,,,1.0,,,,,,,,True,0,0,237,0,435,11,0.42,11,245,86,32,11,0,True,28,60,14,27,True,0,0,34,23,0,0
2026,nwsl::Football_Season::0b6761e4701749f593690c0f338da74c,nwsl::Football_Player::eaa1ecbb20954389b35a972c41743b42,opta:Player:b6zuktmo7efm1qh48zc31yq6s,nwsl::Football_Team::cbfcacbef5bc4a278442c00926ac9ebc,Denver Summit,Olivia,Thomas,O. Thomas,Forward,USA,33,4,,USA,,opta:Team:b6ztd03z31b0yfcae0qovefpw,Denver,DEN,Denver Summit,US,True,13,400,0,1,10,1,4,1,3,8,1,1,1,0,0,68.0,7,1.58,0,0,0,0,0,0,1.4485,-1.4485,60.0,25.53,16.67,0.0,0,0,0,0,0,0,0,0,0,0,0,0,0,12.0,10.0,2.0,13.0,15.0,,31.0,,,6.0,47.0,35.0,12.0,76.0,11.0,5.0,6.0,1.0,,,35.0,25.0,10.0,,2.0,3.0,17.0,1.0,43.0,2.0,,,1.0,16.0,5.0,1.0,9.0,,10.0,4.0,6.0,4.0,4.0,4.0,9.0,,,4.0,,3.0,3.0,26.0,20.0,16.0,33.0,2.0,,,,400.0,13.0,,5.0,2.0,8.0,1.0,63.0,53.0,10.0,36.0,5.0,27.0,17.0,135.0,4.0,4.0,6.0,1.0,4.0,18.0,3.0,13.0,1.0,,,0.0,,,1.0,,,,,,,,,,,,,,,,,,,,,,,,,,,,,,,,,,,,,True,0,0,36,0,57,0,0.22,3,63,4,7,3,0,True,3,60,2,12,True,0,0,43,2,0,0
2026,nwsl::Football_Season::0b6761e4701749f593690c0f338da74c,nwsl::Football_Player::eb192101ab34425984a49075a90f3b0c,opta:Player:66f0rjs4c2yih8phn6meyj74l,nwsl::Football_Team::c83f2ca05aa84c738b5373f0d2a31b39,Gotham FC,Sam,Kerr,S. Kerr,Forward,Australia,20,4,,AUS,,opta:Team:bgkfdckqfqnfbmecbtz03n76d,Gotham FC,GFC,Gotham FC,US,True,5,278,2,1,11,3,7,1,0,5,2,0,0,0,0,73.0,2,0.65,0,0,0,1,0,0,3.8867,-1.8867,0.0,50.0,75.0,0.0,0,0,0,0,0,0,0,0,0,0,0,0,0,8.0,2.0,6.0,5.0,25.0,4.0,17.0,,,1.0,22.0,11.0,11.0,58.0,7.0,2.0,1.0,1.0,1.0,2.0,14.0,9.0,5.0,,2.0,2.0,14.0,,55.0,,1.0,1.0,,7.0,,,,2.0,13.0,3.0,4.0,7.0,3.0,3.0,2.0,,,3.0,,5.0,1.0,39.0,28.0,15.0,42.0,,,,1.0,278.0,5.0,,4.0,,5.0,2.0,26.0,59.0,11.0,43.0,,31.0,16.0,100.0,,,1.0,1.0,2.0,14.0,2.0,14.0,,0.0,2.0,1.0,,,1.0,,1.0,,,,,,,,,,,,,,,,,,,,,,,,,,,,,,,,,,,True,0,0,43,0,59,0,0.32,1,26,0,3,1,0,True,0,0,2,8,True,0,0,33,0,0,0
2026,nwsl::Football_Season::0b6761e4701749f593690c0f338da74c,nwsl::Football_Player::eb3f13f125cd4fdd93d41fa16b35664e,opta:Player:agqjugvl3wyrfiayl85hn766s,nwsl::Football_Team::2c1699409ff84c9eb491aeaca3d3edde,Kansas City Current,Kaylin,Williams-Mosier,K. Williams-Mosier,Goalkeeper,USA,48,1,,USA,,opta:Team:agxipc0vk4rtg09amjxv10nx0,KC Current,KC,Kansas City Current,US,True,0,0,0,0,0,0,0,0,0,0,0,0,0,0,0,,0,,0,0,0,0,0,0,0.0,0.0,0.0,0.0,0.0,0.0,0,0,0,0,0,0,0,0,0,0,0,0,0,,,,,,,,,,,,,,,,,,,,,,,,,,,,,,,,,,,,,,,,,,,,,,,,,,,,,,,,,,,,,,,,,,,,,,,,,,,,,,,,,,,,,,,,,,,,,,,,,,,,,,,,,,,,,,,,,,,,,,,,,,,,,,True,0,0,0,0,0,0,0.0,0,0,0,0,0,0,True,0,0,0,0,True,0,0,0,0,0,0
2026,nwsl::Football_Season::0b6761e4701749f593690c0f338da74c,nwsl::Football_Player::eba535f02a004e97908fa57322f852c3,opta:Player:e33m8txec8mpomacgbu0qw0t0,nwsl::Football_Team::ca719042b34443c4bcfe380ca4850eaf,San Diego Wave,Amelia Donna,Van Zanten,M. Van Zanten,Defender,Jamaica,16,2,,JAM,,opta:Team:esvbnzqbyvxp2k570ez7h1a1g,San Diego Wave,SD,San Diego Wave,US,True,18,1412,1,0,8,1,5,0,37,6,19,1,1,0,0,78.0,17,1.08,0,0,0,0,0,0,1.3232,-0.3232,66.07,67.76,50.0,10.53,0,0,0,0,0,0,0,0,0,0,0,0,0,24.0,12.0,12.0,18.0,131.0,3.0,171.0,2.0,,6.0,152.0,49.0,103.0,355.0,259.0,5.0,15.0,2.0,1.0,1.0,128.0,37.0,91.0,,30.0,14.0,258.0,1.0,655.0,4.0,,,,89.0,44.0,27.0,56.0,,19.0,14.0,3.0,5.0,18.0,11.0,,2.0,2.0,16.0,5.0,1.0,23.0,510.0,297.0,225.0,497.0,19.0,,27.0,161.0,1412.0,18.0,1.0,1.0,48.0,6.0,19.0,242.0,667.0,8.0,520.0,56.0,55.0,147.0,1171.0,17.0,17.0,11.0,20.0,35.0,105.0,59.0,112.0,1.0,0.0,1.0,1.0,,5.0,,,1.0,,,,,,,,,,,,,,,,,,,,,,,,,,,1.0,,,,,,,,True,0,0,520,0,686,2,0.0,23,242,19,58,23,0,True,37,66,30,24,True,0,0,40,48,0,0
2026,nwsl::Football_Season::0b6761e4701749f593690c0f338da74c,nwsl::Football_Player::ebadefdb2cd142aa92580387d5fde3b8,opta:Player:en29qfiuu01nsmekoqhycjo45,nwsl::Football_Team::c31d72afc09f42ee86418633aa41390a,Washington Spirit,Gabrielle,Carle,G. Carle,Defender,Canada,14,2,,CAN,,opta:Team:f1ks82wpiewyqs6h3oz9v4hzj,Spirit,WAS,Washington Spirit,US,True,14,1036,0,2,2,2,1,2,12,8,13,1,1,0,0,81.0,12,1.04,0,0,0,0,0,0,0.5401,-0.5401,57.14,55.43,36.84,13.33,0,0,0,0,0,0,0,0,0,0,0,0,0,19.0,12.0,7.0,14.0,87.0,1.0,103.0,4.0,,4.0,92.0,41.0,51.0,153.0,204.0,3.0,10.0,2.0,,,73.0,29.0,44.0,,16.0,6.0,115.0,1.0,442.0,1.0,,,,64.0,26.0,9.0,41.0,,51.0,8.0,1.0,1.0,11.0,4.0,3.0,2.0,2.0,10.0,2.0,1.0,10.0,356.0,172.0,197.0,357.0,9.0,,15.0,91.0,1036.0,17.0,1.0,,31.0,8.0,13.0,143.0,457.0,2.0,367.0,21.0,4.0,90.0,727.0,13.0,13.0,4.0,12.0,19.0,65.0,38.0,71.0,,,,0.0,1.0,2.0,2.0,,,1.0,,,,,,,,,,,,,,,,,,,,,,1.0,,,,,,,,,,,,True,0,0,367,0,472,2,0.17,10,143,15,29,10,0,True,12,57,16,19,True,0,0,34,31,0,0
2026,nwsl::Football_Season::0b6761e4701749f593690c0f338da74c,nwsl::Football_Player::ebfc177248a54a0e972527b41871071e,opta:Player:1zslcxrwelyckvt3kp9c7qiac,nwsl::Football_Team::c3e9513e280b41e5bfbb8230076e8c43,Orlando Pride,Hannah,Anderson,H. Anderson,Defender,USA,41,2,,USA,,opta:Team:966pdxhsoxaib9qt5083h8uus,Pride,ORL,Orlando Pride,US,True,13,720,2,1,3,3,3,1,5,5,1,1,1,0,0,83.0,10,1.25,0,0,0,0,0,0,0.7461,1.2539,45.45,57.14,50.0,0.0,0,0,0,0,0,0,0,0,0,0,0,0,0,8.0,4.0,4.0,13.0,18.0,1.0,113.0,2.0,,1.0,28.0,12.0,16.0,14.0,176.0,2.0,9.0,1.0,,2.0,20.0,8.0,12.0,,12.0,1.0,79.0,1.0,425.0,,,,2.0,56.0,7.0,3.0,33.0,,161.0,2.0,,3.0,6.0,,7.0,,,,4.0,,26.0,349.0,98.0,258.0,330.0,6.0,,1.0,4.0,720.0,2.0,1.0,,43.0,5.0,1.0,88.0,434.0,3.0,356.0,11.0,11.0,78.0,531.0,,,,28.0,46.0,49.0,29.0,32.0,,1.0,1.0,0.0,1.0,4.0,1.0,1.0,2.0,,,,,,,,,,,,,,,,,,,,,,,,,,,1.0,,,,,,,,True,0,0,356,0,434,0,0.12,26,88,0,72,26,0,True,5,45,12,8,True,0,0,36,43,0,0
2026,nwsl::Football_Season::0b6761e4701749f593690c0f338da74c,nwsl::Football_Player::ec556416f45b48879e56409269f13dcb,opta:Player:2sc4jlfmioa61d1vgpcz0pht6,nwsl::Football_Team::cbfcacbef5bc4a278442c00926ac9ebc,Denver Summit,Delanie,Sheehan,D. Sheehan,Midfielder,USA,8,3,,USA,,opta:Team:b6ztd03z31b0yfcae0qovefpw,Denver,DEN,Denver Summit,US,True,14,1178,1,1,8,2,3,1,12,14,9,0,1,0,0,85.0,15,1.15,0,0,0,0,0,0,2.0004,-1.0004,66.67,42.72,41.67,20.0,0,0,0,0,0,0,0,0,0,0,0,0,0,12.0,7.0,5.0,14.0,123.0,5.0,165.0,4.0,,5.0,103.0,59.0,44.0,189.0,171.0,6.0,14.0,1.0,1.0,1.0,91.0,52.0,39.0,1.0,6.0,11.0,138.0,,571.0,1.0,,,3.0,73.0,27.0,10.0,64.0,,144.0,12.0,5.0,3.0,13.0,2.0,1.0,2.0,2.0,12.0,,17.0,11.0,480.0,244.0,242.0,473.0,6.0,,,2.0,1178.0,32.0,1.0,2.0,12.0,14.0,9.0,170.0,576.0,8.0,484.0,18.0,26.0,92.0,765.0,8.0,8.0,12.0,3.0,17.0,81.0,19.0,75.0,,0.0,1.0,0.0,1.0,2.0,1.0,,1.0,,,,,,,,,,,,,,,,,,,,,,,,,,,1.0,,,,,,,,True,0,0,484,0,586,2,0.08,11,170,10,28,11,0,True,12,67,6,12,True,0,0,39,12,0,0
2026,nwsl::Football_Season::0b6761e4701749f593690c0f338da74c,nwsl::Football_Player::ecf8d72c11704bb49de0461fa77d8cae,opta:Player:bxf73uaptcz0uj7uy1g0euod1,nwsl::Football_Team::ca719042b34443c4bcfe380ca4850eaf,San Diego Wave,DiDi,Haracic,D. Haračić,Goalkeeper,Bosnia and Herzegovina,31,1,,BIH,,opta:Team:esvbnzqbyvxp2k570ez7h1a1g,San Diego Wave,SD,San Diego Wave,US,True,7,630,0,0,0,0,0,0,0,0,0,0,0,0,0,87.0,7,1.0,0,0,1,0,0,0,0.0,0.0,0.0,0.0,0.0,0.0,0,0,0,0,0,0,0,0,0,0,0,0,0,,,,7.0,,,9.0,1.0,,,,,,,74.0,,5.0,2.0,,,,,,,,,66.0,,129.0,,,,,1.0,,,39.0,,39.0,,,,7.0,,,,,,2.0,,20.0,116.0,3.0,152.0,135.0,,,,1.0,630.0,,,,5.0,,,26.0,179.0,,155.0,,,24.0,219.0,,,,12.0,21.0,9.0,15.0,3.0,,,,0.0,,,,,,,53.0,43.0,,,,,,,8.0,,,1.0,,1.0,,1.0,13.0,8.0,5.0,,4.0,2.0,,,,,,,,,,,,True,0,0,155,0,179,0,0.0,20,26,0,41,20,0,True,0,0,0,0,True,13,0,49,5,0,0
2026,nwsl::Football_Season::0b6761e4701749f593690c0f338da74c,nwsl::Football_Player::ed7ee4eca97044dd97750b29c3850769,opta:Player:cwerr3zz6pqzzzqso9dx69fjd,nwsl::Football_Team::fb41ef4439dd495098cb6d40415767cc,North Carolina Courage,Ashley,Sanchez,A. Sanchez,Midfielder,USA,2,3,,USA,,opta:Team:b4fbmos00gxtk8qnaqsm392p5,Courage,NC,North Carolina Courage,US,True,16,1384,10,2,34,12,20,2,11,6,13,12,0,0,0,69.0,21,1.37,9,0,2,0,0,0,6.5608,3.4392,57.89,38.99,37.5,10.34,0,0,0,0,0,0,0,0,0,0,0,0,0,8.0,5.0,3.0,16.0,50.0,17.0,217.0,2.0,9.0,22.0,159.0,97.0,62.0,390.0,109.0,5.0,21.0,,10.0,10.0,151.0,92.0,59.0,,7.0,24.0,19.0,12.0,307.0,2.0,,,1.0,120.0,35.0,21.0,69.0,7.0,132.0,26.0,14.0,20.0,16.0,6.0,,9.0,6.0,27.0,,3.0,9.0,209.0,167.0,53.0,202.0,8.0,1.0,3.0,7.0,1384.0,74.0,1.0,2.0,10.0,6.0,13.0,260.0,310.0,34.0,211.0,19.0,114.0,99.0,660.0,49.0,41.0,48.0,5.0,11.0,134.0,14.0,88.0,,7.0,3.0,3.0,1.0,2.0,2.0,2.0,6.0,,,,3.0,6.0,,,,,,,,,,,,,,,,,,,,,,1.0,,,,,,,,True,0,0,211,0,368,6,0.13,9,260,58,20,9,0,True,11,58,7,8,True,0,0,45,10,0,0
2026,nwsl::Football_Season::0b6761e4701749f593690c0f338da74c,nwsl::Football_Player::ee89f16715e14d0aa82ae3955b5a883a,opta:Player:6bk246gzwg1c5cng1qy1a4is4,nwsl::Football_Team::acffc559cf7d485a9c05fa23ab57054b,Utah Royals,Kherrington,Ream,K. Ream,Forward,USA,19,4,,USA,,opta:Team:bn7w86uw8j61dga3xr5s0yiju,Royals,UTA,Utah Royals,US,True,1,7,0,0,0,0,0,0,0,0,0,0,0,0,0,67.0,0,0.0,0,0,0,0,0,0,0.0,0.0,0.0,0.0,0.0,0.0,0,0,0,0,0,0,0,0,0,0,0,0,0,,,,1.0,1.0,,,,,,,,,3.0,1.0,,,,,,,,,,,1.0,1.0,,3.0,,,,,,,,,,,1.0,,,,,1.0,,,,,,,2.0,2.0,,2.0,,,,,7.0,,,,,,,1.0,3.0,,2.0,,1.0,1.0,3.0,,,,,,1.0,,1.0,,,,0.0,,,,,,,,,,,,,,,,,,,,,,,,,,,,,,,,,,,,,,,,True,0,0,2,0,3,0,0.0,0,1,0,0,0,0,True,0,0,0,0,True,0,0,0,0,0,0
2026,nwsl::Football_Season::0b6761e4701749f593690c0f338da74c,nwsl::Football_Player::eefb8531af1342a496d4e65ba1257e37,opta:Player:e1bvlesfxzgvulb26s3v4wlqs,nwsl::Football_Team::9587b8ce40624165903b6bc9fd252634,Angel City,Carina,Lageyre,C. Lageyre,Midfielder,USA,16,3,,USA,,opta:Team:6hbfgdczbi3yg4sdpqgtu6s,Angel City,LA,Angel City,US,True,11,801,0,1,6,1,4,1,16,7,3,0,0,0,0,81.0,8,0.9,0,0,0,0,0,0,0.6175,-0.6175,66.67,53.03,20.0,0.0,0,0,0,0,0,0,0,0,0,0,0,0,0,10.0,8.0,2.0,11.0,27.0,2.0,63.0,3.0,,1.0,66.0,31.0,35.0,97.0,109.0,4.0,7.0,1.0,,,56.0,23.0,33.0,,13.0,11.0,71.0,,268.0,1.0,,,,28.0,16.0,6.0,39.0,,63.0,12.0,2.0,4.0,9.0,3.0,2.0,,,6.0,,1.0,9.0,215.0,136.0,81.0,208.0,8.0,2.0,,,801.0,9.0,2.0,1.0,15.0,7.0,3.0,83.0,270.0,6.0,217.0,24.0,14.0,53.0,394.0,4.0,4.0,3.0,1.0,7.0,47.0,10.0,46.0,,,,0.0,1.0,2.0,1.0,,,,,,,,,,,,,,,,,,,,,,,,,,,,,,,,,,,,,True,0,0,217,0,274,0,0.11,9,83,4,16,9,0,True,16,67,13,10,True,0,0,56,15,0,0
2026,nwsl::Football_Season::0b6761e4701749f593690c0f338da74c,nwsl::Football_Player::efa33936147948539e131def3f2df42a,opta:Player:1enu619pvakj78wtsfuilbj3e,nwsl::Football_Team::96ba7b37bd8544a1a7329183459150ff,Portland Thorns,M.A.,Vignola,M. Vignola,Defender,USA,25,2,,USA,,opta:Team:446mp88j1vpk9iwui9fiifrp8,Thorns,POR,Portland Thorns,US,True,18,1255,1,0,5,1,4,0,15,13,11,0,1,0,0,78.0,17,1.22,0,0,0,0,0,0,0.3673,0.6327,65.22,52.48,40.0,21.43,0,0,0,0,0,0,0,0,0,0,0,0,0,20.0,12.0,8.0,18.0,87.0,1.0,126.0,5.0,,5.0,101.0,48.0,53.0,107.0,179.0,9.0,14.0,3.0,,,81.0,36.0,45.0,,19.0,5.0,17.0,,417.0,2.0,,,,75.0,22.0,15.0,101.0,1.0,148.0,5.0,1.0,4.0,15.0,6.0,3.0,3.0,3.0,11.0,4.0,1.0,32.0,320.0,127.0,208.0,300.0,8.0,,38.0,96.0,1255.0,16.0,1.0,,45.0,13.0,11.0,194.0,431.0,5.0,332.0,23.0,9.0,99.0,797.0,11.0,11.0,6.0,18.0,39.0,71.0,39.0,60.0,,1.0,0.0,1.0,,9.0,,,,,,,,,,,,,,,,,,,,,,,,,,,1.0,,,,,,,,,,,True,0,0,332,0,445,3,0.0,32,194,14,71,32,0,True,15,65,19,20,True,0,0,45,45,0,0
2026,nwsl::Football_Season::0b6761e4701749f593690c0f338da74c,nwsl::Football_Player::f02a507bde074f68ac65cbd2ac77104b,opta:Player:3v2uqzotxtogavxgqpe7plene,nwsl::Football_Team::acffc559cf7d485a9c05fa23ab57054b,Utah Royals,Paige,Cronin,P. Cronin,Forward,USA,4,4,,USA,,opta:Team:bn7w86uw8j61dga3xr5s0yiju,Royals,UTA,Utah Royals,US,True,10,437,1,1,6,2,3,1,7,7,7,3,1,0,0,56.0,2,0.41,0,0,1,0,0,0,0.9351,0.0649,87.5,48.78,25.0,27.78,0,0,0,0,0,0,0,0,0,0,0,0,0,4.0,3.0,1.0,10.0,14.0,4.0,41.0,,,7.0,41.0,21.0,20.0,95.0,39.0,3.0,2.0,,1.0,1.0,37.0,18.0,19.0,,4.0,8.0,36.0,3.0,92.0,,,,,25.0,9.0,6.0,14.0,1.0,4.0,9.0,3.0,3.0,5.0,5.0,5.0,5.0,5.0,4.0,1.0,1.0,4.0,51.0,45.0,12.0,48.0,1.0,,1.0,,437.0,8.0,2.0,3.0,2.0,7.0,7.0,78.0,93.0,6.0,52.0,8.0,20.0,41.0,188.0,13.0,13.0,2.0,7.0,11.0,49.0,5.0,30.0,,0.0,1.0,1.0,1.0,,1.0,,,,,,,,,,,,,,,,,,,,,,,,,,,,,,,,,,,,,True,0,0,52,0,111,5,0.21,4,78,18,15,4,0,True,7,88,4,4,True,0,0,27,2,0,0
2026,nwsl::Football_Season::0b6761e4701749f593690c0f338da74c,nwsl::Football_Player::f0b65e91132d452792a90bd80e377f0f,opta:Player:4e2l88qfahs0ey4urydb96e7e,nwsl::Football_Team::d2d8efe548734dfd8bc667b5a52a079a,Boston Legacy,Ella,Stevens,E. Stevens,Forward,USA,10,4,,USA,,opta:Team:2yppf5jwqllc49s0qkbkchvkk,Boston Legacy,BOS,Boston Legacy,US,True,11,344,0,1,1,1,1,1,3,6,5,0,1,1,0,75.0,4,1.05,0,0,0,0,0,0,0.7555,-0.7555,60.0,38.46,50.0,0.0,0,0,0,0,0,0,0,0,0,0,0,0,0,6.0,3.0,3.0,11.0,18.0,2.0,24.0,,,3.0,39.0,24.0,15.0,65.0,35.0,3.0,4.0,,,,33.0,21.0,12.0,,3.0,3.0,18.0,,93.0,,,,1.0,12.0,5.0,1.0,12.0,,23.0,4.0,,1.0,4.0,4.0,7.0,,,2.0,,6.0,1.0,69.0,45.0,25.0,69.0,2.0,1.0,,,344.0,13.0,,1.0,3.0,6.0,5.0,58.0,94.0,1.0,70.0,5.0,21.0,24.0,163.0,5.0,5.0,7.0,,1.0,24.0,5.0,23.0,,,,0.0,1.0,1.0,1.0,,,,,,,,1.0,1.0,,,,,,,,,,,,,,,,,,,,,,,,,,,,True,0,0,70,0,99,0,0.26,1,58,5,2,1,0,True,3,60,3,6,True,0,0,50,3,0,0
2026,nwsl::Football_Season::0b6761e4701749f593690c0f338da74c,nwsl::Football_Player::f1674817643d4409ae98e3f26ec72dc4,opta:Player:54szh8526rjp2erap05ljqxud,nwsl::Football_Team::c83f2ca05aa84c738b5373f0d2a31b39,Gotham FC,Mandy,Freeman,M. Freeman,Defender,USA,22,2,,USA,,opta:Team:bgkfdckqfqnfbmecbtz03n76d,Gotham FC,GFC,Gotham FC,US,True,7,142,0,0,1,0,1,0,0,1,2,0,1,0,0,80.0,4,2.54,0,0,0,0,0,0,0.0198,-0.0198,0.0,27.27,66.67,0.0,0,0,0,0,0,0,0,0,0,0,0,0,0,3.0,1.0,2.0,7.0,13.0,,15.0,,,1.0,11.0,8.0,3.0,33.0,34.0,1.0,3.0,1.0,,,8.0,7.0,1.0,,2.0,2.0,17.0,,76.0,,,,1.0,6.0,3.0,2.0,5.0,,13.0,2.0,,1.0,1.0,2.0,6.0,,,,,1.0,1.0,60.0,36.0,25.0,60.0,,,2.0,11.0,142.0,3.0,,,5.0,1.0,2.0,22.0,77.0,1.0,61.0,,3.0,16.0,110.0,1.0,1.0,,,4.0,12.0,5.0,12.0,,,,0.0,,1.0,,,,,,,,,,,,,,,,,,,,,,,,,,,,1.0,,,,,,,,,,True,0,0,61,0,78,0,0.0,1,22,1,5,1,0,True,0,0,2,3,True,0,1,20,5,0,0
2026,nwsl::Football_Season::0b6761e4701749f593690c0f338da74c,nwsl::Football_Player::f225dce81f0f4e28ae0ba7e09bb1e601,opta:Player:68njvqucip0ehuz4eecppvq0a,nwsl::Football_Team::c3e9513e280b41e5bfbb8230076e8c43,Orlando Pride,Summer,Yates,S. Yates,Forward,USA,28,4,,USA,,opta:Team:966pdxhsoxaib9qt5083h8uus,Pride,ORL,Orlando Pride,US,True,12,565,0,1,6,1,3,1,12,6,18,0,1,0,0,69.0,9,1.43,3,0,1,0,0,0,0.5673,-0.5673,80.0,43.82,30.0,0.0,0,0,0,0,0,0,0,0,0,0,0,0,0,10.0,7.0,3.0,12.0,27.0,1.0,52.0,,3.0,1.0,89.0,50.0,39.0,78.0,43.0,3.0,7.0,2.0,,,79.0,43.0,36.0,,7.0,4.0,12.0,,102.0,1.0,,,,24.0,9.0,5.0,20.0,,24.0,5.0,3.0,3.0,6.0,6.0,6.0,1.0,,3.0,1.0,1.0,3.0,69.0,46.0,28.0,70.0,3.0,2.0,,2.0,565.0,29.0,2.0,,5.0,6.0,18.0,88.0,106.0,6.0,73.0,15.0,18.0,33.0,243.0,4.0,,8.0,3.0,6.0,27.0,10.0,27.0,1.0,,,0.0,1.0,,1.0,,,,,,,3.0,,,,,,,,,,,,,,,,,,,,,,,,,,,,,,True,0,0,73,0,110,0,0.16,3,88,4,9,3,0,True,12,80,7,10,True,0,0,33,5,0,0
2026,nwsl::Football_Season::0b6761e4701749f593690c0f338da74c,nwsl::Football_Player::f39d28dcc0d941b8b82776e97a71abc4,opta:Player:e7127p8bj7v1b9ytzhsv7u7tg,nwsl::Football_Team::c83f2ca05aa84c738b5373f0d2a31b39,Gotham FC,Princess,Ademiluyi,P. Ademiluyi,Forward,England,99,4,,ENG,,opta:Team:bgkfdckqfqnfbmecbtz03n76d,Gotham FC,GFC,Gotham FC,US,True,0,0,0,0,0,0,0,0,0,0,0,0,0,0,0,,0,,0,0,0,0,0,0,0.0,0.0,0.0,0.0,0.0,0.0,0,0,0,0,0,0,0,0,0,0,0,0,0,,,,,,,,,,,,,,,,,,,,,,,,,,,,,,,,,,,,,,,,,,,,0.0,0.0,,,,,,,,,,,,,,,,,,,,,,,,,,,,,,,,,,,,,,,,,,,,,,,,,,,,0.0,0.0,0.0,,,,,,,,,,,,,,,,,,,,,,,,,,,True,0,0,0,0,0,0,0.0,0,0,0,0,0,0,True,0,0,0,0,True,0,0,0,0,0,0
2026,nwsl::Football_Season::0b6761e4701749f593690c0f338da74c,nwsl::Football_Player::f3c52a160fb64cba878971b93e178183,opta:Player:93mr62mbyeymgcad2qhpvt2qc,nwsl::Football_Team::c3e9513e280b41e5bfbb8230076e8c43,Orlando Pride,McKinley,Crone,M. Crone,Goalkeeper,USA,40,1,,USA,,opta:Team:966pdxhsoxaib9qt5083h8uus,Pride,ORL,Orlando Pride,US,True,0,0,0,0,0,0,0,0,0,0,0,0,0,0,0,,0,,0,0,0,0,0,0,0.0,0.0,0.0,0.0,0.0,0.0,0,0,0,0,0,0,0,0,0,0,0,0,0,,,,,,,,,,,,,,,,,,,,,,,,,,,,,,,,,,,,,,,,,,,,,,,,,,,,,,,,,,,,,,,,,,,,,,,,,,,,,,,,,,,,,,,,,,,,,,,,,,,,,,,,,,,,,,,,,,,,,,,,,,,,,,True,0,0,0,0,0,0,0.0,0,0,0,0,0,0,True,0,0,0,0,True,0,0,0,0,0,0
2026,nwsl::Football_Season::0b6761e4701749f593690c0f338da74c,nwsl::Football_Player::f3e1a521ef4f4f24bd0ee3fb985ec265,opta:Player:cm6fzm8v38ti0aubu0q4v717t,nwsl::Football_Team::1151140adfc24339ba1c93cb0b6b0238,Seattle Reign,Lynn,Biyendolo,L. Biyendolo,Forward,USA,6,4,,USA,,opta:Team:bl53jk6zlfe5f583pil7xzwi5,Reign,SEA,Seattle Reign,US,True,0,0,0,0,0,0,0,0,0,0,0,0,0,0,0,,0,,0,0,0,0,0,0,0.0,0.0,0.0,0.0,0.0,0.0,0,0,0,0,0,0,0,0,0,0,0,0,0,,,,,,,,,,,,,,,,,,,,,,,,,,,,,,,,,,,,,,,,,,,,,,,,,,,,,,,,,,,,,,,,,,,,,,,,,,,,,,,,,,,,,,,,,,,,,,,,,,,,,,,,,,,,,,,,,,,,,,,,,,,,,,True,0,0,0,0,0,0,0.0,0,0,0,0,0,0,True,0,0,0,0,True,0,0,0,0,0,0
2026,nwsl::Football_Season::0b6761e4701749f593690c0f338da74c,nwsl::Football_Player::f69d180a0c6e459586b0a47e2d6536e9,opta:Player:4n8mpw9mylh30sjhy441cbpjo,nwsl::Football_Team::acffc559cf7d485a9c05fa23ab57054b,Utah Royals,Alex,Loera,A. Loera,Midfielder,USA,12,3,,USA,,opta:Team:bn7w86uw8j61dga3xr5s0yiju,Royals,UTA,Utah Royals,US,True,0,0,0,0,0,0,0,0,0,0,0,0,0,0,0,,0,,0,0,0,0,0,0,0.0,0.0,0.0,0.0,0.0,0.0,0,0,0,0,0,0,0,0,0,0,0,0,0,,,,,,,,,,,,,,,,,,,,,,,,,,,,,,,,,,,,,,,,,,,,,,,,,,,,,,,,,,,,,,,,,,,,,,,,,,,,,,,,,,,,,,,,,,,,,,,,,,,,,,,,,,,,,,,,,,,,,,,,,,,,,,True,0,0,0,0,0,0,0.0,0,0,0,0,0,0,True,0,0,0,0,True,0,0,0,0,0,0
2026,nwsl::Football_Season::0b6761e4701749f593690c0f338da74c,nwsl::Football_Player::f707ff55f8104c069f1cae572925ef4a,opta:Player:321yjdo3gio1l33hc1pdps4wl,nwsl::Football_Team::ca719042b34443c4bcfe380ca4850eaf,San Diego Wave,Adriana,Leon,A. Leon,Forward,Canada,9,4,,CAN,,opta:Team:esvbnzqbyvxp2k570ez7h1a1g,San Diego Wave,SD,San Diego Wave,US,True,2,29,0,0,0,0,0,0,0,1,0,0,0,0,0,78.0,0,0.0,0,0,0,0,0,0,0.0,0.0,0.0,0.0,0.0,0.0,0,0,0,0,0,0,0,0,0,0,0,0,0,,,,2.0,4.0,,,,,,2.0,2.0,,7.0,3.0,,,,,,2.0,2.0,,,,,1.0,,9.0,,,,,,2.0,,1.0,,1.0,,,,,,2.0,,,,,1.0,,7.0,2.0,5.0,7.0,,1.0,,1.0,29.0,1.0,,,1.0,1.0,,3.0,9.0,,7.0,,,2.0,14.0,,,,,,1.0,1.0,2.0,,,,0.0,,,,,,,,,,,,,,,,,,,,,,,,,,,,,,,,,,,,,,,,True,0,0,7,0,9,0,0.0,0,3,0,0,0,0,True,0,0,0,0,True,0,0,0,1,0,0
2026,nwsl::Football_Season::0b6761e4701749f593690c0f338da74c,nwsl::Football_Player::f737dfd0124341ddbdefdab7739f056f,opta:Player:89fa211ocgno2q0to22emh20a,nwsl::Football_Team::9587b8ce40624165903b6bc9fd252634,Angel City,Gisele,Thompson,G. Thompson,Defender,USA,20,2,,USA,,opta:Team:6hbfgdczbi3yg4sdpqgtu6s,Angel City,LA,Angel City,US,True,16,1440,3,1,9,4,6,1,19,20,18,0,0,0,0,82.0,17,1.06,0,0,0,0,0,0,1.4881,1.5119,63.33,51.41,52.94,9.09,0,0,0,0,0,0,0,0,0,0,0,0,0,17.0,8.0,9.0,16.0,109.0,6.0,203.0,5.0,,12.0,142.0,69.0,73.0,300.0,165.0,13.0,16.0,1.0,2.0,2.0,125.0,61.0,64.0,,14.0,24.0,205.0,,497.0,1.0,,,,121.0,31.0,12.0,62.0,1.0,21.0,25.0,3.0,6.0,16.0,,,3.0,3.0,16.0,2.0,,14.0,403.0,233.0,176.0,392.0,11.0,,24.0,115.0,1440.0,35.0,2.0,1.0,27.0,20.0,18.0,207.0,500.0,9.0,406.0,30.0,65.0,94.0,913.0,30.0,30.0,20.0,8.0,13.0,97.0,27.0,81.0,,1.0,2.0,1.0,1.0,4.0,1.0,2.0,1.0,,,,,,,,,,,,,,,,,,,,,,,,1.0,,1.0,,,,,,,,,True,0,0,406,0,533,3,0.06,14,207,33,27,14,0,True,19,63,14,17,True,0,0,52,27,0,0
2026,nwsl::Football_Season::0b6761e4701749f593690c0f338da74c,nwsl::Football_Player::f75edf091710413dbbf67b68fd50d746,opta:Player:1b03vnz9bzu58u0di8j22qr6c,nwsl::Football_Team::2c1699409ff84c9eb491aeaca3d3edde,Kansas City Current,Avery,Clark,A. Clark,Midfielder,USA,84,3,,USA,,opta:Team:agxipc0vk4rtg09amjxv10nx0,KC Current,KC,Kansas City Current,US,True,0,0,0,0,0,0,0,0,0,0,0,0,0,0,0,,0,,0,0,0,0,0,0,0.0,0.0,0.0,0.0,0.0,0.0,0,0,0,0,0,0,0,0,0,0,0,0,0,,,,,,,,,,,,,,,,,,,,,,,,,,,,,,,,,,,,,,,,,,,,,,,,,,,,,,,,,,,,,,,,,,,,,,,,,,,,,,,,,,,,,,,,,,,,,,,,,,,,,,,,,,,,,,,,,,,,,,,,,,,,,,True,0,0,0,0,0,0,0.0,0,0,0,0,0,0,True,0,0,0,0,True,0,0,0,0,0,0
2026,nwsl::Football_Season::0b6761e4701749f593690c0f338da74c,nwsl::Football_Player::f7648a59714e413fafca3d1acec0e69d,opta:Player:1my1q5jn165pnwue7jzoip756,nwsl::Football_Team::c31d72afc09f42ee86418633aa41390a,Washington Spirit,Lucia,Di Guglielmo,L. Di Guglielmo,Defender,Italy,13,2,,ITA,,opta:Team:f1ks82wpiewyqs6h3oz9v4hzj,Spirit,WAS,Washington Spirit,US,True,13,941,0,0,4,0,1,0,20,11,9,1,1,0,0,76.0,11,1.05,0,0,0,0,0,0,0.3355,-0.3355,71.43,52.43,56.52,20.0,0,0,0,0,0,0,0,0,0,0,0,0,0,23.0,10.0,13.0,13.0,78.0,1.0,81.0,,,,103.0,49.0,54.0,193.0,172.0,3.0,9.0,2.0,,,80.0,39.0,41.0,1.0,13.0,2.0,74.0,1.0,374.0,,,,,38.0,27.0,6.0,32.0,,61.0,2.0,3.0,1.0,12.0,7.0,1.0,2.0,2.0,4.0,7.0,,14.0,280.0,150.0,142.0,276.0,8.0,,34.0,118.0,941.0,22.0,,,36.0,11.0,9.0,179.0,385.0,4.0,290.0,28.0,13.0,95.0,732.0,8.0,8.0,14.0,7.0,16.0,73.0,30.0,79.0,,,,0.0,,5.0,,,,,,,,,,,,,,,,,,,,,,,,,,,,,,,,,,,,1.0,,True,0,0,290,0,395,2,0.0,14,179,10,30,14,0,True,20,71,13,23,True,0,0,47,36,0,0
2026,nwsl::Football_Season::0b6761e4701749f593690c0f338da74c,nwsl::Football_Player::f82ac82c607145468005f6b2e5da5b72,opta:Player:3qk8owv039ppiiev6skkkb52i,nwsl::Football_Team::2c1699409ff84c9eb491aeaca3d3edde,Kansas City Current,Haley,Hopkins,H. Hopkins,Forward,USA,13,4,,USA,,opta:Team:agxipc0vk4rtg09amjxv10nx0,KC Current,KC,Kansas City Current,US,True,18,922,5,1,18,6,12,1,24,20,9,6,2,0,0,65.0,14,1.37,0,0,1,0,0,0,3.933,1.067,77.42,47.85,56.9,0.0,0,0,0,0,0,0,0,0,0,0,0,0,0,58.0,25.0,33.0,18.0,64.0,2.0,66.0,,,18.0,163.0,85.0,78.0,237.0,74.0,13.0,13.0,1.0,5.0,5.0,105.0,60.0,45.0,,10.0,9.0,62.0,6.0,250.0,,,,1.0,32.0,33.0,19.0,41.0,2.0,58.0,10.0,6.0,12.0,7.0,2.0,11.0,,,5.0,,7.0,4.0,158.0,106.0,60.0,162.0,7.0,1.0,,6.0,922.0,31.0,3.0,1.0,23.0,20.0,9.0,189.0,258.0,18.0,166.0,31.0,66.0,92.0,502.0,15.0,15.0,11.0,4.0,5.0,90.0,17.0,87.0,2.0,4.0,1.0,0.0,1.0,1.0,1.0,3.0,5.0,,,,,,,,,,,,,,,,,,,,,,,,,,,,,,,,,,,True,0,0,166,0,273,0,0.1,4,189,15,9,4,0,True,24,77,10,58,True,0,0,44,23,0,0
2026,nwsl::Football_Season::0b6761e4701749f593690c0f338da74c,nwsl::Football_Player::f866f99ea9e247179534881de6f30154,opta:Player:1a1pgxpcde55xhvg3oocy2t7u,nwsl::Football_Team::fb41ef4439dd495098cb6d40415767cc,North Carolina Courage,Evelyn,Ijeh,E. Ijeh,Forward,Sweden,,4,,SWE,,opta:Team:b4fbmos00gxtk8qnaqsm392p5,Courage,NC,North Carolina Courage,US,True,15,964,7,2,26,9,12,2,3,15,3,7,2,0,0,71.0,15,1.4,0,0,0,0,0,0,7.5284,-0.5284,42.86,43.42,65.38,0.0,0,0,0,0,0,0,0,0,0,0,0,0,0,26.0,9.0,17.0,15.0,69.0,4.0,40.0,,,7.0,76.0,43.0,33.0,145.0,34.0,7.0,15.0,,7.0,7.0,50.0,34.0,16.0,1.0,2.0,13.0,28.0,7.0,162.0,,,,,18.0,11.0,3.0,19.0,1.0,44.0,15.0,14.0,12.0,12.0,11.0,3.0,,,6.0,,16.0,3.0,110.0,82.0,41.0,120.0,4.0,,,,964.0,18.0,2.0,6.0,7.0,15.0,3.0,101.0,175.0,26.0,123.0,7.0,62.0,52.0,303.0,,,8.0,2.0,3.0,47.0,5.0,49.0,10.0,5.0,2.0,1.0,1.0,3.0,2.0,5.0,4.0,1.0,,,,,,,,,,,,,,,,,,,,,,1.0,,,,1.0,,,,,,,,True,0,0,123,0,175,0,0.19,3,101,0,6,3,0,True,3,43,2,26,True,0,0,50,7,0,0
2026,nwsl::Football_Season::0b6761e4701749f593690c0f338da74c,nwsl::Football_Player::f944dbf34fc14b0895cdfa68155404bb,opta:Player:2mlyh9k0yhv8862rj6hu26j8p,nwsl::Football_Team::ac29701756da44a08457762380c10733,Racing Louisville,Ellie,Jean,E. Jean,Defender,USA,5,2,,USA,,opta:Team:dtucewmt49th1p4selfutmnmc,Racing Lou,LOU,Racing Louisville,US,True,13,996,0,0,2,0,1,0,8,2,4,1,1,0,0,85.0,22,1.99,0,0,0,0,0,0,0.0718,-0.0718,80.0,56.1,33.33,33.33,0,0,0,0,0,0,0,0,0,0,0,0,0,21.0,14.0,7.0,13.0,34.0,,101.0,,,1.0,41.0,18.0,23.0,34.0,148.0,,18.0,4.0,,,20.0,4.0,16.0,,8.0,3.0,169.0,1.0,376.0,,,,2.0,54.0,10.0,5.0,50.0,,44.0,3.0,1.0,1.0,11.0,2.0,2.0,1.0,1.0,2.0,9.0,,24.0,317.0,101.0,235.0,311.0,2.0,,2.0,7.0,996.0,2.0,,,39.0,2.0,4.0,70.0,395.0,2.0,335.0,10.0,9.0,60.0,510.0,2.0,2.0,,15.0,32.0,43.0,19.0,28.0,,,,0.0,,9.0,,,,,1.0,1.0,,,,,,,,,,,,,,,,,,,,,,,,,,,,,,,,True,0,0,335,0,398,1,0.0,24,70,3,56,24,0,True,8,80,8,21,True,0,0,43,39,0,0
2026,nwsl::Football_Season::0b6761e4701749f593690c0f338da74c,nwsl::Football_Player::f9aafcad554041328a5420822e10d5a0,opta:Player:4j9un8594hl9gezwkdeafnbsa,nwsl::Football_Team::19674698cec24f53af8866cd21abaf8f,Bay,Kelli,Hubly,K. Hubly,Defender,USA,20,2,,USA,,opta:Team:eka22bj7co8bw5qxa6qlbinf8,Bay,BAY,Bay,US,True,8,67,0,0,4,0,0,0,1,3,0,0,0,0,0,90.0,1,1.34,1,0,0,0,0,0,0.4143,-0.4143,100.0,14.29,0.0,0.0,0,0,0,0,0,0,0,0,0,0,0,0,0,3.0,3.0,,8.0,3.0,,1.0,,1.0,,7.0,6.0,1.0,10.0,5.0,1.0,1.0,,,,4.0,3.0,1.0,,,1.0,7.0,,18.0,,,,,1.0,,,3.0,,4.0,1.0,4.0,,,,8.0,,,,,,3.0,16.0,7.0,10.0,14.0,,,,,67.0,,1.0,,11.0,3.0,,5.0,19.0,4.0,17.0,1.0,4.0,2.0,43.0,1.0,,,1.0,1.0,2.0,1.0,1.0,,,,0.0,,2.0,,,,,,,,1.0,,,,,,,,,,,,,,,,,,,,,,,,,,,,,,True,0,0,17,0,20,0,0.0,3,5,1,4,3,0,True,1,100,0,3,True,0,0,75,11,0,0
2026,nwsl::Football_Season::0b6761e4701749f593690c0f338da74c,nwsl::Football_Player::f9e929bd0d8944df84529c5f31696413,opta:Player:2wehx5y5o0zf47idrzcxqoz6c,nwsl::Football_Team::269e825b853f4b43a9d38390aa92bf6e,Chicago Stars,Tessa,Dellarose,T. Dellarose,Defender,USA,34,2,,USA,,opta:Team:dzxypx8djih58p668surbi4qm,Chicago Stars,CHI,Chicago Stars,US,True,10,630,1,0,1,1,1,0,9,8,1,0,0,0,0,75.0,11,1.57,1,0,0,0,0,0,0.6333,0.3667,69.23,31.15,30.77,0.0,0,0,0,0,0,0,0,0,0,0,0,0,0,13.0,9.0,4.0,10.0,45.0,,57.0,1.0,1.0,1.0,61.0,42.0,19.0,52.0,110.0,7.0,10.0,1.0,,1.0,48.0,33.0,15.0,,5.0,2.0,17.0,,226.0,,,,1.0,32.0,13.0,5.0,25.0,,58.0,2.0,,1.0,8.0,3.0,2.0,,,1.0,,,4.0,168.0,71.0,100.0,167.0,4.0,,13.0,57.0,630.0,13.0,,,24.0,8.0,1.0,100.0,230.0,1.0,171.0,13.0,1.0,59.0,397.0,5.0,4.0,9.0,8.0,10.0,35.0,29.0,49.0,,1.0,0.0,0.0,,1.0,,1.0,1.0,,,,,1.0,,,,,,,,,,,,,,,,,,,,1.0,,,,,,,,,,True,0,0,171,0,235,0,0.0,4,100,5,14,4,0,True,9,69,5,13,True,0,1,29,24,0,0
2026,nwsl::Football_Season::0b6761e4701749f593690c0f338da74c,nwsl::Football_Player::fa5ea5a9ad7d4694b932641bbe257de1,opta:Player:1ftms6bue2ezs3khsimk9sep6,nwsl::Football_Team::19674698cec24f53af8866cd21abaf8f,Bay,Dorian,Bailey,D. Bailey,Midfielder,USA,19,3,,USA,,opta:Team:eka22bj7co8bw5qxa6qlbinf8,Bay,BAY,Bay,US,True,13,604,2,0,5,2,3,0,8,3,3,1,1,0,0,75.0,11,1.64,2,0,0,0,0,0,0.527,1.473,80.0,47.73,30.77,14.29,0,0,0,0,0,0,0,0,0,0,0,0,0,13.0,9.0,4.0,13.0,33.0,1.0,54.0,1.0,2.0,3.0,44.0,23.0,21.0,100.0,58.0,1.0,10.0,1.0,2.0,2.0,31.0,14.0,17.0,,11.0,8.0,28.0,1.0,163.0,,,,2.0,27.0,9.0,7.0,17.0,,45.0,8.0,2.0,3.0,7.0,4.0,6.0,3.0,1.0,4.0,,1.0,7.0,122.0,79.0,47.0,116.0,2.0,2.0,2.0,10.0,604.0,7.0,,,7.0,3.0,3.0,66.0,164.0,5.0,123.0,10.0,19.0,41.0,265.0,4.0,3.0,4.0,4.0,7.0,34.0,11.0,34.0,1.0,1.0,1.0,0.0,,3.0,,1.0,2.0,,,,2.0,,,,,,,,,,,,,,,,,,,,,,,1.0,,,,,,,,True,0,0,123,0,171,1,0.0,7,66,7,14,7,0,True,8,80,11,13,True,0,0,50,7,0,0
2026,nwsl::Football_Season::0b6761e4701749f593690c0f338da74c,nwsl::Football_Player::faa587283a2b4e69905f93df50a460f8,opta:Player:4d7dztge8uzqw913of3i5fod0,nwsl::Football_Team::c31d72afc09f42ee86418633aa41390a,Washington Spirit,Sara,Wojdelko,S. Wojdelko,Goalkeeper,USA,28,1,,USA,,opta:Team:f1ks82wpiewyqs6h3oz9v4hzj,Spirit,WAS,Washington Spirit,US,True,0,0,0,0,0,0,0,0,0,0,0,0,0,0,0,,0,,0,0,0,0,0,0,0.0,0.0,0.0,0.0,0.0,0.0,0,0,0,0,0,0,0,0,0,0,0,0,0,,,,,,,,,,,,,,,,,,,,,,,,,,,,,,,,,,,,,,,,,,,,,,,,,,,,,,,,,,,,,,,,,,,,,,,,,,,,,,,,,,,,,,,,,,,,,,,,,,,,,,,,,,,,,,,,,,,,,,,,,,,,,,True,0,0,0,0,0,0,0.0,0,0,0,0,0,0,True,0,0,0,0,True,0,0,0,0,0,0
2026,nwsl::Football_Season::0b6761e4701749f593690c0f338da74c,nwsl::Football_Player::fac76b661a3c42b5a75dd7dc81ba311d,opta:Player:y7mxuyh5olv0rh5od3p2gtt5,nwsl::Football_Team::cbfcacbef5bc4a278442c00926ac9ebc,Denver Summit,Melissa,Kössler,M. Kössler,Forward,Germany,25,4,,DEU,,opta:Team:b6ztd03z31b0yfcae0qovefpw,Denver,DEN,Denver Summit,US,True,16,1107,4,0,25,4,12,0,6,17,7,8,0,0,0,72.0,15,1.22,0,0,2,0,0,0,4.6399,-0.6399,40.0,39.42,57.69,37.5,0,0,0,0,0,0,0,0,0,0,0,0,0,26.0,11.0,15.0,16.0,105.0,5.0,59.0,,,8.0,104.0,63.0,41.0,212.0,52.0,7.0,15.0,,4.0,4.0,78.0,52.0,26.0,1.0,3.0,19.0,52.0,8.0,224.0,3.0,,,2.0,27.0,20.0,10.0,24.0,3.0,41.0,19.0,13.0,12.0,13.0,10.0,3.0,3.0,3.0,4.0,,25.0,5.0,152.0,111.0,70.0,173.0,9.0,,1.0,1.0,1107.0,34.0,6.0,5.0,12.0,17.0,7.0,158.0,250.0,25.0,178.0,15.0,66.0,72.0,454.0,5.0,5.0,16.0,,4.0,59.0,18.0,68.0,9.0,1.0,3.0,1.0,,1.0,,1.0,4.0,,,,,,,,,,,,,,,,,,,,,,,,,,,,,,,,,,,True,0,0,178,0,258,3,0.0,5,158,8,9,5,0,True,6,40,3,26,True,0,0,56,12,0,0
2026,nwsl::Football_Season::0b6761e4701749f593690c0f338da74c,nwsl::Football_Player::fb71a19cd7524e63bdb58f0686fbd97e,opta:Player:daze51b5849zsk2aqvgmkkbth,nwsl::Football_Team::269e825b853f4b43a9d38390aa92bf6e,Chicago Stars,Maitane,López,Maitane López,Midfielder,Spain,77,3,,ESP,,opta:Team:dzxypx8djih58p668surbi4qm,Chicago Stars,CHI,Chicago Stars,US,True,12,946,0,1,1,1,0,1,20,8,11,0,0,0,0,77.0,18,1.71,0,0,0,0,0,0,0.2561,-0.2561,68.97,56.76,76.92,50.0,0,0,0,0,0,0,0,0,0,0,0,0,0,26.0,6.0,20.0,12.0,61.0,3.0,57.0,1.0,,,111.0,48.0,63.0,68.0,165.0,6.0,18.0,,,,85.0,42.0,43.0,1.0,23.0,5.0,78.0,,370.0,2.0,,,3.0,23.0,15.0,11.0,51.0,,79.0,6.0,1.0,,11.0,4.0,1.0,1.0,1.0,3.0,2.0,6.0,10.0,279.0,127.0,166.0,282.0,9.0,,,1.0,946.0,13.0,,,30.0,8.0,11.0,122.0,383.0,1.0,292.0,29.0,13.0,91.0,568.0,1.0,1.0,6.0,9.0,15.0,59.0,33.0,76.0,,,,0.0,,5.0,1.0,,,,,,,,,,,,,,,,,,,,,,,,,,,,,,,,,,,,,True,0,0,292,0,385,1,0.1,10,122,2,25,10,0,True,20,69,23,26,True,0,0,40,30,0,0
2026,nwsl::Football_Season::0b6761e4701749f593690c0f338da74c,nwsl::Football_Player::fbe120b3952b43e4a95a632f285ffe38,opta:Player:95tl8tonvm6czhwzd6i5ep756,nwsl::Football_Team::d2d8efe548734dfd8bc667b5a52a079a,Boston Legacy,Barbara,Olivieri,B. Olivieri,Midfielder,Venezuela,15,3,,VEN,,opta:Team:2yppf5jwqllc49s0qkbkchvkk,Boston Legacy,BOS,Boston Legacy,US,True,17,1052,1,1,13,2,3,1,24,25,24,3,3,0,0,78.0,17,1.45,0,0,0,0,0,0,0.656,0.344,66.67,42.94,12.5,22.22,0,0,0,0,0,0,0,0,0,0,0,0,0,8.0,7.0,1.0,17.0,74.0,3.0,135.0,2.0,,4.0,177.0,101.0,76.0,222.0,102.0,11.0,15.0,2.0,1.0,1.0,169.0,94.0,75.0,1.0,11.0,11.0,69.0,3.0,369.0,3.0,,,5.0,56.0,25.0,14.0,47.0,,126.0,12.0,10.0,3.0,13.0,8.0,4.0,4.0,4.0,15.0,,9.0,13.0,284.0,182.0,108.0,273.0,12.0,1.0,4.0,6.0,1052.0,61.0,2.0,,12.0,25.0,24.0,196.0,371.0,13.0,286.0,36.0,17.0,85.0,658.0,14.0,14.0,25.0,10.0,18.0,71.0,28.0,67.0,2.0,0.0,1.0,1.0,1.0,2.0,1.0,1.0,,,,,,,,,,,,,,,,,,,,,,,,,,,,,,,,,,,,True,0,0,286,0,389,4,0.09,13,196,18,31,13,0,True,24,67,11,8,True,0,0,42,12,0,0
2026,nwsl::Football_Season::0b6761e4701749f593690c0f338da74c,nwsl::Football_Player::fc271855025e4ff3a5bb2ff67c569709,opta:Player:5zq8rn70v25d2bzfot40w07is,nwsl::Football_Team::19674698cec24f53af8866cd21abaf8f,Bay,Caroline,Conti,C. Conti,Forward,USA,23,4,,USA,,opta:Team:eka22bj7co8bw5qxa6qlbinf8,Bay,BAY,Bay,US,True,15,643,1,0,12,1,8,0,4,7,13,4,2,0,0,68.0,10,1.4,17,0,1,0,0,0,0.8143,0.1857,50.0,50.85,66.67,11.11,0,0,0,0,0,0,0,0,0,0,0,0,0,9.0,3.0,6.0,15.0,55.0,2.0,61.0,,17.0,6.0,59.0,29.0,30.0,158.0,77.0,3.0,10.0,,1.0,1.0,50.0,26.0,24.0,1.0,5.0,9.0,47.0,4.0,202.0,,,,2.0,29.0,17.0,1.0,20.0,1.0,32.0,9.0,4.0,8.0,5.0,5.0,10.0,8.0,4.0,4.0,2.0,4.0,7.0,135.0,96.0,55.0,136.0,4.0,,2.0,8.0,643.0,14.0,,1.0,4.0,7.0,13.0,133.0,211.0,12.0,143.0,8.0,19.0,68.0,356.0,28.0,20.0,6.0,4.0,16.0,86.0,10.0,52.0,2.0,0.0,1.0,0.0,,,,,,,,,4.0,8.0,,,,,,,,,,,,,,,,,,,,,,,,,,,,,,True,0,0,143,0,247,4,0.0,7,133,36,23,7,0,True,4,50,5,9,True,0,0,30,4,0,0
2026,nwsl::Football_Season::0b6761e4701749f593690c0f338da74c,nwsl::Football_Player::fc2865906ac34d6abfa98c9a8dc14f52,opta:Player:z8vdz64bgqus4c85451nsrf9,nwsl::Football_Team::1151140adfc24339ba1c93cb0b6b0238,Seattle Reign,Angharad,James-Turner,A. James-Turner,Midfielder,Wales,8,3,,WAL,,opta:Team:bl53jk6zlfe5f583pil7xzwi5,Reign,SEA,Seattle Reign,US,True,14,505,1,0,5,1,1,0,6,6,2,0,0,0,0,83.0,7,1.25,0,0,0,0,0,0,0.282,0.718,75.0,50.0,66.67,100.0,0,0,0,0,0,0,0,0,0,0,0,0,0,15.0,5.0,10.0,14.0,57.0,,35.0,1.0,,1.0,42.0,21.0,21.0,42.0,78.0,4.0,5.0,2.0,,1.0,27.0,16.0,11.0,,10.0,4.0,33.0,,209.0,1.0,,,,17.0,9.0,5.0,43.0,1.0,49.0,4.0,4.0,1.0,5.0,3.0,9.0,1.0,1.0,1.0,2.0,6.0,8.0,171.0,67.0,112.0,170.0,2.0,,,3.0,505.0,5.0,,,10.0,6.0,2.0,55.0,217.0,5.0,178.0,8.0,2.0,39.0,292.0,,,1.0,7.0,13.0,27.0,12.0,26.0,,1.0,0.0,1.0,,2.0,,,,,,,,,,,,,,,,,,,,,,,,,,1.0,,,,,,,,,,,,True,0,0,178,0,218,1,0.0,8,55,1,21,8,0,True,6,75,10,15,True,0,0,38,10,0,0
2026,nwsl::Football_Season::0b6761e4701749f593690c0f338da74c,nwsl::Football_Player::fc45d1c634f14b6e8e5ae61b7f34f421,opta:Player:1dopp1jnp5jq9iwvedvlktzsa,nwsl::Football_Team::cbfcacbef5bc4a278442c00926ac9ebc,Denver Summit,Yuna,McCormack,Y. McCormack,Midfielder,USA,14,3,,USA,,opta:Team:b6ztd03z31b0yfcae0qovefpw,Denver,DEN,Denver Summit,US,True,13,499,0,1,3,1,2,1,5,2,1,0,0,0,0,71.0,5,0.9,0,0,0,0,0,0,0.4936,-0.4936,41.67,43.48,27.27,0.0,0,0,0,0,0,0,0,0,0,0,0,0,0,11.0,8.0,3.0,13.0,24.0,1.0,52.0,,,2.0,46.0,26.0,20.0,87.0,53.0,2.0,5.0,,,,35.0,18.0,17.0,,4.0,7.0,35.0,,144.0,,,,,25.0,23.0,12.0,20.0,,32.0,8.0,1.0,2.0,5.0,5.0,8.0,,,4.0,1.0,1.0,2.0,101.0,62.0,39.0,99.0,7.0,1.0,,1.0,499.0,12.0,1.0,1.0,3.0,2.0,1.0,80.0,144.0,3.0,101.0,12.0,12.0,43.0,232.0,5.0,5.0,11.0,1.0,4.0,35.0,13.0,39.0,,,,0.0,1.0,2.0,1.0,,,,,,,,,,,,,,,,,,,,,,,,,,,,,,,,,,,,,True,0,0,101,0,149,0,0.18,2,80,5,6,2,0,True,5,42,4,11,True,0,0,33,3,0,0
2026,nwsl::Football_Season::0b6761e4701749f593690c0f338da74c,nwsl::Football_Player::fd08719793c4487c82b7d3aceba2ad0f,opta:Player:18kiz7s5jlyotkb4p0sbbxyol,nwsl::Football_Team::9587b8ce40624165903b6bc9fd252634,Angel City,Claire,Emslie,C. Emslie,Forward,Scotland,10,4,,SCO,,opta:Team:6hbfgdczbi3yg4sdpqgtu6s,Angel City,LA,Angel City,US,True,8,294,0,0,3,0,0,0,5,2,0,0,1,0,0,69.0,4,1.22,12,0,0,0,0,0,0.4765,-0.4765,45.45,42.86,0.0,12.5,0,0,0,0,0,0,0,0,0,0,0,0,0,5.0,5.0,,8.0,17.0,3.0,25.0,,12.0,1.0,35.0,20.0,15.0,69.0,24.0,1.0,4.0,,,,30.0,15.0,15.0,,,8.0,9.0,,63.0,,,,,13.0,6.0,2.0,11.0,,13.0,8.0,3.0,,3.0,3.0,5.0,6.0,3.0,4.0,,1.0,,43.0,37.0,12.0,43.0,6.0,,,1.0,294.0,11.0,1.0,1.0,2.0,2.0,,60.0,63.0,3.0,43.0,11.0,10.0,20.0,145.0,18.0,7.0,8.0,3.0,4.0,29.0,9.0,16.0,1.0,,,0.0,,1.0,,,,,,,3.0,9.0,,,,,,,1.0,,,,,,,,,,,,,,,,,,,,,,,True,0,0,43,0,87,3,0.0,0,60,24,4,0,0,True,5,45,0,5,True,0,0,0,2,0,0
2026,nwsl::Football_Season::0b6761e4701749f593690c0f338da74c,nwsl::Football_Player::fdc322f486b94e3a9043aee47c3daf93,opta:Player:aqihfnhadzdmi7i5bjfnphqms,nwsl::Football_Team::9587b8ce40624165903b6bc9fd252634,Angel City,Nealy,Martin,N. Martin,Midfielder,USA,14,3,,USA,,opta:Team:6hbfgdczbi3yg4sdpqgtu6s,Angel City,LA,Angel City,US,True,13,849,0,1,5,1,2,1,9,14,6,0,2,0,0,79.0,9,0.95,0,0,0,0,0,0,0.3071,-0.3071,75.0,38.81,30.77,33.33,0,0,0,0,0,0,0,0,0,0,0,0,0,26.0,18.0,8.0,13.0,51.0,,63.0,2.0,,1.0,67.0,41.0,26.0,79.0,123.0,5.0,8.0,1.0,,,41.0,23.0,18.0,,12.0,4.0,87.0,,337.0,,,,,25.0,15.0,5.0,42.0,,91.0,5.0,3.0,2.0,10.0,5.0,3.0,1.0,1.0,,4.0,5.0,20.0,264.0,124.0,154.0,257.0,3.0,,12.0,9.0,849.0,7.0,,,23.0,14.0,6.0,102.0,352.0,5.0,277.0,12.0,9.0,75.0,477.0,2.0,2.0,1.0,10.0,25.0,58.0,19.0,50.0,,,,0.0,,4.0,1.0,,,,,,,,,,,,,,,,,,,,,,,,,,,,,,,,,,,,,True,0,0,277,0,355,1,0.11,20,102,3,45,20,0,True,9,75,12,26,True,0,0,44,23,0,0
2026,nwsl::Football_Season::0b6761e4701749f593690c0f338da74c,nwsl::Football_Player::fe7346f5616c46bb935320ed272de297,opta:Player:atcv5kiq1ez04nvfbrh9xhh5g,nwsl::Football_Team::19674698cec24f53af8866cd21abaf8f,Bay,Taylor,Huff,T. Huff,Midfielder,USA,7,3,,USA,,opta:Team:eka22bj7co8bw5qxa6qlbinf8,Bay,BAY,Bay,US,True,12,796,1,1,11,2,7,1,12,9,14,1,0,1,0,72.0,16,1.81,31,0,0,0,0,0,1.2266,-0.2266,70.59,54.22,50.0,4.65,0,0,0,0,0,0,0,0,0,0,0,0,0,8.0,4.0,4.0,12.0,57.0,5.0,77.0,,31.0,11.0,83.0,38.0,45.0,192.0,71.0,9.0,15.0,1.0,1.0,1.0,75.0,34.0,41.0,,5.0,10.0,72.0,1.0,240.0,1.0,,,1.0,34.0,13.0,5.0,27.0,1.0,54.0,11.0,4.0,7.0,9.0,4.0,3.0,10.0,2.0,10.0,1.0,3.0,6.0,168.0,128.0,63.0,175.0,5.0,1.0,,1.0,796.0,20.0,2.0,,9.0,9.0,14.0,149.0,254.0,11.0,181.0,17.0,26.0,73.0,433.0,33.0,12.0,7.0,5.0,11.0,90.0,16.0,62.0,3.0,1.0,0.0,0.0,1.0,1.0,1.0,,,,,,8.0,16.0,1.0,,1.0,,,,1.0,,,,,,,,,,,,,,,,,,,,,,,True,0,0,181,0,297,2,0.11,6,149,43,17,6,0,True,12,71,5,8,True,0,0,35,9,0,0
2026,nwsl::Football_Season::0b6761e4701749f593690c0f338da74c,nwsl::Football_Player::fed95d382879402f971b73910f1a8e2a,opta:Player:dw593ezeekrbzlc2qhtc805p1,nwsl::Football_Team::c83f2ca05aa84c738b5373f0d2a31b39,Gotham FC,Katie,Lampson,K. Lampson,Forward,USA,28,4,,USA,,opta:Team:bgkfdckqfqnfbmecbtz03n76d,Gotham FC,GFC,Gotham FC,US,True,9,304,0,0,2,0,1,0,2,4,7,2,0,0,0,79.0,1,0.3,3,0,0,0,0,0,0.7197,-0.7197,33.33,41.86,42.86,12.5,0,0,0,0,0,0,0,0,0,0,0,0,0,7.0,4.0,3.0,9.0,41.0,3.0,42.0,1.0,3.0,4.0,43.0,25.0,18.0,107.0,21.0,2.0,1.0,,,,36.0,21.0,15.0,,5.0,9.0,24.0,2.0,116.0,2.0,,,,27.0,14.0,10.0,16.0,,33.0,9.0,1.0,1.0,4.0,3.0,5.0,2.0,1.0,2.0,,3.0,1.0,91.0,73.0,23.0,93.0,4.0,1.0,,1.0,304.0,17.0,1.0,1.0,,4.0,7.0,68.0,119.0,2.0,94.0,6.0,17.0,25.0,213.0,6.0,4.0,7.0,2.0,2.0,26.0,5.0,23.0,1.0,,,0.0,,,,,,,,,1.0,2.0,,,,,,,,,,,,,,,,,,,,,,,,,,,,,,True,0,0,94,0,127,1,0.0,1,68,8,3,1,0,True,2,33,5,7,True,0,0,33,0,0,0
2026,nwsl::Football_Season::0b6761e4701749f593690c0f338da74c,nwsl::Football_Player::fef02bf35a784dfc873b4addfc4e16a4,opta:Player:9bewa01zb2dklh26dyihrebjd,nwsl::Football_Team::ca719042b34443c4bcfe380ca4850eaf,San Diego Wave,Lia,Godfrey,L. Godfrey,Midfielder,USA,22,3,,USA,,opta:Team:esvbnzqbyvxp2k570ez7h1a1g,San Diego Wave,SD,San Diego Wave,US,True,18,972,5,4,19,9,13,4,18,4,9,1,0,0,0,81.0,10,0.93,15,0,1,1,0,0,4.3883,0.6117,78.26,47.47,33.33,4.17,0,0,0,0,0,0,0,0,0,0,0,0,0,12.0,8.0,4.0,18.0,114.0,4.0,131.0,,15.0,5.0,99.0,52.0,47.0,259.0,102.0,4.0,8.0,2.0,5.0,5.0,87.0,44.0,43.0,,9.0,20.0,61.0,1.0,361.0,1.0,1.0,1.0,,71.0,27.0,18.0,37.0,3.0,89.0,24.0,6.0,13.0,10.0,10.0,8.0,5.0,1.0,11.0,,20.0,6.0,288.0,207.0,91.0,287.0,5.0,2.0,,1.0,972.0,33.0,4.0,6.0,7.0,4.0,9.0,141.0,366.0,19.0,293.0,23.0,43.0,73.0,564.0,20.0,8.0,16.0,3.0,8.0,74.0,19.0,65.0,,2.0,3.0,4.0,3.0,,4.0,2.0,4.0,,,,3.0,11.0,,,,,,,,,,,,,,,,,,,,,,,,,,,,,,True,0,0,293,0,390,1,0.37,6,141,24,14,6,0,True,18,78,9,12,True,0,0,43,7,0,0
2026,nwsl::Football_Season::0b6761e4701749f593690c0f338da74c,nwsl::Football_Player::ff16e70c73b943e38662bc6d895edb92,opta:Player:9yvkpwm78jaqr321imfc3rrbo,nwsl::Football_Team::9587b8ce40624165903b6bc9fd252634,Angel City,Emily,Sams,E. Sams,Defender,USA,6,2,,USA,,opta:Team:6hbfgdczbi3yg4sdpqgtu6s,Angel City,LA,Angel City,US,True,16,1413,1,1,4,2,2,1,15,12,9,1,3,0,0,83.0,17,1.08,0,0,1,0,0,0,0.687,0.313,62.5,58.82,54.29,63.64,0,0,0,0,0,0,0,0,0,0,0,0,0,35.0,16.0,19.0,16.0,108.0,3.0,204.0,4.0,,4.0,102.0,42.0,60.0,93.0,324.0,5.0,16.0,1.0,,1.0,67.0,26.0,41.0,,10.0,11.0,247.0,1.0,774.0,,,,,98.0,18.0,9.0,81.0,,145.0,12.0,2.0,2.0,16.0,1.0,,7.0,7.0,8.0,8.0,,48.0,641.0,235.0,455.0,635.0,9.0,,1.0,8.0,1413.0,9.0,2.0,,61.0,12.0,9.0,170.0,824.0,4.0,683.0,24.0,20.0,141.0,1029.0,4.0,4.0,5.0,35.0,78.0,98.0,47.0,63.0,,1.0,0.0,0.0,1.0,7.0,1.0,1.0,1.0,,10.0,10.0,,,,,,,,,,,,,,,,,,,,,,1.0,,,,,,,,,,True,0,0,683,0,835,7,0.06,48,170,11,126,48,0,True,15,62,10,35,True,0,1,38,61,0,0
