model,log_loss_1x2,brier_score_1x2,brier_home_win,brier_over_2_5,crps_scoreline,expected_total_goals_mae,fit_diagnostics
dixon_coles,1.0814769667951398,0.6548853874883067,0.24423726057015813,0.25336279467958545,0.8614248744739275,1.263370163794932,"{'n_folds': 8, 'converged_rate': 1.0, 'median_iterations': 26.0, 'median_nfev': 2338.0, 'median_gradient_norm': 0.910946398046593}"
bivariate_poisson,1.0822985608782365,0.6554342549519979,0.2447883685898604,0.2528453842699801,0.861546221463556,1.2620479815762111,"{'n_folds': 8, 'converged_rate': 1.0, 'median_iterations': 26.5, 'median_nfev': 2454.0, 'median_gradient_norm': 0.5434911455629976}"
uniform_baseline,1.0986122886681078,0.6666666666666667,0.2524801587301588,0.2518943610587573,0.8607843905296335,1.2612028630215206,
home_field_baseline,1.0904891186672154,0.6608288767158061,0.24651531874690225,0.2518944044670245,0.8607843486847614,1.2612028630215206,
team_ratings_poisson,1.144105777690897,0.6984183689739824,0.26639777364100514,0.29992312787938175,1.0297596187271076,1.4916183638601563,
rolling_npxg_poisson,1.1086541680394062,0.6688689588153338,0.25575818717007265,0.27062033655027523,0.9268450643693645,1.3389880952380953,
