season,team,player_name,player_name_key,position,minutes_played,asa_xgoals,asa_xassists,asa_points_added,asa_xpoints_added,asa_xg_plus_xa_per90,asa_gplus_raw_total,asa_gplus_above_avg_total,asa_gplus_above_avg_per90,asa_gplus_shooting_above_avg,asa_gplus_passing_above_avg,asa_gplus_dribbling_above_avg,asa_gplus_receiving_above_avg,asa_gplus_interrupting_above_avg,asa_gplus_fouling_above_avg,asa_gplus_claiming_above_avg
2025,Angel City FC,Alanna Kennedy,alanna kennedy,DM,1527,1.3749,0.725,1.7946,1.176,0.12376620825147348,1.8125,-0.11460000000000001,-0.006754420432220041,0.1877,-0.09190000000000001,-0.19940000000000002,0.2369,-0.268,0.0201,0.0
2025,Angel City FC,Ali Riley,ali riley,FB,28,0.0,0.0,0.0,0.0,0.0,0.012000000000000002,-0.023100000000000002,-0.07425000000000001,-0.0033,-0.0088,0.0032,-0.006,-0.009600000000000001,0.0014,0.0
2025,Angel City FC,Alyssa Thompson,alyssa thompson,W,1646,5.9184,3.2434,2.6995,4.301,0.5009489671931956,5.7025999999999994,1.7152,0.09378371810449576,0.2265,0.6970000000000001,0.8517,-0.2926,-0.038,0.2706,0.0
2025,Angel City FC,Angelina Anderson,angelina anderson,GK,2358,0.0,0.0,0.0,0.0,0.0,,,,,,,,,,
2025,Angel City FC,Christen Press,christen press,ST,689,1.6657,0.3785,0.45880000000000004,1.7264,0.26702177068214805,1.5049000000000001,-0.07799999999999999,-0.010188679245283017,0.058100000000000006,0.2101,-0.16440000000000002,-0.0751,-0.033,-0.0737,0.0
2025,Angel City FC,Claire Emslie,claire emslie,W,567,1.352,1.1887,0.0,0.6201,0.4032857142857143,0.9703,-0.3768,-0.05980952380952381,-0.0184,0.0378,-0.3294,0.11330000000000001,-0.1426,-0.0375,0.0
2025,Angel City FC,Evelyn Shores,evelyn shores,FB,1125,1.3196,0.1336,0.4529,0.7217,0.116256,1.4871,0.08989999999999987,0.007191999999999989,0.2056,-0.17070000000000002,-0.44770000000000004,0.5687,0.0002,-0.06620000000000001,0.0
2025,Angel City FC,Gisele Thompson,gisele thompson,FB,1846,1.7364,1.7589000000000001,0.2466,1.1049,0.1704100758396533,3.3354,0.8373000000000002,0.04082177681473457,0.2151,-0.6137,0.9251,0.2605,0.2595,-0.2092,0.0
2025,Angel City FC,Hannah Johnson,hannah johnson,FB,37,0.0,0.0,0.0,0.0,0.0,-0.019199999999999995,-0.06570000000000001,-0.15981081081081083,-0.0044,-0.0005,-0.034800000000000005,-0.0054,-0.0224,0.0018000000000000002,0.0
2025,Angel City FC,Hannah Seabert,hannah seabert,GK,409,0.0,0.0,0.0,0.0,0.0,,,,,,,,,,
2025,Angel City FC,Jun Endo,jun endo,W,527,0.41140000000000004,0.7215,0.0,0.3123,0.1934743833017078,0.6504000000000001,-0.4953,-0.08458633776091082,-0.0932,0.0291,-0.157,-0.2286,-0.029500000000000002,-0.0161,0.0
2025,Angel City FC,Katie Zelem,katie zelem,DM,751,0.8515,0.5605,0.6935,0.44010000000000005,0.1692143808255659,0.25910000000000005,-0.8474999999999999,-0.10156458055925431,0.0815,-0.358,-0.373,-0.054700000000000006,-0.1499,0.0066,0.0
2025,Angel City FC,Kennedy Fuller,kennedy fuller,AM,2064,3.7186,1.8936,1.9559,2.044,0.24471802325581393,3.4507,-0.5442,-0.0237296511627907,0.0281,-0.1346,-0.3527,-0.3367,0.297,-0.0453,0.0
2025,Angel City FC,Lily Nabet,lily nabet,DM,6,0.0,0.0,0.0,0.0,0.0,0.0036000000000000003,-0.009399999999999999,-0.141,-0.003,0.0035,-0.0005,-0.006,-0.003,-0.0004,0.0
2025,Angel City FC,Macey Hodge,macey hodge,DM,940,0.5493,0.15760000000000002,0.5386000000000001,0.5882000000000001,0.06768191489361702,0.3247,-0.9884000000000001,-0.0946340425531915,-0.10980000000000001,-0.22870000000000001,-0.20720000000000002,-0.2293,0.027600000000000003,-0.241,0.0
2025,Angel City FC,Madison Hammond,madison hammond,DM,1099,0.6831,0.2127,0.0,0.7594000000000001,0.07335941765241129,1.0708000000000002,-0.3601,-0.02948953594176524,0.0558,-0.2558,0.031400000000000004,-0.2995,-0.1179,0.22590000000000002,0.0
2025,Angel City FC,Maiara Niehues,maiara niehues,AM,591,1.5455,0.6523,0.4328,0.6824,0.33469035532994923,1.6033,0.5470000000000002,0.08329949238578682,0.25630000000000003,0.13190000000000002,0.3047,0.0161,-0.13920000000000002,-0.0228,0.0
2025,Angel City FC,Megan Reid,megan reid,CB,1171,0.5855,0.1763,0.0,0.40800000000000003,0.05854995730145175,1.2821,-0.20109999999999997,-0.015456020495303157,-0.0285,-0.14880000000000002,-0.0495,0.09910000000000001,-0.107,0.033600000000000005,0.0
2025,Angel City FC,Moriya Miyabi,moriya miyabi,FB,1716,0.37160000000000004,1.4162000000000001,0.2812,0.25470000000000004,0.09376573426573429,0.005299999999999888,-2.2265,-0.11677447552447554,-0.0913,-0.2343,-0.4192,-0.0911,-1.172,-0.21860000000000002,0.0
2025,Angel City FC,Phair Casey Yu-Jin,phair casey yu jin,ST,188,0.0,0.1306,0.0,0.0,0.06252127659574468,0.1711,-0.25220000000000004,-0.12073404255319149,-0.10110000000000001,0.0211,-0.0146,-0.1073,-0.0477,-0.0026000000000000003,0.0
2025,Angel City FC,Riley Tiernan,riley tiernan,ST,2536,5.2365,2.354,3.8348,3.4848,0.26937894321766565,5.497400000000001,-1.2922999999999998,-0.045862381703470026,-0.48610000000000003,0.754,0.9682000000000001,-2.2205,-0.1431,-0.1648,0.0
2025,Angel City FC,Sara Doorsoun,sara doorsoun,CB,730,0.16590000000000002,0.0206,0.0,0.0596,0.02299315068493151,0.7161000000000001,-0.10760000000000002,-0.013265753424657536,0.0427,-0.1149,0.0722,-0.0099,0.14200000000000002,-0.23970000000000002,0.0
2025,Angel City FC,Sarah Gorden,sarah gorden,CB,2669,0.0229,0.1835,0.0,0.0236,0.006959910078681154,2.7919,-0.21880000000000008,-0.007378044211315102,-0.2083,-0.11860000000000001,0.44010000000000005,-0.3468,-0.18910000000000002,0.2039,0.0
2025,Angel City FC,Savannah King,savannah king,FB,785,0.098,0.07,0.0,0.068,0.01926114649681529,0.6016,-0.2838,-0.0325375796178344,-0.0468,-0.048600000000000004,0.046400000000000004,-0.0886,-0.1893,0.0431,0.0
2025,Angel City FC,Sophia Mattice,sophia mattice,FB,46,0.0,0.0,0.0,0.0,0.0,0.0853,0.013100000000000004,0.025630434782608704,-0.0114,0.010700000000000001,-0.006,-0.0195,0.036500000000000005,0.0028,0.0
2025,Angel City FC,Sveindís Jane Jónsdóttir,sveindis jane jonsdottir,ST,1174,2.1979,1.5405,0.9698,1.8835,0.2865894378194208,2.9427999999999996,-0.01469999999999999,-0.0011269165247018733,-0.2715,0.4505,0.1849,-0.40990000000000004,0.10110000000000001,-0.0698,0.0
2025,Bay FC,Abby Dahlkemper,abby dahlkemper,CB,1340,0.48910000000000003,0.3169,0.0,0.367,0.05413432835820896,1.5032999999999999,-0.008299999999999953,-0.000557462686567161,0.0551,0.2975,0.0408,0.08710000000000001,-0.5103,0.021500000000000002,0.0
2025,Bay FC,Alyssa Malonson,alyssa malonson,FB,2173,0.8897,1.5858,0.5581,0.5883,0.10252876208007364,2.1969,-0.6148000000000001,-0.025463414634146347,-0.0241,-0.5783,-0.1622,0.0649,-0.0654,0.15030000000000002,0.0
2025,Bay FC,Asisat Oshoala,asisat oshoala,ST,552,0.7959,0.2209,0.0,0.5761000000000001,0.1657826086956522,0.7547000000000001,-0.6684,-0.1089782608695652,-0.1938,-0.11850000000000001,0.0756,-0.3407,-0.0189,-0.0721,0.0
2025,Bay FC,Caprice Dydasco,caprice dydasco,FB,2669,0.2165,1.7505,0.0,0.1472,0.06632821281378794,3.7594999999999996,0.42100000000000015,0.014196328212813794,-0.2048,0.12860000000000002,0.047,-0.2745,0.45370000000000005,0.271,0.0
2025,Bay FC,Caroline Conti,caroline conti,CM,1453,3.6577,1.1635,2.0629,2.9398,0.2986290433585685,1.6245000000000003,-1.1295,-0.06996214728148657,-0.2884,0.0015,-0.2184,-0.4516,-0.1711,-0.0015,0.0
2025,Bay FC,Catherine Paulson,catherine paulson,W,132,0.1303,0.0,0.0,0.2521,0.0888409090909091,0.05890000000000001,-0.24650000000000002,-0.16806818181818184,-0.024900000000000002,0.0007,-0.09050000000000001,-0.0849,-0.0438,-0.0031000000000000003,0.0
2025,Bay FC,Dorian Bailey,dorian bailey,CM,1355,1.2249,1.3172,0.0,1.498,0.1688479704797048,1.4097000000000002,-0.6818,-0.04528560885608856,-0.1073,-0.1519,-0.1647,-0.189,-0.031400000000000004,-0.0375,0.0
2025,Bay FC,Emily Menges,emily menges,CB,300,0.0,0.0,0.0,0.0,0.0,0.3143,-0.024000000000000004,-0.007200000000000001,-0.0234,0.1463,0.0023,-0.035,-0.13720000000000002,0.023,0.0
2025,Bay FC,Emmie Allen,emmie allen,GK,210,0.0,0.0,0.0,0.0,0.0,,,,,,,,,,
2025,Bay FC,Hannah Bebar,hannah bebar,DM,1193,0.7024,1.8711,0.0,0.5088,0.19414501257334452,1.5067,-0.035900000000000036,-0.0027082984073763645,-0.0342,0.2104,0.09330000000000001,-0.20090000000000002,0.1343,-0.2388,0.0
2025,Bay FC,Jamie Shepherd,jamie shepherd,DM,331,0.0,0.088,0.0,0.0,0.023927492447129908,-0.20700000000000005,-0.6701000000000001,-0.18220241691842906,-0.0922,-0.2039,-0.0649,-0.09620000000000001,-0.2298,0.016900000000000002,0.0
2025,Bay FC,Joelle Anderson,joelle anderson,CB,1475,0.5228,0.1839,0.4707,0.2889,0.0431206779661017,0.9259000000000002,-0.8650000000000001,-0.052779661016949156,-0.06520000000000001,0.048100000000000004,-0.5648000000000001,-0.18180000000000002,0.1071,-0.2084,0.0
2025,Bay FC,Jordan Brewster,jordan brewster,CB,26,0.0,0.0,0.0,0.0,0.0,-0.0022,-0.0317,-0.10973076923076924,-0.002,-0.0055000000000000005,-0.0021000000000000003,-0.003,-0.021,0.0019,0.0
2025,Bay FC,Jordan Silkowitz,jordan silkowitz,GK,2459,0.12940000000000002,0.0,0.0,0.126,0.004736071573810493,,,,,,,,,,
2025,Bay FC,Karlie Lema,karlie lema,ST,1465,2.48,0.9207000000000001,1.0018,1.3837,0.20891672354948804,2.5784,-1.0079000000000002,-0.06191877133105803,-0.2775,-0.8249000000000001,0.0417,0.0388,0.1018,-0.0878,0.0
2025,Bay FC,Kelli Hubly,kelli hubly,CB,750,0.4428,0.2656,0.7174,0.3305,0.085008,1.022,0.17600000000000005,0.021120000000000003,-0.0004,-0.2647,-0.1409,0.0665,0.4777,0.0378,0.0
2025,Bay FC,Kiara Pickett,kiara pickett,DM,1317,0.2036,0.4167,1.5491,0.11220000000000001,0.042389521640091125,1.2093000000000003,-0.47959999999999997,-0.0327744874715262,-0.1825,-0.0125,-0.0284,-0.4058,0.1577,-0.0081,0.0
2025,Bay FC,Madeline Moreau,madeline moreau,FB,540,0.3458,0.25630000000000003,0.0,0.5035000000000001,0.10035000000000001,0.2039,-0.7492000000000001,-0.12486666666666668,-0.07060000000000001,0.0424,-0.0166,-0.2786,-0.4027,-0.023100000000000002,0.0
2025,Bay FC,Penelope Hocking,penelope hocking,W,989,3.8713,1.1377,3.694,2.5973,0.4558240647118302,2.9385,0.5481,0.049877654196157736,0.221,-0.1345,-0.031400000000000004,0.3894,0.1773,-0.0737,0.0
2025,Bay FC,Racheal Kundananji,racheal kundananji,W,2117,6.7979,3.7774,2.7742,4.4809,0.4495876239962211,6.817,1.3599999999999999,0.05781766650921114,0.492,0.3997,0.1495,0.30110000000000003,-0.0351,0.0528,0.0
2025,Bay FC,Rachel Hill,rachel hill,W,1409,3.3421,1.0936,1.3747,2.3261,0.2833307310149042,2.6126000000000005,-0.4092,-0.02613768630234209,-0.166,-0.069,-0.598,0.3173,0.10070000000000001,0.0058000000000000005,0.0
2025,Bay FC,Sydney Collins,sydney collins,FB,860,0.0222,0.0,0.0,0.005200000000000001,0.0023232558139534886,0.6434000000000001,-0.32680000000000003,-0.0342,-0.0644,-0.32680000000000003,-0.0073,-0.0971,0.09570000000000001,0.0731,0.0
2025,Bay FC,Taylor Huff,taylor huff,W,2508,3.905,1.9438,1.6899,2.4068,0.2098851674641148,4.3355,-0.9734,-0.03493062200956938,-0.07590000000000001,0.019700000000000002,-0.612,-0.6778000000000001,0.19010000000000002,0.1825,0.0
2025,Bay FC,Tess Boade,tess boade,ST,1136,1.2339,1.6996,0.0,0.7022,0.2324075704225352,1.7610000000000001,-0.48460000000000003,-0.03839260563380282,-0.16590000000000002,0.4827,-0.6226,-0.19,-0.201,0.2122,0.0
2025,Chicago Stars,Ally Schlegel,ally schlegel,ST,2248,6.9063,1.8282,2.1413,4.9661,0.3496908362989324,5.6267000000000005,0.2727,0.01091770462633452,-0.0876,0.5825,-0.22760000000000002,0.4036,-0.18050000000000002,-0.2177,0.0
2025,Chicago Stars,Alyssa Naeher,alyssa naeher,GK,2350,0.8207,0.1472,1.8992,1.5586,0.03706851063829787,,,,,,,,,,
2025,Chicago Stars,Ava Cook,ava cook,ST,158,0.0,0.0,0.0,0.0,0.0,-0.12300000000000005,-0.44310000000000005,-0.2523987341772152,-0.0665,-0.013000000000000001,-0.021,-0.0864,0.0027,-0.2589,0.0
2025,Chicago Stars,Bea Franklin,bea franklin,CM,1979,1.8179,0.9395,0.9943000000000001,1.1395,0.12539969681657404,1.6293000000000002,-1.3657000000000001,-0.06210864072764023,-0.20720000000000002,-0.2421,-0.4929,0.0548,-0.1017,-0.3766,0.0
2025,Chicago Stars,Camryn Biegalski,camryn biegalski,FB,1745,0.4365,0.8347,0.9081,0.197,0.06556332378223495,1.0328,-1.1585999999999999,-0.059755873925501427,-0.0834,-0.2922,-1.1379,0.0285,0.20450000000000002,0.12190000000000001,0.0
2025,Chicago Stars,Cari Roccaro,cari roccaro,DM,1357,0.0,0.0,0.0,0.0,0.0,1.1068,-0.5097,-0.03380471628592484,-0.1663,-0.2579,-0.0335,-0.2624,0.40900000000000003,-0.1986,0.0
2025,Chicago Stars,Catherine Barry,catherine barry,ST,71,0.3859,0.0,0.0,0.17550000000000002,0.4891690140845071,0.1296,-0.06550000000000002,-0.08302816901408452,0.0931,-0.024900000000000002,-0.07490000000000001,-0.0599,0.0118,-0.010700000000000001,0.0
2025,Chicago Stars,Chardonnay Curran,chardonnay curran,CM,116,0.23750000000000002,0.0,0.0,0.3078,0.18426724137931036,0.2445,0.0007000000000000166,0.0005431034482758749,-0.006200000000000001,-0.0268,-0.0752,0.1322,-0.0179,-0.0054,0.0
2025,Chicago Stars,Halle Mackiewicz,halle mackiewicz,GK,309,0.0,0.0,0.0,0.0,0.0,,,,,,,,,,
2025,Chicago Stars,Hannah Anderson,hannah anderson,CB,552,0.4294,0.0,0.0,0.2076,0.07001086956521739,0.7062,0.08019999999999998,0.013076086956521736,0.1583,-0.18910000000000002,-0.0369,0.0251,0.0862,0.0366,0.0
2025,Chicago Stars,Ivonne Chacón,ivonne chacon,ST,220,1.261,0.3617,0.9450000000000001,0.9241,0.6638318181818181,0.5403,0.0738,0.03019090909090909,0.032,-0.2328,0.3478,-0.0429,-0.0098,-0.0205,0.0
2025,Chicago Stars,Jameese Joseph,jameese joseph,W,1539,3.6881,2.1789,2.0196,2.0248,0.34309941520467835,3.3960000000000004,-0.41130000000000005,-0.02405263157894737,0.0911,0.029500000000000002,-0.38070000000000004,-0.1468,0.1824,-0.18680000000000002,0.0
2025,Chicago Stars,Jenna Bike,jenna bike,W,478,0.44870000000000004,0.2243,0.0,0.30160000000000003,0.12671548117154813,0.47200000000000003,-0.4296000000000001,-0.08088702928870295,-0.031100000000000003,-0.19920000000000002,-0.036500000000000005,0.0375,-0.129,-0.0713,0.0
2025,Chicago Stars,Julia Grosso,julia grosso,CM,2221,1.7575,3.5589,0.8421000000000001,1.4524,0.2154326879783881,2.5478,-1.6107,-0.06526924808644755,-0.2732,-0.0855,0.0488,-0.9729000000000001,-0.2515,-0.07640000000000001,0.0
2025,Chicago Stars,Justina Gaynor,justina gaynor,FB,80,0.0,0.0199,0.0,0.0,0.0223875,0.14279999999999998,0.0422,0.047475,-0.009600000000000001,-0.026600000000000002,-0.0207,-0.016800000000000002,0.1179,-0.002,0.0
2025,Chicago Stars,Kathrin Hendrich,kathrin hendrich,CB,1253,0.5159,0.182,0.0,0.5106,0.05012849162011173,0.9501000000000002,-0.46330000000000005,-0.03327773343974461,-0.028200000000000003,-0.2515,0.1621,-0.1313,-0.0533,-0.16110000000000002,0.0
2025,Chicago Stars,Leilanni Nesbeth,leilanni nesbeth,DM,287,0.1489,0.2772,0.0,0.26930000000000004,0.13362020905923344,0.4054000000000001,-0.17320000000000002,-0.05431358885017422,-0.0954,0.1046,-0.0346,-0.17120000000000002,0.07010000000000001,-0.046700000000000005,0.0
2025,Chicago Stars,Ludmila,ludmila,ST,2046,5.9939,2.1906,7.0083,3.5624000000000002,0.3600219941348973,6.7043,1.3033000000000001,0.05732991202346041,-0.0979,0.6643,2.1991,-1.1869,-0.11080000000000001,-0.1645,0.0
2025,Chicago Stars,Maitane López,maitane lopez,DM,1837,0.33840000000000003,0.7207,0.0,0.3195,0.05188840500816548,0.9062000000000001,-1.5857000000000003,-0.07768807838867721,-0.30760000000000004,-0.37620000000000003,0.0373,-0.5616,-0.1487,-0.22890000000000002,0.0
2025,Chicago Stars,Manaka Hayashi,manaka hayashi,CM,776,0.8005,1.3475,0.0,0.8708,0.24912371134020617,0.588,-0.7942,-0.09211082474226805,-0.2263,-0.1119,-0.1962,-0.3156,0.07540000000000001,-0.0196,0.0
2025,Chicago Stars,Micayla Johnson,micayla johnson,W,247,0.6159,0.10640000000000001,1.578,0.3239,0.2631862348178138,0.49129999999999996,-0.0407,-0.01482995951417004,0.1024,-0.0257,-0.0058000000000000005,-0.08650000000000001,-0.0603,0.0352,0.0
2025,Chicago Stars,Natalia Kuikka,natalia kuikka,FB,418,0.37360000000000004,0.0,0.0,0.3647,0.08044019138755981,0.4755000000000001,-0.04189999999999998,-0.009021531100478463,0.059800000000000006,-0.0196,-0.0227,0.016300000000000002,-0.096,0.020300000000000002,0.0
2025,Chicago Stars,Nádia Gomes,nadia gomes,W,772,1.8386,0.9877,1.747,1.4762,0.329490932642487,1.6547999999999998,-0.15649999999999994,-0.018244818652849736,-0.1308,0.0692,0.39230000000000004,-0.3865,-0.03,-0.0707,0.0
2025,Chicago Stars,Sam Staab,sam staab,CB,2438,1.0594,2.0198,1.7223,0.9513,0.11367022149302708,5.0085999999999995,2.202,0.08128794093519277,0.1259,0.9876,0.1022,-0.02,0.8645,0.1418,0.0
2025,Chicago Stars,Samantha Cary,samantha cary,FB,220,0.0,0.0152,0.0,0.0,0.006218181818181818,-0.5241,-0.8004999999999999,-0.3274772727272727,-0.0263,0.019700000000000002,-0.019700000000000002,-0.0287,-0.7356,-0.0099,0.0
2025,Chicago Stars,Shea Groom,shea groom,CM,873,0.977,1.2807,1.4981,0.8585,0.23275257731958762,1.474,-0.3488,-0.03595876288659794,-0.0838,-0.0145,-0.0257,-0.2587,0.0565,-0.022600000000000002,0.0
2025,Chicago Stars,Taylor Wood,taylor wood,FB,2659,0.363,1.5265,0.0,0.31520000000000004,0.06395449417074088,2.0540000000000003,-1.2850000000000001,-0.043493794659646486,-0.1784,-0.8237,-0.5779000000000001,-0.335,0.5683,0.061700000000000005,0.0
2025,Current,Alana Cook,alana cook,CB,665,0.034300000000000004,0.0,0.0,0.001,0.004642105263157895,0.4863,-0.2639,-0.035715789473684215,-0.0112,-0.0142,0.010400000000000001,-0.06420000000000001,-0.2363,0.0516,0.0
2025,Current,Alexandra Pfeiffer,alexandra pfeiffer,W,176,0.15560000000000002,0.0719,0.0,0.0131,0.1163352272727273,0.5223,0.14819999999999997,0.0757840909090909,0.0267,-0.0085,-0.0238,-0.0884,-0.0005,0.2427,0.0
2025,Current,Bayley Feist,bayley feist,DM,238,0.1691,0.0403,0.0,0.0634,0.07918487394957983,0.045100000000000015,-0.4217,-0.15946638655462186,-0.0591,-0.1226,-0.0839,-0.1013,-0.0425,-0.0123,0.0
2025,Current,Bia Zaneratto,bia zaneratto,ST,1893,5.7152,3.9747,2.6872,3.7539000000000002,0.4606925515055467,6.3078,1.1331999999999998,0.05387638668779713,0.0004,1.077,-0.08510000000000001,-0.0901,0.1764,0.0546,0.0
2025,Current,Claire Hutton,claire hutton,DM,2174,1.3684,1.8956,0.0,0.8029000000000001,0.13512419503219872,3.0094,-0.044300000000000034,-0.0018339466421343161,-0.1811,0.2368,-0.2411,-0.38320000000000004,0.2679,0.2564,0.0
2025,Current,Debinha,debinha,AM,1660,7.2827,4.2358,2.6962,4.0372,0.6244969879518073,4.732,0.8183,0.04436566265060241,0.43420000000000003,0.5345,0.1306,0.3708,-0.6068,-0.045,0.0
2025,Current,Elizabeth Ball,elizabeth ball,CB,1609,0.5833,0.0,0.0451,0.1587,0.03262709757613425,1.3152,-0.6105,-0.03414853946550653,0.0292,0.0073,-0.1165,-0.0012000000000000001,-0.3869,-0.1424,0.0
2025,Current,Ellie Bravo-Young,ellie bravo young,FB,1579,0.9195000000000001,0.45730000000000004,0.6029,0.3997,0.07847498416719444,1.7804000000000002,-0.41490000000000005,-0.023648511716276126,0.1373,0.18460000000000001,-0.0081,-0.1671,-0.5874,0.0258,0.0
2025,Current,Gabrielle Robinson,gabrielle robinson,CB,465,0.1019,0.0,0.0,0.0742,0.01972258064516129,0.4911,-0.10600000000000001,-0.020516129032258065,0.002,0.0528,0.0702,-0.038700000000000005,-0.18710000000000002,-0.005200000000000001,0.0
2025,Current,Hailie Mace,hailie mace,FB,1921,0.1578,1.5899,0.0,0.1105,0.08188079125455491,3.1664999999999996,0.7199,0.033727745965642895,-0.22510000000000002,0.5602,0.049800000000000004,-0.3776,0.6481,0.0645,0.0
2025,Current,Haley Hopkins,haley hopkins,W,644,1.3192,0.8308000000000001,0.5882000000000001,0.9761000000000001,0.30046583850931674,1.4160000000000001,-0.1466,-0.020487577639751554,-0.16670000000000001,0.15410000000000001,-0.1101,-0.018500000000000003,0.058,-0.0634,0.0
2025,Current,Isabel Rodriguez,isabel rodriguez,FB,2523,1.0106,3.6941,0.5964,0.7297,0.16782520808561235,3.5355000000000003,0.36740000000000006,0.013105826397146256,0.0189,0.2871,-0.0089,-0.0902,0.0512,0.10930000000000001,0.0
2025,Current,Katharine Scott,katharine scott,FB,127,0.0,0.0279,0.0,0.0,0.019771653543307087,0.1935,0.03400000000000001,0.024094488188976384,-0.0152,0.0529,0.015600000000000001,-0.028,0.0061,0.0026000000000000003,0.0
2025,Current,Kayla Sharples,kayla sharples,CB,2536,1.1069,0.44830000000000003,0.1658,0.6271,0.055192429022082025,3.8687,1.008,0.03577287066246057,0.12860000000000002,0.17980000000000002,0.0848,0.3527,0.307,-0.0449,0.0
2025,Current,Lacho Marta,lacho marta,ST,193,0.249,0.2288,0.0,0.1736,0.22280829015544043,0.389,-0.05740000000000001,-0.026766839378238347,0.055400000000000005,-0.09140000000000001,-0.058100000000000006,-0.044,0.09860000000000001,-0.0179,0.0
2025,Current,Laurel Ivory,laurel ivory,GK,199,0.0,0.0,0.0,0.0,0.0,,,,,,,,,,
2025,Current,Lo'eau LaBonta,lo eau labonta,CM,2347,4.7612,1.9914,1.5552,1.6221,0.2589407754580315,2.4968,-0.638,-0.024465274818917766,-0.1139,-0.124,-0.0636,-0.6116,0.23090000000000002,0.0442,0.0
2025,Current,Lorena Silva,lorena silva,GK,2625,0.0,0.0,0.0,0.0,0.0,,,,,,,,,,
2025,Current,Mary Long,mary long,ST,233,0.4313,0.1976,0.0,0.3896,0.24292274678111586,0.09899999999999999,-0.47030000000000005,-0.1816609442060086,-0.0565,-0.11720000000000001,-0.20980000000000001,-0.0051,-0.0545,-0.027200000000000002,0.0
2025,Current,Michelle Cooper,michelle cooper,W,1369,4.3296,5.476,2.4882,2.2435,0.6446340394448503,5.215800000000001,2.0524000000000004,0.134927684441198,0.12510000000000002,0.5294,0.9838,0.5388000000000001,0.054400000000000004,-0.1791,0.0
2025,Current,Mwanalima Jereko,mwanalima jereko,CM,4,0.0,0.0,0.0,0.0,0.0,-0.006500000000000001,-0.012700000000000001,-0.28575,-0.0013000000000000002,-0.0082,0.0,-0.0008,-0.0023,-0.0001,0.0
2025,Current,Nichelle Prince,nichelle prince,W,988,2.0272,1.1361,0.3536,0.7499,0.2881548582995952,2.5614,0.3801,0.03462449392712551,0.042800000000000005,0.049100000000000005,0.2013,0.0027,0.2277,-0.14350000000000002,0.0
2025,Current,Regan Steigleder,regan steigleder,FB,33,0.0,0.0,0.0,0.0,0.0,0.06369999999999999,0.026399999999999996,0.072,-0.0026000000000000003,0.023,0.0235,-0.0048000000000000004,-0.0151,0.0024000000000000002,0.0
2025,Current,Rocky Rodríguez,rocky rodriguez,CM,902,0.341,0.18760000000000002,0.0,0.1789,0.05274279379157429,0.8370000000000001,-0.40130000000000005,-0.04004101995565411,-0.1087,-0.0332,0.0026000000000000003,-0.30160000000000003,0.061900000000000004,-0.0223,0.0
2025,Current,Temwa Chawinga,temwa chawinga,W,2023,14.0367,3.3295,3.0957,5.9988,0.7725941670785961,12.234300000000001,7.5887,0.33760899653979237,0.8601000000000001,-1.6253,1.8071,5.3862,0.7059000000000001,0.45470000000000005,0.0
2025,Current,Vanessa DiBernardo,vanessa dibernardo,AM,981,0.6599,1.1873,0.0,0.1297,0.16946788990825687,1.5779000000000003,-0.15689999999999998,-0.014394495412844035,-0.1617,0.43160000000000004,0.0105,-0.34040000000000004,-0.06520000000000001,-0.0317,0.0
2025,Gotham FC,Ann-Katrin Berger,ann katrin berger,GK,2823,0.0,0.2197,0.0,0.0,0.007004250797024442,,,,,,,,,,
2025,Gotham FC,Bruninha,bruninha,FB,1754,0.0,1.2851,0.0,0.0,0.06594013683010262,1.5732,-1.1834,-0.0607217787913341,-0.42160000000000003,0.44920000000000004,-0.1877,-0.5708,-0.39540000000000003,-0.057100000000000005,0.0
2025,Gotham FC,Ella Stevens,ella stevens,ST,734,1.1043,1.4797,0.0,0.8279000000000001,0.3168392370572207,1.2861,-0.349,-0.04279291553133515,-0.035,0.13390000000000002,-0.4293,0.0703,-0.0708,-0.0181,0.0
2025,Gotham FC,Emily Sonnett,emily sonnett,CB,3032,1.271,0.3804,0.0,0.8074,0.04901912928759894,2.9333000000000005,-0.48669999999999997,-0.014446899736147756,-0.10840000000000001,-1.1271,0.264,0.7603000000000001,-0.40850000000000003,0.133,0.0
2025,Gotham FC,Esther González,esther gonzalez,ST,2370,8.552200000000001,1.8673,4.6217,5.203,0.3956772151898735,6.3041,0.16980000000000003,0.006448101265822786,0.2437,-0.6136,-0.20120000000000002,0.5106,-0.038900000000000004,0.2692,0.0
2025,Gotham FC,Gabi Portilho,gabi portilho,W,1253,2.6232,1.8358,2.1403,1.5268,0.32027932960893857,3.3099000000000003,0.4377000000000001,0.03143894652833201,0.0204,0.10450000000000001,-0.3906,0.25830000000000003,0.2146,0.2305,0.0
2025,Gotham FC,Geyse,geyse,W,1019,1.6226,1.0133,0.5056,0.9096000000000001,0.23280765456329736,2.3188,-0.19160000000000005,-0.016922473012757608,-0.054,0.0692,0.27,-0.5961000000000001,0.17470000000000002,-0.055400000000000005,0.0
2025,Gotham FC,Jaelin Howell,jaelin howell,DM,2915,2.7368,0.9385,0.9338000000000001,1.6519,0.11347409948542025,3.8307999999999995,-0.16190000000000004,-0.004998627787307034,0.0989,-0.6259,0.0763,-0.3536,0.5091,0.1333,0.0
2025,Gotham FC,Jess Carter,jess carter,CB,2488,0.1491,0.162,0.0,0.10790000000000001,0.011253617363344053,0.3079,-2.5475000000000003,-0.09215233118971061,-0.1952,-0.5162,-0.3032,-0.19540000000000002,-1.2128,-0.1247,0.0
2025,Gotham FC,Josefine Hasbo,josefine hasbo,CM,738,0.10590000000000001,0.0592,0.0,0.0568,0.02013414634146342,0.23290000000000002,-0.8576,-0.10458536585365855,-0.164,-0.16390000000000002,-0.26980000000000004,-0.27030000000000004,-0.0061,0.0165,0.0
2025,Gotham FC,Jéssica Silva,jessica silva,W,106,1.0207,0.0,0.0,0.389,0.8666320754716981,0.7087,0.5009,0.4252924528301887,0.0718,0.0273,0.1749,0.21280000000000002,0.0099,0.004200000000000001,0.0
2025,Gotham FC,Katie Lampson,katie lampson,ST,698,2.4306,0.6597000000000001,0.0103,0.7269,0.39846275071633236,2.0293,0.3416,0.044045845272206306,0.0497,0.0091,-0.1655,0.4738,0.0222,-0.0477,0.0
2025,Gotham FC,Kayla Duran,kayla duran,FB,194,0.14980000000000002,0.0219,0.0,0.0105,0.07965463917525774,0.35629999999999995,0.0557,0.02584020618556701,0.031200000000000002,0.013000000000000001,-0.09040000000000001,-0.0307,0.0717,0.0609,0.0
2025,Gotham FC,Khyah Harper,khyah harper,ST,289,0.511,0.1032,0.43160000000000004,0.44520000000000004,0.19127335640138407,0.4972000000000001,-0.1961,-0.06106920415224913,-0.054,0.0058000000000000005,-0.019200000000000002,-0.0478,-0.0648,-0.0161,0.0
2025,Gotham FC,Lilly Reale,lilly reale,FB,2553,0.871,1.3737,0.019700000000000002,0.39740000000000003,0.0791316098707403,3.2829000000000006,0.07700000000000003,0.0027144535840188024,-0.10060000000000001,0.21180000000000002,0.5086,0.0068000000000000005,-0.4118,-0.1378,0.0
2025,Gotham FC,Mandy Freeman,mandy freeman,CB,1614,0.127,0.5543,0.0,0.0297,0.037990706319702604,1.4030999999999998,-0.6021000000000001,-0.033574349442379185,-0.0844,0.222,-0.1051,-0.20620000000000002,-0.4853,0.056900000000000006,0.0
2025,Gotham FC,Mckenna Whitham,mckenna whitham,W,87,0.19890000000000002,0.0,0.0,0.3739,0.2057586206896552,0.1431,-0.07970000000000001,-0.08244827586206897,0.0281,-0.0165,-0.09820000000000001,0.0514,-0.0284,-0.0161,0.0
2025,Gotham FC,Midge Purce,midge purce,W,1571,1.758,1.7263,0.5112,0.8517,0.1996098026734564,3.2462,-0.3781000000000001,-0.021660725652450676,-0.13390000000000002,0.0555,0.446,-0.7172000000000001,0.0728,-0.1013,0.0
2025,Gotham FC,Rose Lavelle,rose lavelle,CM,1523,4.4508,2.2373,2.9083,2.0477,0.39522586999343406,3.6340999999999997,1.2971000000000001,0.07665068942875905,0.4057,-0.1816,0.18460000000000001,0.7214,0.0251,0.1419,0.0
2025,Gotham FC,Ryan Campbell,ryan campbell,GK,12,0.0,0.0,0.0,0.0,0.0,,,,,,,,,,
2025,Gotham FC,Sarah Schupansky,sarah schupansky,CM,1664,0.7536,3.0793,0.5318,0.5151,0.20730829326923078,1.4803,-1.3987,-0.07565084134615385,-0.3183,-0.062200000000000005,-0.2421,-0.5711,-0.2255,0.0205,0.0
2025,Gotham FC,Shelby Hogan,shelby hogan,GK,203,0.0,0.0,0.0,0.0,0.0,,,,,,,,,,
2025,Gotham FC,Sofia Cook,sofia cook,DM,246,0.27240000000000003,0.11180000000000001,0.0,0.27390000000000003,0.1405609756097561,0.2661,-0.17310000000000003,-0.06332926829268294,0.0489,-0.0024000000000000002,-0.1287,-0.0194,-0.0835,0.012,0.0
2025,Gotham FC,Stella Nyamekye,stella nyamekye,CM,35,0.0,0.0,0.0,0.0,0.0,-0.05280000000000001,-0.1066,-0.2741142857142857,-0.0112,-0.0281,-0.0351,-0.0179,-0.0134,-0.0009000000000000001,0.0
2025,Gotham FC,Taryn Torres,taryn torres,DM,879,0.4738,0.5503,0.0,0.15360000000000001,0.10485665529010238,0.5309999999999999,-0.6503000000000001,-0.06658361774744027,-0.0627,-0.24350000000000002,-0.1396,-0.2374,0.0897,-0.0568,0.0
2025,Gotham FC,Tierna Davidson,tierna davidson,CB,250,0.2003,0.0,0.0,0.1091,0.072108,0.4605,0.1782,0.064152,0.0207,-0.0046,0.046900000000000004,0.10640000000000001,-0.0073,0.0161,0.0
2025,Houston Dash,Abby Smith,abby smith,GK,920,0.0,0.0,0.0,0.0,0.0,,,,,,,,,,
2025,Houston Dash,Allysha Chapman,allysha chapman,FB,772,0.0,0.1416,0.0,0.0,0.01650777202072539,0.43370000000000003,-0.5266000000000001,-0.06139119170984457,-0.0893,-0.1542,-0.092,-0.13240000000000002,-0.1301,0.0714,0.0
2025,Houston Dash,Anna Heilferty,anna heilferty,FB,94,0.2518,0.0,0.0,0.096,0.24108510638297873,0.5236000000000001,0.35640000000000005,0.3412340425531915,0.007500000000000001,-0.055,0.0119,-0.059500000000000004,0.14780000000000001,0.3037,0.0
2025,Houston Dash,Avery Patterson,avery patterson,FB,2135,2.1087,1.718,1.7036,1.2536,0.1613128805620609,4.2940000000000005,1.613,0.06799531615925059,0.4469,-0.2811,0.6369,0.4083,0.3272,0.0748,0.0
2025,Houston Dash,Bárbara Olivieri,barbara olivieri,W,987,2.05,1.347,1.1663000000000001,1.4293,0.30975683890577504,1.8338,-0.4203,-0.03832522796352584,-0.0781,0.3034,-0.3134,-0.1092,-0.12140000000000001,-0.10160000000000001,0.0
2025,Houston Dash,Christen Westphal,christen westphal,FB,576,0.0,0.1589,0.0,0.0,0.024828125,0.5073000000000001,-0.2627,-0.041046875,-0.09090000000000001,-0.014400000000000001,-0.0151,-0.17880000000000001,0.27340000000000003,-0.2369,0.0
2025,Houston Dash,Clarissa Laris­ey,clarissa larisey,ST,455,0.7909,0.3186,0.6009,0.5467000000000001,0.2194615384615385,0.5655,-0.6429,-0.12716703296703297,-0.19990000000000002,0.10160000000000001,-0.16640000000000002,-0.3538,0.0145,-0.038900000000000004,0.0
2025,Houston Dash,Danielle Colaprico,danielle colaprico,CM,2467,0.4355,0.4292,0.0,0.2511,0.03154560194568302,1.3594999999999997,-2.0399000000000003,-0.07441872719902717,-0.3491,-0.7161000000000001,-0.0061,-0.8892,-0.0555,-0.0239,0.0
2025,Houston Dash,Delanie Sheehan,delanie sheehan,CM,2319,1.663,2.4838,0.3541,0.9629000000000001,0.1609366106080207,2.3453999999999997,-2.4327,-0.09441267787839587,-0.47200000000000003,-0.6261,0.027,-1.021,-0.2354,-0.1052,0.0
2025,Houston Dash,Diana Ordoñez,diana ordonez,ST,82,0.5763,0.0,0.0,0.22740000000000002,0.6325243902439025,0.2828,0.07250000000000001,0.07957317073170733,0.025500000000000002,0.008700000000000001,-0.0274,0.1179,-0.0425,-0.0097,0.0
2025,Houston Dash,Evelina Duljan,evelina duljan,W,539,0.581,0.6032000000000001,1.7179,0.8399000000000001,0.19773283858998147,0.2892,-1.0349000000000002,-0.17280333951762525,-0.133,-0.0653,-0.211,-0.47400000000000003,-0.16,0.008400000000000001,0.0
2025,Houston Dash,Jane Campbell,jane campbell,GK,1757,0.0,0.0,0.0,0.0,0.0,,,,,,,,,,
2025,Houston Dash,Katie Lind,katie lind,CB,1330,0.7907000000000001,0.0,0.0,0.3614,0.05350601503759399,1.9741000000000002,0.4526,0.03062706766917293,0.06280000000000001,-0.0122,-0.0546,0.2728,0.3561,-0.1723,0.0
2025,Houston Dash,Kiki Van Zanten,kiki van zanten,W,1251,0.97,1.7586,2.1279,0.626,0.1963021582733813,2.5421000000000005,-0.1904,-0.013697841726618705,-0.1017,-0.08940000000000001,0.3153,-0.6724,0.4228,-0.065,0.0
2025,Houston Dash,Lisa Boattin,lisa boattin,FB,300,0.012700000000000001,0.0,0.0,0.00030000000000000003,0.00381,0.33849999999999997,-0.1053,-0.03159,-0.048400000000000006,-0.0054,-0.09480000000000001,-0.08220000000000001,0.10260000000000001,0.0229,0.0
2025,Houston Dash,Maggie Graham,maggie graham,CM,1725,2.4414000000000002,1.0422,1.6384,1.8262,0.18175304347826085,1.462,-1.2344000000000002,-0.06440347826086958,-0.1537,-0.7221000000000001,-0.5692,0.42510000000000003,0.0352,-0.2497,0.0
2025,Houston Dash,Messiah Bright,messiah bright,ST,1437,3.1124,0.6512,1.5449,1.341,0.23571607515657622,2.2199000000000004,-1.6680000000000001,-0.10446764091858038,-0.39430000000000004,-0.211,-0.4677,-0.1736,-0.2652,-0.1562,0.0
2025,Houston Dash,Michelle Alozie,michelle alozie,FB,796,0.5639000000000001,0.14250000000000002,0.0694,0.2606,0.07986934673366836,0.9384,-0.264,-0.029849246231155778,-0.0794,-0.21680000000000002,-0.038200000000000005,0.1882,-0.1008,-0.017,0.0
2025,Houston Dash,Paige Nielsen,paige nielsen,CB,2542,1.2423,0.14780000000000001,0.712,0.9339000000000001,0.049216758457907156,2.6170000000000004,-0.2628,-0.009304484657749803,0.026000000000000002,-0.2536,-0.0499,-0.028200000000000003,-0.0714,0.1143,0.0
2025,Houston Dash,Ramona Bachmann,ramona bachmann,ST,47,0.0,0.0,0.0,0.0,0.0,0.0029,-0.10020000000000001,-0.19187234042553192,-0.023700000000000002,-0.0183,-0.022600000000000002,-0.0313,0.006,-0.0103,0.0
2025,Houston Dash,Ryan Gareis,ryan gareis,W,1128,0.4077,1.4355,0.5423,0.2013,0.14706382978723403,0.9339999999999999,-1.1092000000000002,-0.08850000000000001,-0.1796,-0.2737,-0.1776,-0.29710000000000003,-0.1716,-0.009600000000000001,0.0
2025,Houston Dash,Sarah Puntigam,sarah puntigam,CM,814,0.3275,0.5039,0.0,0.3487,0.09192383292383292,0.6892,-0.44980000000000003,-0.04973218673218674,-0.1047,-0.116,0.056600000000000004,-0.19870000000000002,-0.0975,0.0105,0.0
2025,Houston Dash,Sophie Schmidt,sophie schmidt,DM,286,0.9056000000000001,0.5399,1.7926,0.5076,0.4548776223776224,0.7242,0.2662,0.08376923076923078,0.0656,0.0563,-0.0825,0.1708,0.062,-0.006,0.0
2025,Houston Dash,Yazmeen Ryan,yazmeen ryan,W,2466,4.8796,3.2394,2.2494,2.5764,0.2963138686131387,5.1457999999999995,-0.9441999999999999,-0.03445985401459854,-0.4471,0.33890000000000003,-0.1736,-1.0058,0.1908,0.1526,0.0
2025,NC Courage,Aline,aline,W,442,1.0564,0.3035,0.8338,0.6478,0.2769027149321267,1.012,0.10260000000000001,0.020891402714932127,-0.0064,-0.025500000000000002,0.1247,0.0908,-0.0665,-0.0145,0.0
2025,NC Courage,Ashley Sanchez,ashley sanchez,AM,1629,3.0871,3.3951000000000002,0.6938000000000001,2.4317,0.3581325966850829,4.5600000000000005,0.9449,0.05220441988950276,0.0834,0.6035,0.4958,-0.30260000000000004,-0.154,0.21880000000000002,0.0
2025,NC Courage,Brianna Pinto,brianna pinto,ST,752,2.2466,0.054200000000000005,0.6654,1.1336,0.27536170212765954,1.4897,-0.22319999999999995,-0.026712765957446802,0.09050000000000001,-0.4187,-0.18080000000000002,0.5393,-0.24430000000000002,-0.0092,0.0
2025,NC Courage,Casey Murphy,casey murphy,GK,2191,0.0,0.0,0.0,0.0,0.0,,,,,,,,,,
2025,NC Courage,Cortnee Vine,cortnee vine,ST,612,1.8442,0.5197,0.5757,1.13,0.3476323529411765,0.9269000000000001,-0.48989999999999995,-0.07204411764705881,0.0026000000000000003,-0.3119,-0.3073,0.4415,-0.06860000000000001,-0.2462,0.0
2025,NC Courage,Dani Weatherholt,dani weatherholt,DM,669,0.039400000000000004,0.1661,0.0,0.038900000000000004,0.027645739910313903,0.241,-0.6162000000000001,-0.0828968609865471,-0.1066,-0.08420000000000001,-0.056400000000000006,-0.12860000000000002,-0.2755,0.0351,0.0
2025,NC Courage,Denise O'Sullivan,denise o sullivan,DM,1765,0.6124,1.1323,0.0,0.5051,0.08896487252124646,1.9347000000000003,-0.5761000000000001,-0.029376203966005668,-0.21680000000000002,-0.0596,0.0482,-0.5382,0.2586,-0.0683,0.0
2025,NC Courage,Felicitas Rauch,felicitas rauch,FB,733,0.5103,2.1749,1.2261,0.3089,0.3296971350613916,0.8665,-0.053899999999999976,-0.006618008185538878,0.062,0.18660000000000002,-0.21880000000000002,0.0937,-0.1491,-0.028300000000000002,0.0
2025,NC Courage,Hannah Betfort,hannah betfort,ST,890,2.2336,0.2466,0.5374,1.9812,0.2508067415730337,1.5303,-0.7637,-0.07722808988764045,-0.187,-0.1558,-0.2306,0.07640000000000001,-0.23340000000000002,-0.0333,0.0
2025,NC Courage,Heather MacNab,heather macnab,AM,16,0.0,0.016800000000000002,0.0,0.0,0.09450000000000001,0.002000000000000001,-0.0251,-0.1411875,-0.0057,-0.007500000000000001,-0.0029000000000000002,-0.009000000000000001,0.0004,-0.0004,0.0
2025,NC Courage,Kaleigh Kurtz,kaleigh kurtz,CB,2717,0.7618,0.2,1.6341,0.6701,0.03185940375414059,4.3146,1.2498,0.04139933750460066,-0.0048000000000000004,0.6438,0.1081,-0.023200000000000002,0.596,-0.07010000000000001,0.0
2025,NC Courage,Manaka Matsukubo,manaka matsukubo,ST,2322,9.916,3.8853,5.5502,6.7978,0.5349341085271319,8.047799999999999,2.3014,0.0892015503875969,0.2939,0.49110000000000004,-0.5811000000000001,1.4686000000000001,0.2189,0.41000000000000003,0.0
2025,NC Courage,Marisa Jordan,marisa jordan,GK,526,0.0,0.0,0.0,0.0,0.0,,,,,,,,,,
2025,NC Courage,Maycee Bell,maycee bell,CB,2212,0.8396,0.4436,0.0,0.6099,0.05220976491862567,2.5353999999999997,0.005000000000000011,0.00020343580470162794,0.0444,-0.2952,-0.3765,0.2916,0.1955,0.1452,0.0
2025,NC Courage,Meredith Speck,meredith speck,DM,567,0.9434,1.4761,0.4072,0.36460000000000004,0.3840476190476191,0.9955,-0.06940000000000002,-0.011015873015873019,-0.033800000000000004,-0.015,-0.2526,0.4314,-0.2011,0.0017000000000000001,0.0
2025,NC Courage,Natalia Staude,natalia staude,CB,773,0.3048,0.0309,0.0,0.12430000000000001,0.03908538163001294,1.305,0.3194,0.0371875808538163,-0.0713,-0.0059,0.012700000000000001,0.1004,0.2472,0.0363,0.0
2025,NC Courage,Riley Jackson,riley jackson,CM,2180,2.3937,2.3789000000000002,1.7035,0.7848,0.19703394495412846,2.7239,-0.23570000000000008,-0.009730733944954132,-0.2474,0.9875,-0.1097,-0.6617000000000001,-0.1429,-0.061500000000000006,0.0
2025,NC Courage,Ryan Williams,ryan williams,FB,2703,1.3911,2.5751,0.8455,1.0002,0.13205993340732516,4.2612000000000005,0.7768999999999999,0.025867924528301882,0.03,-0.3658,-0.4585,0.719,0.8347,0.0175,0.0
2025,NC Courage,Shinomi Koyama,shinomi koyama,DM,1614,4.4777000000000005,1.466,1.9304000000000001,2.7659000000000002,0.3314330855018588,4.0566,1.4744000000000002,0.08221561338289964,0.3316,0.40990000000000004,0.044700000000000004,0.507,-0.0931,0.2743,0.0
2025,NC Courage,Tyler Lussi,tyler lussi,W,1399,2.7882000000000002,1.6579,1.2917,2.1321,0.2860250178699071,2.8704,0.44199999999999995,0.02843459614010007,0.5295,0.0082,-0.0497,0.169,-0.155,-0.06,0.0
2025,Orlando Pride,Ally Brazier,ally brazier,W,1815,4.9364,1.2377,1.2579,3.3657,0.30615371900826444,4.606,0.1989000000000001,0.009862809917355376,0.044500000000000005,-0.7637,-0.042800000000000005,0.7796000000000001,-0.0815,0.26280000000000003,0.0
2025,Orlando Pride,Ally Lemos,ally lemos,DM,1857,0.7842,0.9921000000000001,0.0,0.6378,0.08608885298869144,1.6748,-1.5408,-0.07467528271405492,-0.3331,0.0079,-0.37360000000000004,-0.8277,0.051300000000000005,-0.0656,0.0
2025,Orlando Pride,Angelina,angelina,DM,2359,1.9166,2.2913,0.0,1.4711,0.16053878762187368,2.1911,-1.7930000000000001,-0.0684061042814752,-0.5166000000000001,0.0545,-0.7362000000000001,-0.8634000000000001,0.0475,0.2212,0.0
2025,Orlando Pride,Anna Moorhouse,anna moorhouse,GK,2857,0.0,0.0,0.0,0.0,0.0,,,,,,,,,,
2025,Orlando Pride,Barbra Banda,barbra banda,ST,1568,8.7363,1.5277,3.0339,5.5734,0.5891326530612245,8.8984,4.5886,0.2633762755102041,0.8504,-0.27890000000000004,2.9043,0.7634000000000001,-0.0918,0.44120000000000004,0.0
2025,Orlando Pride,Brianna Martínez,brianna martinez,FB,8,0.0,0.0,0.0,0.0,0.0,0.012600000000000002,0.0024999999999999996,0.028124999999999994,-0.001,0.0067,-0.0005,0.0017000000000000001,-0.0013000000000000002,-0.0031000000000000003,0.0
2025,Orlando Pride,Carson Pickett,carson pickett,FB,1516,0.9423,1.2354,1.9398,0.7592,0.129282981530343,1.5330000000000001,-1.0847,-0.06439511873350923,-0.014,-0.0472,-0.421,-0.34840000000000004,-0.1899,-0.06420000000000001,0.0
2025,Orlando Pride,Cori Dyke,cori dyke,FB,1499,0.1598,0.4536,0.0574,0.08320000000000001,0.0368285523682455,1.1971999999999998,-0.6533000000000001,-0.03922414943295531,-0.0795,0.2179,-0.3584,-0.1749,-0.2882,0.0298,0.0
2025,Orlando Pride,Emily Sams,emily sams,CB,2836,0.083,0.3801,0.0,0.11510000000000001,0.014696403385049364,3.4464000000000006,0.15680000000000005,0.00497602256699577,-0.2197,0.33190000000000003,0.198,-0.2038,0.11270000000000001,-0.0623,0.0
2025,Orlando Pride,Grace Chanda,grace chanda,W,81,0.1637,0.0,0.0,0.2172,0.1818888888888889,0.1488,-0.03420000000000001,-0.038000000000000006,0.0345,-0.032600000000000004,0.0733,-0.0853,-0.006900000000000001,-0.0172,0.0
2025,Orlando Pride,Haley McCutcheon,haley mccutcheon,FB,2797,5.605,1.1527,0.8602000000000001,2.7988,0.2174447622452628,4.3949,0.2263,0.007281730425455845,0.1355,-0.737,-0.19010000000000002,1.0842,0.0641,-0.13040000000000002,0.0
2025,Orlando Pride,Julie Doyle,julie doyle,W,666,1.1723,0.9038,0.0006000000000000001,0.7251000000000001,0.28055405405405404,0.4871,-1.0314,-0.13937837837837838,-0.22610000000000002,0.0553,-0.39990000000000003,-0.2485,-0.17500000000000002,-0.037200000000000004,0.0
2025,Orlando Pride,Kerry Abello,kerry abello,FB,2098,0.6226,0.716,0.8931,0.31670000000000004,0.0574232602478551,2.6048,-0.17970000000000003,-0.0077087702573879905,0.0931,-0.0625,0.15480000000000002,-0.43170000000000003,0.038,0.0286,0.0
2025,Orlando Pride,Kylie Nadaner,kylie nadaner,FB,1845,0.107,0.2672,0.0,0.0862,0.018253658536585365,1.6117000000000001,-0.4694,-0.022897560975609757,-0.055900000000000005,0.36260000000000003,-0.0487,-0.1422,-0.7314,0.1462,0.0
2025,Orlando Pride,Lizbeth Ovalle,lizbeth ovalle,W,956,2.9753,2.0281,0.5628000000000001,1.5163,0.471031380753138,2.002,-0.3051,-0.028722803347280335,0.203,-0.019100000000000002,-0.4999,0.29660000000000003,-0.1686,-0.11710000000000001,0.0
2025,Orlando Pride,Luana,luana,DM,89,0.7578,0.1307,0.0,0.0,0.8984831460674157,0.039,-0.1365,-0.13803370786516855,-0.0386,0.0422,-0.0373,-0.0562,-0.045700000000000005,-0.0009000000000000001,0.0
2025,Orlando Pride,Marta,marta,ST,2128,4.5585,4.6239,1.8962,2.1956,0.3883533834586467,4.7444,-0.5843999999999997,-0.02471616541353382,-0.5154,0.6576000000000001,0.6659,-1.6973,0.17070000000000002,0.1341,0.0
2025,Orlando Pride,McKinley Crone,mckinley crone,GK,161,0.0,0.0,0.0,0.0,0.0,,,,,,,,,,
2025,Orlando Pride,Morgan Gautrat,morgan gautrat,DM,812,0.5546,0.5048,0.0,0.3553,0.11742118226600987,1.0636,-0.3256,-0.036088669950738915,-0.0596,0.1124,-0.1464,-0.2863,0.07880000000000001,-0.0245,0.0
2025,Orlando Pride,Oihane Hernández,oihane hernandez,FB,1332,0.5209,1.5497,0.0,0.43360000000000004,0.13990540540540541,1.4803,-0.41830000000000006,-0.028263513513513517,-0.0726,-0.0117,-0.17450000000000002,-0.053200000000000004,-0.1109,0.0046,0.0
2025,Orlando Pride,Rafaelle,rafaelle,CB,1201,0.6661,0.2692,0.0,0.3098,0.07008909242298085,1.6621000000000004,0.2972,0.022271440466278103,0.1359,0.1041,0.023200000000000002,0.15410000000000001,-0.14,0.0199,0.0
2025,Orlando Pride,Simone Charley,simone charley,ST,363,2.0155,0.09970000000000001,1.5878,2.0259,0.5244297520661156,1.6823,0.8006,0.19849586776859504,0.133,0.0751,-0.3801,0.8285,-0.09290000000000001,0.23700000000000002,0.0
2025,Orlando Pride,Simone Jackson,simone jackson,W,271,0.7869,0.41200000000000003,0.0,0.5842,0.3981586715867159,0.823,0.2076,0.06894464944649446,0.1405,0.055600000000000004,-0.0088,0.1241,-0.1027,-0.0011,0.0
2025,Orlando Pride,Summer Yates,summer yates,W,694,1.0604,1.6051,0.0,0.9115000000000001,0.3456700288184438,1.1905000000000001,-0.1942,-0.025184438040345824,-0.016300000000000002,-0.09870000000000001,-0.4166,0.3563,-0.0704,0.051500000000000004,0.0
2025,Orlando Pride,Viviana Villacorta,viviana villacorta,DM,130,0.0,0.0,0.0,0.0,0.0,0.04,-0.1726,-0.1194923076923077,-0.0436,-0.006200000000000001,-0.0207,-0.08750000000000001,-0.0198,0.005200000000000001,0.0
2025,Orlando Pride,Zara Chavoshi,zara chavoshi,CB,611,0.057600000000000005,0.0,0.0,0.1086,0.008484451718494273,1.1548,0.3587,0.05283633387888707,-0.042100000000000005,0.0165,0.11560000000000001,-0.1263,0.4176,-0.022600000000000002,0.0
2025,Portland Thorns,Alexa Spaanstra,alexa spaanstra,W,752,0.5746,0.4193,0.0,0.5744,0.11895079787234042,0.9319000000000001,-0.7066000000000001,-0.08456648936170214,-0.2474,-0.21180000000000002,0.0801,-0.3668,0.0795,-0.0402,0.0
2025,Portland Thorns,Bella Bixby,bella bixby,GK,716,0.0,0.0,0.0,0.0,0.0,,,,,,,,,,
2025,Portland Thorns,Caiya Hanks,caiya hanks,W,736,1.7279,1.2518,0.6194000000000001,1.0354,0.3643654891304348,1.9162000000000003,0.27370000000000005,0.03346875000000001,-0.0117,-0.061700000000000005,0.46530000000000005,-0.1477,0.040400000000000005,-0.0109,0.0
2025,Portland Thorns,Daiane,daiane,CB,128,0.06330000000000001,0.0,0.0,0.0368,0.04450781250000001,0.5297000000000001,0.31960000000000005,0.22471875000000002,0.012,-0.0864,-0.0091,0.08850000000000001,0.29810000000000003,0.0165,0.0
2025,Portland Thorns,Deyna Castellanos,deyna castellanos,CM,1544,2.3746,1.7819,0.3271,1.4825,0.24228303108808294,2.9206999999999996,-0.7005,-0.04083225388601037,-0.147,0.5027,-0.3034,-0.5885,-0.012,-0.15230000000000002,0.0
2025,Portland Thorns,Isabella Obaze,isabella obaze,CB,2125,0.1683,0.28250000000000003,0.0,0.0659,0.019092705882352942,2.2988000000000004,-0.14550000000000005,-0.006162352941176473,-0.1062,-0.10740000000000001,-0.17950000000000002,-0.13820000000000002,0.254,0.1318,0.0
2025,Portland Thorns,Jayden Perry,jayden perry,CB,1517,2.73,0.0723,3.9727,3.344,0.1662537903757416,1.707,-0.2629,-0.015597231377719185,-0.1268,0.2937,-0.1306,-0.2785,-0.0536,0.0329,0.0
2025,Portland Thorns,Jessie Fleming,jessie fleming,CM,2167,2.3113,2.9441,0.8481000000000001,1.6338000000000001,0.21826765113059526,2.171,-1.4216000000000002,-0.059041993539455474,-0.265,0.08120000000000001,-0.5426,-0.6385000000000001,-0.029,-0.027700000000000002,0.0
2025,Portland Thorns,Kaitlyn Torpey,kaitlyn torpey,FB,1312,0.058,0.38530000000000003,0.0,0.0279,0.030409298780487808,0.9777000000000001,-0.6655,-0.045651676829268295,-0.1326,-0.3242,-0.391,-0.1907,0.3291,0.0439,0.0
2025,Portland Thorns,Laila Harbert,laila harbert,W,101,0.0,0.0,0.0,0.0,0.0,0.033299999999999996,-0.19740000000000002,-0.17590099009900992,-0.0539,-0.0061,-0.0108,-0.0843,-0.0129,-0.029400000000000003,0.0
2025,Portland Thorns,Mackenzie Arnold,mackenzie arnold,GK,2214,0.0,0.0,0.0,0.0,0.0,,,,,,,,,,
2025,Portland Thorns,Mallie McKenzie,mallie mckenzie,FB,1217,0.21130000000000002,0.6147,0.0,0.0426,0.06108463434675432,0.5844000000000001,-0.992,-0.0733607230895645,-0.0444,-0.0296,-0.21250000000000002,-0.12190000000000001,-0.6415000000000001,0.0579,0.0
2025,Portland Thorns,Marie-Yasmine Alidou,marie yasmine alidou,W,855,1.498,0.6214000000000001,0.5098,0.9449000000000001,0.2230947368421053,1.7084000000000001,-0.22460000000000002,-0.0236421052631579,-0.0956,-0.10350000000000001,-0.2351,-0.1539,0.16390000000000002,0.1996,0.0
2025,Portland Thorns,Olivia Moultrie,olivia moultrie,AM,2707,6.3337,5.062,4.2540000000000004,3.3629000000000002,0.3788743997044699,6.8999999999999995,1.3628,0.04530919837458441,0.6682,1.0598,-0.0468,-0.8129000000000001,-0.194,0.6885,0.0
2025,Portland Thorns,Pietra Tordin,pietra tordin,ST,1159,5.1814,1.038,0.9745,3.3124000000000002,0.48295599654874893,3.8359,0.854,0.0663157894736842,0.2331,-0.016300000000000002,-0.1375,0.9295,-0.0441,-0.1107,0.0
2025,Portland Thorns,Reilyn Turner,reilyn turner,ST,2240,9.1423,2.1591,2.9875000000000003,6.0554,0.4540741071428572,6.4702,0.8081999999999999,0.03247232142857143,0.5088,-0.2215,-0.8305,1.0327,-0.3186,0.6373,0.0
2025,Portland Thorns,Reyna Reyes,reyna reyes,FB,2739,1.9109,0.9655,1.9523000000000001,1.745,0.09451478641840089,3.3560000000000003,-0.08340000000000006,-0.0027404162102957303,0.13570000000000002,-0.8908,0.4032,0.0473,-0.12190000000000001,0.3431,0.0
2025,Portland Thorns,Sam Coffey,sam coffey,DM,2781,3.2734,1.9407,0.7728,1.7613,0.1687411003236246,5.4043,1.8630000000000002,0.06029126213592234,-0.1859,0.8302,0.4338,-0.3907,0.8512000000000001,0.3244,0.0
2025,Portland Thorns,Sam Hiatt,sam hiatt,CB,2373,0.4025,0.1757,0.0,0.358,0.02192920353982301,2.8992,0.22249999999999998,0.008438685208596712,-0.1102,-0.3281,-0.30060000000000003,0.1577,0.6704,0.1333,0.0
2025,Portland Thorns,Sophie Hirst,sophie hirst,CM,60,0.0,0.0,0.0,0.0,0.0,0.12260000000000001,-0.0002999999999999947,-0.0004499999999999921,-0.0286,0.019,0.021500000000000002,-0.0627,0.0548,-0.0043,0.0
2025,Portland Thorns,Valerín Loboa,valerin loboa,ST,49,0.0,0.0,0.0,0.0,0.0,-0.018400000000000007,-0.15300000000000002,-0.2810204081632654,-0.0349,-0.0018000000000000002,-0.033600000000000005,-0.0732,0.022600000000000002,-0.032100000000000004,0.0
2025,Racing Louisville,Arin Wright,arin wright,FB,2312,0.8467,0.8463,0.3325,0.3441,0.06590397923875432,2.3283,-0.2795,-0.010880190311418686,0.047,-0.1311,0.056400000000000006,0.0112,-0.45070000000000005,0.1877,0.0
2025,Racing Louisville,Ary Borges,ary borges,CM,1752,4.0739,0.4692,0.9404,3.0001,0.23337842465753425,3.2909,0.6379,0.03276883561643836,0.3246,-0.1763,0.07930000000000001,0.464,-0.2301,0.1764,0.0
2025,Racing Louisville,Bethany Bos,bethany bos,ST,171,0.47440000000000004,0.37010000000000004,1.8901000000000001,0.3926,0.44447368421052635,0.5890000000000001,0.20879999999999999,0.10989473684210527,0.00030000000000000003,0.0385,-0.057100000000000005,0.196,0.0229,0.0082,0.0
2025,Racing Louisville,Courtney Petersen,courtney petersen,FB,2411,0.3764,2.8721,0.0,0.28300000000000003,0.12126296142679387,2.3051999999999997,-0.7319000000000001,-0.027321028618830366,-0.035300000000000005,0.582,-0.1559,-0.42460000000000003,-0.8383,0.14020000000000002,0.0
2025,Racing Louisville,Ella Hase,ella hase,W,1772,1.9662,2.5974,0.4756,1.0943,0.23178555304740406,3.0039,-0.7925000000000001,-0.04025112866817156,-0.42810000000000004,-0.21930000000000002,-0.33340000000000003,-0.27840000000000004,0.5312,-0.0645,0.0
2025,Racing Louisville,Elli Pikkujamsa,elli pikkujamsa,CB,14,0.0,0.0,0.0,0.0,0.0,-0.0006999999999999999,-0.0221,-0.14207142857142857,-0.0045000000000000005,-0.005,0.0035,-0.0079,-0.008,-0.0002,0.0
2025,Racing Louisville,Ellie Jean,ellie jean,CB,2504,0.8327,0.16790000000000002,0.6037,0.663,0.035964057507987215,2.1594,-0.6649000000000002,-0.02389816293929713,-0.0591,-0.9552,0.07680000000000001,0.27440000000000003,0.069,-0.0708,0.0
2025,Racing Louisville,Emma Sears,emma sears,W,2664,8.3278,2.198,3.6479,5.3438,0.35560135135135135,7.3364,1.0070000000000001,0.03402027027027027,0.46940000000000004,-0.34500000000000003,1.0465,0.0074,0.3035,-0.4748,0.0
2025,Racing Louisville,Janine Sonis,janine sonis,FB,2435,1.5239,4.0948,2.1036,1.0575,0.20767268993839835,4.4144000000000005,0.04329999999999995,0.0016004106776180678,-0.2826,0.8004,-0.379,-0.6603,0.6212,-0.056400000000000006,0.0
2025,Racing Louisville,Jordyn Bloomer,jordyn bloomer,GK,2192,0.0,0.4696,0.0,0.0,0.01928102189781022,,,,,,,,,,
2025,Racing Louisville,Katie Atkinson,katie atkinson,GK,622,0.0,0.0,0.0,0.0,0.0,,,,,,,,,,
2025,Racing Louisville,Katie O'Kane,katie o kane,CM,1622,2.7261,1.7513,0.5710000000000001,1.4753,0.24843773119605428,2.0755,-0.46699999999999997,-0.02591245376078915,-0.040100000000000004,0.3073,-0.5465,-0.1331,-0.0529,-0.0017000000000000001,0.0
2025,Racing Louisville,Kayla Fischer,kayla fischer,ST,1458,5.1847,1.1508,1.9424000000000001,3.0566,0.3910802469135803,4.5113,0.5652999999999999,0.03489506172839506,-0.0712,0.2631,-0.17120000000000002,0.1525,0.6469,-0.2548,0.0
2025,Racing Louisville,Lauren Milliet,lauren milliet,FB,1886,0.5184,1.4261,0.0,0.2394,0.0927916224814422,2.7479999999999998,0.2741,0.013080063626723225,-0.0869,0.3794,-0.13490000000000002,-0.08560000000000001,0.2156,-0.0135,0.0
2025,Racing Louisville,Marisa DiGrande,marisa digrande,CM,902,0.6131,0.7304,0.5554,0.6125,0.13405210643015522,0.675,-0.7488,-0.0747139689578714,0.0009000000000000001,-0.10060000000000001,-0.07980000000000001,-0.373,-0.2263,0.03,0.0
2025,Racing Louisville,Sarah Weber,sarah weber,ST,1644,4.312,0.8567,1.2067,3.0903,0.2829580291970803,3.9938000000000002,-0.35429999999999995,-0.019395985401459852,-0.2793,0.12050000000000001,-0.101,-0.2341,-0.0944,0.234,0.0
2025,Racing Louisville,Savannah DeMelo,savannah demelo,CM,1562,4.0622,2.6921,1.0289,2.3844,0.3891722151088348,3.0934000000000004,0.5527,0.03184571062740077,0.5442,0.355,-0.3131,0.068,-0.2659,0.1645,0.0
2025,Racing Louisville,Taylor Flint,taylor flint,DM,2499,4.1811,0.8631000000000001,1.7368000000000001,2.2753,0.1816638655462185,4.1672,1.0824,0.03898199279711885,0.33790000000000003,0.4112,-0.0876,0.4058,0.388,-0.3729,0.0
2025,Racing Louisville,Uchenna Kanu,uchenna kanu,W,102,0.32930000000000004,0.0757,0.9683,0.2225,0.3573529411764706,0.2814,0.0563,0.0496764705882353,0.055200000000000006,-0.0081,0.0188,0.0565,-0.0907,0.0246,0.0
2025,Reign,Ainsley Mccammon,ainsley mccammon,DM,742,0.6692,0.233,0.4456,0.6891,0.1094312668463612,0.8338,-0.2925,-0.035478436657681946,-0.0637,-0.2535,-0.0873,0.0931,0.027100000000000003,-0.0082,0.0
2025,Reign,Ana Maria Crnogorcevic,ana maria crnogorcevic,ST,445,0.2931,0.13670000000000002,0.0,0.1834,0.08692584269662923,0.7236,-0.10779999999999998,-0.02180224719101123,-0.0975,-0.0906,-0.1019,-0.022,-0.0345,0.23870000000000002,0.0
2025,Reign,Angharad James-Turner,angharad james turner,DM,990,0.10200000000000001,0.6444000000000001,0.0,0.0792,0.06785454545454546,0.37290000000000006,-1.0518,-0.09561818181818182,-0.2487,-0.19590000000000002,-0.0495,-0.3874,0.1164,-0.2867,0.0
2025,Reign,Claudia Dickey,claudia dickey,GK,2733,0.0,0.0,0.0,0.0,0.0,,,,,,,,,,
2025,Reign,Emeri Adames,emeri adames,W,1158,4.2451,0.6509,2.2072,1.7433,0.3805181347150259,2.3045,-0.327,-0.025414507772020725,0.1004,-0.2775,0.2351,-0.308,-0.0218,-0.055200000000000006,0.0
2025,Reign,Emily Mason,emily mason,CB,330,0.0,0.0253,0.0,0.0,0.0069,0.46610000000000007,-0.020199999999999968,-0.005509090909090901,-0.0688,-0.044,-0.0081,-0.1109,0.21660000000000001,-0.005,0.0
2025,Reign,Hanna Glas,hanna glas,FB,2,0.0,0.0,0.0,0.0,0.0,0.0,-0.0054,-0.243,-0.0014,0.0008,-0.0001,-0.0038,-0.0007,-0.0002,0.0
2025,Reign,Jess Fishlock,jess fishlock,CM,969,2.7338,1.4826,4.285,1.6651,0.3916160990712074,2.7759000000000005,0.8457000000000001,0.07854798761609907,0.1995,0.19010000000000002,0.023,0.3422,0.09720000000000001,-0.0063,0.0
2025,Reign,Ji So-Yun,ji so yun,CM,820,1.462,1.0571,1.4899,0.9787,0.27648658536585363,1.2839,-0.18989999999999996,-0.020842682926829264,-0.1253,0.199,-0.382,0.0152,0.1279,-0.0247,0.0
2025,Reign,Jordyn Bugg,jordyn bugg,CB,2511,0.36560000000000004,0.8493,3.5305,0.4011,0.04354480286738352,2.298,-0.5468000000000001,-0.01959856630824373,0.0956,-0.024300000000000002,0.124,-0.2343,-0.4213,-0.08650000000000001,0.0
2025,Reign,Jordyn Huitema,jordyn huitema,ST,1753,3.9386,1.7479,2.724,3.7564,0.2919480889903024,2.6029999999999998,-2.1308,-0.10939646320593267,-0.5039,-0.27030000000000004,-0.7154,-0.0309,-0.39890000000000003,-0.2114,0.0
2025,Reign,Lauren Barnes,lauren barnes,CB,1502,0.0,0.8018000000000001,0.0,0.0,0.0480439414114514,0.6765000000000001,-1.172,-0.07022636484687084,-0.183,0.0067,-0.1713,-0.3543,-0.5807,0.1106,0.0
2025,Reign,Lynn Biyendolo,lynn biyendolo,ST,888,1.5771,1.0024,1.3799000000000001,1.0592,0.2614358108108108,1.4873,-0.8076000000000001,-0.08185135135135135,-0.24860000000000002,0.0409,0.0502,-0.452,-0.1154,-0.08270000000000001,0.0
2025,Reign,Maddie Mercado,maddie mercado,ST,729,1.611,0.6492,0.0,1.3264,0.2790370370370371,1.6483,0.027299999999999894,0.0033703703703703573,0.0641,-0.19110000000000002,0.36,-0.3955,-0.0738,0.2636,0.0
2025,Reign,Madeline Dahlien,madeline dahlien,W,2056,4.3116,1.3991,1.9685000000000001,2.7458,0.24998200389105057,3.9139000000000004,0.25040000000000007,0.010961089494163427,0.5234,-1.3562,0.6648000000000001,0.7497,-0.3185,-0.0128,0.0
2025,Reign,Madison Curry,madison curry,FB,2414,0.5464,1.4644,0.0,0.28850000000000003,0.07496768848384423,2.3231999999999995,-0.7081999999999999,-0.026403479701739847,-0.0317,-0.6711,-0.2854,0.033100000000000004,0.2061,0.0408,0.0
2025,Reign,Mia Fishel,mia fishel,ST,425,0.6088,0.1766,0.0,0.43170000000000003,0.16632,0.7480000000000001,-0.14160000000000006,-0.02998588235294119,-0.0863,-0.033,-0.0415,0.2436,-0.19790000000000002,-0.026500000000000003,0.0
2025,Reign,Nérilia Mondésir,nerilia mondesir,AM,1222,1.304,0.8674000000000001,0.0,0.7535000000000001,0.15992307692307695,1.2309999999999999,-1.3604000000000003,-0.10019312602291328,-0.3919,-0.5832,-0.14300000000000002,-0.4067,0.042300000000000004,0.1221,0.0
2025,Reign,Olivia Van Der Jagt,olivia van der jagt,DM,34,0.0,0.0,0.0,0.0,0.0,0.0283,-0.033600000000000005,-0.08894117647058825,-0.014100000000000001,0.0108,-0.0004,-0.0245,-0.0044,-0.001,0.0
2025,Reign,Phoebe McClernon,phoebe mcclernon,CB,2526,0.20350000000000001,0.0,0.0,0.1825,0.007250593824228029,2.5134999999999996,-0.34840000000000004,-0.01241330166270784,-0.1545,-0.0407,-0.1714,-0.12990000000000002,-0.0161,0.1642,0.0
2025,Reign,Sally Menti,sally menti,CM,1126,1.81,0.7711,0.46730000000000005,0.9718,0.20630461811722914,1.5053999999999998,-0.24859999999999996,-0.01987033747779751,0.09290000000000001,-0.362,-0.0478,-0.005,0.061700000000000005,0.011600000000000001,0.0
2025,Reign,Samantha Meza,samantha meza,DM,2296,0.30760000000000004,1.5398,0.0,0.17880000000000001,0.07241550522648084,2.3368,-0.9730000000000001,-0.038140243902439024,-0.3801,-0.1484,-0.1134,-0.9292,0.983,-0.3849,0.0
2025,Reign,Shae Holmes,shae holmes,FB,962,0.561,0.09480000000000001,0.6325000000000001,0.38620000000000004,0.06135343035343036,1.2002,-0.0685,-0.006408523908523909,-0.0988,-0.26990000000000003,0.192,-0.12240000000000001,0.1894,0.0412,0.0
2025,Reign,Sofia Huerta,sofia huerta,FB,1430,1.2319,1.2963,0.45930000000000004,0.5898,0.1591174825174825,1.5592000000000001,-0.1841,-0.011586713286713287,-0.10250000000000001,0.1126,0.0665,0.0361,-0.305,0.0082,0.0
2025,Royals,Aisha Solorzano,aisha solorzano,ST,1224,1.6885000000000001,0.7052,0.271,0.916,0.17600735294117648,1.1118999999999997,-2.1839000000000004,-0.1605808823529412,-0.4239,-0.06570000000000001,-0.8482000000000001,-0.8393,0.08370000000000001,-0.09050000000000001,0.0
2025,Royals,Alexis Loera,alexis loera,DM,19,0.0244,0.0,0.0,0.0239,0.11557894736842106,0.017903613199999998,-0.011300000000000001,-0.053526315789473686,-0.0061,0.0262,-0.0053,-0.014700000000000001,-0.0109,-0.0005,0.0
2025,Royals,Ana Maria Guzman,ana maria guzman,FB,115,0.0235,0.0,0.0,0.0,0.018391304347826088,0.029200000000000004,-0.1925,-0.1506521739130435,-0.042800000000000005,-0.0122,-0.045,-0.06720000000000001,-0.0223,-0.003,0.0
2025,Royals,Ana Tejada,ana tejada,DM,1892,0.21430000000000002,0.7551,0.0,0.14850000000000002,0.04611310782241015,0.9658000000000001,-1.3032,-0.061991543340380546,-0.2165,0.046900000000000004,-0.5047,-0.355,-0.2783,0.0044,0.0
2025,Royals,Aria Nagai,aria nagai,DM,649,0.022600000000000002,0.1246,0.0,0.0218,0.020412942989214176,0.5691999999999999,-0.2632,-0.03649922958397534,-0.156,-0.0366,0.12290000000000001,-0.1643,-0.0358,0.0066,0.0
2025,Royals,Bianca St. Georges,bianca st georges,FB,1212,4.0742,1.0235,1.8972,2.2089,0.3785420792079208,2.6132,-0.4361,-0.032383663366336635,0.006200000000000001,-0.2511,0.08750000000000001,0.2543,-0.0594,-0.4736,0.0
2025,Royals,Brecken Mozingo,brecken mozingo,W,1361,2.2956,1.3316000000000001,1.6646,1.5357,0.23985892725936814,2.5323,-0.6738000000000001,-0.04455694342395298,0.0264,-0.039,0.211,-0.6572,-0.11950000000000001,-0.0955,0.0
2025,Royals,Claudia Zornoza,claudia zornoza,DM,2261,0.8299000000000001,2.3524,0.9427000000000001,0.48710000000000003,0.12667271118973902,2.1473000000000004,-0.6109,-0.024317116320212294,-0.11230000000000001,0.2985,-0.0074,-0.5706,-0.3098,0.0907,0.0
2025,Royals,Cloe Lacasse,cloe lacasse,W,780,0.8433,1.1618,0.0379,0.6644,0.23135769230769235,1.6524,-0.201,-0.023192307692307696,-0.0524,-0.23270000000000002,-0.0591,0.0649,0.1615,-0.08320000000000001,0.0
2025,Royals,Dana Foederer,dana foederer,DM,1228,0.3164,0.45280000000000004,0.0,0.362,0.05637459283387623,0.9446000000000001,-0.6404000000000001,-0.046934853420195446,-0.157,-0.16340000000000002,-0.0455,-0.29410000000000003,-0.2084,0.228,0.0
2025,Royals,Imani Dorsey,imani dorsey,FB,791,0.2812,0.1305,0.0,0.23390000000000002,0.04684323640960809,0.27190000000000003,-0.7676,-0.08733754740834386,0.038900000000000004,-0.2253,-0.2592,0.1148,-0.45220000000000005,0.0154,0.0
2025,Royals,Janni Thomsen,janni thomsen,FB,2052,1.0871,0.5889,1.2761,0.8304,0.07350877192982455,2.4428,-0.4874,-0.02137719298245614,-0.042100000000000005,-0.3171,-0.2737,-0.013600000000000001,0.27990000000000004,-0.1208,0.0
2025,Royals,KK Ream,kk ream,W,249,1.0154,0.3421,0.0315,0.3718,0.4906626506024097,0.1451,-0.4544,-0.1642409638554217,-0.057100000000000005,-0.0115,-0.2096,-0.1148,-0.0591,-0.0023,0.0
2025,Royals,Kaleigh Riehl,kaleigh riehl,CB,965,0.13820000000000002,0.016800000000000002,0.258,0.0357,0.014455958549222802,0.3838000000000002,-0.7151000000000001,-0.06669326424870467,-0.016900000000000002,-0.8019000000000001,-0.0045000000000000005,0.0395,0.2756,-0.2069,0.0
2025,Royals,Kate Del Fava,kate del fava,CB,2686,1.2063,0.6895,0.0,1.088,0.06352271034996276,2.0073,-1.0226,-0.03426433358153388,0.2936,-0.38170000000000004,-0.2281,0.3667,-1.1906,0.11750000000000001,0.0
2025,Royals,Lara Prasnikar,lara prasnikar,ST,244,0.4741,0.3669,0.0,0.1514,0.3102049180327869,0.226,-0.3448,-0.12718032786885244,-0.0413,-0.022600000000000002,-0.1296,-0.0918,-0.0345,-0.025,0.0
2025,Royals,Lauren Flynn,lauren flynn,CB,754,0.0412,0.0,0.0,0.0228,0.004917771883289125,0.045599999999999995,-0.805,-0.09608753315649868,-0.0587,-0.3264,-0.0632,-0.0918,-0.2614,-0.0035,0.0
2025,Royals,Macey Fraser,macey fraser,CM,221,0.22,0.060200000000000004,0.0,0.16160000000000002,0.11410859728506786,0.21650000000000003,-0.3086,-0.12567420814479638,0.014,-0.1231,0.051000000000000004,-0.182,-0.0317,-0.0368,0.0
2025,Royals,Madison Pogarch,madison pogarch,FB,881,0.074,0.2441,0.0,0.0342,0.03249602724177071,0.47209999999999996,-0.7011000000000001,-0.07162202043132804,-0.0298,-0.16870000000000002,-0.0538,-0.1882,-0.029500000000000002,-0.2311,0.0
2025,Royals,Mandy McGlynn,mandy mcglynn,GK,2475,0.010100000000000001,0.5401,0.0,0.0,0.020007272727272728,,,,,,,,,,
2025,Royals,Mia Justus,mia justus,GK,211,0.0,0.054200000000000005,0.0,0.0,0.023118483412322276,,,,,,,,,,
2025,Royals,Mikayla Cluff,mikayla cluff,DM,195,0.0239,0.027800000000000002,0.0,0.0061,0.023861538461538465,-0.22709999999999997,-0.5022,-0.2317846153846154,-0.0219,-0.09720000000000001,0.0024000000000000002,-0.0712,-0.056100000000000004,-0.2582,0.0
2025,Royals,Mina Tanaka,mina tanaka,AM,2265,5.7004,1.3055,3.7372,3.8981,0.2783801324503311,3.7150000000000007,-1.3786,-0.054778807947019864,-0.024,-0.264,-0.5452,-0.42410000000000003,-0.09730000000000001,-0.024,0.0
2025,Royals,Nuria Rabano,nuria rabano,FB,1843,0.0893,1.0437,0.0,0.1052,0.05532826912642431,1.4698,-0.8444,-0.04123494302767228,-0.1932,-0.050100000000000006,0.0178,-0.3075,-0.1988,-0.1126,0.0
2025,Royals,Paige Cronin,paige cronin,W,1176,3.3072,0.5679000000000001,4.224,2.9313000000000002,0.2965637755102041,1.8403,-0.7068,-0.05409183673469388,0.138,-0.3301,-0.0162,0.1066,-0.5192,-0.0859,0.0
2025,Royals,Sydney Jones,sydney jones,W,19,0.0,0.0,0.0,0.0,0.0,-0.003899999999999998,-0.049,-0.23210526315789476,-0.0103,0.009600000000000001,-0.016,-0.019,-0.011600000000000001,-0.0017000000000000001,0.0
2025,SD Wave,Adriana Leon,adriana leon,ST,1619,5.5468,1.9909000000000001,1.1787,3.0147,0.41901976528721435,3.0605,-1.2783,-0.07106053119209389,-0.0674,-0.19540000000000002,-0.5893,-0.0164,-0.2732,-0.1366,0.0
2025,SD Wave,Chiamaka Okwuchukwu,chiamaka okwuchukwu,ST,168,0.0477,0.22410000000000002,1.2345,0.0589,0.14560714285714288,-0.18090000000000012,-0.6428,-0.34435714285714286,-0.0917,-0.32180000000000003,-0.3401,0.151,-0.015,-0.0252,0.0
2025,SD Wave,Daniela Arias,daniela arias,FB,24,0.0238,0.0,0.0,0.0,0.08925000000000001,0.11710585840000001,0.0886,0.33225,-0.0024000000000000002,0.0009000000000000001,0.0608,0.0655,-0.037700000000000004,0.0015,0.0
2025,SD Wave,Delphine Cascarino,delphine cascarino,W,2340,2.9845,4.1141,3.8159,2.8019,0.2730230769230769,5.0468,-0.5127,-0.01971923076923077,-0.1763,-0.18680000000000002,0.7707,-0.6259,-0.1759,-0.11850000000000001,0.0
2025,SD Wave,Dijana Haracic,dijana haracic,GK,205,0.0,0.0,0.0,0.0,0.0,,,,,,,,,,
2025,SD Wave,Dudinha,dudinha,W,840,1.434,0.9357000000000001,2.1493,0.8028000000000001,0.2538964285714285,2.2825,0.27190000000000003,0.02913214285714286,0.0274,0.42260000000000003,0.27540000000000003,-0.3879,-0.0682,0.0026000000000000003,0.0
2025,SD Wave,Favour Emmanuel,favour emmanuel,DM,81,0.0,0.0,0.0,0.0,0.0,0.0378,-0.12159999999999999,-0.1351111111111111,-0.0375,0.019,-0.0162,-0.088,0.0077,-0.0066,0.0
2025,SD Wave,Gia Corley,gia corley,AM,1841,2.8761,1.6811,1.0901,2.2093,0.22278544269418793,3.3545000000000003,-0.4485,-0.02192558392178164,0.0322,-0.15080000000000002,0.1703,-0.1351,-0.0006000000000000001,-0.3645,0.0
2025,SD Wave,Hanna Lundkvist,hanna lundkvist,FB,2509,0.2924,1.4383,0.5375,0.1529,0.06208170585890793,3.9118000000000004,0.7612,0.027304902351534478,-0.07350000000000001,0.058800000000000005,0.22030000000000002,-0.0883,0.5711,0.0728,0.0
2025,SD Wave,Jordan Fusco,jordan fusco,AM,189,0.1835,0.31620000000000004,0.0,0.1272,0.23795238095238097,0.1658,-0.1748,-0.08323809523809524,-0.0386,-0.046700000000000005,0.0007,-0.006200000000000001,-0.07060000000000001,-0.0134,0.0
2025,SD Wave,Kailen Sheridan,kailen sheridan,GK,2613,0.0,0.0,0.0,0.0,0.0,,,,,,,,,,
2025,SD Wave,Kennedy Wesley,kennedy wesley,CB,2152,1.0691,0.0618,0.5066,0.6483,0.04729600371747212,3.1097,0.6583,0.02753113382899628,0.1957,-0.7976000000000001,0.34850000000000003,0.5039,0.27840000000000004,0.12940000000000002,0.0
2025,SD Wave,Kenza Dali,kenza dali,DM,2803,2.7631,4.1108,1.6495,1.4501,0.22071031038173386,5.5193,1.7919,0.05753514092044238,0.6298,-0.2034,1.098,-0.2023,0.46240000000000003,0.0074,0.0
2025,SD Wave,Kimmi Ascanio,kimmi ascanio,DM,1768,4.6488,0.545,1.7625,2.0583,0.26439027149321265,3.4343000000000004,-0.4456000000000001,-0.022683257918552042,0.1584,-1.2248,0.13470000000000001,0.30210000000000004,0.1325,0.051500000000000004,0.0
2025,SD Wave,Kristen McNabb,kristen mcnabb,CB,2131,1.3973,0.275,0.6244000000000001,0.8524,0.07062740497419052,1.2469000000000001,-1.3246,-0.05594274988268419,0.046,-0.27990000000000004,-0.0826,0.29810000000000003,-0.7048,-0.6014,0.0
2025,SD Wave,Kyra Carusa,kyra carusa,ST,479,1.4933,0.8062,0.0,0.7239,0.43205636743215037,1.3139,0.08980000000000002,0.016872651356993743,-0.11460000000000001,0.1097,-0.2949,0.5208,-0.08560000000000001,-0.0456,0.0
2025,SD Wave,Laurina Fazer,laurina fazer,DM,730,0.2013,0.0269,0.0,0.1318,0.02813424657534247,0.7453000000000001,-0.2228,-0.027468493150684933,-0.0262,-0.1326,0.066,-0.1453,0.08660000000000001,-0.0713,0.0
2025,SD Wave,Makenzy Robbe,makenzy robbe,W,661,1.9965,0.7783,0.28700000000000003,1.4027,0.37780937972768536,1.5407000000000002,-0.04119999999999999,-0.005609682299546141,0.1554,-0.1877,0.013300000000000001,0.0558,-0.056400000000000006,-0.0216,0.0
2025,SD Wave,María Sánchez,maria sanchez,W,642,2.267,0.9271,0.6028,0.905,0.4477710280373831,1.1786,-0.2641,-0.03702336448598131,-0.0453,0.030100000000000002,-0.11130000000000001,-0.0665,-0.139,0.0679,0.0
2025,SD Wave,Melanie Barcenas,melanie barcenas,W,568,0.5801000000000001,0.8584,0.48450000000000004,0.4934,0.22793133802816903,1.0294,-0.31420000000000003,-0.04978521126760564,-0.0589,0.186,-0.1844,-0.3672,0.1211,-0.0108,0.0
2025,SD Wave,Nya Harrison,nya harrison,FB,3,0.0,0.0,0.0,0.0,0.0,0.00020000000000000017,-0.0069,-0.207,-0.0016,-0.003,0.0029000000000000002,-0.0037,-0.0013000000000000002,-0.0002,0.0
2025,SD Wave,Perle Morroni,perle morroni,FB,2495,0.9599000000000001,1.9695,0.6537000000000001,0.6018,0.10566973947895793,1.9791,-1.2551999999999999,-0.04527775551102204,-0.08170000000000001,-1.2246,-0.9835,0.5635,0.41450000000000004,0.056600000000000004,0.0
2025,SD Wave,Quincy McMahon,quincy mcmahon,FB,71,0.0557,0.1077,0.0,0.0,0.20712676056338028,0.1114,0.012099999999999986,0.015338028169014067,0.0253,0.0606,0.0722,0.0154,-0.1642,0.0028,0.0
2025,SD Wave,Savannah McCaskill,savannah mccaskill,DM,2032,0.3599,0.805,0.4161,0.3153,0.051594980314960626,0.9259000000000002,-1.5950000000000002,-0.07064468503937009,-0.218,-0.0322,-0.21530000000000002,-0.5482,-0.47950000000000004,-0.1018,0.0
2025,SD Wave,Trinity Armstrong,trinity armstrong,CB,1941,1.5625,0.7945,0.1438,0.5105000000000001,0.10928902627511593,3.9215000000000004,1.6908,0.07839876352395672,0.2175,0.31320000000000003,0.46290000000000003,0.5847,0.07970000000000001,0.0328,0.0
2025,SD Wave,Trinity Byars,trinity byars,ST,30,0.0,0.0,0.0,0.0,0.0,-0.001799999999999996,-0.0843,-0.2529,-0.021400000000000002,-0.11850000000000001,0.0623,0.006900000000000001,-0.0106,-0.003,0.0
2025,Washington Spirit,Ashley Hatch,ashley hatch,ST,1061,4.3986,1.2716,1.8082,2.1668,0.48097832233741755,2.5892,-0.09339999999999991,-0.007922714420358145,-0.10360000000000001,-0.4022,-0.3766,0.7387,0.0882,-0.0379,0.0
2025,Washington Spirit,Aubrey Kingsbury,aubrey kingsbury,GK,3008,0.0,0.0,0.0,0.0,0.0,,,,,,,,,,
2025,Washington Spirit,Brittany Ratcliffe,brittany ratcliffe,W,810,0.636,0.8766,0.2943,0.43360000000000004,0.16806666666666667,0.8251000000000001,-1.0236,-0.11373333333333334,-0.2692,-0.182,-0.2705,-0.166,-0.1481,0.0122,0.0
2025,Washington Spirit,Casey Krueger,casey krueger,FB,798,0.5325,0.3194,1.8872,0.5068,0.09607894736842104,1.4127,0.41070000000000007,0.046319548872180455,0.1429,-0.049800000000000004,-0.0927,0.1297,-0.0182,0.2988,0.0
2025,Washington Spirit,Courtney Brown,courtney brown,W,538,1.1641,0.5585,0.5987,0.8306,0.28816728624535315,0.9981,-0.06080000000000002,-0.010171003717472123,-0.0015,-0.1563,-0.23270000000000002,0.27690000000000003,0.0459,0.006900000000000001,0.0
2025,Washington Spirit,Croix Bethune,croix bethune,AM,1873,4.4822,2.9257,1.5565,1.8188,0.35595888948211424,3.7119,-0.4709000000000001,-0.022627335824879878,0.10650000000000001,-0.10110000000000001,0.2748,-0.3508,-0.2992,-0.10110000000000001,0.0
2025,Washington Spirit,Deborah Abiodun,deborah abiodun,DM,701,0.2419,0.4824,0.0,0.1564,0.09299144079885877,0.7472000000000001,-0.2284,-0.02932382310984308,-0.0308,-0.06720000000000001,0.17400000000000002,-0.20220000000000002,0.0204,-0.1226,0.0
2025,Washington Spirit,Esme Morgan,esme morgan,CB,2728,1.0624,0.5483,2.1626,0.6931,0.05313892961876833,4.511,1.3618000000000001,0.04492741935483872,0.0507,0.7461,-0.1532,-0.022500000000000003,0.8222,-0.0815,0.0
2025,Washington Spirit,Gabrielle Carle,gabrielle carle,FB,2517,0.4854,1.5244,0.0,0.187,0.07186412395709177,2.7967000000000004,-0.41659999999999997,-0.014896305125148987,-0.1705,-0.2094,-0.0444,-0.2899,0.1531,0.14450000000000002,0.0
2025,Washington Spirit,Gift Monday,gift monday,ST,1757,8.9684,2.6822,2.842,3.6665,0.5967865680136597,7.365,2.7764,0.1422174160500854,0.3413,-0.7056,0.5257000000000001,1.9925,0.7193,-0.09680000000000001,0.0
2025,Washington Spirit,Hal Hershfelt,hal hershfelt,DM,1913,0.7947000000000001,0.6308,0.0,0.5164,0.06706481965499216,1.1736,-1.5359,-0.07225875588081547,-0.28200000000000003,-0.3502,-0.22710000000000002,-0.665,-0.0158,0.004200000000000001,0.0
2025,Washington Spirit,Heather Stainbrook,heather stainbrook,CM,524,0.593,0.0,0.0,0.6424000000000001,0.10185114503816795,0.44430000000000003,-0.4668,-0.08017557251908397,0.0261,-0.2338,-0.0828,-0.3498,0.18,-0.006500000000000001,0.0
2025,Washington Spirit,Kate Wiesner,kate wiesner,FB,1162,0.1163,1.4268,0.5116,0.07780000000000001,0.1195172117039587,0.9030000000000001,-0.7817000000000001,-0.0605447504302926,-0.1178,-0.23820000000000002,-0.1013,-0.31670000000000004,-0.0482,0.0405,0.0
2025,Washington Spirit,Kiley Dulaney,kiley dulaney,FB,17,0.0,0.0,0.0,0.0,0.0,0.06520000000000001,0.044000000000000004,0.23294117647058826,-0.002,0.0013000000000000002,-0.0257,-0.0019,0.07150000000000001,0.0008,0.0
2025,Washington Spirit,Kysha Sylla,kysha sylla,CB,519,0.023200000000000002,0.024900000000000002,0.0,0.0,0.008341040462427746,-0.15769999999999992,-0.7921999999999999,-0.1373757225433526,-0.0618,-0.1274,-0.2785,0.09050000000000001,-0.15230000000000002,-0.2627,0.0
2025,Washington Spirit,Leicy Santos,leicy santos,AM,1640,1.819,1.7502,0.4979,0.928,0.1958707317073171,2.3305,-0.7443000000000002,-0.04084573170731708,-0.2531,0.3519,-0.48350000000000004,-0.30360000000000004,0.2565,-0.3125,0.0
2025,Washington Spirit,Margie Detrizio,margie detrizio,AM,23,0.0618,0.0,0.0,0.0006000000000000001,0.24182608695652177,0.061200000000000004,0.0182,0.07121739130434783,0.015700000000000002,-0.0071,0.029300000000000003,-0.014400000000000001,-0.0043,-0.001,0.0
2025,Washington Spirit,Meg Boade,meg boade,AM,122,0.49570000000000003,0.1821,0.3795,0.18810000000000002,0.5000163934426229,0.1676,-0.0961,-0.07089344262295082,-0.0088,-0.0796,-0.017,0.025900000000000003,-0.008400000000000001,-0.0082,0.0
2025,Washington Spirit,Narumi Miura,narumi miura,DM,2039,0.8915000000000001,1.826,0.0,0.6349,0.11994850416871017,2.1097,-0.8521000000000001,-0.03761108386463954,-0.2649,-0.2195,-0.1777,-0.6243000000000001,0.4344,-0.0001,0.0
2025,Washington Spirit,Paige Metayer,paige metayer,FB,560,0.6245,0.5246000000000001,0.0,0.7528,0.18467678571428575,1.2994,0.5962000000000001,0.09581785714285715,0.06770000000000001,0.0103,0.0105,0.3048,0.14400000000000002,0.0589,0.0
2025,Washington Spirit,Rebeca Bernal,rebeca bernal,DM,2364,0.9336000000000001,0.5139,0.0,0.46540000000000004,0.05510786802030458,1.9044,-0.9101000000000001,-0.03464847715736041,0.1148,0.092,-0.0748,-0.0073,-0.9069,-0.1279,0.0
2025,Washington Spirit,Rosemonde Kouassi,rosemonde kouassi,W,1541,4.5477,5.4994,2.905,2.5786000000000002,0.5867871512005192,5.653099999999999,2.0784,0.12138611291369239,0.046900000000000004,0.45640000000000003,1.3373,0.2868,-0.005,-0.044,0.0
2025,Washington Spirit,Sandy MacIver,sandy maciver,GK,162,0.0,0.0,0.0,0.0,0.0,,,,,,,,,,
2025,Washington Spirit,Sofia Cantore,sofia cantore,ST,1143,4.1043,1.1233,1.5826,2.4787,0.41162204724409457,3.8378,0.9569000000000001,0.0753464566929134,0.2535,-0.2127,0.43360000000000004,0.8835000000000001,-0.3109,-0.0901,0.0
2025,Washington Spirit,Tara Rudd,tara rudd,CB,2865,0.777,1.9601,0.0,0.5431,0.08598219895287958,3.0298,-0.20190000000000008,-0.006342408376963354,0.0376,0.3326,-0.2921,0.0713,-0.5973,0.246,0.0
2025,Washington Spirit,Trinity Rodman,trinity rodman,W,1125,5.0474,1.6724,1.7882,2.6261,0.537584,4.8132,2.2391,0.179128,0.5984,-0.0654,1.3231,0.21680000000000002,-0.0438,0.21,0.0
2026,Angel City FC,Angelina Anderson,angelina anderson,GK,1648,0.0,0.0,0.0,0.0,0.0,,,,,,,,,,
2026,Angel City FC,Ary Borges,ary borges,CM,1478,1.7895,0.8028000000000001,0.2255,0.8217,0.15785317997293644,0.9764,-1.0717,-0.06525913396481733,-0.0067,-0.33240000000000003,-0.08750000000000001,-0.13820000000000002,-0.54,0.033100000000000004,0.0
2026,Angel City FC,Carina Lageyre,carina lageyre,DM,893,0.8035,1.0451,0.0,0.6149,0.18630907054871218,1.0223000000000002,-0.38530000000000003,-0.03883202687569989,-0.10060000000000001,0.2686,-0.0082,-0.4445,-0.1005,-0.0001,0.0
2026,Angel City FC,Claire Emslie,claire emslie,W,342,0.443,1.0117,0.0,0.3156,0.3828157894736843,0.6196000000000002,-0.14240000000000005,-0.03747368421052633,-0.0405,0.2701,-0.15510000000000002,-0.2614,0.0653,-0.020800000000000003,0.0
2026,Angel City FC,Emily Sams,emily sams,CB,1615,0.58,0.8405,0.9142,0.31520000000000004,0.07916099071207432,0.6466000000000001,-1.1753,-0.06549659442724459,0.0603,-0.1379,-0.0002,0.1797,-1.0598,-0.2174,0.0
2026,Angel City FC,Evelyn Shores,evelyn shores,FB,1351,1.2604,1.341,0.1495,1.0899,0.17329829755736492,2.1566,0.46010000000000006,0.030650629163582535,0.1391,0.33940000000000003,-0.11560000000000001,0.6172000000000001,-0.5589000000000001,0.038900000000000004,0.0
2026,Angel City FC,Gisele Thompson,gisele thompson,FB,1648,1.2328000000000001,1.6569,2.4188,0.6283000000000001,0.157811286407767,2.9928000000000003,0.9233,0.05042293689320389,0.29560000000000003,-0.2863,0.5425,0.4399,-0.16290000000000002,0.0945,0.0
2026,Angel City FC,Jun Endo,jun endo,W,482,0.7647,0.027800000000000002,0.0,0.562,0.14797717842323654,1.0594999999999999,-0.0422,-0.007879668049792532,0.08370000000000001,-0.0098,0.0137,-0.10300000000000001,-0.023200000000000002,-0.0036000000000000003,0.0
2026,Angel City FC,Karsyn Cherry,karsyn cherry,FB,89,0.0032,0.2539,0.0,0.0031000000000000003,0.2599887640449438,0.11810000000000001,-0.006199999999999998,-0.006269662921348312,-0.0058000000000000005,0.046200000000000005,-0.0027,0.0017000000000000001,-0.0471,0.0015,0.0
2026,Angel City FC,Maiara Niehues,maiara niehues,AM,1122,4.9822,0.7015,2.8758,2.8337,0.45591176470588235,2.8263,0.6283000000000001,0.050398395721925136,0.36860000000000004,0.25370000000000004,-0.0161,0.3109,-0.28650000000000003,-0.0023,0.0
2026,Angel City FC,Nealy Martin,nealy martin,DM,949,0.08700000000000001,0.296,0.0,0.0409,0.03632244467860906,0.5998,-0.7818,-0.07414330874604848,-0.19970000000000002,0.228,-0.1845,-0.2926,-0.2898,-0.0432,0.0
2026,Angel City FC,Phair Casey Yu-Jin,phair casey yu jin,ST,197,0.27340000000000003,0.0565,0.0,0.2813,0.15071573604060914,0.20260000000000006,-0.2919,-0.13335532994923857,-0.0373,-0.08850000000000001,-0.1416,-0.0056,-0.0088,-0.010100000000000001,0.0
2026,Angel City FC,Prisca Chilufya,prisca chilufya,ST,252,0.8127000000000001,0.8826,0.9661000000000001,0.8246,0.6054642857142858,0.9138,0.31810000000000005,0.11360714285714288,0.046700000000000005,0.0407,0.0137,0.332,-0.068,-0.047,0.0
2026,Angel City FC,Riley Tiernan,riley tiernan,ST,874,1.3445,0.812,0.4091,0.7662,0.2220652173913044,0.9909000000000001,-1.1616,-0.11961556064073227,-0.1827,0.19110000000000002,-0.0848,-0.7588,-0.23970000000000002,-0.0867,0.0
2026,Angel City FC,Sarah Gorden,sarah gorden,CB,1462,0.0,0.11800000000000001,0.0,0.0,0.0072640218878248985,0.7331,-0.916,-0.05638850889192887,-0.11410000000000001,-0.0955,-0.027,-0.17200000000000001,-0.5903,0.0829,0.0
2026,Angel City FC,Savannah King,savannah king,FB,314,0.0523,0.0344,0.0,0.0269,0.02485031847133758,-0.071,-0.43529999999999996,-0.12476751592356687,-0.0273,-0.094,-0.0784,-0.058100000000000006,-0.1645,-0.013000000000000001,0.0
2026,Angel City FC,Sophia Mattice,sophia mattice,FB,123,0.22690000000000002,0.333,0.0,0.2792,0.4096829268292683,0.30090000000000006,0.14629999999999999,0.10704878048780486,0.0707,0.1081,-0.0068000000000000005,0.0545,-0.0857,0.0055000000000000005,0.0
2026,Angel City FC,Sveindís Jane Jónsdóttir,sveindis jane jonsdottir,ST,1187,4.6091,2.0826,2.4018,2.442,0.5073740522325189,3.7981,0.5356000000000001,0.04060994102780119,-0.0081,0.2441,-0.06280000000000001,0.33530000000000004,0.12050000000000001,-0.09340000000000001,0.0
2026,Angel City FC,Taylor Suarez,taylor suarez,W,779,2.7194,0.5429,0.502,2.38,0.37690243902439025,1.6621000000000001,-0.02350000000000002,-0.002715019255455715,0.12190000000000001,-0.279,0.033100000000000004,0.0736,0.06670000000000001,-0.0398,0.0
2026,Bay FC,Abby Dahlkemper,abby dahlkemper,CB,26,0.0,0.0,0.0,0.0,0.0,-0.022000000000000002,-0.0512,-0.17723076923076925,-0.002,-0.018600000000000002,-0.0026000000000000003,-0.0018000000000000002,-0.0281,0.0019,0.0
2026,Bay FC,Aldana Cometti,aldana cometti,CB,1259,0.1042,0.09630000000000001,0.0,0.065,0.014332803812549644,0.38510000000000005,-1.0352000000000001,-0.07400158856235108,-0.08170000000000001,-0.022,-0.12340000000000001,-0.114,-0.385,-0.30910000000000004,0.0
2026,Bay FC,Alexandra Pfeiffer,alexandra pfeiffer,W,734,2.5038,1.6385,0.9787,1.499,0.5079114441416894,2.3874999999999997,0.7051,0.08645640326975476,0.3413,0.073,0.5555,-0.2615,-0.2964,0.2932,0.0
2026,Bay FC,Anouk Denton,anouk denton,FB,591,0.2958,0.0536,0.0,0.2635,0.053208121827411164,0.4213,-0.3114,-0.04742131979695432,-0.0397,-0.1246,-0.0386,-0.0826,-0.0575,0.0316,0.0
2026,Bay FC,Brooklyn Courtnall,brooklyn courtnall,CB,849,0.2948,0.0302,0.0,0.28750000000000003,0.03445229681978799,0.9301000000000001,-0.03750000000000002,-0.003975265017667847,-0.0466,-0.0437,0.042300000000000004,-0.10200000000000001,0.0714,0.041100000000000005,0.0
2026,Bay FC,Caroline Conti,caroline conti,CM,734,0.6063000000000001,0.3513,0.5975,0.37970000000000004,0.11741689373297004,0.3894,-1.3093000000000001,-0.16054087193460492,-0.039900000000000005,-0.6073000000000001,0.027200000000000002,-0.4786,-0.2484,0.037700000000000004,0.0
2026,Bay FC,Claire Hutton,claire hutton,DM,1731,2.1833,1.1559,0.517,1.5111,0.1736152512998267,2.1220000000000003,-0.11640000000000002,-0.006051993067590989,0.0374,0.1897,-0.10260000000000001,-0.01,-0.2765,0.0456,0.0
2026,Bay FC,Cristiana Girelli,cristiana girelli,ST,818,0.898,0.6662,0.0,0.6249,0.1721002444987775,0.5347999999999999,-1.6431,-0.18078117359413204,-0.3718,-0.7010000000000001,-0.21580000000000002,-0.0274,-0.2394,-0.0877,0.0
2026,Bay FC,Dorian Bailey,dorian bailey,CM,704,0.6172000000000001,0.3675,0.6187,0.3428,0.1258849431818182,0.21200000000000002,-1.1429999999999998,-0.14612215909090906,-0.11570000000000001,-0.2545,-0.2258,-0.2185,-0.25720000000000004,-0.0713,0.0
2026,Bay FC,Emmie Allen,emmie allen,GK,138,0.0,0.0,0.0,0.0,0.0,,,,,,,,,,
2026,Bay FC,Hannah Bebar,hannah bebar,DM,1668,0.6544,1.2036,0.5652,0.4031,0.10025179856115107,2.0062,-0.11660000000000001,-0.00629136690647482,-0.057100000000000005,0.28340000000000004,0.2401,-0.3995,-0.2575,0.074,0.0
2026,Bay FC,Jamie Shepherd,jamie shepherd,DM,4,0.0,0.0,0.0,0.0,0.0,-0.0051,-0.0099,-0.22275,-0.0009000000000000001,-0.00030000000000000003,0.0001,-0.0013000000000000002,-0.0076,0.0001,0.0
2026,Bay FC,Joelle Anderson,joelle anderson,CB,1132,0.3381,0.09730000000000001,0.274,0.2548,0.034616607773851595,1.1507,-0.20690000000000003,-0.016449646643109543,-0.0035,0.0577,-0.0258,-0.1962,-0.0947,0.055600000000000004,0.0
2026,Bay FC,Jordan Silkowitz,jordan silkowitz,GK,1602,0.0,0.0468,0.0,0.0,0.0026292134831460675,,,,,,,,,,
2026,Bay FC,Karlie Lema,karlie lema,ST,1161,4.4851,0.2706,1.5209,1.8521,0.3686589147286822,2.5685000000000002,-0.4697000000000001,-0.0364108527131783,0.213,-0.5157,-0.0251,0.0821,-0.1198,-0.1042,0.0
2026,Bay FC,Keira Barry,keira barry,W,418,0.3793,0.9845,1.6115,0.26830000000000004,0.29364114832535887,-0.02739999999999998,-1.0464,-0.22530143540669856,-0.0872,-0.1836,-0.0661,-0.44520000000000004,-0.17830000000000001,-0.08600000000000001,0.0
2026,Bay FC,Kelli Hubly,kelli hubly,CB,120,0.3799,0.0,0.0,0.0548,0.28492500000000004,0.19840000000000002,-0.0018000000000000186,-0.001350000000000014,0.0129,-0.0189,-0.0251,0.223,-0.15560000000000002,-0.0381,0.0
2026,Bay FC,Madeline Moreau,madeline moreau,FB,1166,0.0932,0.2923,0.0,0.0495,0.02975557461406518,0.7109,-0.9237000000000002,-0.07129759862778733,-0.1325,-0.3446,-0.0775,-0.2134,0.1361,-0.2918,0.0
2026,Bay FC,Onyeka Gamero,onyeka gamero,W,128,0.13240000000000002,0.11720000000000001,0.0,0.211,0.17550000000000002,0.02289999999999999,-0.2766,-0.19448437500000001,-0.0033,-0.0118,-0.1698,-0.027200000000000002,-0.0577,-0.0068000000000000005,0.0
2026,Bay FC,Racheal Kundananji,racheal kundananji,W,853,3.0481,0.9973000000000001,0.43970000000000004,1.5033,0.4268300117233294,3.6584000000000003,1.6029,0.1691219226260258,0.2288,0.037,1.1127,0.2142,0.1058,-0.0956,0.0
2026,Bay FC,Sydney Collins,sydney collins,FB,1688,0.6981,0.6175,0.0,0.2393,0.07014454976303318,0.9874,-1.1196000000000002,-0.059694312796208536,-0.11230000000000001,-0.31370000000000003,-0.2903,-0.10490000000000001,-0.1441,-0.15430000000000002,0.0
2026,Bay FC,Taylor Huff,taylor huff,W,900,1.0601,1.3784,0.29650000000000004,0.5704,0.24385000000000004,1.4367,-0.6756,-0.06756,-0.0869,-0.08940000000000001,0.378,-0.5868,-0.2376,-0.0529,0.0
2026,Bay FC,Tess Boade,tess boade,ST,34,0.0,0.0,0.0,0.0,0.0,-0.0013000000000000025,-0.0789,-0.20885294117647057,-0.0178,-0.0264,0.016900000000000002,-0.028200000000000003,-0.020800000000000003,-0.0026000000000000003,0.0
2026,Boston Legacy,Aissata Traore,aissata traore,ST,1371,7.3291,1.5293,5.2521,5.4661,0.5815142231947483,4.322,0.6740000000000002,0.04424507658643327,0.1471,-0.8046000000000001,-0.7284,1.9147,-0.2859,0.43110000000000004,0.0
2026,Boston Legacy,Alba Caño,alba cano,CM,1676,2.4074,1.5733,1.55,1.6597,0.21376073985680188,2.8318000000000003,0.20550000000000004,0.011035202863961816,0.4066,-0.13190000000000002,0.34090000000000004,-0.1835,-0.234,0.0074,0.0
2026,Boston Legacy,Aleigh Gambone,aleigh gambone,CM,546,0.9033,0.2975,1.2636,0.5338,0.19793406593406596,1.3077,0.2864000000000001,0.04720879120879123,-0.12350000000000001,-0.1091,-0.014,-0.12150000000000001,0.41590000000000005,0.2386,0.0
2026,Boston Legacy,Amanda Allen,amanda allen,W,129,0.0,0.058600000000000006,0.0,0.0,0.04088372093023256,0.2395,-0.03490000000000003,-0.024348837209302344,-0.0592,-0.0516,-0.068,-0.027100000000000003,0.18,-0.009000000000000001,0.0
2026,Boston Legacy,Amanda Santos,amanda santos,ST,1013,5.3911,1.1713,2.3995,3.4369,0.5830365251727542,2.6144,0.06250000000000006,0.0055528134254689086,0.2293,0.4108,-0.6109,0.26930000000000004,-0.1534,-0.0826,0.0
2026,Boston Legacy,Annie Karich,annie karich,DM,1854,0.3955,0.5067,0.0,0.2379,0.04379611650485437,1.1612,-1.2906000000000002,-0.06265048543689321,-0.30000000000000004,0.4108,-0.001,-0.45470000000000005,-0.7089000000000001,-0.2368,0.0
2026,Boston Legacy,Bianca St. Georges,bianca st georges,FB,1255,1.046,1.4975,0.06670000000000001,0.43110000000000004,0.182402390438247,2.5393000000000003,0.8948000000000002,0.06416892430278885,0.07740000000000001,0.2559,0.36660000000000004,-0.028,0.20090000000000002,0.022,0.0
2026,Boston Legacy,Bárbara Olivieri,barbara olivieri,W,1195,0.7305,1.1009,0.49160000000000004,0.3448,0.1379297071129707,1.6932999999999998,-0.9564,-0.07203012552301255,-0.404,0.0613,0.007,-0.8367,0.2106,0.0054,0.0
2026,Boston Legacy,Casey Murphy,casey murphy,GK,1863,0.0,0.3783,0.0,0.0,0.018275362318840582,,,,,,,,,,
2026,Boston Legacy,Chloe Ricketts,chloe ricketts,AM,135,0.178,0.0173,0.0,0.22,0.1302,0.1271,-0.177,-0.118,-0.031100000000000003,-0.0206,-0.1179,-0.0149,0.0286,-0.0211,0.0
2026,Boston Legacy,Deja Davis,deja davis,CB,2,0.0,0.0,0.0,0.0,0.0,-0.0001,-0.0024097072,-0.108436824,-0.0002,-0.001,-9.707199999999999e-06,-0.0002,-0.0011,0.0001,0.0
2026,Boston Legacy,Ella Stevens,ella stevens,ST,424,0.5667,0.3247,0.0,0.0689,0.1892122641509434,0.9263000000000001,-0.03580000000000004,-0.0075990566037735935,-0.08750000000000001,0.07060000000000001,-0.33390000000000003,0.3491,-0.0275,-0.0066,0.0
2026,Boston Legacy,Emerson Elgin,emerson elgin,CB,1392,0.2528,0.5523,0.0,0.1622,0.05205387931034483,1.9228000000000003,0.35270000000000007,0.022803879310344832,-0.008700000000000001,0.34690000000000004,0.3145,-0.07100000000000001,-0.3397,0.1107,0.0
2026,Boston Legacy,Fauzia Najjemba,fauzia najjemba,W,217,0.13040000000000002,0.0329,0.0,0.0889,0.06772811059907835,0.16450000000000004,-0.3674,-0.15237788018433182,-0.039900000000000005,0.028,-0.21480000000000002,-0.0517,-0.0712,-0.0178,0.0
2026,Boston Legacy,Jorelyn Carabali,jorelyn carabali,CB,1534,0.3214,0.7158,0.0,0.19,0.06085267275097783,0.9674,-0.8801,-0.051635593220338984,-0.11670000000000001,-0.19140000000000001,-0.1584,-0.16440000000000002,0.4612,-0.7104,0.0
2026,Boston Legacy,Josefine Hasbo,josefine hasbo,CM,813,0.45370000000000005,0.3815,0.0,0.4424,0.09245756457564576,0.7697,-0.5874000000000001,-0.0650258302583026,-0.1802,-0.42550000000000004,0.0262,-0.10250000000000001,0.1323,-0.037700000000000004,0.0
2026,Boston Legacy,Kaká,kaka,CB,216,0.0,0.0,0.0,0.0,0.0,0.0677,-0.1761,-0.07337500000000001,-0.016900000000000002,-0.0534,-0.0046,-0.023,-0.056100000000000004,-0.0221,0.0
2026,Boston Legacy,Lais Dos Santos Araujo,lais dos santos araujo,CB,537,0.10980000000000001,0.0,0.0,0.0922,0.01840223463687151,0.4771000000000001,-0.12860000000000002,-0.021553072625698326,0.0779,-0.08420000000000001,0.06470000000000001,-0.030100000000000002,-0.1951,0.038200000000000005,0.0
2026,Boston Legacy,Laurel Ansbrow,laurel ansbrow,CB,560,0.055200000000000006,0.31870000000000004,0.0,0.0477,0.06009107142857144,0.2181,-0.4137,-0.0664875,-0.0036000000000000003,-0.1252,0.129,-0.0419,-0.37670000000000003,0.0047,0.0
2026,Boston Legacy,Nichelle Prince,nichelle prince,W,1563,1.8684,2.8277,0.9133,0.9704,0.27040882917466413,1.9781000000000002,-1.0546,-0.06072552783109405,-0.3392,-0.4506,0.21430000000000002,-0.0608,-0.36760000000000004,-0.0507,0.0
2026,Boston Legacy,Nicolette Hernández,nicolette hernandez,FB,328,0.0193,0.0776,0.0,0.0152,0.02658841463414634,0.1919,-0.2567,-0.07043597560975609,-0.0241,-0.1776,-0.036000000000000004,-0.050100000000000006,-0.001,0.032100000000000004,0.0
2026,Boston Legacy,Samantha Smith,samantha smith,FB,1147,2.7673,1.0815,1.7426,1.5931,0.301998256320837,3.4726,1.3522,0.10610113339145598,0.23170000000000002,0.0325,0.2233,0.8847,0.0344,-0.054400000000000004,0.0
2026,Boston Legacy,Sophia Lowenberg,sophia lowenberg,CB,17,0.0,0.0,0.0,0.0,0.0,0.030000000000000002,0.010900000000000002,0.05770588235294119,-0.0013000000000000002,-0.001,0.0035,-0.0018000000000000002,0.0102,0.0013000000000000002,0.0
2026,Chicago Stars,Aaliyah Farmer,aaliyah farmer,CB,1136,0.5792,0.186,0.0,0.3556,0.06062323943661973,0.02699999999999997,-1.3287000000000002,-0.10526672535211269,-0.0364,-0.555,-0.0557,0.2983,-0.5067,-0.4732,0.0
2026,Chicago Stars,Alyssa Naeher,alyssa naeher,GK,733,0.0,0.0,0.0,0.0,0.0,,,,,,,,,,
2026,Chicago Stars,Anna Gasper,anna gasper,DM,23,0.0,0.0,0.0,0.0,0.0,0.059399999999999994,0.03200000000000001,0.12521739130434786,-0.0049,0.0048000000000000004,0.0333,0.0122,-0.014,0.0006000000000000001,0.0
2026,Chicago Stars,Bea Franklin,bea franklin,CM,535,0.0375,0.09730000000000001,0.0,0.033800000000000004,0.022676635514018693,-0.342,-1.1186,-0.18817570093457944,-0.10940000000000001,-0.1468,0.045200000000000004,-0.14150000000000001,-0.7702,0.0041,0.0
2026,Chicago Stars,Brianna Pinto,brianna pinto,ST,1133,0.7671,0.586,0.0,0.5403,0.10748367166813769,0.6566000000000001,-1.5951,-0.12670697263901148,-0.3418,0.1263,-0.09770000000000001,-0.7457,-0.4852,-0.051000000000000004,0.0
2026,Chicago Stars,Elise Evans,elise evans,CB,14,0.0,0.0,0.0,0.0,0.0,-0.008099999999999998,-0.0239,-0.15364285714285714,-0.0011,0.007500000000000001,-0.0029000000000000002,-0.0019,-0.027600000000000003,0.0021000000000000003,0.0
2026,Chicago Stars,Emma Egizii,emma egizii,DM,254,0.1728,0.2233,0.0,0.060700000000000004,0.1403503937007874,0.1486,-0.30720000000000003,-0.1088503937007874,0.001,-0.1283,-0.19840000000000002,-0.13040000000000002,0.15610000000000002,-0.007200000000000001,0.0
2026,Chicago Stars,Halle Mackiewicz,halle mackiewicz,GK,82,0.0,0.0,0.0,0.0,0.0,,,,,,,,,,
2026,Chicago Stars,Ivonne Chacón,ivonne chacon,ST,429,0.4509,0.22460000000000002,0.0,0.0137,0.1417132867132867,0.25140000000000007,-0.7321,-0.1535874125874126,-0.1668,-0.1967,-0.3388,0.20450000000000002,-0.1777,-0.056600000000000004,0.0
2026,Chicago Stars,Jameese Joseph,jameese joseph,W,1064,1.1577,0.936,0.0,0.7557,0.17709868421052632,1.2259,-1.2405,-0.10492951127819548,-0.0912,0.17250000000000001,-0.255,-0.6178,-0.3309,-0.11810000000000001,0.0
2026,Chicago Stars,Jenna Bike,jenna bike,W,859,0.2682,0.7022,0.0,0.1217,0.10167171129220023,0.6992,-0.3794,-0.03975087310826543,0.0521,-0.1887,-0.047400000000000005,-0.12090000000000001,-0.0666,-0.0079,0.0
2026,Chicago Stars,Jordyn Huitema,jordyn huitema,ST,1059,3.5375,0.7691,1.6281,1.6343,0.366,2.5456,-0.36510000000000004,-0.03102832861189802,-0.281,0.0455,-0.1236,0.322,-0.3411,0.0131,0.0
2026,Chicago Stars,Julia Grosso,julia grosso,CM,1258,0.8065,1.1395,0.0,0.2993,0.13922098569157393,2.1347,-0.25849999999999995,-0.01849364069952305,-0.22290000000000001,-0.15180000000000002,0.9307000000000001,-0.6822,-0.09380000000000001,-0.0385,0.0
2026,Chicago Stars,Kathrin Hendrich,kathrin hendrich,CB,899,0.15480000000000002,0.0363,0.0,0.0584,0.01913125695216908,1.7048,0.6791999999999999,0.06799555061179087,-0.0461,-0.1476,0.0194,0.0417,0.7731,0.038700000000000005,0.0
2026,Chicago Stars,Katie Atkinson,katie atkinson,GK,950,0.0,0.0,0.0,0.0,0.0,,,,,,,,,,
2026,Chicago Stars,Leila,leila,FB,143,0.0154,0.024200000000000003,0.0,0.013900000000000001,0.024923076923076926,0.0443,-0.13540000000000002,-0.08521678321678323,-0.0171,-0.0786,-0.0182,-0.031400000000000004,0.0013000000000000002,0.0086,0.0
2026,Chicago Stars,Leilanni Nesbeth,leilanni nesbeth,DM,137,0.0206,0.0341,0.0,0.005,0.035934306569343065,0.0024000000000000063,-0.1817,-0.11936496350364964,-0.0137,-0.0448,-0.0444,-0.0216,-0.0335,-0.023700000000000002,0.0
2026,Chicago Stars,Maitane López,maitane lopez,DM,1080,0.27740000000000004,0.3924,0.0,0.1953,0.055816666666666674,0.9157,-0.3705,-0.030875,-0.1048,-0.145,0.0478,-0.23090000000000002,0.0016,0.0608,0.0
2026,Chicago Stars,Mal Swanson,mal swanson,W,454,0.6454000000000001,0.5917,0.3316,0.32430000000000003,0.2452400881057269,0.9113000000000001,-0.0825999999999999,-0.01637444933920703,-0.1109,-0.3024,0.49960000000000004,-0.1477,-0.0439,0.0227,0.0
2026,Chicago Stars,Manaka Hayashi,manaka hayashi,CM,1306,0.2795,0.43810000000000004,0.0,0.1365,0.04945176110260337,0.9408,-0.9234000000000001,-0.06363399693721287,-0.2311,-0.30810000000000004,-0.1582,-0.4147,0.4859,-0.2972,0.0
2026,Chicago Stars,Micayla Johnson,micayla johnson,W,229,0.1053,0.054,0.0,0.0702,0.06260698689956332,0.07050000000000001,-0.43189999999999995,-0.1697423580786026,-0.07880000000000001,-0.0747,0.046200000000000005,-0.2003,-0.10250000000000001,-0.0218,0.0
2026,Chicago Stars,Michelle Alozie,michelle alozie,FB,691,0.7237,0.3544,0.0,0.38680000000000003,0.14041823444283646,0.756,-0.10770000000000002,-0.014027496382054994,0.0922,-0.1698,0.11030000000000001,0.25630000000000003,-0.41590000000000005,0.019200000000000002,0.0
2026,Chicago Stars,Nádia Gomes,nadia gomes,W,1284,1.1152,0.6015,1.1352,0.5451,0.12032943925233644,0.9494,-1.336,-0.09364485981308411,-0.2001,-0.3299,-0.2149,-0.2922,-0.24150000000000002,-0.0574,0.0
2026,Chicago Stars,Ryan Gareis,ryan gareis,W,1032,0.9864,2.0579,0.0,0.31370000000000003,0.26549127906976744,1.3011,-0.8354999999999999,-0.07286337209302325,-0.21180000000000002,-0.2669,-0.0736,-0.0267,-0.2267,-0.0298,0.0
2026,Chicago Stars,Sam Staab,sam staab,CB,1751,0.4656,0.29810000000000003,0.7372000000000001,0.1952,0.03925356938892062,3.1136000000000004,1.1383,0.05850770988006854,0.037,0.5308,0.2218,-0.08310000000000001,0.37170000000000003,0.0601,0.0
2026,Chicago Stars,Taylor Wood,taylor wood,FB,161,0.0173,0.13540000000000002,0.0,0.0049,0.08536024844720498,-0.18150000000000002,-0.38380000000000003,-0.21454658385093167,0.0257,-0.0983,-0.059800000000000006,0.020200000000000003,-0.0364,-0.23520000000000002,0.0
2026,Chicago Stars,Tessa Dellarose,tessa dellarose,FB,719,0.35850000000000004,0.054700000000000006,0.6368,0.2283,0.05172183588317108,-0.44400000000000006,-1.3829,-0.1731029207232267,-0.0729,-0.2092,-0.0489,-0.16,-0.6588,-0.2331,0.0
2026,Current,Amelia White,amelia white,W,485,0.8876000000000001,0.0819,0.0345,0.0877,0.17990721649484534,1.1716000000000002,0.107,0.019855670103092783,0.07050000000000001,-0.15380000000000002,0.343,-0.1241,-0.0089,-0.019700000000000002,0.0
2026,Current,Bayley Feist,bayley feist,DM,931,0.6836,0.9043,0.0,0.37560000000000004,0.15350268528464014,0.6673,-0.5062,-0.0489344790547798,-0.07980000000000001,0.0505,-0.21,-0.034300000000000004,-0.2452,0.0126,0.0
2026,Current,Croix Bethune,croix bethune,AM,1587,5.8538,4.734,2.5442,2.9998,0.6004423440453687,8.2011,5.0903,0.2886748582230624,0.4791,0.8614,2.9623,0.2286,0.6015,-0.0426,0.0
2026,Current,Debinha,debinha,AM,840,3.0282,2.3755,0.8122,1.6659,0.5789678571428571,2.4191000000000003,0.4909,0.05259642857142857,0.1441,0.2117,-0.24650000000000002,0.43360000000000004,-0.0018000000000000002,-0.0502,0.0
2026,Current,Elaine Rouse,elaine rouse,FB,1093,0.0375,0.37020000000000003,0.0,0.0029000000000000002,0.03357090576395243,1.2502000000000002,-0.28300000000000003,-0.0233028362305581,-0.1927,0.201,-0.0152,-0.3019,-0.0019,0.027700000000000002,0.0
2026,Current,Elizabeth Ball,elizabeth ball,CB,1142,0.1998,0.0,0.0,0.22210000000000002,0.015746059544658495,0.9763000000000002,-0.3286,-0.025896672504378285,-0.060700000000000004,-0.0166,0.1013,-0.15560000000000002,-0.029500000000000002,-0.1675,0.0
2026,Current,Ellie Bravo-Young,ellie bravo young,FB,760,0.07250000000000001,0.09630000000000001,0.0,0.048100000000000004,0.019989473684210526,0.6385,-0.4011,-0.04749868421052632,-0.0859,-0.0959,0.0148,-0.16720000000000002,-0.0907,0.0238,0.0
2026,Current,Gabrielle Robinson,gabrielle robinson,CB,1314,0.33340000000000003,0.0318,0.0,0.2048,0.02501369863013699,0.2885,-1.1936,-0.08175342465753425,-0.0645,-0.2155,-0.47540000000000004,0.0596,-0.6108,0.113,0.0
2026,Current,Gianna Paul,gianna paul,ST,232,0.2411,0.1637,0.0,0.037,0.1570344827586207,0.3201,-0.2651,-0.1028405172413793,-0.1109,0.0296,-0.112,-0.0205,-0.0425,-0.0088,0.0
2026,Current,Haley Hopkins,haley hopkins,W,1162,3.4196,1.7128,1.9002000000000001,1.8547,0.39751807228915664,2.6805000000000003,-0.3083,-0.023878657487091223,-0.1,-0.3516,-0.16290000000000002,0.4601,0.006900000000000001,-0.1608,0.0
2026,Current,Isabel Rodriguez,isabel rodriguez,FB,1880,0.5965,3.1094,0.0,0.318,0.17741010638297872,1.8701,-0.49069999999999986,-0.023490957446808503,-0.005,0.44720000000000004,0.09040000000000001,-0.046900000000000004,-1.0894,0.113,0.0
2026,Current,Katharine Scott,katharine scott,FB,570,0.08,0.029400000000000003,0.0,0.078,0.017273684210526316,0.14780000000000001,-0.6093,-0.09620526315789474,-0.0971,-0.0751,-0.0206,-0.15990000000000001,-0.07490000000000001,-0.1817,0.0
2026,Current,Kayla Sharples,kayla sharples,CB,1457,0.8747,0.2417,0.0,0.3881,0.06896087851750171,2.0197000000000003,0.37620000000000003,0.023238160603980783,0.0004,-0.054200000000000005,0.0557,0.453,-0.1746,0.0959,0.0
2026,Current,Kelsey Branson,kelsey branson,DM,64,0.0,0.0,0.0,0.0,0.0,-0.018499999999999996,-0.0949,-0.133453125,-0.0137,-0.0037,-0.0031000000000000003,-0.016800000000000002,-0.01,-0.0476,0.0
2026,Current,Kolo Suliafu,kolo suliafu,FB,33,0.0,0.0,0.0,0.0,0.0,0.042300000000000004,0.0008000000000000008,0.002181818181818184,-0.0039000000000000003,0.026600000000000002,-0.0015,-0.0089,-0.0131,0.0016,0.0
2026,Current,Kyra Carusa,kyra carusa,ST,85,0.0227,0.0,0.0,2.2732e-06,0.02403529411764706,0.18170000000000003,-0.01870000000000001,-0.01980000000000001,-0.020200000000000003,-0.0228,-0.012700000000000001,-0.0056,-0.027700000000000002,0.0703,0.0
2026,Current,Lo'eau LaBonta,lo eau labonta,CM,1614,2.0322,1.835,0.7571,1.7115,0.21564312267657992,1.5963,-0.4195,-0.023392193308550184,-0.1973,0.3522,0.16390000000000002,-0.33690000000000003,-0.2373,-0.1641,0.0
2026,Current,Lorena Silva,lorena silva,GK,1230,0.0,0.0,0.0,0.0,0.0,,,,,,,,,,
2026,Current,Marisa Jordan,marisa jordan,GK,708,0.0,0.0,0.0,0.0,0.0,,,,,,,,,,
2026,Current,Michelle Cooper,michelle cooper,W,1072,3.1208,1.6984000000000001,1.2425,0.928,0.40459701492537314,3.2978000000000005,0.7508000000000001,0.06303358208955225,0.0533,0.3577,-0.0504,0.20720000000000002,0.20950000000000002,-0.026500000000000003,0.0
2026,Current,Penelope Hocking,penelope hocking,W,289,0.3129,0.0,0.0,0.30360000000000004,0.09744290657439446,0.1436,-0.5217,-0.16246712802768168,-0.0887,0.019200000000000002,-0.0896,-0.2396,-0.1041,-0.0189,0.0
2026,Current,Rocky Rodríguez,rocky rodriguez,CM,572,0.3065,0.5048,0.0,0.2641,0.12765209790209792,0.579,-0.18330000000000002,-0.028840909090909094,-0.033600000000000005,0.030500000000000003,-0.0028,-0.1335,-0.033600000000000005,-0.0103,0.0
2026,Current,Temwa Chawinga,temwa chawinga,W,943,8.3653,2.1307,2.0352,2.5325,1.0017391304347825,5.6349,3.3945000000000003,0.32397136797454934,0.47890000000000005,-0.5025000000000001,1.8641,1.2049,0.11850000000000001,0.2306,0.0
2026,Current,Vanessa DiBernardo,vanessa dibernardo,AM,185,0.0,0.1259,0.0,0.0,0.06124864864864866,0.1814,-0.1777,-0.08644864864864865,-0.081,0.0555,-0.0654,-0.1047,0.0245,-0.0066,0.0
2026,Denver Summit,Abby Smith,abby smith,GK,1725,0.0,0.078,0.0,0.0,0.004069565217391304,,,,,,,,,,
2026,Denver Summit,Ally Brazier,ally brazier,W,482,2.3638,0.2691,0.3995,2.0742,0.4916203319502075,1.2647,0.26959999999999995,0.0503402489626556,0.17,-0.1335,0.0091,0.2422,-0.24350000000000002,0.2253,0.0
2026,Denver Summit,Ayooluwa Oke,ayooluwa oke,FB,1163,0.7493000000000001,1.2218,0.0,0.5487000000000001,0.15253568357695615,1.6943000000000001,-0.09160000000000001,-0.007088564058469476,-0.0373,0.067,0.5424,-0.1802,-0.1721,-0.3114,0.0
2026,Denver Summit,Carson Pickett,carson pickett,FB,805,0.48860000000000003,0.6852,0.0,0.6111,0.13123229813664594,0.8943000000000001,-0.1859,-0.02078385093167702,-0.0292,0.17120000000000002,-0.1773,0.0655,-0.2298,0.0137,0.0
2026,Denver Summit,Delanie Sheehan,delanie sheehan,CM,1403,1.7242,1.0352,0.1701,1.1221,0.17701069137562367,2.2657000000000003,0.4033,0.025870990734141126,0.0506,0.10930000000000001,0.0509,0.45180000000000003,-0.2921,0.0328,0.0
2026,Denver Summit,Devin Lynch,devin lynch,DM,1552,0.1971,0.5718,0.0,0.1111,0.044588273195876285,0.591,-1.4158000000000002,-0.08210180412371136,-0.3667,-0.3642,-0.1824,-0.38430000000000003,-0.1019,-0.016300000000000002,0.0
2026,Denver Summit,Emma Regan,emma regan,DM,440,0.0142,0.0245,0.0,0.0112,0.00791590909090909,0.15890000000000004,-0.4345,-0.088875,-0.1014,-0.1217,0.062200000000000005,-0.15760000000000002,-0.1,-0.016,0.0
2026,Denver Summit,Eva Gaetino,eva gaetino,CB,1296,0.9438000000000001,0.0608,0.6098,0.6523,0.0697638888888889,0.35849999999999993,-1.1034,-0.076625,-0.0304,0.5123,-0.0074,-0.0784,-1.091,-0.40850000000000003,0.0
2026,Denver Summit,Janine Sonis,janine sonis,FB,1555,3.3636,2.2228,3.6463,2.2909,0.323328617363344,1.7039,-0.3576,-0.020697106109324757,0.2403,0.32430000000000003,-0.09870000000000001,0.1282,-0.7934,-0.1583,0.0
2026,Denver Summit,Kaleigh Kurtz,kaleigh kurtz,CB,1725,0.252,0.27390000000000003,0.0,0.1676,0.027438260869565217,1.7303,-0.21550000000000002,-0.011243478260869565,-0.06960000000000001,0.3638,-0.49010000000000004,-0.0675,-0.015,0.0629,0.0
2026,Denver Summit,Lindsey Heaps,lindsey heaps,CM,311,0.8808,0.432,0.0,0.725,0.3799099678456591,0.8500000000000001,0.27140000000000003,0.07854019292604503,0.1814,0.069,-0.1897,0.32,-0.0961,-0.0132,0.0
2026,Denver Summit,Megan Reid,megan reid,CB,472,0.1847,0.0223,0.0,0.1328,0.03947033898305085,0.5831999999999999,0.0023999999999999994,0.00045762711864406766,0.0322,-0.023100000000000002,-0.1458,-0.0117,0.138,0.0128,0.0
2026,Denver Summit,Melissa Kossler,melissa kossler,ST,1281,4.2514,1.9711,2.8348,3.1579,0.4371779859484778,3.0818,-0.3693999999999999,-0.02595316159250585,-0.0125,-1.0317,-0.0659,0.9901000000000001,-0.1003,-0.1491,0.0
2026,Denver Summit,Nahikari García,nahikari garcia,FB,12,0.0,0.0,0.0,0.0,0.0,0.07060000000000001,0.05560000000000001,0.4170000000000001,-0.0014,0.0129,0.0011,0.013000000000000001,0.029400000000000003,0.0006000000000000001,0.0
2026,Denver Summit,Natalie Means,natalie means,W,494,0.64,0.4277,0.26780000000000004,0.4433,0.19452024291497977,0.8501000000000001,-0.04040000000000002,-0.007360323886639679,0.0702,-0.1468,0.0424,0.021500000000000002,-0.0284,0.0007,0.0
2026,Denver Summit,Natasha Flint,natasha flint,AM,1314,2.6007000000000002,0.8169000000000001,1.3708,1.5498,0.23408219178082193,1.6016,-1.3221000000000003,-0.09055479452054796,0.1481,-0.2667,-0.2576,-0.7482000000000001,-0.1153,-0.0824,0.0
2026,Denver Summit,Olivia Thomas,olivia thomas,ST,497,1.5446,0.1085,0.0,1.4629,0.29935412474849094,0.6862,-0.6115,-0.1107344064386318,-0.17220000000000002,-0.1476,-0.2873,0.1071,-0.0823,-0.0292,0.0
2026,Denver Summit,Yuna McCormack,yuna mccormack,W,591,0.3755,0.7000000000000001,0.0,0.3654,0.1637817258883249,0.6921,-0.6652000000000001,-0.10129949238578682,-0.19640000000000002,0.161,-0.28040000000000004,-0.2898,-0.0461,-0.0135,0.0
2026,Denver Summit,Yuzuki Yamamoto,yuzuki yamamoto,W,200,0.5136000000000001,0.4435,0.0,0.44670000000000004,0.430695,0.38470000000000004,-0.0816,-0.03672,-0.0045000000000000005,0.0787,-0.0716,0.033600000000000005,-0.0712,-0.0466,0.0
2026,Gotham FC,Andrea Kitahata,andrea kitahata,FB,184,0.1663,0.057600000000000005,0.0,0.0342,0.10951630434782611,0.521,0.1555,0.07605978260869566,-0.005,0.3623,-0.1267,-0.07100000000000001,0.0024000000000000002,-0.006500000000000001,0.0
2026,Gotham FC,Ann-Katrin Berger,ann katrin berger,GK,1642,0.0097,0.1134,0.0,0.009600000000000001,0.006747259439707674,,,,,,,,,,
2026,Gotham FC,Bruninha,bruninha,FB,189,0.0,0.0761,0.0,0.0,0.036238095238095236,0.057300000000000004,-0.2774,-0.13209523809523807,-0.0604,-0.0221,-0.0848,-0.1028,0.008,-0.015300000000000001,0.0
2026,Gotham FC,Denise O'Sullivan,denise o sullivan,DM,56,0.0,0.0,0.0,0.0,0.0,0.08580000000000002,-0.0003999999999999976,-0.0006428571428571389,-0.018000000000000002,0.0352,0.0061,-0.028200000000000003,0.0041,0.0004,0.0
2026,Gotham FC,Emily Sonnett,emily sonnett,CB,1167,0.145,0.1189,0.0,0.12890000000000001,0.020352185089974294,1.2065000000000001,-0.12060000000000004,-0.009300771208226224,-0.0511,-0.124,0.0755,0.032,0.1633,-0.21630000000000002,0.0
2026,Gotham FC,Esther González,esther gonzalez,ST,1357,8.1709,1.0042,3.6172,3.7918,0.6085180545320561,3.8461000000000003,0.16330000000000003,0.010830508474576273,0.1091,-0.3885,0.1231,0.6223000000000001,-0.196,-0.1067,0.0
2026,Gotham FC,Guro Reiten,guro reiten,FB,1238,0.1935,1.9924,0.0,0.194,0.15891033925686593,1.103,-0.45150000000000007,-0.03282310177705978,-0.043300000000000005,-0.3738,0.166,0.22010000000000002,-0.44070000000000004,0.020200000000000003,0.0
2026,Gotham FC,Jaedyn Shaw,jaedyn shaw,W,1528,4.0835,2.0911,1.8616000000000001,1.9847000000000001,0.3636871727748691,3.8987,0.2328,0.013712041884816754,0.14350000000000002,0.5592,-0.3769,0.0881,-0.0603,-0.1208,0.0
2026,Gotham FC,Jaelin Howell,jaelin howell,DM,1876,0.8791,0.9715,0.0,0.6035,0.0887814498933902,1.2453,-1.1603,-0.05566471215351813,-0.18860000000000002,-0.6265000000000001,0.07640000000000001,-0.22440000000000002,-0.4874,0.2902,0.0
2026,Gotham FC,Jess Carter,jess carter,CB,1715,0.0,0.1784,0.0,0.0,0.009362099125364431,0.13969999999999996,-1.8525000000000003,-0.09721574344023325,-0.1525,-0.3279,-0.2705,-0.2025,-0.9207000000000001,0.0216,0.0
2026,Gotham FC,Jordynn Dudley,jordynn dudley,W,1361,5.3767,3.0371,0.6924,3.1484,0.5563864805290228,5.8595,2.5412,0.16804408523144745,0.5141,-0.2494,1.0783,0.9018,-0.155,0.4514,0.0
2026,Gotham FC,Katie Lampson,katie lampson,ST,391,1.1556,0.9366000000000001,0.0,1.7211,0.4815805626598466,0.6274000000000001,-0.309,-0.07112531969309463,0.007,-0.059300000000000005,-0.2028,0.0095,-0.0687,0.0053,0.0
2026,Gotham FC,Kayla Duran,kayla duran,FB,281,0.0597,0.45130000000000003,0.0,0.057600000000000005,0.16366548042704626,0.1423,-0.2105,-0.06741992882562277,0.0108,-0.0589,-0.0437,0.0173,-0.1436,0.0076,0.0
2026,Gotham FC,Mandy Freeman,mandy freeman,CB,212,0.0164,0.124,0.0,0.0007,0.05960377358490566,-0.11699999999999999,-0.4129,-0.1752877358490566,-0.0182,-0.0591,0.0108,-0.0407,-0.0684,-0.2373,0.0
2026,Gotham FC,Mckenna Whitham,mckenna whitham,W,19,0.0,0.0,0.0,0.0,0.0,0.023600000000000003,-0.0215,-0.10184210526315789,-0.0103,-0.0079,0.019200000000000002,-0.0128,-0.008400000000000001,-0.0013000000000000002,0.0
2026,Gotham FC,Midge Purce,midge purce,W,1244,0.7151000000000001,1.594,1.0308,0.2892,0.1670570739549839,2.1897,-0.028300000000000006,-0.0020474276527331194,-0.1105,0.28850000000000003,0.3357,-0.3875,-0.16740000000000002,0.0129,0.0
2026,Gotham FC,Rose Lavelle,rose lavelle,CM,1518,3.1339,2.9741,0.7902,1.0934,0.36213438735177866,4.275600000000001,1.2642000000000002,0.07495256916996049,0.1824,-0.1769,0.2994,1.0152,-0.18080000000000002,0.12490000000000001,0.0
2026,Gotham FC,Sam Kerr,sam kerr,ST,315,3.612,0.10980000000000001,1.5034,2.4658,1.0633714285714286,1.5348000000000002,0.6689,0.19111428571428574,0.3185,-0.19970000000000002,-0.15480000000000002,0.8732000000000001,-0.1188,-0.0495,0.0
2026,Gotham FC,Sarah Schupansky,sarah schupansky,CM,639,0.3355,0.9034000000000001,0.0,0.2107,0.1744929577464789,0.3578,-0.911,-0.1283098591549296,-0.1211,-0.063,-0.19940000000000002,-0.3393,-0.1588,-0.029400000000000003,0.0
2026,Gotham FC,Savannah McCaskill,savannah mccaskill,DM,1695,0.7908000000000001,1.2779,0.0,0.44580000000000003,0.10984247787610621,1.0584000000000002,-1.2082000000000002,-0.06415221238938054,0.0131,-0.21030000000000001,-0.023100000000000002,-0.3925,-0.625,0.0296,0.0
2026,Gotham FC,Shelby Hogan,shelby hogan,GK,310,0.0,0.0,0.0,0.0,0.0,,,,,,,,,,
2026,Gotham FC,Sofia Cook,sofia cook,DM,318,0.33140000000000003,0.36760000000000004,0.0,0.1879,0.19783018867924532,0.36360000000000003,-0.1775,-0.05023584905660377,0.0665,0.013900000000000001,0.0839,-0.1506,-0.1885,-0.0027,0.0
2026,Gotham FC,Talia Sommer,talia sommer,FB,52,0.12090000000000001,0.015700000000000002,0.0,0.0001,0.23642307692307693,0.2392,0.1546,0.2675769230769231,0.0541,-0.0274,0.0386,-0.006200000000000001,0.10020000000000001,-0.0047,0.0
2026,Gotham FC,Taryn Torres,taryn torres,DM,22,0.0,0.0,0.0,0.0,0.0,0.031100052651000003,-0.0026999999999999975,-0.011045454545454535,-0.0071,0.0037,0.0026000000000000003,-0.0122,0.010400000000000001,-0.0001,0.0
2026,Gotham FC,Tierna Davidson,tierna davidson,CB,1453,0.7207,0.508,0.5684,0.1686,0.07610667584308327,1.6231,-0.026299999999999935,-0.0016290433585684748,0.1394,0.41300000000000003,0.1115,0.14730000000000001,-0.8902,0.052700000000000004,0.0
2026,Houston Dash,Allysha Chapman,allysha chapman,FB,426,0.0,0.020800000000000003,0.0,0.0,0.004394366197183099,-0.23660000000000003,-0.8292999999999999,-0.17520422535211266,-0.07390000000000001,-0.21680000000000002,-0.3509,-0.1038,-0.0682,-0.015700000000000002,0.0
2026,Houston Dash,Avery Patterson,avery patterson,FB,1557,0.9258000000000001,1.2979,0.0,0.7025,0.12853757225433526,2.8063000000000002,0.7348,0.04247398843930636,0.1706,0.0818,0.5602,0.019,0.39880000000000004,-0.49560000000000004,0.0
2026,Houston Dash,Caroline DeLisle,caroline delisle,GK,122,0.0,0.0,0.0,0.0,0.0,,,,,,,,,,
2026,Houston Dash,Cate Hardin,cate hardin,DM,634,0.1686,0.096,0.0,0.1337,0.037561514195583595,0.7112,-0.19589999999999996,-0.02780914826498422,-0.10210000000000001,-0.0887,0.0538,-0.2016,0.39980000000000004,-0.2571,0.0
2026,Houston Dash,Clarissa Laris­ey,clarissa larisey,ST,486,0.6366,0.2096,0.0,0.5885,0.1567037037037037,0.7669,-0.44699999999999995,-0.08277777777777777,-0.1655,0.1393,-0.1889,-0.1316,-0.0693,-0.031,0.0
2026,Houston Dash,Danielle Colaprico,danielle colaprico,CM,1321,0.1148,1.5029000000000001,0.0,0.0847,0.11021423164269495,1.317,-0.6964000000000001,-0.047445874337623026,-0.36760000000000004,0.30010000000000003,0.0459,-0.6173000000000001,-0.3252,0.2677,0.0
2026,Houston Dash,Emina Ekic,emina ekic,W,110,0.0,0.043300000000000005,0.0,0.0,0.03542727272727273,0.046400000000000004,-0.185,-0.15136363636363634,-0.0517,-0.0145,0.0028,-0.08460000000000001,-0.0325,-0.0045000000000000005,0.0
2026,Houston Dash,Jane Campbell,jane campbell,GK,1639,0.0,0.0,0.0,0.0,0.0,,,,,,,,,,
2026,Houston Dash,Kate Faasse,kate faasse,ST,887,2.1245,0.9159,2.9075,2.2187,0.30849605411499437,0.7381,-1.6231,-0.1646888387824126,-0.326,-0.1469,-0.1418,-0.5876,-0.3377,-0.08310000000000001,0.0
2026,Houston Dash,Katherine Rader,katherine rader,W,1610,4.0115,1.6628,4.4056,2.8569,0.31719689440993787,2.3998000000000004,-1.4634,-0.08180496894409937,-0.0663,-0.342,0.2218,-0.789,-0.3663,-0.1216,0.0
2026,Houston Dash,Kiki Van Zanten,kiki van zanten,W,857,2.5765000000000002,1.4672,2.1354,1.7081,0.42465927654609104,2.3363,0.007700000000000026,0.0008086347724620798,-0.038900000000000004,0.155,-0.0502,-0.24730000000000002,0.044700000000000004,0.1444,0.0
2026,Houston Dash,Leah Klenke,leah klenke,CB,1679,0.4776,0.21030000000000001,0.0,0.3047,0.03687373436569387,2.2958000000000003,0.3134,0.01679928528886242,0.075,-0.1385,0.1012,-0.0629,0.7024,-0.3638,0.0
2026,Houston Dash,Linda Ullmark,linda ullmark,W,1498,2.2012,1.5121,1.2530000000000001,1.818,0.2230954606141522,2.7942,-0.7977,-0.04792590120160213,-0.15610000000000002,0.0634,0.08560000000000001,-0.8134,0.0118,0.011,0.0
2026,Houston Dash,Lisa Boattin,lisa boattin,FB,790,0.14980000000000002,0.3826,0.0,0.1505,0.06065316455696202,0.0931,-0.8989,-0.10240632911392404,0.0315,-0.2162,-0.2998,-0.1058,-0.3221,0.0135,0.0
2026,Houston Dash,Maggie Graham,maggie graham,CM,1666,2.2706,1.4061000000000001,1.5314,1.5316,0.19862124849939974,1.0289000000000001,-2.1386000000000003,-0.11553061224489797,-0.44770000000000004,0.10360000000000001,-0.6767000000000001,-0.6145,-0.443,-0.0603,0.0
2026,Houston Dash,Makenzy Robbe,makenzy robbe,W,274,1.2534,0.0,0.673,0.6671,0.41170072992700735,1.2043000000000001,0.45120000000000005,0.14820437956204383,-0.0597,0.0175,0.0974,-0.036500000000000005,0.1976,0.2349,0.0
2026,Houston Dash,Malia Berkely,malia berkely,CB,1097,0.8949,0.0298,0.0,0.629,0.07586417502278944,1.4997,0.25359999999999994,0.020805834092980854,-0.0687,-0.1771,0.164,-0.07730000000000001,0.08410000000000001,0.3286,0.0
2026,Houston Dash,Messiah Bright,messiah bright,ST,239,0.8273,0.027800000000000002,0.0,0.8122,0.3220041841004185,0.6015,0.016899999999999978,0.0063640167364016655,-0.058600000000000006,-0.1293,0.12140000000000001,0.2019,-0.0974,-0.0211,0.0
2026,Houston Dash,Paige Nielsen,paige nielsen,CB,1470,0.8111,0.1607,0.0,0.4343,0.059497959183673475,1.9916,0.3333000000000001,0.0204061224489796,-0.0994,-0.1242,-0.2185,-0.17830000000000001,0.8541000000000001,0.09960000000000001,0.0
2026,Houston Dash,Sarah Puntigam,sarah puntigam,CM,662,1.0075,0.27240000000000003,0.2156,0.3925,0.1740045317220544,0.5479,-0.3719,-0.05056042296072508,-0.0604,-0.1379,-0.0091,-0.1194,-0.0284,-0.0167,0.0
2026,Houston Dash,Sophie Schmidt,sophie schmidt,DM,259,0.22740000000000002,0.5278,0.0,0.1468,0.26242471042471044,0.473,-0.18580000000000002,-0.06456370656370657,-0.0699,0.2092,-0.009300000000000001,-0.1852,-0.1582,0.027600000000000003,0.0
2026,NC Courage,Ally Schlegel,ally schlegel,ST,677,3.1576,0.14450000000000002,0.0284,0.9611000000000001,0.43897932053175776,1.9388,0.3615,0.0480576070901034,0.08750000000000001,-0.1062,-0.3562,0.6954,-0.1879,0.22890000000000002,0.0
2026,NC Courage,Ashley Sanchez,ashley sanchez,AM,1648,6.5824,1.8265,4.4926,2.9902,0.4592239077669903,5.3124,1.6952,0.09257766990291263,0.7466,-0.1449,0.7356,0.4615,-0.10200000000000001,-0.0016,0.0
2026,NC Courage,Cameron Brooks,cameron brooks,FB,10,0.0,0.0,0.0,0.0,0.0,0.0058000000000000005,-0.0068000000000000005,-0.061200000000000004,-0.0012000000000000001,0.0014,-0.0007,-0.0018000000000000002,-0.005,0.0005,0.0
2026,NC Courage,Carly Wickenheiser,carly wickenheiser,CM,571,0.2896,0.2227,0.0,0.1421,0.08074781085814361,0.5276000000000001,-0.3946,-0.06219614711033276,-0.1052,-0.0233,-0.050300000000000004,-0.2882,0.1312,-0.058800000000000005,0.0
2026,NC Courage,Chioma Okafor,chioma okafor,W,236,0.22990000000000002,0.3291,0.0,0.07590000000000001,0.21317796610169493,0.4416,-0.029200000000000004,-0.011135593220338984,-0.026000000000000002,0.0451,0.007200000000000001,0.0097,-0.0694,0.004200000000000001,0.0
2026,NC Courage,Cortnee Vine,cortnee vine,ST,97,0.055,0.0,0.0,0.0204,0.05103092783505155,-0.030999999999999986,-0.2618,-0.24290721649484534,-0.0125,-0.1636,-0.0201,-0.0458,-0.0155,-0.0043,0.0
2026,NC Courage,Dani Weatherholt,dani weatherholt,DM,1173,0.9498000000000001,0.0632,0.8375,0.778,0.07772378516624041,1.2616,-0.1794,-0.013764705882352941,0.040400000000000005,0.0128,-0.0636,-0.0857,-0.1777,0.0944,0.0
2026,NC Courage,Evelyn Ijeh,evelyn ijeh,ST,1152,7.4543,1.2048,2.3593,3.13,0.6764921875,4.1769,1.0105999999999997,0.07895312499999997,0.0886,-0.5074000000000001,0.3806,1.5933,-0.4197,-0.12480000000000001,0.0
2026,NC Courage,Felicitas Rauch,felicitas rauch,FB,516,0.5207,2.2137000000000002,0.0,0.1497,0.4769302325581396,1.0183,0.2445,0.0426453488372093,0.079,0.3325,0.062200000000000005,0.0507,-0.28350000000000003,0.0036000000000000003,0.0
2026,NC Courage,Hannah Betfort,hannah betfort,ST,518,1.3376000000000001,0.7941,0.0,1.0087,0.37037258687258695,0.5303,-0.8934000000000001,-0.15522393822393823,-0.12190000000000001,-0.11750000000000001,-0.3421,-0.1247,-0.1399,-0.0473,0.0
2026,NC Courage,Ivy Garner,ivy garner,W,116,0.6489,0.0,0.0,0.0047,0.5034568965517241,0.3165,0.054100000000000016,0.041974137931034494,0.053700000000000005,-0.053500000000000006,-0.033600000000000005,0.14350000000000002,-0.0438,-0.0122,0.0
2026,NC Courage,Kailen Sheridan,kailen sheridan,GK,1761,0.0,0.13090000000000002,0.0,0.0,0.006689948892674618,,,,,,,,,,
2026,NC Courage,Lauryn Thompson,lauryn thompson,W,346,0.554,0.8432000000000001,0.4514,0.3402,0.36343352601156076,0.6844,-0.156,-0.040578034682080925,-0.0267,-0.0482,0.0775,-0.0954,-0.1078,0.0446,0.0
2026,NC Courage,Manaka Matsukubo,manaka matsukubo,ST,892,3.6825,1.9217,2.2636,2.1679,0.5654461883408072,2.7696,1.1187,0.11287331838565022,0.49260000000000004,0.3012,0.0555,0.42850000000000005,-0.1148,-0.0443,0.0
2026,NC Courage,Maycee Bell,maycee bell,CB,1219,1.2792000000000001,0.3786,0.0,0.43670000000000003,0.12239704675963906,1.8802,0.5052,0.037299425758818706,0.3438,-0.3256,0.044500000000000005,0.1872,0.1341,0.1212,0.0
2026,NC Courage,Natalia Staude,natalia staude,CB,903,0.33740000000000003,0.6984,0.0,0.22660000000000002,0.1032358803986711,1.2699,0.24159999999999998,0.0240797342192691,-0.0734,0.23550000000000001,0.0567,0.0772,-0.1303,0.07590000000000001,0.0
2026,NC Courage,Natalie Jacobs,natalie jacobs,CB,417,0.0,0.0489,0.0,0.0,0.010553956834532374,0.42569999999999997,-0.055400000000000005,-0.011956834532374101,-0.036000000000000004,-0.0459,0.016900000000000002,-0.04,0.0414,0.0082,0.0
2026,NC Courage,Olivia Wingate,olivia wingate,ST,15,0.0,0.0,0.0,0.0,0.0,-0.0085,-0.047,-0.28200000000000003,-0.0094,-0.0198,0.0034000000000000002,-0.0241,0.004200000000000001,-0.0013000000000000002,0.0
2026,NC Courage,Payton Linnehan,payton linnehan,W,160,0.2649,0.1515,0.0,0.498,0.23422500000000002,0.37460000000000004,0.003999999999999997,0.002249999999999998,-0.026500000000000003,-0.0483,-0.013000000000000001,0.12240000000000001,-0.0142,-0.0164,0.0
2026,NC Courage,Riley Jackson,riley jackson,CM,1698,3.1089,3.7062,0.9538000000000001,1.5617,0.3612243816254417,2.9687,0.5995000000000001,0.03177561837455831,-0.0035,1.1705,-0.0499,-0.19260000000000002,-0.2857,-0.0393,0.0
2026,NC Courage,Ryan Williams,ryan williams,FB,1761,0.4338,3.5151,0.0,0.2972,0.2018177172061329,2.7411999999999996,0.5299,0.02708177172061329,-0.0528,-0.5529000000000001,0.5878,0.437,0.22190000000000001,-0.1111,0.0
2026,NC Courage,Shinomi Koyama,shinomi koyama,DM,1690,1.2105,1.8539,0.0,0.9217000000000001,0.16319289940828402,2.2268,-0.36210000000000003,-0.019283431952662723,-0.1797,0.3667,-0.1474,-0.31920000000000004,-0.055400000000000005,-0.027100000000000003,0.0
2026,NC Courage,Sydney Schmidt,sydney schmidt,FB,85,0.0859,0.0429,0.0,0.08120000000000001,0.1363764705882353,0.1643,0.0576,0.06098823529411765,0.0323,0.023100000000000002,-0.0048000000000000004,-0.0011,0.0201,-0.012,0.0
2026,NC Courage,Uno Shiragaki,uno shiragaki,CB,1334,0.502,0.15610000000000002,0.0,0.27030000000000004,0.044399550224887556,1.1889999999999998,-0.3157000000000001,-0.021299100449775118,0.049600000000000005,-0.47750000000000004,0.117,-0.0794,-0.0313,0.10590000000000001,0.0
2026,NC Courage,Vilde Risa,vilde risa,AM,24,0.0,0.0,0.0,0.0,0.0,0.043300000000000005,0.0026,0.00975,-0.0086,0.0119,-0.011600000000000001,-0.011600000000000001,0.023,-0.0005,0.0
2026,NC Courage,Érica Parkinson,erica parkinson,AM,322,0.3745,0.2335,0.0,0.16,0.16993788819875774,0.9813000000000001,0.32699999999999996,0.0913975155279503,0.040400000000000005,0.0323,0.1573,-0.1509,0.0599,0.188,0.0
2026,Orlando Pride,Ally Lemos,ally lemos,DM,1550,1.731,1.9856,0.0,0.9636,0.2158025806451613,1.7064000000000001,-0.19940000000000002,-0.011578064516129034,0.0791,0.2288,0.2054,-0.3603,-0.3442,-0.0082,0.0
2026,Orlando Pride,Angelina,angelina,DM,1193,0.8438,1.076,0.0,0.5054000000000001,0.1448298407376362,0.797,-1.0931000000000002,-0.08246353730092205,0.011,0.0816,-0.0044,-0.40190000000000003,-0.7828,0.0034000000000000002,0.0
2026,Orlando Pride,Anna Moorhouse,anna moorhouse,GK,1848,0.0,0.0,0.0,0.0,0.0,,,,,,,,,,
2026,Orlando Pride,Barbra Banda,barbra banda,ST,1241,8.4092,2.3063,7.5229,6.0634,0.7771112006446415,7.3652,4.0159,0.29124174053182916,0.7522000000000001,0.3597,1.3945,1.4245,-0.2545,0.3395,0.0
2026,Orlando Pride,Cori Dyke,cori dyke,FB,1824,0.15760000000000002,0.6967,0.09620000000000001,0.1018,0.04215296052631579,1.5412000000000001,-0.6716,-0.03313815789473684,-0.09430000000000001,-0.2621,0.055,-0.1905,-0.2597,0.08,0.0
2026,Orlando Pride,Hailie Mace,hailie mace,FB,1318,0.3871,0.3169,0.0,0.17270000000000002,0.048072837632776935,1.0697,-0.5935,-0.04052731411229135,-0.023100000000000002,0.2837,0.22110000000000002,-0.2291,-0.8957,0.049600000000000005,0.0
2026,Orlando Pride,Haley McCutcheon,haley mccutcheon,FB,1839,3.3007,1.3856,0.5145000000000001,1.4178,0.2293458401305057,2.4218,-0.5476000000000002,-0.026799347471451886,0.0175,-0.8219000000000001,0.2383,0.0952,-0.30670000000000003,0.23,0.0
2026,Orlando Pride,Hannah Anderson,hannah anderson,CB,847,0.37310000000000004,0.4249,0.295,0.1373,0.08479338842975206,1.1657000000000002,0.12060000000000001,0.012814639905548998,0.016800000000000002,0.07540000000000001,-0.13670000000000002,0.43820000000000003,-0.31070000000000003,0.0376,0.0
2026,Orlando Pride,Julie Doyle,julie doyle,W,646,0.4541,0.1164,0.1872,0.1819,0.0794814241486068,1.1357,-0.2669,-0.03718421052631579,-0.1756,-0.09870000000000001,0.0392,-0.2514,0.22110000000000002,-0.0015,0.0
2026,Orlando Pride,Kerry Abello,kerry abello,FB,359,0.2629,0.07010000000000001,0.0,0.1563,0.08348189415041783,0.8414000000000001,0.31400000000000006,0.07871866295264625,0.033,0.0115,0.1005,-0.059300000000000005,0.2199,0.008400000000000001,0.0
2026,Orlando Pride,Lizbeth Ovalle,lizbeth ovalle,W,850,2.0968,1.2398,0.15510000000000002,1.1314,0.3532870588235294,1.6061,-0.4399,-0.04657764705882353,0.0485,-0.22920000000000001,-0.1661,-0.046900000000000004,0.0071,-0.0533,0.0
2026,Orlando Pride,Luana,luana,DM,440,0.4333,0.2906,0.0,0.4796,0.14807045454545453,0.5035000000000001,-0.2304,-0.04712727272727272,-0.0868,-0.060500000000000005,-0.08560000000000001,-0.0079,0.17850000000000002,-0.1681,0.0
2026,Orlando Pride,Marta,marta,ST,664,2.9725,0.8186,1.0506,1.4653,0.5138539156626506,1.0987,-0.6132,-0.08311445783132529,-0.1962,0.35450000000000004,-0.1032,-0.4897,-0.10890000000000001,-0.0697,0.0
2026,Orlando Pride,Nicole Payne,nicole payne,FB,424,0.2644,0.0636,0.5574,0.2368,0.06962264150943397,0.38250000000000006,-0.3874000000000001,-0.08223113207547171,0.0066,-0.0794,-0.23320000000000002,-0.0014,-0.1143,0.034300000000000004,0.0
2026,Orlando Pride,Oihane Hernández,oihane hernandez,FB,1328,0.1688,2.1325,0.0,0.14750000000000002,0.15596159638554216,0.8206000000000001,-0.9344000000000002,-0.06332530120481929,-0.10650000000000001,0.08510000000000001,0.0102,-0.1841,-0.48650000000000004,-0.2526,0.0
2026,Orlando Pride,Rafaelle,rafaelle,CB,1039,0.1467,0.6698000000000001,0.0,0.0791,0.07072666025024062,1.951,0.7688999999999998,0.06660346487006735,0.0337,0.0546,0.0068000000000000005,-0.08410000000000001,0.4461,0.3118,0.0
2026,Orlando Pride,Reagan Raabe,reagan raabe,W,50,0.0454,0.0,0.0,0.044,0.08172,-0.2156,-0.3064,-0.55152,0.0086,-0.1159,-0.1928,-0.0318,0.0267,-0.0012000000000000001,0.0
2026,Orlando Pride,Seven Castain,seven castain,W,457,0.7058,0.3936,0.0,0.4645,0.2165120350109409,0.5369,-0.49230000000000007,-0.09695185995623634,-0.1419,0.0575,-0.1933,0.0082,-0.196,-0.0268,0.0
2026,Orlando Pride,Simone Jackson,simone jackson,W,264,0.22190000000000001,0.20720000000000002,0.0,0.021400000000000002,0.14628409090909092,0.1945,-0.4327,-0.14751136363636363,-0.0627,-0.025500000000000002,-0.0068000000000000005,-0.2111,-0.1044,-0.0222,0.0
2026,Orlando Pride,Solai Washington,solai washington,W,870,2.1567,1.909,0.0,1.2267,0.42058965517241376,3.0281999999999996,0.9612,0.0994344827586207,0.15710000000000002,0.165,0.886,-0.17220000000000002,-0.0337,-0.041,0.0
2026,Orlando Pride,Summer Yates,summer yates,W,642,0.6019,0.7085,0.0,0.49970000000000003,0.18370093457943926,1.1996000000000002,-0.24329999999999996,-0.034107476635514014,-0.1486,0.30660000000000004,0.07490000000000001,-0.4194,-0.051500000000000004,-0.0053,0.0
2026,Orlando Pride,Zara Chavoshi,zara chavoshi,CB,564,0.0111,0.2184,0.0,0.0097,0.03662234042553192,0.129,-0.5278,-0.08422340425531916,-0.0022,0.0166,0.16290000000000002,-0.0239,-0.7102,0.029,0.0
2026,Orlando Pride,Zoe Matthews,zoe matthews,CM,17,0.024300000000000002,0.0,0.0,4.8691000000000005e-06,0.12864705882352942,0.03900000000000001,0.012799999999999999,0.06776470588235294,0.0235,0.0011,-0.0047,0.0027,-0.006200000000000001,-0.0036000000000000003,0.0
2026,Portland Thorns,Carolyn Calzada,carolyn calzada,CB,451,0.0,0.3337,0.0,0.0,0.0665920177383592,0.2122,-0.2964,-0.05914855875831485,-0.0352,-0.1414,-0.0099,-0.0507,-0.0813,0.0221,0.0
2026,Portland Thorns,Cassandra Bogere,cassandra bogere,DM,1160,0.14830000000000002,0.2844,0.0,0.0712,0.03357155172413793,0.9127,-0.4927,-0.03822672413793104,-0.1751,-0.38870000000000005,-0.1081,-0.25120000000000003,0.40640000000000004,0.024,0.0
2026,Portland Thorns,Deyna Castellanos,deyna castellanos,CM,173,0.2214,0.060200000000000004,0.0,0.1704,0.1464971098265896,0.032900000000000006,-0.3496,-0.1818728323699422,-0.0414,-0.09530000000000001,0.046700000000000005,-0.14780000000000001,-0.1013,-0.0105,0.0
2026,Portland Thorns,Isabella Obaze,isabella obaze,CB,784,0.3538,0.0188,0.0,0.25680000000000003,0.04277295918367347,0.7791,-0.10519999999999996,-0.012076530612244894,0.1202,-0.1568,0.0874,0.034,-0.2485,0.0585,0.0
2026,Portland Thorns,Jayden Perry,jayden perry,CB,783,0.5267000000000001,0.23720000000000002,0.4897,0.2587,0.08780459770114943,0.9926999999999999,0.08640000000000005,0.009931034482758627,0.0631,-0.0748,-0.0023,0.20500000000000002,-0.293,0.1884,0.0
2026,Portland Thorns,Jennie Immethun,jennie immethun,DM,191,0.0341,0.1302,0.0,0.0007,0.07741884816753927,-0.0352,-0.2627,-0.12378534031413611,-0.0409,-0.0623,-0.025500000000000002,-0.0626,-0.08850000000000001,0.0171,0.0
2026,Portland Thorns,Jessie Fleming,jessie fleming,CM,1800,0.49710000000000004,1.6305,0.49570000000000003,0.29810000000000003,0.10638,1.6997999999999998,-0.5135,-0.025674999999999996,-0.15990000000000001,0.397,0.0376,-0.5436,-0.358,0.1134,0.0
2026,Portland Thorns,Mackenzie Arnold,mackenzie arnold,GK,1503,0.0,0.0,0.0,0.0,0.0,,,,,,,,,,
2026,Portland Thorns,Maddie Padelski,maddie padelski,W,140,0.4083,0.031900000000000005,0.0,0.15990000000000001,0.2829857142857143,0.05250000000000002,-0.254,-0.16328571428571428,0.059000000000000004,-0.4541,0.15660000000000002,0.0085,-0.004200000000000001,-0.0198,0.0
2026,Portland Thorns,Mallie McKenzie,mallie mckenzie,FB,275,0.46080000000000004,0.21480000000000002,0.07590000000000001,0.0666,0.22110545454545458,0.35850000000000004,-0.15779999999999997,-0.05164363636363636,-0.005200000000000001,-0.1399,0.029900000000000003,0.1047,-0.1365,-0.0108,0.0
2026,Portland Thorns,Marie Muller,marie muller,FB,1202,0.5375,0.5769000000000001,0.5126000000000001,0.3715,0.08344093178036606,0.3407,-1.6736000000000002,-0.12531114808652247,-0.053,-0.08,-0.097,-0.5218,-0.9034000000000001,-0.0184,0.0
2026,Portland Thorns,Marie-Yasmine Alidou,marie yasmine alidou,W,741,0.6557000000000001,0.3093,0.0,0.6019,0.11720647773279354,0.5724,-1.1309,-0.13735627530364375,-0.2008,-0.0782,-0.3342,-0.4922,0.0361,-0.0616,0.0
2026,Portland Thorns,Mary Vignola,mary vignola,FB,1391,0.6705,0.4892,0.5163,0.291,0.07503450754852624,1.6562999999999999,-0.09049999999999998,-0.005855499640546369,0.0021000000000000003,-0.4093,0.0553,-0.2073,0.46880000000000005,-0.0001,0.0
2026,Portland Thorns,Morgan Messner,morgan messner,GK,297,0.0,0.0,0.0,0.0,0.0,,,,,,,,,,
2026,Portland Thorns,Morgan Weaver,morgan weaver,W,46,0.0317,0.0,0.0,0.0499,0.06202173913043479,0.16950000000000004,0.0601,0.11758695652173914,-0.0008,0.0307,0.021500000000000002,-0.0333,0.030600000000000002,0.0114,0.0
2026,Portland Thorns,Nina Nijstad,nina nijstad,DM,101,0.0,0.0,0.0,0.0,0.0,0.0077000000000000055,-0.1126,-0.10033663366336634,-0.0216,-0.0196,-0.047900000000000005,-0.0038,-0.028800000000000003,0.0091,0.0
2026,Portland Thorns,Olivia Moultrie,olivia moultrie,AM,1460,5.0577,2.4515000000000002,2.5568,3.1325,0.4628958904109589,4.949999999999999,1.6839,0.10380205479452055,0.33480000000000004,0.6039,1.1966,-0.6337,0.19260000000000002,-0.0103,0.0
2026,Portland Thorns,Pietra Tordin,pietra tordin,ST,1469,3.9826,4.339,2.0362,2.3777,0.5098325391422737,3.8346,0.2814,0.017240299523485363,0.0287,0.3118,-0.2596,0.6715,-0.34940000000000004,-0.1216,0.0
2026,Portland Thorns,Reilyn Turner,reilyn turner,ST,804,2.4304,0.2434,1.2863,1.3654,0.2993059701492537,2.1628,0.2405,0.026921641791044774,0.1308,-0.0489,0.123,-0.0461,0.1037,-0.022,0.0
2026,Portland Thorns,Renee Lyles,renee lyles,W,272,0.26230000000000003,0.0279,0.6920000000000001,0.1937,0.09602205882352942,0.5706000000000001,-0.06880000000000001,-0.022764705882352947,-0.018000000000000002,0.022500000000000003,0.0188,-0.2001,0.1029,0.0051,0.0
2026,Portland Thorns,Reyna Reyes,reyna reyes,FB,1273,1.0643,0.1637,0.0,0.8674000000000001,0.08681853888452475,1.0330000000000001,-0.5656000000000001,-0.03998743126472899,0.00030000000000000003,-0.6891,-0.2303,0.1757,0.1355,0.042300000000000004,0.0
2026,Portland Thorns,Sam Hiatt,sam hiatt,CB,1645,0.4203,0.6274000000000001,0.0,0.48190000000000005,0.057320972644376904,1.9332999999999998,0.07769999999999995,0.004251063829787231,-0.0273,-0.0291,0.0374,-0.16840000000000002,0.19090000000000001,0.0742,0.0
2026,Portland Thorns,Shae Harvey,shae harvey,CM,120,0.1321,0.0,0.0,0.0088,0.099075,0.2468,0.010500000000000002,0.007875000000000002,-0.0373,0.003,-0.0092,-0.0001,0.061200000000000004,-0.0071,0.0
2026,Portland Thorns,Sophia Wilson,sophia wilson,ST,1531,7.8065,3.0282,4.1404,6.0227,0.6369190071848464,8.2377,4.0615000000000006,0.23875571521881125,0.8802000000000001,0.5893,2.7943000000000002,-0.6135,0.0506,0.36060000000000003,0.0
2026,Portland Thorns,Valerín Loboa,valerin loboa,ST,20,0.0,0.0,0.0,0.0,0.0,0.015099999999999999,-0.04,-0.18000000000000002,-0.0143,0.0044,0.005200000000000001,-0.023,-0.0071,-0.005200000000000001,0.0
2026,Racing Louisville,Arin Wright,arin wright,FB,1148,1.0021,0.3487,0.9594,0.6786,0.10589895470383275,2.2476000000000003,0.9527000000000001,0.0746890243902439,0.0543,0.0211,-0.032600000000000004,0.3884,0.4237,0.0978,0.0
2026,Racing Louisville,Audrey McKeen,audrey mckeen,W,334,0.58,0.1796,0.0,0.0536,0.2046826347305389,0.37350000000000005,-0.4177,-0.11255389221556886,-0.0956,0.054400000000000004,-0.2948,-0.0921,0.044700000000000004,-0.034300000000000004,0.0
2026,Racing Louisville,Avery Ciorbu,avery ciorbu,DM,120,0.093,0.0,0.0,0.0061,0.06975,0.11960000000000001,-0.0233,-0.017475,0.0557,-0.0106,-0.0129,-0.0296,-0.0285,0.0026000000000000003,0.0
2026,Racing Louisville,Courtney Petersen,courtney petersen,FB,1307,0.1831,1.6481000000000001,0.0,0.0641,0.1260964039785769,1.2226,-0.32969999999999994,-0.02270313695485845,-0.0539,0.36110000000000003,-0.2429,-0.1757,-0.2888,0.07050000000000001,0.0
2026,Racing Louisville,Ella Hase,ella hase,W,882,0.7539,0.8364,0.0,0.6345000000000001,0.16227551020408162,1.0664,-0.8773,-0.0895204081632653,-0.2097,-0.3472,0.20700000000000002,-0.3337,-0.1685,-0.0252,0.0
2026,Racing Louisville,Ellie Jean,ellie jean,CB,1126,0.025900000000000003,0.2333,0.0,0.018500000000000003,0.020717584369449378,0.7841,-0.486,-0.038845470692717585,-0.0342,-0.424,0.0125,-0.09960000000000001,-0.2436,0.3029,0.0
2026,Racing Louisville,Emma Sears,emma sears,W,1347,2.8534,2.2792,0.27690000000000003,1.9363000000000001,0.34293541202672606,4.4266,1.1006999999999998,0.07354342984409798,-0.08270000000000001,0.11370000000000001,1.2042,-0.1569,-0.0455,0.0679,0.0
2026,Racing Louisville,Jordyn Bloomer,jordyn bloomer,GK,1553,0.0,0.0,0.0,0.0,0.0,,,,,,,,,,
2026,Racing Louisville,Katie O'Kane,katie o kane,CM,1598,2.3197,2.039,1.1502000000000001,1.4033,0.24548372966207763,2.9255000000000004,0.6507000000000001,0.0366476846057572,0.2775,0.2328,0.09280000000000001,-0.0864,0.23390000000000002,-0.0999,0.0
2026,Racing Louisville,Kayla Fischer,kayla fischer,ST,1424,3.6488,1.2703,2.4769,1.9715,0.31089817415730336,3.3091000000000004,0.07430000000000003,0.004695926966292137,-0.056400000000000006,-0.2025,0.34390000000000004,-0.5308,0.2366,0.28350000000000003,0.0
2026,Racing Louisville,Lauren Milliet,lauren milliet,FB,1668,1.6803000000000001,1.0783,0.8151,0.8240000000000001,0.1488453237410072,1.4274,-0.9072,-0.04894964028776978,0.0351,-0.8137000000000001,0.25980000000000003,0.3315,-0.5524,-0.1675,0.0
2026,Racing Louisville,Macey Hodge,macey hodge,DM,848,0.23290000000000002,0.0134,0.0,0.1422,0.026140330188679246,0.27190000000000003,-1.1495,-0.12199882075471698,-0.2515,-0.164,-0.0966,-0.4909,-0.12660000000000002,-0.0199,0.0
2026,Racing Louisville,Macy Blackburn,macy blackburn,FB,54,0.26080000000000003,0.0,0.9822000000000001,0.2051,0.43466666666666676,0.2802,0.19970000000000004,0.3328333333333334,0.0669,-0.0044,-0.0088,0.18580000000000002,-0.0419,0.0021000000000000003,0.0
2026,Racing Louisville,Madison Prohaska,madison prohaska,GK,185,0.0,0.0,0.0,0.0,0.0,,,,,,,,,,
2026,Racing Louisville,Maja Lardner,maja lardner,ST,395,1.7767,0.264,0.9401,0.9238000000000001,0.4649696202531646,0.9736,-0.0542,-0.012349367088607593,0.12440000000000001,0.055200000000000006,-0.0751,-0.099,-0.0824,0.0227,0.0
2026,Racing Louisville,Makenna Morris,makenna morris,W,700,0.6831,0.8306,0.0,0.2398,0.19461857142857145,0.8832,-0.5733999999999999,-0.07372285714285713,-0.0689,0.0322,-0.1228,-0.2957,-0.0756,-0.0426,0.0
2026,Racing Louisville,Mirann Gacioch,mirann gacioch,CB,561,0.33190000000000003,0.08070000000000001,0.3936,0.1371,0.06619251336898396,1.2129,0.5563,0.08924598930481284,0.0017000000000000001,-0.16490000000000002,-0.049,0.1149,0.6401,0.0135,0.0
2026,Racing Louisville,Quincy McMahon,quincy mcmahon,FB,883,0.7491,0.5434,0.0,0.4616,0.1317383918459796,1.3036,0.11240000000000001,0.011456398640996603,0.0883,0.033100000000000004,-0.1287,-0.1845,0.2671,0.0371,0.0
2026,Racing Louisville,Rachel Hill,rachel hill,W,267,0.7227,0.0281,0.0,0.1628,0.25307865168539323,0.7827,0.298,0.10044943820224718,0.1255,-0.0897,0.2194,0.1562,-0.1009,-0.0125,0.0
2026,Racing Louisville,Sarah Weber,sarah weber,ST,1014,2.3621,0.6174000000000001,2.0656,1.1648,0.26445266272189344,1.0976,-1.3137,-0.11660059171597634,-0.010400000000000001,-0.09620000000000001,0.008400000000000001,-0.7078,-0.2782,-0.2295,0.0
2026,Racing Louisville,Taylor Flint,taylor flint,DM,1549,3.7275,0.2747,1.9363000000000001,2.4792,0.23253582956746288,3.5657000000000005,1.7116,0.0994473854099419,0.2625,0.015700000000000002,0.3004,0.3357,0.8316,-0.034300000000000004,0.0
2026,Racing Louisville,Taylor White,taylor white,W,155,0.372,0.22390000000000002,0.0,0.512,0.3460064516129032,0.2321,-0.11110000000000003,-0.06450967741935486,0.0,-0.017,-0.10690000000000001,0.12340000000000001,-0.09230000000000001,-0.0183,0.0
2026,Reign,Ainsley Mccammon,ainsley mccammon,DM,1082,0.4873,1.4869,0.0,0.3235,0.16421256931608136,1.3390000000000002,-0.05409999999999999,-0.004499999999999999,-0.0129,-0.1942,0.3047,-0.2267,0.0558,0.019200000000000002,0.0
2026,Reign,Angharad James-Turner,angharad james turner,DM,600,0.1831,0.11900000000000001,0.5904,0.07100000000000001,0.045315,0.3173,-0.45260000000000006,-0.06789,-0.0825,-0.079,0.0304,-0.2156,-0.11760000000000001,0.0117,0.0
2026,Reign,Brittany Ratcliffe,brittany ratcliffe,W,365,0.9221,0.2436,0.6621,0.2808,0.28743287671232876,0.6977000000000001,-0.08429999999999999,-0.020786301369863012,-0.0005,-0.1075,-0.1598,0.38320000000000004,-0.19340000000000002,-0.0063,0.0
2026,Reign,Cassie Miller,cassie miller,GK,311,0.0,0.0,0.0,0.0,0.0,,,,,,,,,,
2026,Reign,Claudia Dickey,claudia dickey,GK,1301,0.0,0.0,0.0,0.0,0.0,,,,,,,,,,
2026,Reign,Emeri Adames,emeri adames,W,547,0.5058,1.1019,0.0,0.3038,0.2645210237659964,0.49940000000000007,-0.7716,-0.1269542961608775,-0.0789,-0.116,-0.0408,-0.2611,-0.2315,-0.043300000000000005,0.0
2026,Reign,Emily Mason,emily mason,CB,1017,0.3209,0.0,0.0,0.1708,0.028398230088495575,1.3476,0.18070000000000003,0.015991150442477876,0.078,-0.2291,0.0926,0.0844,0.1501,0.0047,0.0
2026,Reign,Holly Ward,holly ward,W,355,0.1428,0.7548,0.0,0.016800000000000002,0.2275605633802817,-0.10330000000000003,-0.9535000000000001,-0.2417323943661972,-0.15380000000000002,-0.31520000000000004,-0.07730000000000001,-0.31,-0.0223,-0.07490000000000001,0.0
2026,Reign,Jess Fishlock,jess fishlock,CM,394,1.652,0.4519,0.9268000000000001,0.8093,0.48058629441624356,1.3897000000000002,0.5498000000000001,0.12558883248730965,0.17350000000000002,0.0704,0.41200000000000003,0.16110000000000002,-0.2853,0.0181,0.0
2026,Reign,Jordyn Bugg,jordyn bugg,CB,717,0.28,0.13870000000000002,0.3955,0.1416,0.052556485355648545,1.7846000000000004,0.9642999999999999,0.1210418410041841,0.0085,-0.0029000000000000002,0.0472,-0.035300000000000005,0.9233,0.0235,0.0
2026,Reign,Maddie Mercado,maddie mercado,ST,1390,4.3014,1.122,1.9919,2.7943000000000002,0.3511553956834532,3.8415,0.36860000000000004,0.023866187050359713,0.1748,-0.0604,-0.24350000000000002,0.44420000000000004,-0.029300000000000003,0.0828,0.0
2026,Reign,Madeline Dahlien,madeline dahlien,W,1151,3.5582,2.1501,0.531,1.7783,0.4463483927019982,3.8307,1.0959,0.08569157254561251,0.22560000000000002,0.1801,0.46080000000000004,0.1479,-0.1368,0.21830000000000002,0.0
2026,Reign,Madison Curry,madison curry,FB,1145,0.3138,0.4949,0.0,0.134,0.06356593886462883,1.3108,-0.12710000000000005,-0.009990393013100441,0.0482,-0.26940000000000003,0.0678,-0.08460000000000001,0.3491,-0.23820000000000002,0.0
2026,Reign,Mia Fishel,mia fishel,ST,823,3.5627,0.5127,0.9238000000000001,2.1521,0.4456695018226003,2.0638,-0.13470000000000004,-0.014730255164034027,-0.0352,-0.0553,-0.1476,0.393,-0.2248,-0.0648,0.0
2026,Reign,Nérilia Mondésir,nerilia mondesir,AM,839,0.9467000000000001,1.6479,0.32270000000000004,0.5513,0.2783241954707985,2.0083,0.09040000000000006,0.009697258641239577,-0.1459,0.7211000000000001,-0.048400000000000006,-0.4194,0.0663,-0.0833,0.0
2026,Reign,Phoebe McClernon,phoebe mcclernon,CB,1580,0.11620000000000001,0.3397,0.0,0.0358,0.02596898734177215,1.5001,-0.2821,-0.016068987341772152,-0.0722,-0.058300000000000005,-0.16770000000000002,-0.18960000000000002,0.2182,-0.0125,0.0
2026,Reign,Ruby Hladek,ruby hladek,FB,12,0.0,0.0,0.0,0.0,0.0,0.0451,0.030100000000000002,0.22575,-0.0014,0.0018000000000000002,-0.0008,-0.0022,0.0332,-0.0005,0.0
2026,Reign,Ryanne Brown,ryanne brown,FB,361,0.1496,0.10260000000000001,0.5665,0.0896,0.06287534626038782,0.2816,-0.2222,-0.055396121883656516,-0.0151,0.0134,0.0024000000000000002,-0.0134,-0.2137,0.004200000000000001,0.0
2026,Reign,Sally Menti,sally menti,CM,746,0.8512000000000001,0.6526000000000001,0.6415000000000001,0.5354,0.18142359249329756,1.0107,-0.5797,-0.06993699731903484,-0.157,-0.2859,-0.4504,0.006500000000000001,0.0166,0.29050000000000004,0.0
2026,Reign,Samantha Meza,samantha meza,DM,1429,0.2712,0.3398,0.0,0.1854,0.038481455563331,1.1021,-0.6328,-0.03985444366689993,-0.2622,-0.0459,-0.0142,-0.2771,-0.085,0.0516,0.0
2026,Reign,Shae Holmes,shae holmes,FB,74,0.0,0.0,0.0,0.0,0.0,-0.0015000000000000005,-0.09440000000000001,-0.11481081081081083,-0.0088,-0.019,-0.035,-0.0083,-0.0269,0.0036000000000000003,0.0
2026,Reign,Sofia Huerta,sofia huerta,FB,1473,1.2406,0.9102,0.629,0.7499,0.13141344195519347,0.9823,-0.8674000000000001,-0.0529979633401222,0.0794,-0.1457,-0.3934,-0.16920000000000002,-0.21910000000000002,-0.0194,0.0
2026,Reign,Sofía Caicedo,sofia caicedo,W,20,0.0446,0.0,0.0,0.0055000000000000005,0.20070000000000002,0.0773,0.029800000000000007,0.13410000000000005,0.0031000000000000003,-0.0509,0.0309,0.060500000000000005,-0.0089,-0.0049,0.0
2026,Royals,Ana Tejada,ana tejada,DM,1421,1.1885000000000001,1.0608,0.0,0.8723000000000001,0.1424609429978888,1.7894,0.0388,0.002457424349049965,0.1552,-0.0304,-0.058,0.189,-0.1305,-0.08650000000000001,0.0
2026,Royals,Aria Nagai,aria nagai,DM,125,0.1017,0.0,0.0,0.0993,0.073224,0.0545,-0.10480000000000002,-0.07545600000000001,-0.0268,-0.0502,-0.006500000000000001,-0.0025,-0.007500000000000001,-0.011300000000000001,0.0
2026,Royals,Brecken Mozingo,brecken mozingo,W,313,0.3971,0.4506,0.0755,0.4252,0.24374760383386582,0.42699999999999994,-0.3165,-0.09100638977635783,-0.022,0.0791,-0.057600000000000005,-0.2139,-0.0844,-0.0177,0.0
2026,Royals,Cece Delzer,cece delzer,ST,1318,5.9275,2.6613,1.8102,3.4493,0.5864886191198787,5.355300000000001,2.3527000000000005,0.16065477996965102,0.19640000000000002,0.0085,0.3538,1.7769000000000001,-0.3723,0.3894,0.0
2026,Royals,Cloe Lacasse,cloe lacasse,W,1664,4.5495,4.0244,2.4719,2.2377,0.46373257211538466,4.0134,0.05990000000000001,0.0032397836538461547,0.066,0.373,-0.1653,-0.4305,-0.22130000000000002,0.438,0.0
2026,Royals,Courtney Brown,courtney brown,W,260,0.6207,0.0,0.0269,0.1227,0.21485769230769233,0.39840000000000003,-0.11050000000000001,-0.038250000000000006,-0.0356,-0.11470000000000001,0.0031000000000000003,0.0392,-0.0106,0.0081,0.0
2026,Royals,Dayana Louis,dayana louis,DM,397,0.24860000000000002,0.0318,0.0,0.13620000000000002,0.06356675062972293,0.5188,0.045899999999999996,0.010405541561712845,-0.026600000000000002,-0.0611,0.0341,-0.0302,0.1419,-0.0122,0.0
2026,Royals,Janni Thomsen,janni thomsen,FB,824,0.3562,0.6923,0.0,0.20090000000000002,0.11452063106796118,0.9110000000000001,-0.12370000000000003,-0.013510922330097092,0.1482,-0.0032,-0.3028,0.032,-0.044700000000000004,0.0468,0.0
2026,Royals,KK Ream,kk ream,W,14,0.0,0.1017,0.0,0.0,0.6537857142857143,0.0286,-0.004599999999999999,-0.029571428571428564,-0.0076,0.0082,-0.0037,0.0057,-0.006200000000000001,-0.001,0.0
2026,Royals,Kalea Eichenberger,kalea eichenberger,ST,14,0.0253,0.0,0.0,0.025,0.16264285714285714,0.020000000000000004,-0.018299999999999993,-0.1176428571428571,-0.0026000000000000003,-0.0334,-0.0239,0.017,0.026000000000000002,-0.0014,0.0
2026,Royals,Kaleigh Riehl,kaleigh riehl,CB,1289,0.3375,0.5705,0.0,0.2165,0.06339798293250581,0.5839,-0.8703000000000001,-0.060765709852598916,0.054900000000000004,-0.2031,-0.085,-0.0444,-0.6834,0.0907,0.0
2026,Royals,Kameron Simmonds,kameron simmonds,FB,311,0.082,0.0,0.0,0.0669,0.02372990353697749,0.2188,-0.22970000000000002,-0.06647266881028939,-0.015,0.026500000000000003,-0.0775,-0.0782,-0.038200000000000005,-0.0473,0.0
2026,Royals,Kate Del Fava,kate del fava,CB,1835,1.9204,0.20720000000000002,0.5043,1.4165,0.10435095367847412,2.4192,0.34929999999999994,0.01713188010899182,0.19260000000000002,-0.7849,0.2363,0.8574,-0.28500000000000003,0.13290000000000002,0.0
2026,Royals,Kiana Palacios,kiana palacios,ST,1321,4.076,1.1623,1.3794,2.0199,0.35688644965934896,3.7792,0.14849999999999997,0.010117335352006054,-0.2409,0.2487,0.0956,0.432,-0.2172,-0.16970000000000002,0.0
2026,Royals,Lara Prasnikar,lara prasnikar,ST,529,1.8562,1.1252,1.1385,0.7868,0.5072325141776937,0.8202,-0.4529,-0.07705293005671077,-0.0324,-0.1617,0.3628,-0.4073,-0.17830000000000001,-0.036000000000000004,0.0
2026,Royals,Madison Hammond,madison hammond,DM,311,0.37920000000000004,0.1388,0.0,0.5412,0.14990353697749195,0.36100000000000004,-0.024799999999999996,-0.007176848874598069,-0.06910000000000001,0.058,0.17120000000000002,-0.0599,-0.1335,0.0085,0.0
2026,Royals,Mandy McGlynn,mandy mcglynn,GK,1245,0.0,0.1326,0.0,0.0,0.009585542168674698,,,,,,,,,,
2026,Royals,Mia Justus,mia justus,GK,590,0.0,0.0,0.0,0.0,0.0,,,,,,,,,,
2026,Royals,Mina Tanaka,mina tanaka,AM,1310,5.0642,2.0955,2.8648000000000002,3.2282,0.49188778625954194,3.641,0.8304,0.05705038167938931,0.22710000000000002,-0.0083,0.1265,0.393,-0.19140000000000001,0.28350000000000003,0.0
2026,Royals,Moriya Miyabi,moriya miyabi,FB,679,0.1393,0.6885,0.0,0.1018,0.10972312223858616,1.1651,0.3226,0.042759941089838,-0.0263,0.0908,-0.0067,-0.008,0.22210000000000002,0.0507,0.0
2026,Royals,Narumi Miura,narumi miura,DM,1253,0.7043,0.6597000000000001,0.7103,0.3874,0.09797286512370312,0.8683,-0.624,-0.04482043096568236,0.0451,-0.107,-0.32980000000000004,-0.0858,-0.17070000000000002,0.024200000000000003,0.0
2026,Royals,Nuria Rabano,nuria rabano,FB,1137,0.09330000000000001,2.6331,0.0,0.081,0.2158100263852243,1.3007,-0.1269,-0.010044854881266493,-0.0984,0.3084,0.0027,-0.0733,-0.0181,-0.2482,0.0
2026,Royals,Paige Cronin,paige cronin,W,488,0.8296,1.2929,0.6476000000000001,0.8617,0.39144467213114753,0.9868000000000001,-0.209,-0.03854508196721311,-0.0103,-0.067,0.1342,-0.1346,-0.121,-0.0103,0.0
2026,Royals,Tatumn Milazzo,tatumn milazzo,CB,1041,1.0461,0.2194,1.0566,0.4993,0.1094092219020173,0.9556,-0.3072999999999999,-0.026567723342939473,0.1822,-0.3516,-0.0166,0.31920000000000004,-0.4577,0.0172,0.0
2026,SD Wave,Adriana Leon,adriana leon,ST,46,0.0,0.0,0.0,0.0,0.0,0.059000000000000004,-0.030999999999999996,-0.06065217391304348,-0.0199,0.049800000000000004,-0.006,-0.0241,-0.0274,-0.0034000000000000002,0.0
2026,SD Wave,Amelia Van Zanten,amelia van zanten,FB,1559,1.2879,1.1767,0.3286,0.7336,0.1422796664528544,2.8627000000000002,0.905,0.05224502886465683,0.11850000000000001,-0.3446,0.5028,0.45790000000000003,0.019700000000000002,0.1507,0.0
2026,SD Wave,Dijana Haracic,dijana haracic,GK,740,0.0,0.0,0.0,0.0,0.0,,,,,,,,,,
2026,SD Wave,Dudinha,dudinha,W,1247,3.9636,2.7912,2.1036,2.0571,0.4875156375300721,4.4577,1.4949,0.1078917401764234,0.2882,0.07100000000000001,1.2327,-0.1436,-0.026600000000000002,0.0732,0.0
2026,SD Wave,Gabi Portilho,gabi portilho,W,777,1.4466,0.53,0.0,0.9887,0.228949806949807,1.3533000000000002,-0.46140000000000014,-0.05344401544401546,-0.06620000000000001,-0.44820000000000004,0.2139,0.0989,-0.20220000000000002,-0.057600000000000005,0.0
2026,SD Wave,Gia Corley,gia corley,AM,985,2.4717000000000002,2.858,0.0,2.0561,0.48697766497461936,2.8714000000000004,0.85,0.07766497461928934,0.1403,0.147,0.6478,0.08600000000000001,-0.1072,-0.0639,0.0
2026,SD Wave,Jordan Fusco,jordan fusco,AM,65,0.08030000000000001,0.1129,0.0,0.0016,0.26750769230769234,0.20020000000000002,0.0754,0.10439999999999999,0.0057,0.0695,0.027600000000000003,-0.0019,-0.0396,0.014100000000000001,0.0
2026,SD Wave,Kennedy Wesley,kennedy wesley,CB,1856,0.4198,0.1287,0.9871000000000001,0.2901,0.026597521551724134,1.8003000000000002,-0.2933,-0.014222521551724137,0.02,0.1621,0.0574,0.18230000000000002,-0.9169,0.2018,0.0
2026,SD Wave,Kenza Dali,kenza dali,DM,1590,1.5985,4.931,0.0,0.9172,0.3695943396226415,2.7085000000000004,0.6526000000000001,0.036939622641509434,0.023100000000000002,0.6481,0.3763,0.0313,-0.4677,0.0415,0.0
2026,SD Wave,Kiara Pickett,kiara pickett,DM,290,0.1497,0.1724,0.0,0.1471,0.09996206896551724,0.0985,-0.26559999999999995,-0.08242758620689654,0.0195,-0.09670000000000001,0.0061,-0.016800000000000002,-0.1442,-0.0335,0.0
2026,SD Wave,Kimmi Ascanio,kimmi ascanio,DM,1549,1.6693,1.8549,0.1789,0.983,0.2047630729502905,3.2465,0.7610000000000001,0.044215622982569404,-0.012100000000000001,0.17470000000000002,0.1532,0.1627,0.0152,0.26730000000000004,0.0
2026,SD Wave,Kristen McNabb,kristen mcnabb,CB,1856,0.5477000000000001,0.8622000000000001,0.0,0.5148,0.06836799568965518,2.4411,0.3474999999999999,0.016850754310344822,0.0342,0.6772,0.0375,0.19340000000000002,-0.7109000000000001,0.11610000000000001,0.0
2026,SD Wave,Laurina Fazer,laurina fazer,DM,977,0.189,0.527,0.0,0.1668,0.06595701125895598,0.3531,-0.9465000000000001,-0.08719037871033777,-0.18810000000000002,0.187,-0.013600000000000001,-0.2665,-0.7415,0.0762,0.0
2026,SD Wave,Leah Freeman,leah freeman,GK,601,0.0,0.1265,0.0,0.0,0.01894342762063228,,,,,,,,,,
2026,SD Wave,Lia Eugenia Godfrey,lia eugenia godfrey,AM,1080,3.9461,2.3521,2.1345,1.9365,0.5248499999999999,2.8962000000000003,0.6157000000000001,0.051308333333333345,0.1279,-0.2612,0.34950000000000003,0.0813,0.38670000000000004,-0.0685,0.0
2026,SD Wave,Ludmila,ludmila,ST,1389,5.7597,0.3547,0.45280000000000004,3.3195,0.3961814254859611,4.0433,0.2831999999999999,0.0183498920086393,0.10880000000000001,-0.8683000000000001,0.3012,0.5384,0.0437,0.15940000000000001,0.0
2026,SD Wave,Luisa Agudelo,luisa agudelo,GK,307,0.0,0.0,0.0,0.0,0.0,,,,,,,,,,
2026,SD Wave,Melanie Barcenas,melanie barcenas,W,777,3.3257,0.2124,0.5333,1.655,0.40981853281853287,1.4809,-0.2944,-0.0341003861003861,0.3468,-0.7675000000000001,0.0499,0.1368,-0.1085,0.048100000000000004,0.0
2026,SD Wave,Nya Harrison,nya harrison,FB,13,0.0,0.0,0.0,0.0,0.0,0.008100000000000001,-0.0083,-0.05746153846153847,-0.0016,-0.0013000000000000002,0.0045000000000000005,-0.0039000000000000003,-0.0066,0.0006000000000000001,0.0
2026,SD Wave,Perle Morroni,perle morroni,FB,1689,0.6386000000000001,1.0185,0.0,0.0906,0.08830017761989344,2.0183000000000004,-0.10260000000000002,-0.00546714031971581,-0.0847,-0.18910000000000002,-0.0978,0.1316,0.0975,0.039900000000000005,0.0
2026,SD Wave,Sandra Paños,sandra panos,GK,208,0.0,0.0,0.0,0.0,0.0,,,,,,,,,,
2026,SD Wave,Tatum Wynalda,tatum wynalda,FB,223,0.0,0.1675,0.0,0.0,0.06760089686098655,0.1904,-0.2177,-0.0878609865470852,-0.0762,-0.0267,0.034,-0.1522,0.0056,-0.0022,0.0
2026,SD Wave,Trinity Armstrong,trinity armstrong,CB,50,0.0,0.0,0.0,0.0,0.0,-0.16749999999999998,-0.25830000000000003,-0.46494,-0.0166,0.0181,-0.3003,0.1457,-0.10640000000000001,0.0012000000000000001,0.0
2026,SD Wave,Trinity Byars,trinity byars,ST,542,4.1766,0.38820000000000005,4.3632,4.1036,0.7579926199261993,2.0649,0.6531,0.10844833948339484,0.31020000000000003,-0.0286,-0.2439,0.7302000000000001,-0.06380000000000001,-0.051000000000000004,0.0
2026,Washington Spirit,Andi Sullivan,andi sullivan,DM,545,0.12350000000000001,0.2541,0.0,0.11960000000000001,0.062355963302752296,0.05579999999999999,-0.6595,-0.10890825688073394,-0.0971,-0.16190000000000002,-0.06960000000000001,-0.1441,-0.2,0.0132,0.0
2026,Washington Spirit,Claudia Martínez,claudia martinez,W,591,4.1814,0.0,0.7179,1.1896,0.636761421319797,1.9689,0.49520000000000003,0.07541116751269036,0.251,-0.2586,0.2278,0.4001,-0.0751,-0.05,0.0
2026,Washington Spirit,Deborah Abiodun,deborah abiodun,DM,296,0.0655,1.1792,0.0,0.0337,0.3784560810810811,0.9118999999999999,0.5094000000000001,0.15488513513513516,-0.0285,0.3584,0.1555,-0.12090000000000001,0.1553,-0.010400000000000001,0.0
2026,Washington Spirit,Esme Morgan,esme morgan,CB,1555,0.08120000000000001,0.5637,0.0,0.0703,0.03732540192926045,2.5784000000000002,0.8244,0.04771446945337621,-0.0162,0.6698000000000001,0.2993,-0.1756,0.271,-0.22390000000000002,0.0
2026,Washington Spirit,Gabrielle Carle,gabrielle carle,FB,1169,0.27140000000000003,0.4597,0.0,0.12760000000000002,0.05628656971770745,1.1678,-0.30000000000000004,-0.02309666381522669,-0.07050000000000001,-0.2025,0.1718,-0.08600000000000001,-0.1754,0.0626,0.0
2026,Washington Spirit,Gift Monday,gift monday,ST,413,1.7265000000000001,0.8022,0.007,0.6266,0.5510484261501212,1.2750000000000001,0.19430000000000003,0.04234140435835352,0.0046,0.1471,0.12510000000000002,0.0478,-0.0655,-0.0648,0.0
2026,Washington Spirit,Hal Hershfelt,hal hershfelt,DM,1693,1.0394,1.2833,0.2982,0.9628000000000001,0.12347489663319552,0.7591000000000001,-1.6097000000000001,-0.08557176609568815,-0.20950000000000002,-0.9001,0.0942,-0.4057,-0.08170000000000001,-0.10690000000000001,0.0
2026,Washington Spirit,Kate Wiesner,kate wiesner,FB,963,0.1854,0.29760000000000003,0.0,0.184,0.04514018691588786,0.5118,-0.6974999999999999,-0.06518691588785046,-0.0064,-0.37020000000000003,0.0376,-0.1525,-0.2218,0.0158,0.0
2026,Washington Spirit,Leicy Santos,leicy santos,AM,1556,3.1235,3.4211,2.9488,1.9213,0.3785437017994859,2.8082000000000003,-0.30129999999999996,-0.017427377892030846,0.0684,-0.0325,0.0219,0.0762,-0.3089,-0.1264,0.0
2026,Washington Spirit,Lucia Di Guglielmo,lucia di guglielmo,FB,1037,0.28340000000000004,0.047400000000000005,0.0,0.12940000000000002,0.028709739633558346,0.6434,-0.7482,-0.06493539054966249,-0.0698,-0.3139,-0.1769,-0.2005,-0.0466,0.059500000000000004,0.0
2026,Washington Spirit,Madison Haugen,madison haugen,FB,23,0.0,0.0,0.0,0.0,0.0,-0.0152,-0.0569,-0.22265217391304348,-0.0076,-0.0189,-0.0029000000000000002,-0.014,-0.013300000000000001,-0.0002,0.0
2026,Washington Spirit,Paige Metayer,paige metayer,FB,638,0.6024,1.1332,0.0,0.5488000000000001,0.24483385579937306,1.469,0.4079999999999999,0.05755485893416927,-0.06470000000000001,0.0193,0.1032,-0.0166,0.367,-0.0002,0.0
2026,Washington Spirit,Rebeca Bernal,rebeca bernal,DM,1463,1.2425,0.49810000000000004,1.485,0.8224,0.10707723855092276,0.9219999999999999,-0.8435,-0.05188995215311005,-0.028200000000000003,-0.2821,0.0092,-0.2311,-0.3116,0.00030000000000000003,0.0
2026,Washington Spirit,Rosemonde Kouassi,rosemonde kouassi,W,1076,1.9433,3.8114,0.0,1.0026,0.48134107806691445,2.2769000000000004,-0.1946,-0.016276951672862455,-0.38780000000000003,0.40650000000000003,0.493,-0.5562,-0.1796,0.029500000000000002,0.0
2026,Washington Spirit,Sandy MacIver,sandy maciver,GK,1828,0.0,0.0897,0.0,0.0,0.004416301969365427,,,,,,,,,,
2026,Washington Spirit,Sofia Cantore,sofia cantore,ST,1229,2.7057,0.9464,2.1255,1.4982,0.26744426362896667,1.9391000000000003,-1.4386999999999999,-0.10535638730675345,-0.3064,-0.3947,-0.21350000000000002,-0.1986,-0.24480000000000002,-0.08070000000000001,0.0
2026,Washington Spirit,Tamara,tamara,W,137,0.07680000000000001,0.5404,0.0,0.0873,0.40545985401459855,0.7475,0.457,0.3002189781021898,0.0045000000000000005,0.2589,0.1778,0.0002,0.029,-0.0134,0.0
2026,Washington Spirit,Tara Rudd,tara rudd,CB,1828,0.7137,0.6088,0.503,0.6404000000000001,0.0651121444201313,3.5462,1.4841,0.0730683807439825,0.1558,0.023100000000000002,0.3163,0.3438,0.5182,0.1269,0.0
2026,Washington Spirit,Trinity Rodman,trinity rodman,W,1666,7.9354000000000005,2.5416,1.938,4.2826,0.565984393757503,6.9716000000000005,3.0134,0.16278871548619445,0.5018,-0.1301,1.1555,1.6439000000000001,-0.4202,0.2625,0.0
2026,Washington Spirit,Élisabeth Tsé,elisabeth tse,FB,402,0.06570000000000001,0.0,0.0,0.0727,0.014708955223880599,0.16130000000000003,-0.4383,-0.09812686567164179,-0.0716,-0.0307,-0.020200000000000003,-0.1442,-0.1287,-0.0429,0.0
