season,player_id,player_name,player_name_key,team,position,minutes_played,games_played,starts,appearances,substitute_on,substitute_off,goals,assists,xg,shots,shots_on_target,minutes_per_appearance,minutes_per_start,starter_rate,sub_on_rate,role_proxy_score,goal_actions_per90,xg_per90,shots_per90,shots_on_target_per90,asa_xgoals,asa_xassists,asa_points_added,asa_xpoints_added,asa_xg_plus_xa_per90,asa_gplus_raw_total,asa_gplus_above_avg_total,asa_gplus_above_avg_per90,season_value_score
2015,nwsl::Football_Player::14d02a6b7ac8488b9a790886022139d7,N. Ezurike,n ezurike,Boston Breakers,Forward,0.0,12,0.0,12.0,9.0,3.0,1,0,0.0,0,0,0.0,0.0,0.0,0.75,0.09,0.0,0.0,0.0,0.0,0.0,0.0,0.0,0.0,0.0,0.0,0.0,0.0,0.0
2015,nwsl::Football_Player::16caf379bcee47c68f253b5df99bc05d,C. Whitehill,c whitehill,Boston Breakers,Defender,0.0,1,0.0,1.0,0.0,0.0,0,0,0.0,0,0,0.0,0.0,0.0,0.0,0.0075,0.0,0.0,0.0,0.0,0.0,0.0,0.0,0.0,0.0,0.0,0.0,0.0,0.0
2015,nwsl::Football_Player::1f11ca0144d3440c82ff7239f19359c9,Rafa Travalão,rafa travalao,Boston Breakers,Forward,0.0,13,0.0,13.0,5.0,5.0,0,0,0.0,0,0,0.0,0.0,0.0,0.38461538461538464,0.0975,0.0,0.0,0.0,0.0,0.0,0.0,0.0,0.0,0.0,0.0,0.0,0.0,0.0
2015,nwsl::Football_Player::2245a6a4a41b4618aff766a1eaaf3fcc,M. Marlborough,m marlborough,Boston Breakers,Forward,0.0,16,0.0,16.0,8.0,7.0,3,0,0.0,0,0,0.0,0.0,0.0,0.5,0.12,0.0,0.0,0.0,0.0,0.0,0.0,0.0,0.0,0.0,0.0,0.0,0.0,0.0
2015,nwsl::Football_Player::2f0bfb2911064252879a9123fb7f8bca,Bia Vaz,bia vaz,Boston Breakers,Midfielder,0.0,10,0.0,10.0,7.0,3.0,0,0,0.0,0,0,0.0,0.0,0.0,0.7,0.075,0.0,0.0,0.0,0.0,0.0,0.0,0.0,0.0,0.0,0.0,0.0,0.0,0.0
2015,nwsl::Football_Player::342752a422da44fba4a4652e65a674db,K. Simon,k simon,Boston Breakers,Forward,0.0,7,0.0,7.0,0.0,0.0,2,0,0.0,0,0,0.0,0.0,0.0,0.0,0.0525,0.0,0.0,0.0,0.0,0.0,0.0,0.0,0.0,0.0,0.0,0.0,0.0,0.0
2015,nwsl::Football_Player::34a5810671a94cf784b4198422abfee2,K. Kallman,k kallman,Boston Breakers,Defender,0.0,20,0.0,20.0,0.0,0.0,0,0,0.0,0,0,0.0,0.0,0.0,0.0,0.15,0.0,0.0,0.0,0.0,0.0,0.0,0.0,0.0,0.0,0.0,0.0,0.0,0.0
2015,nwsl::Football_Player::4cfb7d1f4f16459b8aedc48f0067c3d7,R. Wood,r wood,Boston Breakers,Defender,0.0,10,0.0,10.0,2.0,1.0,0,0,0.0,0,0,0.0,0.0,0.0,0.2,0.075,0.0,0.0,0.0,0.0,0.0,0.0,0.0,0.0,0.0,0.0,0.0,0.0,0.0
2015,nwsl::Football_Player::560f7b84fa614147b65fb0322db49c73,S. Verdoia,s verdoia,Boston Breakers,Midfielder,0.0,8,0.0,8.0,7.0,1.0,0,0,0.0,0,0,0.0,0.0,0.0,0.875,0.06,0.0,0.0,0.0,0.0,0.0,0.0,0.0,0.0,0.0,0.0,0.0,0.0,0.0
2015,nwsl::Football_Player::5777e76c3e024fe78b8df772fc57caa9,L. Lazo,l lazo,Boston Breakers,Defender,0.0,14,0.0,14.0,3.0,4.0,1,0,0.0,0,0,0.0,0.0,0.0,0.21428571428571427,0.105,0.0,0.0,0.0,0.0,0.0,0.0,0.0,0.0,0.0,0.0,0.0,0.0,0.0
2015,nwsl::Football_Player::5a0489fd9b7444d1bd6fe74ee1ff20f6,J. Kranich,j kranich,Boston Breakers,Goalkeeper,0.0,8,0.0,8.0,0.0,0.0,0,0,0.0,0,0,0.0,0.0,0.0,0.0,0.06,0.0,0.0,0.0,0.0,0.0,0.0,0.0,0.0,0.0,0.0,0.0,0.0,0.0
2015,nwsl::Football_Player::5b6fb826402949fea0f5c225be04c74a,J. King,j king,Boston Breakers,Defender,0.0,18,0.0,18.0,0.0,1.0,2,0,0.0,0,0,0.0,0.0,0.0,0.0,0.135,0.0,0.0,0.0,0.0,0.0,0.0,0.0,0.0,0.0,0.0,0.0,0.0,0.0
2015,nwsl::Football_Player::5fb2687ecc2140379dba135de0b6a980,C. Brown,c brown,Boston Breakers,Goalkeeper,0.0,0,0.0,0.0,0.0,0.0,0,0,0.0,0,0,0.0,0.0,0.0,0.0,0.0,0.0,0.0,0.0,0.0,0.0,0.0,0.0,0.0,0.0,0.0,0.0,0.0,0.0
2015,nwsl::Football_Player::6f01468cb3184e8dae20c4ff1e18c5c3,S. Lofton,s lofton,Boston Breakers,Defender,0.0,0,0.0,0.0,0.0,0.0,0,0,0.0,0,0,0.0,0.0,0.0,0.0,0.0,0.0,0.0,0.0,0.0,0.0,0.0,0.0,0.0,0.0,0.0,0.0,0.0,0.0
2015,nwsl::Football_Player::759290227b2046638d200d17c2f83f55,Suzane Pires,suzane pires,Boston Breakers,Midfielder,0.0,12,0.0,12.0,6.0,6.0,0,0,0.0,0,0,0.0,0.0,0.0,0.5,0.09,0.0,0.0,0.0,0.0,0.0,0.0,0.0,0.0,0.0,0.0,0.0,0.0,0.0
2015,nwsl::Football_Player::8512561d675f44fea3ae494f53c8b0df,Ketlen,ketlen,Boston Breakers,Forward,0.0,1,0.0,1.0,0.0,1.0,0,0,0.0,0,0,0.0,0.0,0.0,0.0,0.0075,0.0,0.0,0.0,0.0,0.0,0.0,0.0,0.0,0.0,0.0,0.0,0.0,0.0
2015,nwsl::Football_Player::a023df4ded9c4e7da3c921e09c30d0a4,K. Schoepfer,k schoepfer,Boston Breakers,Midfielder,0.0,19,0.0,19.0,2.0,7.0,0,0,0.0,0,0,0.0,0.0,0.0,0.10526315789473684,0.1425,0.0,0.0,0.0,0.0,0.0,0.0,0.0,0.0,0.0,0.0,0.0,0.0,0.0
2015,nwsl::Football_Player::a1a3bb5ef09b480389aa40b5edac2fa7,K. Mewis,k mewis,Boston Breakers,Midfielder,0.0,20,0.0,20.0,0.0,1.0,6,0,0.0,0,0,0.0,0.0,0.0,0.0,0.15,0.0,0.0,0.0,0.0,0.0,0.0,0.0,0.0,0.0,0.0,0.0,0.0,0.0
2015,nwsl::Football_Player::a2b68e91285445bfa05e7d82f8713ee1,P. Burnett,p burnett,Boston Breakers,Goalkeeper,0.0,0,0.0,0.0,0.0,0.0,0,0,0.0,0,0,0.0,0.0,0.0,0.0,0.0,0.0,0.0,0.0,0.0,0.0,0.0,0.0,0.0,0.0,0.0,0.0,0.0,0.0
2015,nwsl::Football_Player::a3bdd98e275244209224d6665e44065d,A. Barczuk,a barczuk,Boston Breakers,Defender,0.0,20,0.0,20.0,2.0,4.0,0,0,0.0,0,0,0.0,0.0,0.0,0.1,0.15,0.0,0.0,0.0,0.0,0.0,0.0,0.0,0.0,0.0,0.0,0.0,0.0,0.0
2015,nwsl::Football_Player::aeec178c158f4f938d095a83b821bdb3,M. Evans,m evans,Boston Breakers,Midfielder,0.0,18,0.0,18.0,5.0,6.0,2,0,0.0,0,0,0.0,0.0,0.0,0.2777777777777778,0.135,0.0,0.0,0.0,0.0,0.0,0.0,0.0,0.0,0.0,0.0,0.0,0.0,0.0
2015,nwsl::Football_Player::af0352ff869d4462b0c2e6f8500cdebf,C. Johnson,c johnson,Boston Breakers,Midfielder,0.0,1,0.0,1.0,1.0,0.0,0,0,0.0,0,0,0.0,0.0,0.0,1.0,0.0075,0.0,0.0,0.0,0.0,0.0,0.0,0.0,0.0,0.0,0.0,0.0,0.0,0.0
2015,nwsl::Football_Player::b58f51de59394e22b763518350c6a3c0,S. McCaffrey,s mccaffrey,Boston Breakers,Forward,0.0,19,0.0,19.0,2.0,10.0,3,0,0.0,0,0,0.0,0.0,0.0,0.10526315789473684,0.1425,0.0,0.0,0.0,0.0,0.0,0.0,0.0,0.0,0.0,0.0,0.0,0.0,0.0
2015,nwsl::Football_Player::ca11498392684f8690ad8b848254f93e,M. Pathman,m pathman,Boston Breakers,Defender,0.0,20,0.0,20.0,0.0,0.0,0,0,0.0,0,0,0.0,0.0,0.0,0.0,0.15,0.0,0.0,0.0,0.0,0.0,0.0,0.0,0.0,0.0,0.0,0.0,0.0,0.0
2015,nwsl::Football_Player::de242fcf7d0349c19e54c63a7ffa6465,R. Houle,r houle,Boston Breakers,Forward,0.0,1,0.0,1.0,1.0,0.0,0,0,0.0,0,0,0.0,0.0,0.0,1.0,0.0075,0.0,0.0,0.0,0.0,0.0,0.0,0.0,0.0,0.0,0.0,0.0,0.0,0.0
2015,nwsl::Football_Player::0ede788f0e2946e0a838d6513df82db7,M. Lomnicki,m lomnicki,Chicago Stars,Defender,0.0,0,0.0,0.0,0.0,0.0,0,0,0.0,0,0,0.0,0.0,0.0,0.0,0.0,0.0,0.0,0.0,0.0,0.0,0.0,0.0,0.0,0.0,0.0,0.0,0.0,0.0
2015,nwsl::Football_Player::10bfc35225a04cc8991bfe969c6e256f,K. LeBlanc,k leblanc,Chicago Stars,Goalkeeper,0.0,0,0.0,0.0,0.0,0.0,0,0,0.0,0,0,0.0,0.0,0.0,0.0,0.0,0.0,0.0,0.0,0.0,0.0,0.0,0.0,0.0,0.0,0.0,0.0,0.0,0.0
2015,nwsl::Football_Player::256bc2e2112f4d19a20b781be81fd5d0,S. Johnson,s johnson,Chicago Stars,Defender,45.0,1,0.0,1.0,1.0,0.0,0,0,0.0,0,0,45.0,0.0,0.0,1.0,0.16625,0.0,0.0,0.0,0.0,0.0,0.0,0.0,0.0,0.0,0.0,0.0,0.0,0.225
2015,nwsl::Football_Player::404d296f2db3430fa708712e6accb043,M. Dalton,m dalton,Chicago Stars,Goalkeeper,90.0,1,1.0,1.0,0.0,0.0,0,0,0.0,0,0,90.0,90.0,1.0,0.0,0.7749999999999999,0.0,0.0,0.0,0.0,0.0,0.0,0.0,0.0,0.0,0.0,0.0,0.0,0.45
2015,nwsl::Football_Player::57fe0d4b80e74d1fa6fc56aab0db25ad,A. Naeher,a naeher,Chicago Stars,Goalkeeper,0.0,12,0.0,12.0,0.0,0.0,0,0,0.0,0,0,0.0,0.0,0.0,0.0,0.09,0.0,0.0,0.0,0.0,0.0,0.0,0.0,0.0,0.0,0.0,0.0,0.0,0.0
2015,nwsl::Football_Player::60e4957f9a114b4b909afb01617fef31,M. Tancredi,m tancredi,Chicago Stars,Forward,32.0,1,0.0,1.0,1.0,0.0,0,0,0.0,1,0,32.0,0.0,0.0,1.0,0.1309357638888889,0.0,0.0,2.8125,0.0,0.0,0.0,0.0,0.0,0.0,0.0,0.0,0.0,0.2303125
2015,nwsl::Football_Player::6515cb1eb2ec45fc8ea170f57eddca8f,T. Hemmings,t hemmings,Chicago Stars,Defender,90.0,1,1.0,1.0,0.0,0.0,0,0,0.0,0,0,90.0,90.0,1.0,0.0,0.7749999999999999,0.0,0.0,0.0,0.0,0.0,0.0,0.0,0.0,0.0,0.0,0.0,0.0,0.45
2015,nwsl::Football_Player::661995ab1d524cbc9c07c5b147020bef,J. Hoy,j hoy,Chicago Stars,Forward,58.0,1,1.0,1.0,0.0,1.0,0,0,0.0,0,0,58.0,58.0,1.0,0.0,0.6621111111111111,0.0,0.0,0.0,0.0,0.0,0.0,0.0,0.0,0.0,0.0,0.0,0.0,0.29000000000000004
2015,nwsl::Football_Player::6f0e6e037a3b49d985e027d19a38e2ee,R. Quon,r quon,Chicago Stars,Defender,0.0,0,0.0,0.0,0.0,0.0,0,0,0.0,0,0,0.0,0.0,0.0,0.0,0.0,0.0,0.0,0.0,0.0,0.0,0.0,0.0,0.0,0.0,0.0,0.0,0.0,0.0
2015,nwsl::Football_Player::bee0506c8e134de9bc8af601b1d28778,J. Ertz,j ertz,Chicago Stars,Midfielder,90.0,1,1.0,1.0,0.0,0.0,0,0,0.0,1,0,90.0,90.0,1.0,0.0,0.7787499999999999,0.0,0.0,1.0,0.0,0.0,0.0,0.0,0.0,0.0,0.0,0.0,0.0,0.47500000000000003
2015,nwsl::Football_Player::bf34255e27f44fa380961950723a9003,A. Mautz,a mautz,Chicago Stars,Midfielder,45.0,1,1.0,1.0,0.0,1.0,0,0,0.0,1,1,45.0,45.0,1.0,0.0,0.6237499999999999,0.0,0.0,2.0,2.0,0.0,0.0,0.0,0.0,0.0,0.0,0.0,0.0,0.275
2015,nwsl::Football_Player::dd552139607f4e219cab7864188eef47,S. Groom,s groom,Chicago Stars,Midfielder,4.0,2,0.0,2.0,2.0,0.0,0,0,0.0,0,0,2.0,0.0,0.0,1.0,0.022055555555555557,0.0,0.0,0.0,0.0,0.0,0.0,0.0,0.0,0.0,0.0,0.0,0.0,0.01
2015,nwsl::Football_Player::f8252eb9899d46e8b5a4c359e2e777f1,L. Chalupny,l chalupny,Chicago Stars,Midfielder,90.0,1,1.0,1.0,0.0,0.0,0,0,0.0,1,1,90.0,90.0,1.0,0.0,0.7787499999999999,0.0,0.0,1.0,1.0,0.0,0.0,0.0,0.0,0.0,0.0,0.0,0.0,0.47500000000000003
2015,nwsl::Football_Player::202b27c9635446ae84135a3995c3739a,A. LePeilbet,a lepeilbet,FC Kansas City,Defender,180.0,2,2.0,2.0,0.0,0.0,0,0,0.0,2,0,90.0,90.0,1.0,0.0,0.78625,0.0,0.0,1.0,0.0,0.0,0.0,0.0,0.0,0.0,0.0,0.0,0.0,0.47500000000000003
2015,nwsl::Football_Player::4c46fffdcae6463c82689d0c5dba3084,Y. Averbuch,y averbuch,FC Kansas City,Midfielder,29.0,2,0.0,2.0,2.0,0.0,0,0,0.0,0,0,14.5,0.0,0.0,1.0,0.06615277777777778,0.0,0.0,0.0,0.0,0.0,0.0,0.0,0.0,0.0,0.0,0.0,0.0,0.07250000000000001
2015,nwsl::Football_Player::633dddd72e924526ac07df0a65df59d3,S. Hagen,s hagen,FC Kansas City,Forward,1.0,1,0.0,1.0,1.0,0.0,0,0,0.0,0,0,1.0,0.0,0.0,1.0,0.011027777777777779,0.0,0.0,0.0,0.0,0.0,0.0,0.0,0.0,0.0,0.0,0.0,0.0,0.005
2015,nwsl::Football_Player::7838237f6d1542b4b9e612e86deaef4f,F. Silva,f silva,FC Kansas City,Forward,19.0,1,0.0,1.0,1.0,0.0,0,0,0.0,0,0,19.0,0.0,0.0,1.0,0.07452777777777778,0.0,0.0,0.0,0.0,0.0,0.0,0.0,0.0,0.0,0.0,0.0,0.0,0.095
2015,nwsl::Football_Player::82c932c2fcd7425ca7505112c27b1c6b,H. O'Reilly,h o reilly,FC Kansas City,Midfielder,180.0,2,2.0,2.0,0.0,0.0,0,3,0.0,5,4,90.0,90.0,1.0,0.0,0.829375,1.5,0.0,2.5,2.0,0.0,0.0,0.0,0.0,0.0,0.0,0.0,0.0,0.7625
2015,nwsl::Football_Player::870b96f57c6d412aacf67b44d6f4e68c,A. Rodriguez,a rodriguez,FC Kansas City,Forward,177.0,2,2.0,2.0,0.0,2.0,3,0,0.0,7,6,88.5,88.5,1.0,0.0,0.828055790960452,1.5254237288135595,0.0,3.5593220338983054,3.050847457627119,0.0,0.0,0.0,0.0,0.0,0.0,0.0,0.0,0.7814830508474576
2015,nwsl::Football_Player::8ba47dc2c29c4c05bebcd4eb2531088d,L. Bogus,l bogus,FC Kansas City,Forward,0.0,0,0.0,0.0,0.0,0.0,0,0,0.0,0,0,0.0,0.0,0.0,0.0,0.0,0.0,0.0,0.0,0.0,0.0,0.0,0.0,0.0,0.0,0.0,0.0,0.0,0.0
2015,nwsl::Football_Player::8cabbe9a81254c53be638bf98a5e1f75,C. Kastor,c kastor,FC Kansas City,Forward,0.0,0,0.0,0.0,0.0,0.0,0,0,0.0,0,0,0.0,0.0,0.0,0.0,0.0,0.0,0.0,0.0,0.0,0.0,0.0,0.0,0.0,0.0,0.0,0.0,0.0,0.0
2015,nwsl::Football_Player::bfb141a2cc564a4abb3018aac01e97be,M. Laddish,m laddish,FC Kansas City,Midfielder,151.0,2,2.0,2.0,0.0,2.0,0,0,0.0,1,0,75.5,75.5,1.0,0.0,0.7335823215599706,0.0,0.0,0.5960264900662251,0.0,0.0,0.0,0.0,0.0,0.0,0.0,0.0,0.0,0.39240066225165565
2015,nwsl::Football_Player::dfe1cd9662bd4a5a976edec0bbe1860c,L. Holiday,l holiday,FC Kansas City,Forward,180.0,2,2.0,2.0,0.0,0.0,0,0,0.0,0,0,90.0,90.0,1.0,0.0,0.7825,0.0,0.0,0.0,0.0,0.0,0.0,0.0,0.0,0.0,0.0,0.0,0.0,0.45
2015,nwsl::Football_Player::e4edda8ff680432b9ea117e4b72f1fcf,J. Buczkowski,j buczkowski,FC Kansas City,Midfielder,180.0,2,2.0,2.0,0.0,0.0,0,0,0.0,1,0,90.0,90.0,1.0,0.0,0.7843749999999999,0.0,0.0,0.5,0.0,0.0,0.0,0.0,0.0,0.0,0.0,0.0,0.0,0.4625
2015,nwsl::Football_Player::e68bda47fd2946fd842ea78f90a10aa2,E. Tymrak,e tymrak,FC Kansas City,Midfielder,159.0,2,2.0,2.0,0.0,2.0,1,0,0.0,2,2,79.5,79.5,1.0,0.0,0.7673922955974843,0.5660377358490566,0.0,1.1320754716981132,1.1320754716981132,0.0,0.0,0.0,0.0,0.0,0.0,0.0,0.0,0.5437264150943396
2015,nwsl::Football_Player::ed0f702b0595434bb2b6557f4c754bdc,R. Moros,r moros,FC Kansas City,Midfielder,180.0,2,2.0,2.0,0.0,0.0,0,0,0.0,0,0,90.0,90.0,1.0,0.0,0.7825,0.0,0.0,0.0,0.0,0.0,0.0,0.0,0.0,0.0,0.0,0.0,0.0,0.45
2015,nwsl::Football_Player::f69f6ad2d341493db1a74be8d6b5721f,L. Brown,l brown,FC Kansas City,Defender,180.0,2,2.0,2.0,0.0,0.0,0,0,0.0,0,0,90.0,90.0,1.0,0.0,0.7825,0.0,0.0,0.0,0.0,0.0,0.0,0.0,0.0,0.0,0.0,0.0,0.0,0.45
2015,nwsl::Football_Player::00ef8c89ab094cafbd9332c0a8049f0f,K. DeCesare,k decesare,Gotham FC,Midfielder,0.0,9,0.0,9.0,5.0,2.0,0,0,0.0,0,0,0.0,0.0,0.0,0.5555555555555556,0.0675,0.0,0.0,0.0,0.0,0.0,0.0,0.0,0.0,0.0,0.0,0.0,0.0,0.0
2015,nwsl::Football_Player::03347a8c4c7f4c3a836cc3311816abe6,H. McCall,h mccall,Gotham FC,Defender,0.0,16,0.0,16.0,1.0,2.0,1,0,0.0,0,0,0.0,0.0,0.0,0.0625,0.12,0.0,0.0,0.0,0.0,0.0,0.0,0.0,0.0,0.0,0.0,0.0,0.0,0.0
2015,nwsl::Football_Player::136b1a74703d4b9e92fa231fc3c8d4d5,J. Filigno,j filigno,Gotham FC,Forward,0.0,6,0.0,6.0,5.0,1.0,0,0,0.0,0,0,0.0,0.0,0.0,0.8333333333333334,0.045,0.0,0.0,0.0,0.0,0.0,0.0,0.0,0.0,0.0,0.0,0.0,0.0,0.0
2015,nwsl::Football_Player::3091aca586bb462ebc74cd2aac25eae5,M. Ocampo,m ocampo,Gotham FC,Midfielder,0.0,0,0.0,0.0,0.0,0.0,0,0,0.0,0,0,0.0,0.0,0.0,0.0,0.0,0.0,0.0,0.0,0.0,0.0,0.0,0.0,0.0,0.0,0.0,0.0,0.0,0.0
2015,nwsl::Football_Player::32ca7b5a45224a07b33481b376aa6351,M. Hayes,m hayes,Gotham FC,Forward,0.0,13,0.0,13.0,3.0,4.0,0,0,0.0,0,0,0.0,0.0,0.0,0.23076923076923078,0.0975,0.0,0.0,0.0,0.0,0.0,0.0,0.0,0.0,0.0,0.0,0.0,0.0,0.0
2015,nwsl::Football_Player::42936a9daa8f445da30e178232ec302f,C. Levin,c levin,Gotham FC,Defender,0.0,19,0.0,19.0,1.0,4.0,0,0,0.0,0,0,0.0,0.0,0.0,0.05263157894736842,0.1425,0.0,0.0,0.0,0.0,0.0,0.0,0.0,0.0,0.0,0.0,0.0,0.0,0.0
2015,nwsl::Football_Player::4932d40caf094edd88eb680559cffd38,K. Edmonds,k edmonds,Gotham FC,Defender,0.0,11,0.0,11.0,1.0,3.0,0,0,0.0,0,0,0.0,0.0,0.0,0.09090909090909091,0.0825,0.0,0.0,0.0,0.0,0.0,0.0,0.0,0.0,0.0,0.0,0.0,0.0,0.0
2015,nwsl::Football_Player::49ca2364454b4dcca0af07701eb25f37,M. Shim,m shim,Gotham FC,Midfielder,0.0,17,0.0,17.0,5.0,8.0,4,0,0.0,0,0,0.0,0.0,0.0,0.29411764705882354,0.1275,0.0,0.0,0.0,0.0,0.0,0.0,0.0,0.0,0.0,0.0,0.0,0.0,0.0
2015,nwsl::Football_Player::4a2441cafc054eb19ee8e3299e963a4a,S. Woldmoe,s woldmoe,Gotham FC,Midfielder,0.0,17,0.0,17.0,4.0,1.0,0,0,0.0,0,0,0.0,0.0,0.0,0.23529411764705882,0.1275,0.0,0.0,0.0,0.0,0.0,0.0,0.0,0.0,0.0,0.0,0.0,0.0,0.0
2015,nwsl::Football_Player::54318caad44841bdb0db7a16cd946826,G. Wagner,g wagner,Gotham FC,Midfielder,0.0,0,0.0,0.0,0.0,0.0,0,0,0.0,0,0,0.0,0.0,0.0,0.0,0.0,0.0,0.0,0.0,0.0,0.0,0.0,0.0,0.0,0.0,0.0,0.0,0.0,0.0
2015,nwsl::Football_Player::5d8a571d227e4de9a74334fb302db570,T. Lytle,t lytle,Gotham FC,Midfielder,0.0,15,0.0,15.0,4.0,6.0,0,0,0.0,0,0,0.0,0.0,0.0,0.26666666666666666,0.11249999999999999,0.0,0.0,0.0,0.0,0.0,0.0,0.0,0.0,0.0,0.0,0.0,0.0,0.0
2015,nwsl::Football_Player::6a8196684e034ab5855c3d2768858ae8,K. O'Hara,k o hara,Gotham FC,Defender,0.0,11,0.0,11.0,0.0,1.0,3,0,0.0,0,0,0.0,0.0,0.0,0.0,0.0825,0.0,0.0,0.0,0.0,0.0,0.0,0.0,0.0,0.0,0.0,0.0,0.0,0.0
2015,nwsl::Football_Player::79e6134fbc584f6d981cdd752b798dc8,S. Farrelly,s farrelly,Gotham FC,Midfielder,0.0,20,0.0,20.0,0.0,2.0,2,0,0.0,0,0,0.0,0.0,0.0,0.0,0.15,0.0,0.0,0.0,0.0,0.0,0.0,0.0,0.0,0.0,0.0,0.0,0.0,0.0
2015,nwsl::Football_Player::7a1f95fdbb414f0bbf9064f503f7f344,B. Cameron,b cameron,Gotham FC,Goalkeeper,0.0,20,0.0,20.0,0.0,1.0,0,0,0.0,0,0,0.0,0.0,0.0,0.0,0.15,0.0,0.0,0.0,0.0,0.0,0.0,0.0,0.0,0.0,0.0,0.0,0.0,0.0
2015,nwsl::Football_Player::855b6512c93c41578cc3dac2397133e5,C. Foord,c foord,Gotham FC,Forward,0.0,10,0.0,10.0,0.0,1.0,0,0,0.0,0,0,0.0,0.0,0.0,0.0,0.075,0.0,0.0,0.0,0.0,0.0,0.0,0.0,0.0,0.0,0.0,0.0,0.0,0.0
2015,nwsl::Football_Player::88c5b077207445b1bba6ff487212c2a2,N. Nadim,n nadim,Gotham FC,Forward,0.0,18,0.0,18.0,0.0,4.0,6,0,0.0,0,0,0.0,0.0,0.0,0.0,0.135,0.0,0.0,0.0,0.0,0.0,0.0,0.0,0.0,0.0,0.0,0.0,0.0,0.0
2015,nwsl::Football_Player::890aab36584c4278b8a8d11be569aeb4,C. Dunn,c dunn,Gotham FC,Midfielder,90.0,1,1.0,1.0,0.0,0.0,0,0,0.0,2,0,90.0,90.0,1.0,0.0,0.7824999999999999,0.0,0.0,2.0,0.0,0.0,0.0,0.0,0.0,0.0,0.0,0.0,0.0,0.5
2015,nwsl::Football_Player::8d5a2fff95844e73b3e75028003253b7,C. Pearce,c pearce,Gotham FC,Defender,0.0,11,0.0,11.0,0.0,2.0,1,0,0.0,0,0,0.0,0.0,0.0,0.0,0.0825,0.0,0.0,0.0,0.0,0.0,0.0,0.0,0.0,0.0,0.0,0.0,0.0,0.0
2015,nwsl::Football_Player::a018e00c1940460ebc076131463af982,S. Gordon,s gordon,Gotham FC,Midfielder,0.0,13,0.0,13.0,3.0,7.0,0,0,0.0,0,0,0.0,0.0,0.0,0.23076923076923078,0.0975,0.0,0.0,0.0,0.0,0.0,0.0,0.0,0.0,0.0,0.0,0.0,0.0,0.0
2015,nwsl::Football_Player::a2419a96148f403cb151257a7d02d49c,M. Morris,m morris,Gotham FC,Forward,0.0,9,0.0,9.0,5.0,3.0,0,0,0.0,0,0,0.0,0.0,0.0,0.5555555555555556,0.0675,0.0,0.0,0.0,0.0,0.0,0.0,0.0,0.0,0.0,0.0,0.0,0.0,0.0
2015,nwsl::Football_Player::ac7e55321f6d4a8588d207d014723148,L. Cutshall,l cutshall,Gotham FC,Defender,0.0,18,0.0,18.0,0.0,1.0,0,0,0.0,0,0,0.0,0.0,0.0,0.0,0.135,0.0,0.0,0.0,0.0,0.0,0.0,0.0,0.0,0.0,0.0,0.0,0.0,0.0
2015,nwsl::Football_Player::b554a205e97b4ced8b48307782837809,S. Pratt,s pratt,Gotham FC,Defender,0.0,1,0.0,1.0,1.0,0.0,0,0,0.0,0,0,0.0,0.0,0.0,1.0,0.0075,0.0,0.0,0.0,0.0,0.0,0.0,0.0,0.0,0.0,0.0,0.0,0.0,0.0
2015,nwsl::Football_Player::c86ca3606f2442c8a007e1723df8d6c6,M. Waldus,m waldus,Gotham FC,Midfielder,0.0,1,0.0,1.0,1.0,0.0,0,0,0.0,0,0,0.0,0.0,0.0,1.0,0.0075,0.0,0.0,0.0,0.0,0.0,0.0,0.0,0.0,0.0,0.0,0.0,0.0,0.0
2015,nwsl::Football_Player::d2562a89ecff4fa2bff55a559562fd45,K. Freels,k freels,Gotham FC,Midfielder,0.0,20,0.0,20.0,0.0,4.0,5,0,0.0,0,0,0.0,0.0,0.0,0.0,0.15,0.0,0.0,0.0,0.0,0.0,0.0,0.0,0.0,0.0,0.0,0.0,0.0,0.0
2015,nwsl::Football_Player::d5917bd3cee44bcd9a48c7c20453cdc9,T. Diederich,t diederich,Gotham FC,Midfielder,0.0,3,0.0,3.0,3.0,0.0,0,0,0.0,0,0,0.0,0.0,0.0,1.0,0.0225,0.0,0.0,0.0,0.0,0.0,0.0,0.0,0.0,0.0,0.0,0.0,0.0,0.0
2015,nwsl::Football_Player::d8991716e33c4d7382309a7866ae9d6c,M. Zerboni,m zerboni,Gotham FC,Midfielder,0.0,18,0.0,18.0,0.0,4.0,2,0,0.0,0,0,0.0,0.0,0.0,0.0,0.135,0.0,0.0,0.0,0.0,0.0,0.0,0.0,0.0,0.0,0.0,0.0,0.0,0.0
2015,nwsl::Football_Player::d99fa3e8da5e4f6b8da2de3174e63f9a,K. Grubka,k grubka,Gotham FC,Defender,0.0,14,0.0,14.0,0.0,4.0,0,0,0.0,0,0,0.0,0.0,0.0,0.0,0.105,0.0,0.0,0.0,0.0,0.0,0.0,0.0,0.0,0.0,0.0,0.0,0.0,0.0
2015,nwsl::Football_Player::e6957db3d45b4f34ab2cd70331d29141,C. Goodson,c goodson,Gotham FC,Defender,0.0,3,0.0,3.0,3.0,0.0,0,0,0.0,0,0,0.0,0.0,0.0,1.0,0.0225,0.0,0.0,0.0,0.0,0.0,0.0,0.0,0.0,0.0,0.0,0.0,0.0,0.0
2015,nwsl::Football_Player::eb192101ab34425984a49075a90f3b0c,S. Kerr,s kerr,Gotham FC,Forward,0.0,9,0.0,9.0,0.0,2.0,6,0,0.0,0,0,0.0,0.0,0.0,0.0,0.0675,0.0,0.0,0.0,0.0,0.0,0.0,0.0,0.0,0.0,0.0,0.0,0.0,0.0
2015,nwsl::Football_Player::f8682c257fa14a7c862ecccc4b892332,M. Betos,m betos,Gotham FC,Goalkeeper,0.0,14,0.0,14.0,0.0,0.0,1,0,0.0,0,0,0.0,0.0,0.0,0.0,0.105,0.0,0.0,0.0,0.0,0.0,0.0,0.0,0.0,0.0,0.0,0.0,0.0,0.0
2015,nwsl::Football_Player::090a30db5372486db8345147ef78c636,C. Privett,c privett,Houston Dash,Midfielder,0.0,4,0.0,4.0,2.0,2.0,0,0,0.0,0,0,0.0,0.0,0.0,0.5,0.03,0.0,0.0,0.0,0.0,0.0,0.0,0.0,0.0,0.0,0.0,0.0,0.0,0.0
2015,nwsl::Football_Player::09c50d34358f41f38da8a21da7336688,B. Henninger,b henninger,Houston Dash,Goalkeeper,0.0,10,0.0,10.0,1.0,0.0,0,0,0.0,0,0,0.0,0.0,0.0,0.1,0.075,0.0,0.0,0.0,0.0,0.0,0.0,0.0,0.0,0.0,0.0,0.0,0.0,0.0
2015,nwsl::Football_Player::0bb3c16212754939b111d70c83644b8e,D. Colaprico,d colaprico,Houston Dash,Midfielder,90.0,1,1.0,1.0,0.0,0.0,0,0,0.0,0,0,90.0,90.0,1.0,0.0,0.7749999999999999,0.0,0.0,0.0,0.0,0.0,0.0,0.0,0.0,0.0,0.0,0.0,0.0,0.45
2015,nwsl::Football_Player::0e92c1ddda5d4a419c8bca52d25a55b7,M. Kinneman,m kinneman,Houston Dash,Goalkeeper,0.0,0,0.0,0.0,0.0,0.0,0,0,0.0,0,0,0.0,0.0,0.0,0.0,0.0,0.0,0.0,0.0,0.0,0.0,0.0,0.0,0.0,0.0,0.0,0.0,0.0,0.0
2015,nwsl::Football_Player::13966c8ec3cb453391ba34ddef7df31c,K. Watt,k watt,Houston Dash,Forward,0.0,19,0.0,19.0,0.0,3.0,4,0,0.0,0,0,0.0,0.0,0.0,0.0,0.1425,0.0,0.0,0.0,0.0,0.0,0.0,0.0,0.0,0.0,0.0,0.0,0.0,0.0
2015,nwsl::Football_Player::14b6513128d645b99e909fd6b2691ef1,E. McLeod,e mcleod,Houston Dash,Goalkeeper,0.0,11,0.0,11.0,0.0,1.0,0,0,0.0,0,0,0.0,0.0,0.0,0.0,0.0825,0.0,0.0,0.0,0.0,0.0,0.0,0.0,0.0,0.0,0.0,0.0,0.0,0.0
2015,nwsl::Football_Player::210e8527c5f548a4bd99fd497e803221,J. Day,j day,Houston Dash,Goalkeeper,0.0,0,0.0,0.0,0.0,0.0,0,0,0.0,0,0,0.0,0.0,0.0,0.0,0.0,0.0,0.0,0.0,0.0,0.0,0.0,0.0,0.0,0.0,0.0,0.0,0.0,0.0
2015,nwsl::Football_Player::27adde6bc4e540c5959718f7e27a1c5e,J. McDonald,j mcdonald,Houston Dash,Forward,0.0,20,0.0,20.0,1.0,5.0,7,0,0.0,0,0,0.0,0.0,0.0,0.05,0.15,0.0,0.0,0.0,0.0,0.0,0.0,0.0,0.0,0.0,0.0,0.0,0.0,0.0
2015,nwsl::Football_Player::42080f576c074ded8ba34a8fc1676c49,B. Bock,b bock,Houston Dash,Midfielder,0.0,5,0.0,5.0,0.0,4.0,0,0,0.0,0,0,0.0,0.0,0.0,0.0,0.0375,0.0,0.0,0.0,0.0,0.0,0.0,0.0,0.0,0.0,0.0,0.0,0.0,0.0
2015,nwsl::Football_Player::42e4a5ee1ef5472a916b47e5d3cebf2a,J. Avant,j avant,Houston Dash,Defender,0.0,1,0.0,1.0,0.0,0.0,0,0,0.0,0,0,0.0,0.0,0.0,0.0,0.0075,0.0,0.0,0.0,0.0,0.0,0.0,0.0,0.0,0.0,0.0,0.0,0.0,0.0
2015,nwsl::Football_Player::4eafd154e91d492681eba2258a3f3406,J. O'Brien,j o brien,Houston Dash,Midfielder,0.0,0,0.0,0.0,0.0,0.0,0,0,0.0,0,0,0.0,0.0,0.0,0.0,0.0,0.0,0.0,0.0,0.0,0.0,0.0,0.0,0.0,0.0,0.0,0.0,0.0,0.0
2015,nwsl::Football_Player::79a739eef63043d6874b3d437ece18d3,S. Zambra,s zambra,Houston Dash,Forward,0.0,2,0.0,2.0,2.0,0.0,0,0,0.0,0,0,0.0,0.0,0.0,1.0,0.015,0.0,0.0,0.0,0.0,0.0,0.0,0.0,0.0,0.0,0.0,0.0,0.0,0.0
2015,nwsl::Football_Player::7b95e77ca5184ed39abbd7481af81fee,A. Chapman,a chapman,Houston Dash,Defender,0.0,5,0.0,5.0,1.0,1.0,0,0,0.0,0,0,0.0,0.0,0.0,0.2,0.0375,0.0,0.0,0.0,0.0,0.0,0.0,0.0,0.0,0.0,0.0,0.0,0.0,0.0
2015,nwsl::Football_Player::7bcd8c4624d34774ab041b22092a51bc,N. Cross,n cross,Houston Dash,Defender,0.0,15,0.0,15.0,3.0,1.0,0,0,0.0,0,0,0.0,0.0,0.0,0.2,0.11249999999999999,0.0,0.0,0.0,0.0,0.0,0.0,0.0,0.0,0.0,0.0,0.0,0.0,0.0
2015,nwsl::Football_Player::910a624ac814412d9015a533423cd1ce,L. Silver,l silver,Houston Dash,Defender,0.0,0,0.0,0.0,0.0,0.0,0,0,0.0,0,0,0.0,0.0,0.0,0.0,0.0,0.0,0.0,0.0,0.0,0.0,0.0,0.0,0.0,0.0,0.0,0.0,0.0,0.0
2015,nwsl::Football_Player::a37748cb58e24c4497e22969b0720734,A. Bailey,a bailey,Houston Dash,Midfielder,0.0,8,0.0,8.0,7.0,0.0,1,0,0.0,0,0,0.0,0.0,0.0,0.875,0.06,0.0,0.0,0.0,0.0,0.0,0.0,0.0,0.0,0.0,0.0,0.0,0.0,0.0
2015,nwsl::Football_Player::a8cdacea151e4f6a8fc00cb7c839db97,S. Ochs,s ochs,Houston Dash,Defender,0.0,3,0.0,3.0,1.0,1.0,0,0,0.0,0,0,0.0,0.0,0.0,0.3333333333333333,0.0225,0.0,0.0,0.0,0.0,0.0,0.0,0.0,0.0,0.0,0.0,0.0,0.0,0.0
2015,nwsl::Football_Player::ab858914e3424ad79a5355a6da7293de,E. Masar,e masar,Houston Dash,Midfielder,0.0,19,0.0,19.0,1.0,4.0,2,0,0.0,0,0,0.0,0.0,0.0,0.05263157894736842,0.1425,0.0,0.0,0.0,0.0,0.0,0.0,0.0,0.0,0.0,0.0,0.0,0.0,0.0
2015,nwsl::Football_Player::bb49de2ba5db4f6e8ef4ace9bfdd0386,Andressinha,andressinha,Houston Dash,Midfielder,0.0,6,0.0,6.0,0.0,0.0,0,0,0.0,0,0,0.0,0.0,0.0,0.0,0.045,0.0,0.0,0.0,0.0,0.0,0.0,0.0,0.0,0.0,0.0,0.0,0.0,0.0
2015,nwsl::Football_Player::bd7de3cc2c0041338508e27532edd94f,R. Axon,r axon,Houston Dash,Midfielder,0.0,16,0.0,16.0,5.0,3.0,1,0,0.0,0,0,0.0,0.0,0.0,0.3125,0.12,0.0,0.0,0.0,0.0,0.0,0.0,0.0,0.0,0.0,0.0,0.0,0.0,0.0
2015,nwsl::Football_Player::c1009045d864489cb871c688b68ebfe8,J. LaPonte,j laponte,Houston Dash,Defender,0.0,6,0.0,6.0,3.0,1.0,0,0,0.0,0,0,0.0,0.0,0.0,0.5,0.045,0.0,0.0,0.0,0.0,0.0,0.0,0.0,0.0,0.0,0.0,0.0,0.0,0.0
2015,nwsl::Football_Player::c15189e7f7e64d979c834779e0fcc480,M. Henderson,m henderson,Houston Dash,Forward,0.0,20,0.0,20.0,6.0,13.0,0,0,0.0,0,0,0.0,0.0,0.0,0.3,0.15,0.0,0.0,0.0,0.0,0.0,0.0,0.0,0.0,0.0,0.0,0.0,0.0,0.0
2015,nwsl::Football_Player::c883183ca8884f259e9f0558d7cce52b,A. Nick,a nick,Houston Dash,Midfielder,0.0,16,0.0,16.0,7.0,6.0,0,0,0.0,0,0,0.0,0.0,0.0,0.4375,0.12,0.0,0.0,0.0,0.0,0.0,0.0,0.0,0.0,0.0,0.0,0.0,0.0,0.0
2015,nwsl::Football_Player::c918876914884663bb17414465634d5b,C. Williams,c williams,Houston Dash,Defender,0.0,2,0.0,2.0,1.0,1.0,0,0,0.0,0,0,0.0,0.0,0.0,0.5,0.015,0.0,0.0,0.0,0.0,0.0,0.0,0.0,0.0,0.0,0.0,0.0,0.0,0.0
2015,nwsl::Football_Player::d4a26ebadbf9487caa3ea457446b5fbf,E. Brush,e brush,Houston Dash,Defender,0.0,15,0.0,15.0,1.0,0.0,1,0,0.0,0,0,0.0,0.0,0.0,0.06666666666666667,0.11249999999999999,0.0,0.0,0.0,0.0,0.0,0.0,0.0,0.0,0.0,0.0,0.0,0.0,0.0
2015,nwsl::Football_Player::d58c0639f1ae4ed1880f2eeaf7bae36f,Camilinha,camilinha,Houston Dash,Midfielder,0.0,12,0.0,12.0,6.0,4.0,0,0,0.0,0,0,0.0,0.0,0.0,0.5,0.09,0.0,0.0,0.0,0.0,0.0,0.0,0.0,0.0,0.0,0.0,0.0,0.0,0.0
2015,nwsl::Football_Player::d677a076327a4cc48fcb049018fc5b94,C. Lloyd,c lloyd,Houston Dash,Forward,0.0,12,0.0,12.0,0.0,0.0,4,0,0.0,0,0,0.0,0.0,0.0,0.0,0.09,0.0,0.0,0.0,0.0,0.0,0.0,0.0,0.0,0.0,0.0,0.0,0.0,0.0
2015,nwsl::Football_Player::dd41c317b40341a89ab525f28d8b483d,L. Sesselmann,l sesselmann,Houston Dash,Defender,0.0,1,0.0,1.0,0.0,1.0,0,0,0.0,0,0,0.0,0.0,0.0,0.0,0.0075,0.0,0.0,0.0,0.0,0.0,0.0,0.0,0.0,0.0,0.0,0.0,0.0,0.0
2015,nwsl::Football_Player::dd9e5f32ac9344d29a4f8380fbd12fc7,T. McCarty,t mccarty,Houston Dash,Forward,0.0,17,0.0,17.0,10.0,4.0,1,0,0.0,0,0,0.0,0.0,0.0,0.5882352941176471,0.1275,0.0,0.0,0.0,0.0,0.0,0.0,0.0,0.0,0.0,0.0,0.0,0.0,0.0
2015,nwsl::Football_Player::edb51ab4f0474faf919e33bb86e149bd,J. Jackson,j jackson,Houston Dash,Midfielder,0.0,9,0.0,9.0,6.0,3.0,0,0,0.0,0,0,0.0,0.0,0.0,0.6666666666666666,0.0675,0.0,0.0,0.0,0.0,0.0,0.0,0.0,0.0,0.0,0.0,0.0,0.0,0.0
2015,nwsl::Football_Player::053de16bb33d4e559005d89b7a1b31d5,R. Van Hollebeke,r van hollebeke,Portland Thorns,Defender,0.0,13,0.0,13.0,3.0,5.0,0,0,0.0,0,0,0.0,0.0,0.0,0.23076923076923078,0.0975,0.0,0.0,0.0,0.0,0.0,0.0,0.0,0.0,0.0,0.0,0.0,0.0,0.0
2015,nwsl::Football_Player::06faff51ac194aac8095ad03cc6da087,R. Wilkinson,r wilkinson,Portland Thorns,Defender,0.0,1,0.0,1.0,1.0,0.0,0,0,0.0,0,0,0.0,0.0,0.0,1.0,0.0075,0.0,0.0,0.0,0.0,0.0,0.0,0.0,0.0,0.0,0.0,0.0,0.0,0.0
2015,nwsl::Football_Player::188bf66872fd4aeb841ac7b90a7da5bf,T. Heath,t heath,Portland Thorns,Forward,0.0,12,0.0,12.0,0.0,2.0,1,0,0.0,0,0,0.0,0.0,0.0,0.0,0.09,0.0,0.0,0.0,0.0,0.0,0.0,0.0,0.0,0.0,0.0,0.0,0.0,0.0
2015,nwsl::Football_Player::1b3783ec85a64e0c89d50a3eff3e7a34,K. Johnson,k johnson,Portland Thorns,Defender,0.0,17,0.0,17.0,5.0,5.0,0,0,0.0,0,0,0.0,0.0,0.0,0.29411764705882354,0.1275,0.0,0.0,0.0,0.0,0.0,0.0,0.0,0.0,0.0,0.0,0.0,0.0,0.0
2015,nwsl::Football_Player::277838cb402d4d98ae806fefa16734f5,H. Terry,h terry,Portland Thorns,Forward,0.0,6,0.0,6.0,6.0,0.0,0,0,0.0,0,0,0.0,0.0,0.0,1.0,0.045,0.0,0.0,0.0,0.0,0.0,0.0,0.0,0.0,0.0,0.0,0.0,0.0,0.0
2015,nwsl::Football_Player::2e4d5ceb965144c4aab0b26333913991,C. Polkinghorne,c polkinghorne,Portland Thorns,Defender,0.0,9,0.0,9.0,0.0,2.0,0,0,0.0,0,0,0.0,0.0,0.0,0.0,0.0675,0.0,0.0,0.0,0.0,0.0,0.0,0.0,0.0,0.0,0.0,0.0,0.0,0.0
2015,nwsl::Football_Player::376f92a566f447cab876929480f1db7d,S. Catley,s catley,Portland Thorns,Defender,0.0,3,0.0,3.0,1.0,1.0,0,0,0.0,0,0,0.0,0.0,0.0,0.3333333333333333,0.0225,0.0,0.0,0.0,0.0,0.0,0.0,0.0,0.0,0.0,0.0,0.0,0.0,0.0
2015,nwsl::Football_Player::510a2ca9b9944feb802242916337c5a5,K. Haycook,k haycook,Portland Thorns,Forward,0.0,4,0.0,4.0,3.0,1.0,0,0,0.0,0,0,0.0,0.0,0.0,0.75,0.03,0.0,0.0,0.0,0.0,0.0,0.0,0.0,0.0,0.0,0.0,0.0,0.0,0.0
2015,nwsl::Football_Player::5a6f7e6db998474394142dcde118b954,C. Sinclair,c sinclair,Portland Thorns,Forward,0.0,9,0.0,9.0,1.0,1.0,2,0,0.0,0,0,0.0,0.0,0.0,0.1111111111111111,0.0675,0.0,0.0,0.0,0.0,0.0,0.0,0.0,0.0,0.0,0.0,0.0,0.0,0.0
2015,nwsl::Football_Player::616eb47915e54cd58ab661653d50beaa,L. Sanderson,l sanderson,Portland Thorns,Forward,0.0,5,0.0,5.0,3.0,1.0,0,0,0.0,0,0,0.0,0.0,0.0,0.6,0.0375,0.0,0.0,0.0,0.0,0.0,0.0,0.0,0.0,0.0,0.0,0.0,0.0,0.0
2015,nwsl::Football_Player::6210a14be35149aea924533c4f1e0c69,K. Kyle,k kyle,Portland Thorns,Midfielder,0.0,12,0.0,12.0,6.0,2.0,0,0,0.0,0,0,0.0,0.0,0.0,0.5,0.09,0.0,0.0,0.0,0.0,0.0,0.0,0.0,0.0,0.0,0.0,0.0,0.0,0.0
2015,nwsl::Football_Player::68e5f52cde3e4044a55631c5eb109cd7,K. Williamson,k williamson,Portland Thorns,Defender,0.0,20,0.0,20.0,0.0,3.0,0,0,0.0,0,0,0.0,0.0,0.0,0.0,0.15,0.0,0.0,0.0,0.0,0.0,0.0,0.0,0.0,0.0,0.0,0.0,0.0,0.0
2015,nwsl::Football_Player::862f82d43a1943c0b7eba7d7983a2c73,B. Sauerbrunn,b sauerbrunn,Portland Thorns,Defender,180.0,2,2.0,2.0,0.0,0.0,0,0,0.0,0,0,90.0,90.0,1.0,0.0,0.7825,0.0,0.0,0.0,0.0,0.0,0.0,0.0,0.0,0.0,0.0,0.0,0.0,0.45
2015,nwsl::Football_Player::8ad7d9a5036f4141b62ec82b028a90c9,S. Jackson,s jackson,Portland Thorns,Forward,0.0,7,0.0,7.0,5.0,2.0,0,0,0.0,0,0,0.0,0.0,0.0,0.7142857142857143,0.0525,0.0,0.0,0.0,0.0,0.0,0.0,0.0,0.0,0.0,0.0,0.0,0.0,0.0
2015,nwsl::Football_Player::96cc9fe3c23b49cf9fa5125c50781437,M. Klingenberg,m klingenberg,Portland Thorns,Defender,0.0,12,0.0,12.0,0.0,1.0,0,0,0.0,0,0,0.0,0.0,0.0,0.0,0.09,0.0,0.0,0.0,0.0,0.0,0.0,0.0,0.0,0.0,0.0,0.0,0.0,0.0
2015,nwsl::Football_Player::a284ba27462c404c8b146fc4022ac773,T. Comeau,t comeau,Portland Thorns,Midfielder,0.0,9,0.0,9.0,4.0,5.0,0,0,0.0,0,0,0.0,0.0,0.0,0.4444444444444444,0.0675,0.0,0.0,0.0,0.0,0.0,0.0,0.0,0.0,0.0,0.0,0.0,0.0,0.0
2015,nwsl::Football_Player::a6b2526653a145eca3ce35d2dec4ad8c,C. Niemiec,c niemiec,Portland Thorns,Defender,0.0,4,0.0,4.0,1.0,0.0,0,0,0.0,0,0,0.0,0.0,0.0,0.25,0.03,0.0,0.0,0.0,0.0,0.0,0.0,0.0,0.0,0.0,0.0,0.0,0.0,0.0
2015,nwsl::Football_Player::b065fb1378384e4daecb7945a5938847,K. Bennett,k bennett,Portland Thorns,Midfielder,0.0,1,0.0,1.0,0.0,1.0,0,0,0.0,0,0,0.0,0.0,0.0,0.0,0.0075,0.0,0.0,0.0,0.0,0.0,0.0,0.0,0.0,0.0,0.0,0.0,0.0,0.0
2015,nwsl::Football_Player::b1c1d23e290f4c2cbce7696c8dc2428b,A. Kleiner,a kleiner,Portland Thorns,Defender,0.0,8,0.0,8.0,4.0,1.0,0,0,0.0,0,0,0.0,0.0,0.0,0.5,0.06,0.0,0.0,0.0,0.0,0.0,0.0,0.0,0.0,0.0,0.0,0.0,0.0,0.0
2015,nwsl::Football_Player::cc4fac16547043eabd39b90767f3eda2,S. Robbins,s robbins,Portland Thorns,Midfielder,0.0,1,0.0,1.0,1.0,0.0,0,0,0.0,0,0,0.0,0.0,0.0,1.0,0.0075,0.0,0.0,0.0,0.0,0.0,0.0,0.0,0.0,0.0,0.0,0.0,0.0,0.0
2015,nwsl::Football_Player::cd2e6620e4044882966349225a26d0e7,N. Angerer,n angerer,Portland Thorns,Goalkeeper,0.0,6,0.0,6.0,0.0,0.0,0,0,0.0,0,0,0.0,0.0,0.0,0.0,0.045,0.0,0.0,0.0,0.0,0.0,0.0,0.0,0.0,0.0,0.0,0.0,0.0,0.0
2015,nwsl::Football_Player::e41827bc3890453f9e388e03bf59892a,J. Taylor,j taylor,Portland Thorns,Forward,0.0,7,0.0,7.0,2.0,3.0,3,0,0.0,0,0,0.0,0.0,0.0,0.2857142857142857,0.0525,0.0,0.0,0.0,0.0,0.0,0.0,0.0,0.0,0.0,0.0,0.0,0.0,0.0
2015,nwsl::Football_Player::e6d069d554c447f1a6386327f201f583,Genoveva Añonman,genoveva anonman,Portland Thorns,Forward,0.0,12,0.0,12.0,4.0,3.0,1,0,0.0,0,0,0.0,0.0,0.0,0.3333333333333333,0.09,0.0,0.0,0.0,0.0,0.0,0.0,0.0,0.0,0.0,0.0,0.0,0.0,0.0
2015,nwsl::Football_Player::ee99f5f8d4794d9489102f0647f2a257,E. Kruger,e kruger,Portland Thorns,Goalkeeper,0.0,0,0.0,0.0,0.0,0.0,0,0,0.0,0,0,0.0,0.0,0.0,0.0,0.0,0.0,0.0,0.0,0.0,0.0,0.0,0.0,0.0,0.0,0.0,0.0,0.0,0.0
2015,nwsl::Football_Player::173d0482f17e4cbc93b5505bf0b94184,K. Fletcher,k fletcher,Reign,Defender,167.0,2,2.0,2.0,0.0,1.0,0,0,0.0,0,0,83.5,83.5,1.0,0.0,0.7595694444444445,0.0,0.0,0.0,0.0,0.0,0.0,0.0,0.0,0.0,0.0,0.0,0.0,0.41750000000000004
2015,nwsl::Football_Player::1ba6539b8bae4c74add5dcd2b9be47aa,M. Rapinoe,m rapinoe,Reign,Forward,178.0,2,2.0,2.0,0.0,1.0,1,0,0.0,4,2,89.0,89.0,1.0,0.0,0.8023570536828963,0.5056179775280899,0.0,2.0224719101123596,1.0112359550561798,0.0,0.0,0.0,0.0,0.0,0.0,0.0,0.0,0.6008988764044945
2015,nwsl::Football_Player::24af72086ca04ab9abe6febc2ab176cd,K. Dallstream,k dallstream,Reign,Forward,0.0,0,0.0,0.0,0.0,0.0,0,0,0.0,0,0,0.0,0.0,0.0,0.0,0.0,0.0,0.0,0.0,0.0,0.0,0.0,0.0,0.0,0.0,0.0,0.0,0.0,0.0
2015,nwsl::Football_Player::2e773e60038840b0859d0a411daed841,H. Solo,h solo,Reign,Goalkeeper,180.0,2,2.0,2.0,0.0,0.0,0,0,0.0,0,0,90.0,90.0,1.0,0.0,0.7825,0.0,0.0,0.0,0.0,0.0,0.0,0.0,0.0,0.0,0.0,0.0,0.0,0.45
2015,nwsl::Football_Player::4bd84fd5cceb4538a556a4b9eb250841,S. Huerta,s huerta,Reign,Defender,45.0,1,0.0,1.0,1.0,0.0,0,0,0.0,2,2,45.0,0.0,0.0,1.0,0.18125000000000002,0.0,0.0,4.0,4.0,0.0,0.0,0.0,0.0,0.0,0.0,0.0,0.0,0.325
2015,nwsl::Football_Player::52a5effdc79a40faa0ba5954e8b3c372,K. Winters,k winters,Reign,Midfielder,180.0,2,2.0,2.0,0.0,0.0,0,0,0.0,3,2,90.0,90.0,1.0,0.0,0.788125,0.0,0.0,1.5,1.0,0.0,0.0,0.0,0.0,0.0,0.0,0.0,0.0,0.48750000000000004
2015,nwsl::Football_Player::5ae4cbaf5a2f45eaa9c280ff2b6cec7f,L. Barnes,l barnes,Reign,Defender,180.0,2,2.0,2.0,0.0,0.0,0,0,0.0,1,0,90.0,90.0,1.0,0.0,0.7843749999999999,0.0,0.0,0.5,0.0,0.0,0.0,0.0,0.0,0.0,0.0,0.0,0.0,0.4625
2015,nwsl::Football_Player::5d76f50c58f34b00a7bd574b12c70c94,J. Fishlock,j fishlock,Reign,Midfielder,180.0,2,2.0,2.0,0.0,0.0,0,0,0.0,3,1,90.0,90.0,1.0,0.0,0.788125,0.0,0.0,1.5,0.5,0.0,0.0,0.0,0.0,0.0,0.0,0.0,0.0,0.48750000000000004
2015,nwsl::Football_Player::628fdb13431b409ca90bbebf099507ba,K. Veje,k veje,Reign,Defender,88.0,2,1.0,2.0,1.0,1.0,0,0,0.0,1,1,44.0,88.0,0.5,0.5,0.3990574494949495,0.0,0.0,1.0227272727272727,1.0227272727272727,0.0,0.0,0.0,0.0,0.0,0.0,0.0,0.0,0.24556818181818182
2015,nwsl::Football_Player::6ab00989545c40c7a9821442b499aa8a,N. Stanton,n stanton,Reign,Midfielder,0.0,8,0.0,8.0,5.0,1.0,0,0,0.0,0,0,0.0,0.0,0.0,0.625,0.06,0.0,0.0,0.0,0.0,0.0,0.0,0.0,0.0,0.0,0.0,0.0,0.0,0.0
2015,nwsl::Football_Player::939dbe85be7545d7a100135571ba94b4,B. Yanez,b yanez,Reign,Midfielder,110.0,2,1.0,2.0,1.0,0.0,1,0,0.0,2,2,55.0,110.0,0.5,0.5,0.4657323232323232,0.8181818181818181,0.0,1.6363636363636362,1.6363636363636362,0.0,0.0,0.0,0.0,0.0,0.0,0.0,0.0,0.48636363636363633
2015,nwsl::Football_Player::95fc5444983945819b7196cc46aa554c,R. Corsie,r corsie,Reign,Defender,180.0,2,2.0,2.0,0.0,0.0,0,0,0.0,0,0,90.0,90.0,1.0,0.0,0.7825,0.0,0.0,0.0,0.0,0.0,0.0,0.0,0.0,0.0,0.0,0.0,0.0,0.45
2015,nwsl::Football_Player::a01169117e014aaf8ec00b2541159562,E. Burris,e burris,Reign,Defender,22.0,2,0.0,2.0,2.0,0.0,0,0,0.0,0,0,11.0,0.0,0.0,1.0,0.05380555555555556,0.0,0.0,0.0,0.0,0.0,0.0,0.0,0.0,0.0,0.0,0.0,0.0,0.055
2015,nwsl::Football_Player::b34b92d539f6450e883ce6d31d545996,H. Kopmeyer,h kopmeyer,Reign,Goalkeeper,0.0,0,0.0,0.0,0.0,0.0,0,0,0.0,0,0,0.0,0.0,0.0,0.0,0.0,0.0,0.0,0.0,0.0,0.0,0.0,0.0,0.0,0.0,0.0,0.0,0.0,0.0
2015,nwsl::Football_Player::c771c5a5ad054841b2f9ba46747d73ff,M. Bullock,m bullock,Reign,Midfielder,2.0,1,0.0,1.0,1.0,0.0,1,0,0.0,1,1,2.0,0.0,0.0,1.0,0.06705555555555556,45.0,0.0,45.0,45.0,0.0,0.0,0.0,0.0,0.0,0.0,0.0,0.0,0.36
2015,nwsl::Football_Player::e6221b5a5aaf40f09966b174ab4b0fd6,D. Foxhoven,d foxhoven,Reign,Forward,0.0,0,0.0,0.0,0.0,0.0,0,0,0.0,0,0,0.0,0.0,0.0,0.0,0.0,0.0,0.0,0.0,0.0,0.0,0.0,0.0,0.0,0.0,0.0,0.0,0.0,0.0
2015,nwsl::Football_Player::e7904513b0494b90b7811b45343f6262,S. Cox,s cox,Reign,Defender,180.0,2,2.0,2.0,0.0,0.0,0,0,0.0,1,1,90.0,90.0,1.0,0.0,0.7843749999999999,0.0,0.0,0.5,0.5,0.0,0.0,0.0,0.0,0.0,0.0,0.0,0.0,0.4625
2015,nwsl::Football_Player::f3e1a521ef4f4f24bd0ee3fb985ec265,L. Biyendolo,l biyendolo,Reign,Forward,0.0,17,0.0,17.0,4.0,6.0,4,0,0.0,0,0,0.0,0.0,0.0,0.23529411764705882,0.1275,0.0,0.0,0.0,0.0,0.0,0.0,0.0,0.0,0.0,0.0,0.0,0.0,0.0
2015,nwsl::Football_Player::fce643adc32e401cb2c1fff845fc016f,K. Little,k little,Reign,Midfielder,180.0,2,2.0,2.0,0.0,0.0,0,1,0.0,5,4,90.0,90.0,1.0,0.0,0.8075,0.5,0.0,2.5,2.0,0.0,0.0,0.0,0.0,0.0,0.0,0.0,0.0,0.6166666666666667
2015,nwsl::Football_Player::38533cb4693048bb8dfce55130bd4eaa,A. Brooks,a brooks,Washington Spirit,Defender,0.0,0,0.0,0.0,0.0,0.0,0,0,0.0,0,0,0.0,0.0,0.0,0.0,0.0,0.0,0.0,0.0,0.0,0.0,0.0,0.0,0.0,0.0,0.0,0.0,0.0,0.0
2015,nwsl::Football_Player::3d57a577770a4e51a19b76fce2f56209,Amanda DaCosta,amanda dacosta,Washington Spirit,Midfielder,45.0,1,0.0,1.0,1.0,0.0,0,0,0.0,0,0,45.0,0.0,0.0,1.0,0.16625,0.0,0.0,0.0,0.0,0.0,0.0,0.0,0.0,0.0,0.0,0.0,0.0,0.225
2015,nwsl::Football_Player::50c90064649a4880b47331d6a2ee6b57,J. Chukwunonye,j chukwunonye,Washington Spirit,Defender,0.0,0,0.0,0.0,0.0,0.0,0,0,0.0,0,0,0.0,0.0,0.0,0.0,0.0,0.0,0.0,0.0,0.0,0.0,0.0,0.0,0.0,0.0,0.0,0.0,0.0,0.0
2015,nwsl::Football_Player::563dd6b70ed74a0c9b30dc29b51c8364,A. Harris,a harris,Washington Spirit,Goalkeeper,90.0,1,1.0,1.0,0.0,0.0,0,0,0.0,0,0,90.0,90.0,1.0,0.0,0.7749999999999999,0.0,0.0,0.0,0.0,0.0,0.0,0.0,0.0,0.0,0.0,0.0,0.0,0.45
2015,nwsl::Football_Player::6896855855354bd58e216967fbd534e4,N. Okobi-Okeoghene,n okobi okeoghene,Washington Spirit,Midfielder,0.0,0,0.0,0.0,0.0,0.0,0,0,0.0,0,0,0.0,0.0,0.0,0.0,0.0,0.0,0.0,0.0,0.0,0.0,0.0,0.0,0.0,0.0,0.0,0.0,0.0,0.0
2015,nwsl::Football_Player::7db5847746a4400c82ce7aca3ed31c03,K. Reynolds,k reynolds,Washington Spirit,Defender,90.0,1,1.0,1.0,0.0,0.0,0,0,0.0,0,0,90.0,90.0,1.0,0.0,0.7749999999999999,0.0,0.0,0.0,0.0,0.0,0.0,0.0,0.0,0.0,0.0,0.0,0.0,0.45
2015,nwsl::Football_Player::7f57f5e76b204d0fa3ee7fdf5f66c059,J. Lohman,j lohman,Washington Spirit,Midfielder,18.0,1,0.0,1.0,1.0,0.0,0,0,0.0,1,0,18.0,0.0,0.0,1.0,0.086,0.0,0.0,5.0,0.0,0.0,0.0,0.0,0.0,0.0,0.0,0.0,0.0,0.19
2015,nwsl::Football_Player::93cc93697c5e45b4bc70cb220a35b652,D. Matheson,d matheson,Washington Spirit,Midfielder,90.0,1,1.0,1.0,0.0,0.0,0,0,0.0,0,0,90.0,90.0,1.0,0.0,0.7749999999999999,0.0,0.0,0.0,0.0,0.0,0.0,0.0,0.0,0.0,0.0,0.0,0.0,0.45
2015,nwsl::Football_Player::a44bce02f4154f0e8f0cb4fabb2d1509,F. Ordega,f ordega,Washington Spirit,Forward,72.0,1,1.0,1.0,0.0,1.0,0,0,0.0,0,0,72.0,72.0,1.0,0.0,0.7115,0.0,0.0,0.0,0.0,0.0,0.0,0.0,0.0,0.0,0.0,0.0,0.0,0.36000000000000004
2015,nwsl::Football_Player::a86e9ba2f4c44ce789c593b2b5bf9bcb,A. Kingsbury,a kingsbury,Washington Spirit,Goalkeeper,0.0,1,0.0,1.0,1.0,0.0,0,0,0.0,0,0,0.0,0.0,0.0,1.0,0.0075,0.0,0.0,0.0,0.0,0.0,0.0,0.0,0.0,0.0,0.0,0.0,0.0,0.0
2015,nwsl::Football_Player::b6c8507c7df04dd283cf16d546d78a2d,H. Raso,h raso,Washington Spirit,Forward,45.0,1,1.0,1.0,0.0,1.0,0,0,0.0,0,0,45.0,45.0,1.0,0.0,0.61625,0.0,0.0,0.0,0.0,0.0,0.0,0.0,0.0,0.0,0.0,0.0,0.0,0.225
2015,nwsl::Football_Player::c78a57f425bc49a4b20f936d22cdb37e,C. Nairn,c nairn,Washington Spirit,Midfielder,90.0,1,1.0,1.0,0.0,0.0,0,0,0.0,0,0,90.0,90.0,1.0,0.0,0.7749999999999999,0.0,0.0,0.0,0.0,0.0,0.0,0.0,0.0,0.0,0.0,0.0,0.0,0.45
2015,nwsl::Football_Player::d14268671393435c9c3e376871891eed,T. Huster,t huster,Washington Spirit,Midfielder,6.0,1,0.0,1.0,1.0,0.0,0,0,0.0,0,0,6.0,0.0,0.0,1.0,0.028666666666666667,0.0,0.0,0.0,0.0,0.0,0.0,0.0,0.0,0.0,0.0,0.0,0.0,0.03
2015,nwsl::Football_Player::d65ed4d1d2174e0685e4611bf8a53fb1,W. Church,w church,Washington Spirit,Defender,90.0,1,1.0,1.0,0.0,0.0,0,0,0.0,0,0,90.0,90.0,1.0,0.0,0.7749999999999999,0.0,0.0,0.0,0.0,0.0,0.0,0.0,0.0,0.0,0.0,0.0,0.0,0.45
2015,nwsl::Football_Player::e51b4111833f48188a8a8ccd3eccef3e,A. Salem,a salem,Washington Spirit,Midfielder,84.0,1,1.0,1.0,0.0,1.0,0,0,0.0,1,1,84.0,84.0,1.0,0.0,0.7578511904761904,0.0,0.0,1.0714285714285714,1.0714285714285714,0.0,0.0,0.0,0.0,0.0,0.0,0.0,0.0,0.44678571428571434
2015,nwsl::Football_Player::f148283f909c473abc4a1a55fdf75fde,K. Wys,k wys,Washington Spirit,Goalkeeper,0.0,0,0.0,0.0,0.0,0.0,0,0,0.0,0,0,0.0,0.0,0.0,0.0,0.0,0.0,0.0,0.0,0.0,0.0,0.0,0.0,0.0,0.0,0.0,0.0,0.0,0.0
2015,nwsl::Football_Player::fbfe7392b0744bb6a8d7826010fe0a6e,N. Barnhart,n barnhart,Washington Spirit,Goalkeeper,180.0,2,2.0,2.0,0.0,0.0,0,0,0.0,0,0,90.0,90.0,1.0,0.0,0.7825,0.0,0.0,0.0,0.0,0.0,0.0,0.0,0.0,0.0,0.0,0.0,0.0,0.45
2015,nwsl::Football_Player::0471a52a3edd46ccaf55d51c44c8fe8a,H. Ayinde,h ayinde,Western New York Flash,Midfielder,0.0,8,0.0,8.0,4.0,3.0,1,0,0.0,0,0,0.0,0.0,0.0,0.5,0.06,0.0,0.0,0.0,0.0,0.0,0.0,0.0,0.0,0.0,0.0,0.0,0.0,0.0
2015,nwsl::Football_Player::12130d522ad5486a8c6516d9e4dbe52b,C. Kur Larsen,c kur larsen,Western New York Flash,Forward,0.0,3,0.0,3.0,2.0,1.0,0,0,0.0,0,0,0.0,0.0,0.0,0.6666666666666666,0.0225,0.0,0.0,0.0,0.0,0.0,0.0,0.0,0.0,0.0,0.0,0.0,0.0,0.0
2015,nwsl::Football_Player::19b674e024ce4772a66aa9817f045d81,J. Daniels,j daniels,Western New York Flash,Defender,0.0,20,0.0,20.0,0.0,0.0,1,0,0.0,0,0,0.0,0.0,0.0,0.0,0.15,0.0,0.0,0.0,0.0,0.0,0.0,0.0,0.0,0.0,0.0,0.0,0.0,0.0
2015,nwsl::Football_Player::237d7495c3064d87ae55feb2b28199ce,W. Engen,w engen,Western New York Flash,Defender,0.0,12,0.0,12.0,0.0,0.0,0,0,0.0,0,0,0.0,0.0,0.0,0.0,0.09,0.0,0.0,0.0,0.0,0.0,0.0,0.0,0.0,0.0,0.0,0.0,0.0,0.0
2015,nwsl::Football_Player::2c3984cf15c742b696b10df29e0f661a,C. Jones,c jones,Western New York Flash,Goalkeeper,0.0,13,0.0,13.0,1.0,0.0,0,0,0.0,0,0,0.0,0.0,0.0,0.07692307692307693,0.0975,0.0,0.0,0.0,0.0,0.0,0.0,0.0,0.0,0.0,0.0,0.0,0.0,0.0
2015,nwsl::Football_Player::4623f15aa53a424dbc74e515bc3a1587,T. Pressley,t pressley,Western New York Flash,Defender,0.0,16,0.0,16.0,0.0,3.0,0,0,0.0,0,0,0.0,0.0,0.0,0.0,0.12,0.0,0.0,0.0,0.0,0.0,0.0,0.0,0.0,0.0,0.0,0.0,0.0,0.0
2015,nwsl::Football_Player::516ec76681794e58bea2c6d2a6dae92a,S. Mewis,s mewis,Western New York Flash,Midfielder,0.0,20,0.0,20.0,0.0,4.0,4,0,0.0,0,0,0.0,0.0,0.0,0.0,0.15,0.0,0.0,0.0,0.0,0.0,0.0,0.0,0.0,0.0,0.0,0.0,0.0,0.0
2015,nwsl::Football_Player::648837cde88244c1a2f66446f1fffd88,A. Nchout,a nchout,Western New York Flash,Forward,0.0,7,0.0,7.0,6.0,1.0,0,0,0.0,0,0,0.0,0.0,0.0,0.8571428571428571,0.0525,0.0,0.0,0.0,0.0,0.0,0.0,0.0,0.0,0.0,0.0,0.0,0.0,0.0
2015,nwsl::Football_Player::71ea4c2449e9473da1b5936799af579e,M. Tock,m tock,Western New York Flash,Goalkeeper,0.0,0,0.0,0.0,0.0,0.0,0,0,0.0,0,0,0.0,0.0,0.0,0.0,0.0,0.0,0.0,0.0,0.0,0.0,0.0,0.0,0.0,0.0,0.0,0.0,0.0,0.0
2015,nwsl::Football_Player::7994f7aa7901470e80101ce640489d75,L. Andrade,l andrade,Western New York Flash,Forward,0.0,6,0.0,6.0,2.0,4.0,1,0,0.0,0,0,0.0,0.0,0.0,0.3333333333333333,0.045,0.0,0.0,0.0,0.0,0.0,0.0,0.0,0.0,0.0,0.0,0.0,0.0,0.0
2015,nwsl::Football_Player::842385f0c95745a1988b7b3ecbb31e04,S. D'Angelo,s d angelo,Western New York Flash,Goalkeeper,0.0,7,0.0,7.0,0.0,1.0,0,0,0.0,0,0,0.0,0.0,0.0,0.0,0.0525,0.0,0.0,0.0,0.0,0.0,0.0,0.0,0.0,0.0,0.0,0.0,0.0,0.0
2015,nwsl::Football_Player::ab81546d13e34c128d458bf7221b0588,B. Edwards,b edwards,Western New York Flash,Midfielder,0.0,20,0.0,20.0,0.0,0.0,2,0,0.0,0,0,0.0,0.0,0.0,0.0,0.15,0.0,0.0,0.0,0.0,0.0,0.0,0.0,0.0,0.0,0.0,0.0,0.0,0.0
2015,nwsl::Football_Player::b0f660db38184b83afb74ffc89438376,C. Stewart,c stewart,Western New York Flash,Defender,0.0,3,0.0,3.0,1.0,2.0,0,0,0.0,0,0,0.0,0.0,0.0,0.3333333333333333,0.0225,0.0,0.0,0.0,0.0,0.0,0.0,0.0,0.0,0.0,0.0,0.0,0.0,0.0
2015,nwsl::Football_Player::be63835a639049d88987c3c4b3af14c7,J. Fields,j fields,Western New York Flash,Forward,0.0,10,0.0,10.0,3.0,4.0,1,0,0.0,0,0,0.0,0.0,0.0,0.3,0.075,0.0,0.0,0.0,0.0,0.0,0.0,0.0,0.0,0.0,0.0,0.0,0.0,0.0
2015,nwsl::Football_Player::bfb99b5fbd8643c4b9b53c4093f57dd4,M. Heyman,m heyman,Western New York Flash,Forward,0.0,9,0.0,9.0,0.0,2.0,1,0,0.0,0,0,0.0,0.0,0.0,0.0,0.0675,0.0,0.0,0.0,0.0,0.0,0.0,0.0,0.0,0.0,0.0,0.0,0.0,0.0
2015,nwsl::Football_Player::c96793b47b1940f9bac83bfc8fc2f2c4,B. Kolmel,b kolmel,Western New York Flash,Defender,0.0,18,0.0,18.0,0.0,0.0,0,0,0.0,0,0,0.0,0.0,0.0,0.0,0.135,0.0,0.0,0.0,0.0,0.0,0.0,0.0,0.0,0.0,0.0,0.0,0.0,0.0
2015,nwsl::Football_Player::e1b3b4ea73244b3a99f2178f68131a36,A. Frisbie,a frisbie,Western New York Flash,Defender,0.0,4,0.0,4.0,2.0,1.0,1,0,0.0,0,0,0.0,0.0,0.0,0.5,0.03,0.0,0.0,0.0,0.0,0.0,0.0,0.0,0.0,0.0,0.0,0.0,0.0,0.0
2015,nwsl::Football_Player::f04efdb759b94bab87e3ffe3a709f372,R. Horner,r horner,Western New York Flash,Goalkeeper,0.0,1,0.0,1.0,0.0,0.0,0,0,0.0,0,0,0.0,0.0,0.0,0.0,0.0075,0.0,0.0,0.0,0.0,0.0,0.0,0.0,0.0,0.0,0.0,0.0,0.0,0.0
2015,nwsl::Football_Player::f73083eeea3c45638e68c531ba3f0d36,J. Angeli,j angeli,Western New York Flash,Midfielder,0.0,3,0.0,3.0,3.0,0.0,1,0,0.0,0,0,0.0,0.0,0.0,1.0,0.0225,0.0,0.0,0.0,0.0,0.0,0.0,0.0,0.0,0.0,0.0,0.0,0.0,0.0
2016,nwsl::Football_Player::2245a6a4a41b4618aff766a1eaaf3fcc,M. Marlborough,m marlborough,Boston Breakers,Forward,23.0,1,0.0,1.0,1.0,0.0,0,0,0.0,2,1,23.0,0.0,0.0,1.0,0.10363888888888889,0.0,0.0,7.82608695652174,3.91304347826087,0.0,0.0,0.0,0.0,0.0,0.0,0.0,0.0,0.215
2016,nwsl::Football_Player::342752a422da44fba4a4652e65a674db,K. Simon,k simon,Boston Breakers,Forward,1292.0,17,14.0,17.0,3.0,3.0,1,1,0.0,20,7,76.0,92.28571428571429,0.8235294117647058,0.17647058823529413,0.7757775197798419,0.1393188854489164,0.0,1.393188854489164,0.4876160990712074,0.0,0.0,0.0,0.0,0.0,0.0,0.0,0.0,0.4438544891640867
2016,nwsl::Football_Player::34a5810671a94cf784b4198422abfee2,K. Kallman,k kallman,Boston Breakers,Defender,1800.0,20,20.0,20.0,0.0,0.0,0,0,0.0,0,0,90.0,90.0,1.0,0.0,0.9175,0.0,0.0,0.0,0.0,0.0,0.0,0.0,0.0,0.0,0.0,0.0,0.0,0.45
2016,nwsl::Football_Player::4cfb7d1f4f16459b8aedc48f0067c3d7,R. Wood,r wood,Boston Breakers,Defender,260.0,7,2.0,7.0,5.0,0.0,0,0,0.0,4,0,37.142857142857146,130.0,0.2857142857142857,0.7142857142857143,0.3172954822954823,0.0,0.0,1.3846153846153846,0.0,0.0,0.0,0.0,0.0,0.0,0.0,0.0,0.0,0.22032967032967032
2016,nwsl::Football_Player::560f7b84fa614147b65fb0322db49c73,S. Verdoia,s verdoia,Boston Breakers,Midfielder,452.0,10,5.0,10.0,5.0,2.0,0,0,0.0,6,2,45.2,90.4,0.5,0.5,0.4639356440511308,0.0,0.0,1.1946902654867257,0.39823008849557523,0.0,0.0,0.0,0.0,0.0,0.0,0.0,0.0,0.25586725663716814
2016,nwsl::Football_Player::5a0489fd9b7444d1bd6fe74ee1ff20f6,J. Kranich,j kranich,Boston Breakers,Goalkeeper,810.0,9,9.0,9.0,0.0,0.0,0,0,0.0,0,0,90.0,90.0,1.0,0.0,0.835,0.0,0.0,0.0,0.0,0.0,0.0,0.0,0.0,0.0,0.0,0.0,0.0,0.45
2016,nwsl::Football_Player::5b6fb826402949fea0f5c225be04c74a,J. King,j king,Boston Breakers,Defender,1524.0,18,17.0,18.0,1.0,3.0,2,1,0.0,9,5,84.66666666666667,89.6470588235294,0.9444444444444444,0.05555555555555555,0.8662147127442403,0.17716535433070865,0.0,0.5314960629921259,0.2952755905511811,0.0,0.0,0.0,0.0,0.0,0.0,0.0,0.0,0.4735301837270341
2016,nwsl::Football_Player::6f01468cb3184e8dae20c4ff1e18c5c3,S. Lofton,s lofton,Boston Breakers,Defender,54.0,3,0.0,3.0,3.0,0.0,0,0,0.0,1,1,18.0,0.0,0.0,1.0,0.09225000000000001,0.0,0.0,1.6666666666666667,1.6666666666666667,0.0,0.0,0.0,0.0,0.0,0.0,0.0,0.0,0.13166666666666668
2016,nwsl::Football_Player::a023df4ded9c4e7da3c921e09c30d0a4,K. Schoepfer,k schoepfer,Boston Breakers,Midfielder,597.0,12,8.0,12.0,4.0,8.0,1,0,0.0,9,5,49.75,74.625,0.6666666666666666,0.3333333333333333,0.5753059394193187,0.1507537688442211,0.0,1.3567839195979898,0.7537688442211055,0.0,0.0,0.0,0.0,0.0,0.0,0.0,0.0,0.3140766331658292
2016,nwsl::Football_Player::a1a3bb5ef09b480389aa40b5edac2fa7,K. Mewis,k mewis,Boston Breakers,Midfielder,1122.0,14,13.0,14.0,1.0,4.0,1,1,0.0,21,7,80.14285714285714,86.3076923076923,0.9285714285714286,0.07142857142857142,0.8169135472370765,0.16042780748663102,0.0,1.6844919786096257,0.5614973262032086,0.0,0.0,0.0,0.0,0.0,0.0,0.0,0.0,0.4762490450725745
2016,nwsl::Football_Player::a32f328f69a548a19d3bcbfeacdecfb3,L. Schillgard,l schillgard,Boston Breakers,Midfielder,1428.0,18,16.0,18.0,2.0,4.0,1,2,0.0,5,4,79.33333333333333,89.25,0.8888888888888888,0.1111111111111111,0.8219607065048241,0.18907563025210083,0.0,0.31512605042016806,0.25210084033613445,0.0,0.0,0.0,0.0,0.0,0.0,0.0,0.0,0.4439355742296919
2016,nwsl::Football_Player::aeec178c158f4f938d095a83b821bdb3,M. Evans,m evans,Boston Breakers,Midfielder,1111.0,16,12.0,16.0,4.0,3.0,0,1,0.0,9,6,69.4375,92.58333333333333,0.75,0.25,0.7077255959970997,0.081008100810081,0.0,0.729072907290729,0.486048604860486,0.0,0.0,0.0,0.0,0.0,0.0,0.0,0.0,0.38229101035103513
2016,nwsl::Football_Player::b58f51de59394e22b763518350c6a3c0,S. McCaffrey,s mccaffrey,Boston Breakers,Forward,2662.0,38,30.0,38.0,8.0,14.0,4,0,0.0,39,20,70.05263157894737,88.73333333333333,0.7894736842105263,0.21052631578947367,0.761564011142306,0.135236664162284,0.0,1.3185574755822689,0.67618332081142,0.0,0.0,0.0,0.0,0.0,0.0,0.0,0.0,0.4114013998181028
2016,nwsl::Football_Player::c6e404008b214ad38baf6e308e199f9e,N. Dowie,n dowie,Boston Breakers,Forward,605.0,7,7.0,7.0,0.0,2.0,3,0,0.0,19,10,86.42857142857143,86.42857142857143,1.0,0.0,0.8319462481962482,0.4462809917355372,0.0,2.8264462809917354,1.487603305785124,0.0,0.0,0.0,0.0,0.0,0.0,0.0,0.0,0.5957792207792207
2016,nwsl::Football_Player::ca11498392684f8690ad8b848254f93e,M. Pathman,m pathman,Boston Breakers,Defender,1055.0,13,12.0,13.0,1.0,2.0,1,0,0.0,2,1,81.15384615384616,87.91666666666667,0.9230769230769231,0.07692307692307693,0.802483037631142,0.08530805687203792,0.0,0.17061611374407584,0.08530805687203792,0.0,0.0,0.0,0.0,0.0,0.0,0.0,0.0,0.4278071454611739
2016,nwsl::Football_Player::d45e691f55954ad8b1a3d6140395a21f,E. Beckmann,e beckmann,Boston Breakers,Forward,658.0,11,8.0,11.0,3.0,8.0,0,1,0.0,16,6,59.81818181818182,82.25,0.7272727272727273,0.2727272727272727,0.6332789828374935,0.13677811550151975,0.0,2.188449848024316,0.8206686930091186,0.0,0.0,0.0,0.0,0.0,0.0,0.0,0.0,0.3822975960210003
2016,nwsl::Football_Player::d9da9671a126467eb737810a6b6e94a8,E. Krieghoff,e krieghoff,Boston Breakers,Forward,142.0,6,0.0,6.0,6.0,0.0,1,0,0.0,2,1,23.666666666666668,0.0,0.0,1.0,0.15305059989567033,0.6338028169014085,0.0,1.267605633802817,0.6338028169014085,0.0,0.0,0.0,0.0,0.0,0.0,0.0,0.0,0.28206572769953053
2016,nwsl::Football_Player::f9d9b5575e4d4f158a480258fa84dee4,G. Karchouni,g karchouni,Boston Breakers,Midfielder,100.0,3,1.0,3.0,2.0,1.0,0,0,0.0,1,0,33.333333333333336,100.0,0.3333333333333333,0.6666666666666666,0.2934675925925926,0.0,0.0,0.8999999999999999,0.0,0.0,0.0,0.0,0.0,0.0,0.0,0.0,0.0,0.18916666666666665
2016,nwsl::Football_Player::069ed982d6424685a66f8ff0df38503d,B. Smallidge,b smallidge,Chicago Stars,Goalkeeper,0.0,0,0.0,0.0,0.0,0.0,0,0,0.0,0,0,0.0,0.0,0.0,0.0,0.0,0.0,0.0,0.0,0.0,0.0,0.0,0.0,0.0,0.0,0.0,0.0,0.0,0.0
2016,nwsl::Football_Player::1ee0b6326e4d47c581cf4ac075c411d5,C. Walls,c walls,Chicago Stars,Forward,767.0,13,9.0,13.0,4.0,8.0,1,0,0.0,10,7,59.0,85.22222222222223,0.6923076923076923,0.3076923076923077,0.6252444951470375,0.11734028683181226,0.0,1.1734028683181226,0.8213820078226858,0.0,0.0,0.0,0.0,0.0,0.0,0.0,0.0,0.34878096479791393
2016,nwsl::Football_Player::256bc2e2112f4d19a20b781be81fd5d0,S. Johnson,s johnson,Chicago Stars,Defender,1796.0,20,20.0,20.0,0.0,1.0,0,0,0.0,0,0,89.8,89.8,1.0,0.0,0.9167944444444445,0.0,0.0,0.0,0.0,0.0,0.0,0.0,0.0,0.0,0.0,0.0,0.0,0.449
2016,nwsl::Football_Player::389b53ba12c345c5b9d18cd1cbd829a3,M. Luba,m luba,Chicago Stars,Midfielder,10.0,1,0.0,1.0,1.0,0.0,0,0,0.0,0,0,10.0,0.0,0.0,1.0,0.042777777777777776,0.0,0.0,0.0,0.0,0.0,0.0,0.0,0.0,0.0,0.0,0.0,0.0,0.049999999999999996
2016,nwsl::Football_Player::404d296f2db3430fa708712e6accb043,M. Dalton,m dalton,Chicago Stars,Goalkeeper,630.0,7,7.0,7.0,0.0,0.0,0,0,0.0,0,0,90.0,90.0,1.0,0.0,0.82,0.0,0.0,0.0,0.0,0.0,0.0,0.0,0.0,0.0,0.0,0.0,0.0,0.45
2016,nwsl::Football_Player::4a2f22e74e874b8bbdf2f73dec08a844,C. Onwualu,c onwualu,Chicago Stars,Midfielder,1267.0,15,14.0,15.0,1.0,0.0,0,0,0.0,1,0,84.46666666666667,90.5,0.9333333333333333,0.06666666666666667,0.8307460068987694,0.0,0.0,0.07103393843725335,0.0,0.0,0.0,0.0,0.0,0.0,0.0,0.0,0.0,0.42410918179426466
2016,nwsl::Football_Player::57fe0d4b80e74d1fa6fc56aab0db25ad,A. Naeher,a naeher,Chicago Stars,Goalkeeper,1290.0,14,14.0,14.0,0.0,0.0,0,0,0.0,0,0,92.14285714285714,92.14285714285714,1.0,0.0,0.8724999999999999,0.0,0.0,0.0,0.0,0.0,0.0,0.0,0.0,0.0,0.0,0.0,0.0,0.45
2016,nwsl::Football_Player::661995ab1d524cbc9c07c5b147020bef,J. Hoy,j hoy,Chicago Stars,Forward,673.0,15,9.0,15.0,6.0,9.0,2,0,0.0,5,3,44.86666666666667,74.77777777777777,0.6,0.4,0.5516451571184856,0.2674591381872214,0.0,0.6686478454680534,0.4011887072808321,0.0,0.0,0.0,0.0,0.0,0.0,0.0,0.0,0.29677018325903914
2016,nwsl::Football_Player::8a79e963a9ed4ce7b8e03564a23de251,B. Elby,b elby,Chicago Stars,Defender,917.0,13,11.0,13.0,2.0,5.0,0,0,0.0,3,2,70.53846153846153,83.36363636363636,0.8461538461538461,0.15384615384615385,0.7282173918109033,0.0,0.0,0.2944383860414395,0.19629225736095968,0.0,0.0,0.0,0.0,0.0,0.0,0.0,0.0,0.3600532673433437
2016,nwsl::Football_Player::ae4ab3b2afd047a0891e3e4893c032f0,C. Raetzman,c raetzman,Chicago Stars,Midfielder,52.0,6,0.0,6.0,6.0,0.0,0,0,0.0,0,0,8.666666666666666,0.0,0.0,1.0,0.07557407407407407,0.0,0.0,0.0,0.0,0.0,0.0,0.0,0.0,0.0,0.0,0.0,0.0,0.043333333333333335
2016,nwsl::Football_Player::bee0506c8e134de9bc8af601b1d28778,J. Ertz,j ertz,Chicago Stars,Midfielder,1200.0,13,13.0,13.0,0.0,0.0,0,0,0.0,1,0,92.3076923076923,92.3076923076923,1.0,0.0,0.86528125,0.0,0.0,0.075,0.0,0.0,0.0,0.0,0.0,0.0,0.0,0.0,0.0,0.451875
2016,nwsl::Football_Player::bf34255e27f44fa380961950723a9003,A. Mautz,a mautz,Chicago Stars,Midfielder,1037.0,18,10.0,18.0,8.0,4.0,0,2,0.0,12,6,57.611111111111114,103.7,0.5555555555555556,0.4444444444444444,0.5975689950236318,0.17357762777242045,0.0,1.0414657666345226,0.5207328833172613,0.0,0.0,0.0,0.0,0.0,0.0,0.0,0.0,0.35025420550733954
2016,nwsl::Football_Player::d26ab10911784942af84b05df8bd13e9,R. Roller,r roller,Chicago Stars,Midfielder,0.0,0,0.0,0.0,0.0,0.0,0,0,0.0,0,0,0.0,0.0,0.0,0.0,0.0,0.0,0.0,0.0,0.0,0.0,0.0,0.0,0.0,0.0,0.0,0.0,0.0,0.0
2016,nwsl::Football_Player::dd552139607f4e219cab7864188eef47,S. Groom,s groom,Chicago Stars,Midfielder,1660.0,19,19.0,19.0,0.0,2.0,8,0,0.0,50,25,87.36842105263158,87.36842105263158,1.0,0.0,0.924436253787078,0.4337349397590362,0.0,2.7108433734939763,1.3554216867469882,0.0,0.0,0.0,0.0,0.0,0.0,0.0,0.0,0.5949746353836398
2016,nwsl::Football_Player::e3c84f812bbc4180b2f4521f731a39bc,J. Flaws,j flaws,Chicago Stars,Forward,45.0,1,0.0,1.0,1.0,0.0,0,0,0.0,0,0,45.0,0.0,0.0,1.0,0.16625,0.0,0.0,0.0,0.0,0.0,0.0,0.0,0.0,0.0,0.0,0.0,0.0,0.225
2016,nwsl::Football_Player::2ecd4900f8a1402abc403961590fac84,B. Reed,b reed,FC Kansas City,Defender,441.0,7,5.0,7.0,2.0,1.0,0,0,0.0,0,0,63.0,88.2,0.7142857142857143,0.2857142857142857,0.5961785714285714,0.0,0.0,0.0,0.0,0.0,0.0,0.0,0.0,0.0,0.0,0.0,0.0,0.315
2016,nwsl::Football_Player::4c46fffdcae6463c82689d0c5dba3084,Y. Averbuch,y averbuch,FC Kansas City,Midfielder,1788.0,20,20.0,20.0,0.0,1.0,3,0,0.0,17,9,89.4,89.4,1.0,0.0,0.9233111856823266,0.15100671140939598,0.0,0.8557046979865771,0.45302013422818793,0.0,0.0,0.0,0.0,0.0,0.0,0.0,0.0,0.4998523489932886
2016,nwsl::Football_Player::4cf745860f0a4d5da3b3b0a875d7245d,C. Parkhill,c parkhill,FC Kansas City,Goalkeeper,0.0,0,0.0,0.0,0.0,0.0,0,0,0.0,0,0,0.0,0.0,0.0,0.0,0.0,0.0,0.0,0.0,0.0,0.0,0.0,0.0,0.0,0.0,0.0,0.0,0.0,0.0
2016,nwsl::Football_Player::55da7f9c2c214f18a37b8b1c9df0c6a0,M. Menchel,m menchel,FC Kansas City,Midfielder,185.0,3,2.0,3.0,1.0,1.0,0,0,0.0,0,0,61.666666666666664,92.5,0.6666666666666666,0.3333333333333333,0.5400462962962963,0.0,0.0,0.0,0.0,0.0,0.0,0.0,0.0,0.0,0.0,0.0,0.0,0.30833333333333335
2016,nwsl::Football_Player::633dddd72e924526ac07df0a65df59d3,S. Hagen,s hagen,FC Kansas City,Forward,588.0,17,8.0,17.0,9.0,7.0,2,2,0.0,9,8,34.588235294117645,73.5,0.47058823529411764,0.5294117647058824,0.4855827831132453,0.6122448979591837,0.0,1.3775510204081634,1.2244897959183674,0.0,0.0,0.0,0.0,0.0,0.0,0.0,0.0,0.3349309723889556
2016,nwsl::Football_Player::7838237f6d1542b4b9e612e86deaef4f,F. Silva,f silva,FC Kansas City,Forward,990.0,19,10.0,19.0,9.0,5.0,2,0,0.0,13,4,52.10526315789474,99.0,0.5263157894736842,0.47368421052631576,0.5732715311004783,0.18181818181818182,0.0,1.1818181818181819,0.36363636363636365,0.0,0.0,0.0,0.0,0.0,0.0,0.0,0.0,0.32795055821371616
2016,nwsl::Football_Player::82c932c2fcd7425ca7505112c27b1c6b,H. O'Reilly,h o reilly,FC Kansas City,Midfielder,1206.0,14,14.0,14.0,0.0,4.0,1,2,0.0,20,8,86.14285714285714,86.14285714285714,1.0,0.0,0.8714861407249467,0.22388059701492538,0.0,1.4925373134328357,0.5970149253731343,0.0,0.0,0.0,0.0,0.0,0.0,0.0,0.0,0.5146695095948828
2016,nwsl::Football_Player::8cabbe9a81254c53be638bf98a5e1f75,C. Kastor,c kastor,FC Kansas City,Forward,296.0,15,3.0,15.0,12.0,3.0,0,2,0.0,4,1,19.733333333333334,98.66666666666667,0.2,0.8,0.29567900400400404,0.6081081081081081,0.0,1.2162162162162162,0.30405405405405406,0.0,0.0,0.0,0.0,0.0,0.0,0.0,0.0,0.2557612612612613
2016,nwsl::Football_Player::a521ca53bbad40bcb72eaced43f010ba,D. Richardson,d richardson,FC Kansas City,Midfielder,54.0,2,0.0,2.0,2.0,0.0,0,0,0.0,2,1,27.0,0.0,0.0,1.0,0.12275,0.0,0.0,3.3333333333333335,1.6666666666666667,0.0,0.0,0.0,0.0,0.0,0.0,0.0,0.0,0.21833333333333335
2016,nwsl::Football_Player::bfb141a2cc564a4abb3018aac01e97be,M. Laddish,m laddish,FC Kansas City,Midfielder,1679.0,19,19.0,19.0,0.0,4.0,0,0,0.0,17,10,88.36842105263158,88.36842105263158,1.0,0.0,0.907661364673347,0.0,0.0,0.9112567004169149,0.5360333531864205,0.0,0.0,0.0,0.0,0.0,0.0,0.0,0.0,0.4646235227735808
2016,nwsl::Football_Player::e4edda8ff680432b9ea117e4b72f1fcf,J. Buczkowski,j buczkowski,FC Kansas City,Midfielder,426.0,5,5.0,5.0,0.0,3.0,0,0,0.0,2,1,85.2,85.2,1.0,0.0,0.7896511737089201,0.0,0.0,0.4225352112676056,0.2112676056338028,0.0,0.0,0.0,0.0,0.0,0.0,0.0,0.0,0.4365633802816901
2016,nwsl::Football_Player::e68bda47fd2946fd842ea78f90a10aa2,E. Tymrak,e tymrak,FC Kansas City,Midfielder,1164.0,17,14.0,17.0,3.0,11.0,1,2,0.0,18,6,68.47058823529412,83.14285714285714,0.8235294117647058,0.17647058823529413,0.7521050384071154,0.23195876288659795,0.0,1.3917525773195876,0.4639175257731959,0.0,0.0,0.0,0.0,0.0,0.0,0.0,0.0,0.4254714978775015
2016,nwsl::Football_Player::ed0f702b0595434bb2b6557f4c754bdc,R. Moros,r moros,FC Kansas City,Midfielder,1521.0,17,17.0,17.0,0.0,2.0,0,2,0.0,6,2,89.47058823529412,89.47058823529412,1.0,0.0,0.898161938739993,0.1183431952662722,0.0,0.3550295857988166,0.1183431952662722,0.0,0.0,0.0,0.0,0.0,0.0,0.0,0.0,0.4808835131685811
2016,nwsl::Football_Player::00ef8c89ab094cafbd9332c0a8049f0f,K. DeCesare,k decesare,Gotham FC,Midfielder,244.0,6,3.0,6.0,3.0,3.0,0,0,0.0,2,1,40.666666666666664,81.33333333333333,0.5,0.5,0.4162293564055859,0.0,0.0,0.7377049180327868,0.3688524590163934,0.0,0.0,0.0,0.0,0.0,0.0,0.0,0.0,0.221775956284153
2016,nwsl::Football_Player::266288af33ed4b378e529b0cb8957ecf,E. Sonnett,e sonnett,Gotham FC,Defender,1470.0,16,16.0,16.0,0.0,0.0,1,0,0.0,4,3,91.875,91.875,1.0,0.0,0.8903316326530611,0.06122448979591837,0.0,0.2448979591836735,0.1836734693877551,0.0,0.0,0.0,0.0,0.0,0.0,0.0,0.0,0.4688775510204082
2016,nwsl::Football_Player::28f72367a5b845e389addfb1b2d4dc6d,E. Nayler,e nayler,Gotham FC,Goalkeeper,0.0,0,0.0,0.0,0.0,0.0,0,0,0.0,0,0,0.0,0.0,0.0,0.0,0.0,0.0,0.0,0.0,0.0,0.0,0.0,0.0,0.0,0.0,0.0,0.0,0.0,0.0
2016,nwsl::Football_Player::2e77e25daf294b53be3210b8db21910d,N. Kai,n kai,Gotham FC,Forward,1401.0,20,17.0,20.0,3.0,11.0,4,1,0.0,33,18,70.05,82.41176470588235,0.85,0.15,0.7976079853675947,0.32119914346895073,0.0,2.119914346895075,1.1563169164882228,0.0,0.0,0.0,0.0,0.0,0.0,0.0,0.0,0.47016434689507497
2016,nwsl::Football_Player::32ca7b5a45224a07b33481b376aa6351,M. Hayes,m hayes,Gotham FC,Forward,749.0,16,8.0,16.0,8.0,6.0,3,0,0.0,10,6,46.8125,93.625,0.5,0.5,0.5259151252596054,0.3604806408544726,0.0,1.2016021361815754,0.7209612817089452,0.0,0.0,0.0,0.0,0.0,0.0,0.0,0.0,0.33920268691588784
2016,nwsl::Football_Player::3e154a3f17cf4dfaae292baf85f5f94c,A. Krieger,a krieger,Gotham FC,Defender,1507.0,17,16.0,17.0,1.0,0.0,2,1,0.0,12,6,88.6470588235294,94.1875,0.9411764705882353,0.058823529411764705,0.8720428664055757,0.17916390179163902,0.0,0.7166556071665561,0.35832780358327804,0.0,0.0,0.0,0.0,0.0,0.0,0.0,0.0,0.4984774971700692
2016,nwsl::Football_Player::42936a9daa8f445da30e178232ec302f,C. Levin,c levin,Gotham FC,Defender,836.0,10,9.0,10.0,1.0,0.0,0,1,0.0,1,0,83.6,92.88888888888889,0.9,0.1,0.7786901648059543,0.10765550239234449,0.0,0.10765550239234449,0.0,0.0,0.0,0.0,0.0,0.0,0.0,0.0,0.0,0.4431196172248804
2016,nwsl::Football_Player::46c4d8f93d3c4ae585862889e43f2d57,N. Kawasumi,n kawasumi,Gotham FC,Midfielder,750.0,10,8.0,10.0,2.0,2.0,3,2,0.0,11,8,75.0,93.75,0.8,0.2,0.7232833333333333,0.6,0.0,1.3199999999999998,0.96,0.0,0.0,0.0,0.0,0.0,0.0,0.0,0.0,0.533
2016,nwsl::Football_Player::4932d40caf094edd88eb680559cffd38,K. Edmonds,k edmonds,Gotham FC,Defender,1701.0,19,19.0,19.0,0.0,1.0,6,2,0.0,23,13,89.52631578947368,89.52631578947368,1.0,0.0,0.9261199526594264,0.4232804232804233,0.0,1.216931216931217,0.6878306878306879,0.0,0.0,0.0,0.0,0.0,0.0,0.0,0.0,0.5662382808874038
2016,nwsl::Football_Player::49ca2364454b4dcca0af07701eb25f37,M. Shim,m shim,Gotham FC,Midfielder,812.0,14,9.0,14.0,5.0,5.0,0,1,0.0,4,2,58.0,90.22222222222223,0.6428571428571429,0.35714285714285715,0.604023056923919,0.11083743842364532,0.0,0.4433497536945813,0.22167487684729065,0.0,0.0,0.0,0.0,0.0,0.0,0.0,0.0,0.3241748768472907
2016,nwsl::Football_Player::4a2441cafc054eb19ee8e3299e963a4a,S. Woldmoe,s woldmoe,Gotham FC,Midfielder,1606.0,18,18.0,18.0,0.0,1.0,3,1,0.0,10,7,89.22222222222223,89.22222222222223,1.0,0.0,0.908862648555571,0.224159402241594,0.0,0.5603985056039851,0.39227895392278955,0.0,0.0,0.0,0.0,0.0,0.0,0.0,0.0,0.5068209492182095
2016,nwsl::Football_Player::5d8a571d227e4de9a74334fb302db570,T. Lytle,t lytle,Gotham FC,Midfielder,1506.0,18,18.0,18.0,0.0,8.0,1,2,0.0,13,3,83.66666666666667,83.66666666666667,1.0,0.0,0.8886733436623875,0.1792828685258964,0.0,0.7768924302788844,0.1792828685258964,0.0,0.0,0.0,0.0,0.0,0.0,0.0,0.0,0.47510624169986715
2016,nwsl::Football_Player::6a8196684e034ab5855c3d2768858ae8,K. O'Hara,k o hara,Gotham FC,Defender,1033.0,12,11.0,12.0,1.0,0.0,1,2,0.0,16,5,86.08333333333333,93.9090909090909,0.9166666666666666,0.08333333333333333,0.8195783205155784,0.26137463697967084,0.0,1.3939980638915779,0.4356243949661181,0.0,0.0,0.0,0.0,0.0,0.0,0.0,0.0,0.5197196676347209
2016,nwsl::Football_Player::83f99f2c46c14a8384ecad9afafdad7e,C. Casey,c casey,Gotham FC,Goalkeeper,860.0,10,9.0,10.0,1.0,0.0,0,0,0.0,0,0,86.0,95.55555555555556,0.9,0.1,0.7833888888888889,0.0,0.0,0.0,0.0,0.0,0.0,0.0,0.0,0.0,0.0,0.0,0.0,0.43000000000000005
2016,nwsl::Football_Player::88c5b077207445b1bba6ff487212c2a2,N. Nadim,n nadim,Gotham FC,Forward,1719.0,21,21.0,21.0,0.0,13.0,9,3,0.0,35,16,81.85714285714286,81.85714285714286,1.0,0.0,0.9152790451259039,0.6282722513089005,0.0,1.832460732984293,0.8376963350785339,0.0,0.0,0.0,0.0,0.0,0.0,0.0,0.0,0.5859872849663426
2016,nwsl::Football_Player::890aab36584c4278b8a8d11be569aeb4,C. Dunn,c dunn,Gotham FC,Midfielder,1380.0,15,14.0,15.0,1.0,1.0,4,5,0.0,39,16,92.0,98.57142857142857,0.9333333333333333,0.06666666666666667,0.8778804347826087,0.5869565217391304,0.0,2.543478260869565,1.0434782608695652,0.0,0.0,0.0,0.0,0.0,0.0,0.0,0.0,0.6358695652173914
2016,nwsl::Football_Player::89c6676ce8024165b737f1a59cecb3f0,T. Smith,t smith,Gotham FC,Forward,817.0,20,5.0,20.0,15.0,3.0,2,0,0.0,12,4,40.85,163.4,0.25,0.75,0.4184518274853802,0.22031823745410037,0.0,1.3219094247246022,0.44063647490820074,0.0,0.0,0.0,0.0,0.0,0.0,0.0,0.0,0.2831973684210527
2016,nwsl::Football_Player::8a0b9a0200584551b973023d1a703214,D. Schulmann,d schulmann,Gotham FC,Forward,42.0,3,0.0,3.0,3.0,0.0,0,0,0.0,1,1,14.0,0.0,0.0,1.0,0.07992460317460318,0.0,0.0,2.142857142857143,2.142857142857143,0.0,0.0,0.0,0.0,0.0,0.0,0.0,0.0,0.12357142857142858
2016,nwsl::Football_Player::8d5a2fff95844e73b3e75028003253b7,C. Pearce,c pearce,Gotham FC,Defender,1800.0,20,20.0,20.0,0.0,0.0,0,0,0.0,2,0,90.0,90.0,1.0,0.0,0.917875,0.0,0.0,0.1,0.0,0.0,0.0,0.0,0.0,0.0,0.0,0.0,0.0,0.4525
2016,nwsl::Football_Player::9eb566fe822242e884ea5cb35f4e840b,E. Skroski,e skroski,Gotham FC,Defender,1798.0,20,20.0,20.0,0.0,1.0,1,0,0.0,2,1,89.9,89.9,1.0,0.0,0.9190868773946361,0.05005561735261402,0.0,0.10011123470522804,0.05005561735261402,0.0,0.0,0.0,0.0,0.0,0.0,0.0,0.0,0.4624310344827587
2016,nwsl::Football_Player::a018e00c1940460ebc076131463af982,S. Gordon,s gordon,Gotham FC,Midfielder,444.0,11,5.0,11.0,6.0,4.0,0,0,0.0,4,1,40.36363636363637,88.8,0.45454545454545453,0.5454545454545454,0.4324799344799345,0.0,0.0,0.8108108108108107,0.2027027027027027,0.0,0.0,0.0,0.0,0.0,0.0,0.0,0.0,0.22208845208845207
2016,nwsl::Football_Player::a2419a96148f403cb151257a7d02d49c,M. Morris,m morris,Gotham FC,Forward,274.0,7,3.0,7.0,4.0,1.0,1,1,0.0,2,1,39.142857142857146,91.33333333333333,0.42857142857142855,0.5714285714285714,0.40643714517437146,0.6569343065693432,0.0,0.6569343065693432,0.3284671532846716,0.0,0.0,0.0,0.0,0.0,0.0,0.0,0.0,0.3489989572471325
2016,nwsl::Football_Player::ac9ef63e324f4f54871ba245ef6eae39,L. Galton,l galton,Gotham FC,Midfielder,1022.0,14,10.0,14.0,4.0,4.0,3,4,0.0,16,9,73.0,102.2,0.7142857142857143,0.2857142857142857,0.7085038051750381,0.6164383561643836,0.0,1.4090019569471623,0.7925636007827789,0.0,0.0,0.0,0.0,0.0,0.0,0.0,0.0,0.5286497064579256
2016,nwsl::Football_Player::b554a205e97b4ced8b48307782837809,S. Pratt,s pratt,Gotham FC,Defender,140.0,5,1.0,5.0,4.0,1.0,0,0,0.0,1,1,28.0,140.0,0.2,0.8,0.2286884920634921,0.0,0.0,0.6428571428571428,0.6428571428571428,0.0,0.0,0.0,0.0,0.0,0.0,0.0,0.0,0.15607142857142858
2016,nwsl::Football_Player::b6cafad9a34f46c9b8f359bd985e84e6,J. Loyden,j loyden,Gotham FC,Goalkeeper,0.0,0,0.0,0.0,0.0,0.0,0,0,0.0,0,0,0.0,0.0,0.0,0.0,0.0,0.0,0.0,0.0,0.0,0.0,0.0,0.0,0.0,0.0,0.0,0.0,0.0,0.0
2016,nwsl::Football_Player::b75a67d243bf42b1bd2ab3b6114c4518,C. Matthews,c matthews,Gotham FC,Forward,780.0,17,8.0,17.0,9.0,8.0,3,0,0.0,16,9,45.88235294117647,97.5,0.47058823529411764,0.5294117647058824,0.5188678355957768,0.3461538461538462,0.0,1.8461538461538463,1.0384615384615385,0.0,0.0,0.0,0.0,0.0,0.0,0.0,0.0,0.3476809954751131
2016,nwsl::Football_Player::bd5d3e5aea024034834d0b60e825adb0,C. Zimmerman,c zimmerman,Gotham FC,Forward,258.0,5,4.0,5.0,1.0,4.0,0,0,0.0,0,0,51.6,64.5,0.8,0.2,0.5795333333333333,0.0,0.0,0.0,0.0,0.0,0.0,0.0,0.0,0.0,0.0,0.0,0.0,0.258
2016,nwsl::Football_Player::d5917bd3cee44bcd9a48c7c20453cdc9,T. Diederich,t diederich,Gotham FC,Midfielder,0.0,0,0.0,0.0,0.0,0.0,0,0,0.0,0,0,0.0,0.0,0.0,0.0,0.0,0.0,0.0,0.0,0.0,0.0,0.0,0.0,0.0,0.0,0.0,0.0,0.0,0.0
2016,nwsl::Football_Player::d8991716e33c4d7382309a7866ae9d6c,M. Zerboni,m zerboni,Gotham FC,Midfielder,3762.0,44,42.0,44.0,2.0,14.0,0,2,0.0,32,12,85.5,89.57142857142857,0.9545454545454546,0.045454545454545456,0.8855364832535885,0.04784688995215311,0.0,0.7655502392344498,0.28708133971291866,0.0,0.0,0.0,0.0,0.0,0.0,0.0,0.0,0.45660685805422646
2016,nwsl::Football_Player::d99fa3e8da5e4f6b8da2de3174e63f9a,K. Grubka,k grubka,Gotham FC,Defender,1267.0,15,14.0,15.0,1.0,0.0,0,1,0.0,3,1,84.46666666666667,90.5,0.9333333333333333,0.06666666666666667,0.833498572013213,0.07103393843725335,0.0,0.21310181531176006,0.07103393843725335,0.0,0.0,0.0,0.0,0.0,0.0,0.0,0.0,0.4424596158905551
2016,nwsl::Football_Player::e6957db3d45b4f34ab2cd70331d29141,C. Goodson,c goodson,Gotham FC,Defender,8.0,1,0.0,1.0,1.0,0.0,0,0,0.0,0,0,8.0,0.0,0.0,1.0,0.035722222222222225,0.0,0.0,0.0,0.0,0.0,0.0,0.0,0.0,0.0,0.0,0.0,0.0,0.04
2016,nwsl::Football_Player::eb192101ab34425984a49075a90f3b0c,S. Kerr,s kerr,Gotham FC,Forward,616.0,9,6.0,9.0,3.0,0.0,5,0,0.0,20,12,68.44444444444444,102.66666666666667,0.6666666666666666,0.3333333333333333,0.6427433160974828,0.7305194805194806,0.0,2.9220779220779223,1.7532467532467533,0.0,0.0,0.0,0.0,0.0,0.0,0.0,0.0,0.5674657287157288
2016,nwsl::Football_Player::f8682c257fa14a7c862ecccc4b892332,M. Betos,m betos,Gotham FC,Goalkeeper,1380.0,15,15.0,15.0,0.0,0.0,0,0,0.0,0,0,92.0,92.0,1.0,0.0,0.88,0.0,0.0,0.0,0.0,0.0,0.0,0.0,0.0,0.0,0.0,0.0,0.0,0.45
2016,nwsl::Football_Player::fed95d382879402f971b73910f1a8e2a,K. Stengel,k stengel,Gotham FC,Forward,968.0,21,10.0,21.0,11.0,9.0,4,1,0.0,19,8,46.095238095238095,96.8,0.47619047619047616,0.5238095238095238,0.5480513304036031,0.4648760330578512,0.0,1.7665289256198347,0.743801652892562,0.0,0.0,0.0,0.0,0.0,0.0,0.0,0.0,0.37148858717040534
2016,nwsl::Football_Player::005b6354870946b8b98416b0b877f529,C. Van Slambrouck,c van slambrouck,Houston Dash,Defender,0.0,0,0.0,0.0,0.0,0.0,0,0,0.0,0,0,0.0,0.0,0.0,0.0,0.0,0.0,0.0,0.0,0.0,0.0,0.0,0.0,0.0,0.0,0.0,0.0,0.0,0.0
2016,nwsl::Football_Player::090a30db5372486db8345147ef78c636,C. Privett,c privett,Houston Dash,Midfielder,1056.0,15,11.0,15.0,4.0,0.0,0,0,0.0,3,1,70.4,96.0,0.7333333333333333,0.26666666666666666,0.6918143623737374,0.0,0.0,0.2556818181818182,0.08522727272727273,0.0,0.0,0.0,0.0,0.0,0.0,0.0,0.0,0.3583920454545455
2016,nwsl::Football_Player::09c50d34358f41f38da8a21da7336688,B. Henninger,b henninger,Houston Dash,Goalkeeper,450.0,5,5.0,5.0,0.0,0.0,0,0,0.0,0,0,90.0,90.0,1.0,0.0,0.8049999999999999,0.0,0.0,0.0,0.0,0.0,0.0,0.0,0.0,0.0,0.0,0.0,0.0,0.45
2016,nwsl::Football_Player::0bb3c16212754939b111d70c83644b8e,D. Colaprico,d colaprico,Houston Dash,Midfielder,1904.0,21,21.0,21.0,0.0,3.0,0,2,0.0,7,5,90.66666666666667,90.66666666666667,1.0,0.0,0.9216951155462185,0.09453781512605042,0.0,0.33088235294117646,0.23634453781512604,0.0,0.0,0.0,0.0,0.0,0.0,0.0,0.0,0.47796743697478994
2016,nwsl::Football_Player::0bc0d986844b458592417f6157d1aeb4,C. Westphal,c westphal,Houston Dash,Defender,580.0,13,7.0,13.0,6.0,4.0,1,0,0.0,2,2,44.61538461538461,82.85714285714286,0.5384615384615384,0.46153846153846156,0.5032137857353374,0.15517241379310345,0.0,0.3103448275862069,0.3103448275862069,0.0,0.0,0.0,0.0,0.0,0.0,0.0,0.0,0.2631631299734748
2016,nwsl::Football_Player::13966c8ec3cb453391ba34ddef7df31c,K. Watt,k watt,Houston Dash,Forward,1626.0,20,18.0,20.0,2.0,7.0,11,3,0.0,43,29,81.3,90.33333333333333,0.9,0.1,0.8749494772447726,0.7749077490774908,0.0,2.3800738007380073,1.6051660516605166,0.0,0.0,0.0,0.0,0.0,0.0,0.0,0.0,0.6274409594095942
2016,nwsl::Football_Player::27adde6bc4e540c5959718f7e27a1c5e,J. McDonald,j mcdonald,Houston Dash,Forward,1899.0,21,21.0,21.0,0.0,4.0,10,9,0.0,51,30,90.42857142857143,90.42857142857143,1.0,0.0,0.9547037914691943,0.9004739336492891,0.0,2.4170616113744074,1.4218009478672984,0.0,0.0,0.0,0.0,0.0,0.0,0.0,0.0,0.6980252764612955
2016,nwsl::Football_Player::37c762eb698644fa88b9cb94cf4f0940,P. Nielsen,p nielsen,Houston Dash,Defender,26.0,2,0.0,2.0,2.0,0.0,0,0,0.0,1,0,13.0,0.0,0.0,1.0,0.07384188034188034,0.0,0.0,3.4615384615384617,0.0,0.0,0.0,0.0,0.0,0.0,0.0,0.0,0.0,0.15153846153846157
2016,nwsl::Football_Player::65926eaa2f7f4b17833600561c0ed506,K. Lind,k lind,Houston Dash,Defender,867.0,17,9.0,17.0,8.0,0.0,0,0,0.0,1,1,51.0,96.33333333333333,0.5294117647058824,0.47058823529411764,0.546041234140715,0.0,0.0,0.10380622837370243,0.10380622837370243,0.0,0.0,0.0,0.0,0.0,0.0,0.0,0.0,0.25759515570934255
2016,nwsl::Football_Player::6fa8d166b5754e3a8e52a07fbe5d2009,C. Gilbertson,c gilbertson,Houston Dash,Forward,0.0,0,0.0,0.0,0.0,0.0,0,0,0.0,0,0,0.0,0.0,0.0,0.0,0.0,0.0,0.0,0.0,0.0,0.0,0.0,0.0,0.0,0.0,0.0,0.0,0.0,0.0
2016,nwsl::Football_Player::75822cbbd73244348ea0bb074c6323df,T. Florio,t florio,Houston Dash,Forward,54.0,3,0.0,3.0,3.0,0.0,0,0,0.0,1,0,18.0,0.0,0.0,1.0,0.09225000000000001,0.0,0.0,1.6666666666666667,0.0,0.0,0.0,0.0,0.0,0.0,0.0,0.0,0.0,0.13166666666666668
2016,nwsl::Football_Player::7906a90887a244859bdbd71b20428fef,M. Hahn,m hahn,Houston Dash,Midfielder,665.0,14,8.0,14.0,6.0,3.0,1,1,0.0,7,2,47.5,83.125,0.5714285714285714,0.42857142857142855,0.5417235797827903,0.2706766917293233,0.0,0.9473684210526315,0.2706766917293233,0.0,0.0,0.0,0.0,0.0,0.0,0.0,0.0,0.31757518796992484
2016,nwsl::Football_Player::7b95e77ca5184ed39abbd7481af81fee,A. Chapman,a chapman,Houston Dash,Defender,711.0,9,8.0,9.0,1.0,2.0,0,0,0.0,2,1,79.0,88.875,0.8888888888888888,0.1111111111111111,0.7471438115330521,0.0,0.0,0.2531645569620253,0.12658227848101264,0.0,0.0,0.0,0.0,0.0,0.0,0.0,0.0,0.40132911392405063
2016,nwsl::Football_Player::a8cdacea151e4f6a8fc00cb7c839db97,S. Ochs,s ochs,Houston Dash,Defender,381.0,12,3.0,12.0,9.0,3.0,0,2,0.0,5,3,31.75,127.0,0.25,0.75,0.33369985783027123,0.47244094488188976,0.0,1.1811023622047243,0.7086614173228346,0.0,0.0,0.0,0.0,0.0,0.0,0.0,0.0,0.2867027559055118
2016,nwsl::Football_Player::b84e9888c15f472fa74b57182a7f9d64,C. Farquharson,c farquharson,Houston Dash,Forward,559.0,16,8.0,16.0,8.0,8.0,0,0,0.0,6,4,34.9375,69.875,0.5,0.5,0.4718742763615583,0.0,0.0,0.9660107334525939,0.6440071556350626,0.0,0.0,0.0,0.0,0.0,0.0,0.0,0.0,0.19883776833631484
2016,nwsl::Football_Player::bb49de2ba5db4f6e8ef4ace9bfdd0386,Andressinha,andressinha,Houston Dash,Midfielder,1297.0,15,15.0,15.0,0.0,3.0,1,1,0.0,19,8,86.46666666666667,86.46666666666667,1.0,0.0,0.8768162183386162,0.13878180416345412,0.0,1.3184271395528142,0.5551272166538165,0.0,0.0,0.0,0.0,0.0,0.0,0.0,0.0,0.49420688768953996
2016,nwsl::Football_Player::bdc9a965e99042ee8cfa284864b47e1c,C. Strother,c strother,Houston Dash,Midfielder,0.0,0,0.0,0.0,0.0,0.0,0,0,0.0,0,0,0.0,0.0,0.0,0.0,0.0,0.0,0.0,0.0,0.0,0.0,0.0,0.0,0.0,0.0,0.0,0.0,0.0,0.0
2016,nwsl::Football_Player::c0076f9d59514192ab6a1107bfc8493a,A. Smith,a smith,Houston Dash,Goalkeeper,122.0,2,2.0,2.0,0.0,1.0,0,0,0.0,0,0,61.0,61.0,1.0,0.0,0.6801944444444444,0.0,0.0,0.0,0.0,0.0,0.0,0.0,0.0,0.0,0.0,0.0,0.0,0.30500000000000005
2016,nwsl::Football_Player::c11084cdd8d94a0c98da8f5e4580d2ed,C. Heap,c heap,Houston Dash,Midfielder,127.0,6,2.0,6.0,4.0,2.0,0,0,0.0,1,0,21.166666666666668,63.5,0.3333333333333333,0.6666666666666666,0.27232877661125693,0.0,0.0,0.7086614173228346,0.0,0.0,0.0,0.0,0.0,0.0,0.0,0.0,0.0,0.1235498687664042
2016,nwsl::Football_Player::c15189e7f7e64d979c834779e0fcc480,M. Henderson,m henderson,Houston Dash,Forward,321.0,7,4.0,7.0,3.0,4.0,0,1,0.0,1,0,45.857142857142854,80.25,0.5714285714285714,0.42857142857142855,0.48122975077881613,0.2803738317757009,0.0,0.2803738317757009,0.0,0.0,0.0,0.0,0.0,0.0,0.0,0.0,0.0,0.2947062750333778
2016,nwsl::Football_Player::c4415406f03b42e99259ae1a2729d22f,R. Daly,r daly,Houston Dash,Forward,1186.0,16,12.0,16.0,4.0,0.0,4,3,0.0,29,14,74.125,98.83333333333333,0.75,0.25,0.7438489729717069,0.5311973018549747,0.0,2.200674536256324,1.0623946037099494,0.0,0.0,0.0,0.0,0.0,0.0,0.0,0.0,0.5363079679595278
2016,nwsl::Football_Player::c883183ca8884f259e9f0558d7cce52b,A. Nick,a nick,Houston Dash,Midfielder,103.0,3,1.0,3.0,2.0,1.0,0,0,0.0,0,0,34.333333333333336,103.0,0.3333333333333333,0.6666666666666666,0.29362037037037036,0.0,0.0,0.0,0.0,0.0,0.0,0.0,0.0,0.0,0.0,0.0,0.0,0.17166666666666666
2016,nwsl::Football_Player::d4a26ebadbf9487caa3ea457446b5fbf,E. Brush,e brush,Houston Dash,Defender,1336.0,15,15.0,15.0,0.0,2.0,0,0,0.0,2,0,89.06666666666666,89.06666666666666,1.0,0.0,0.8772126469283656,0.0,0.0,0.1347305389221557,0.0,0.0,0.0,0.0,0.0,0.0,0.0,0.0,0.0,0.44870159680638727
2016,nwsl::Football_Player::d62dc3dfa238404895774bb6fb7452e2,K. Conheeney,k conheeney,Houston Dash,Midfielder,588.0,13,6.0,13.0,7.0,2.0,1,0,0.0,11,6,45.23076923076923,98.0,0.46153846153846156,0.5384615384615384,0.47585334903192056,0.15306122448979592,0.0,1.683673469387755,0.9183673469387755,0.0,0.0,0.0,0.0,0.0,0.0,0.0,0.0,0.3001334379905809
2016,nwsl::Football_Player::d677a076327a4cc48fcb049018fc5b94,C. Lloyd,c lloyd,Houston Dash,Forward,553.0,7,7.0,7.0,0.0,1.0,5,3,0.0,26,12,79.0,79.0,1.0,0.0,0.8336944444444445,1.301989150090416,0.0,4.231464737793852,1.9529837251356237,0.0,0.0,0.0,0.0,0.0,0.0,0.0,0.0,0.745
2016,nwsl::Football_Player::dd9e5f32ac9344d29a4f8380fbd12fc7,T. McCarty,t mccarty,Houston Dash,Forward,916.0,16,10.0,16.0,6.0,11.0,2,4,0.0,14,4,57.25,91.6,0.625,0.375,0.6267960638039787,0.5895196506550219,0.0,1.3755458515283843,0.39301310043668125,0.0,0.0,0.0,0.0,0.0,0.0,0.0,0.0,0.44345524017467247
2016,nwsl::Football_Player::e03d1965093b4a96b068ea2112bdd6ea,H. Solaun,h solaun,Houston Dash,Midfielder,274.0,6,3.0,6.0,3.0,2.0,1,0,0.0,5,2,45.666666666666664,91.33333333333333,0.5,0.5,0.44752520951608543,0.3284671532846716,0.0,1.6423357664233578,0.6569343065693432,0.0,0.0,0.0,0.0,0.0,0.0,0.0,0.0,0.3378223844282238
2016,nwsl::Football_Player::e0d6574b0619419fbfba2f5d1f0e03ce,K. Scheele,k scheele,Houston Dash,Goalkeeper,0.0,0,0.0,0.0,0.0,0.0,0,0,0.0,0,0,0.0,0.0,0.0,0.0,0.0,0.0,0.0,0.0,0.0,0.0,0.0,0.0,0.0,0.0,0.0,0.0,0.0,0.0
2016,nwsl::Football_Player::e35ee65c01f94e0fa3ad0ad3d5342c33,B. Brinson,b brinson,Houston Dash,Forward,0.0,0,0.0,0.0,0.0,0.0,0,0,0.0,0,0,0.0,0.0,0.0,0.0,0.0,0.0,0.0,0.0,0.0,0.0,0.0,0.0,0.0,0.0,0.0,0.0,0.0,0.0
2016,nwsl::Football_Player::e87240b310fc4c49a79a1721f7e1e2ee,H. Carter,h carter,Houston Dash,Goalkeeper,0.0,0,0.0,0.0,0.0,0.0,0,0,0.0,0,0,0.0,0.0,0.0,0.0,0.0,0.0,0.0,0.0,0.0,0.0,0.0,0.0,0.0,0.0,0.0,0.0,0.0,0.0
2016,nwsl::Football_Player::fae5abc7139347d3903574453693d2a1,A. Palisch,a palisch,Houston Dash,Midfielder,0.0,0,0.0,0.0,0.0,0.0,0,0,0.0,0,0,0.0,0.0,0.0,0.0,0.0,0.0,0.0,0.0,0.0,0.0,0.0,0.0,0.0,0.0,0.0,0.0,0.0,0.0
2016,nwsl::Football_Player::00588fa86e6345e88d90e3aacae4741b,S. Zadorsky,s zadorsky,Orlando Pride,Defender,1151.0,13,12.0,13.0,1.0,0.0,0,1,0.0,1,0,88.53846153846153,95.91666666666667,0.9230769230769231,0.07692307692307693,0.8279653831302398,0.07819287576020852,0.0,0.07819287576020852,0.0,0.0,0.0,0.0,0.0,0.0,0.0,0.0,0.0,0.4609373120363563
2016,nwsl::Football_Player::036483db51b3429a90a68e3e6c0f75eb,K. Savage,k savage,Orlando Pride,Goalkeeper,360.0,4,4.0,4.0,0.0,0.0,0,0,0.0,0,0,90.0,90.0,1.0,0.0,0.7975,0.0,0.0,0.0,0.0,0.0,0.0,0.0,0.0,0.0,0.0,0.0,0.0,0.45
2016,nwsl::Football_Player::213c847201144ca7abdd98920819c313,Mônica,monica,Orlando Pride,Defender,1377.0,16,15.0,16.0,1.0,0.0,0,0,0.0,5,3,86.0625,91.8,0.9375,0.0625,0.8467098651960784,0.0,0.0,0.32679738562091504,0.19607843137254902,0.0,0.0,0.0,0.0,0.0,0.0,0.0,0.0,0.43848243464052294
2016,nwsl::Football_Player::2d5220ee0bf441808654b13a78437aec,M. Montefusco,m montefusco,Orlando Pride,Defender,1467.0,17,16.0,17.0,1.0,1.0,0,1,0.0,1,0,86.29411764705883,91.6875,0.9411764705882353,0.058823529411764705,0.8576031216167449,0.06134969325153374,0.0,0.06134969325153374,0.0,0.0,0.0,0.0,0.0,0.0,0.0,0.0,0.0,0.445785516660652
2016,nwsl::Football_Player::3292cbf704274a5e8edf5b5c0e87d286,K. Reynolds,k reynolds,Orlando Pride,Midfielder,0.0,0,0.0,0.0,0.0,0.0,0,0,0.0,0,0,0.0,0.0,0.0,0.0,0.0,0.0,0.0,0.0,0.0,0.0,0.0,0.0,0.0,0.0,0.0,0.0,0.0,0.0
2016,nwsl::Football_Player::4e3e0c90f6d84e75ae44f0ed0c6cbe7f,Poliana,poliana,Orlando Pride,Defender,1324.0,15,15.0,15.0,0.0,1.0,1,0,0.0,12,7,88.26666666666667,88.26666666666667,1.0,0.0,0.8790683422848831,0.06797583081570997,0.0,0.8157099697885197,0.4758308157099698,0.0,0.0,0.0,0.0,0.0,0.0,0.0,0.0,0.4758877139979859
2016,nwsl::Football_Player::52e39cae4da14d58a4da79230ad7c6a9,Leah,leah,Orlando Pride,Defender,44.0,3,0.0,3.0,3.0,0.0,0,1,0.0,1,0,14.666666666666666,0.0,0.0,1.0,0.11941119528619529,2.0454545454545454,0.0,2.0454545454545454,0.0,0.0,0.0,0.0,0.0,0.0,0.0,0.0,0.0,0.374469696969697
2016,nwsl::Football_Player::5fc1b3b61f604e8fb3ca8fe5a154cde9,K. Nadaner,k nadaner,Orlando Pride,Defender,343.0,7,3.0,7.0,4.0,1.0,0,0,0.0,0,0,49.0,114.33333333333333,0.42857142857142855,0.5714285714285714,0.4182182539682539,0.0,0.0,0.0,0.0,0.0,0.0,0.0,0.0,0.0,0.0,0.0,0.0,0.245
2016,nwsl::Football_Player::6f1a3b3b9e0447f0aaffa25a360d29ee,C. Pickett,c pickett,Orlando Pride,Defender,841.0,15,8.0,15.0,7.0,2.0,0,1,0.0,5,2,56.06666666666667,105.125,0.5333333333333333,0.4666666666666667,0.5556415136301581,0.1070154577883472,0.0,0.535077288941736,0.2140309155766944,0.0,0.0,0.0,0.0,0.0,0.0,0.0,0.0,0.3160051525961157
2016,nwsl::Football_Player::7c98688692b847e38ba4c2e6ec553412,L. De Vanna,l de vanna,Orlando Pride,Forward,153.0,3,2.0,3.0,1.0,1.0,0,0,0.0,2,1,51.0,76.5,0.6666666666666666,0.3333333333333333,0.5068284313725491,0.0,0.0,1.1764705882352942,0.5882352941176471,0.0,0.0,0.0,0.0,0.0,0.0,0.0,0.0,0.28441176470588236
2016,nwsl::Football_Player::9818a5d3feaf4d84b2459674d1b87053,J. Belanger,j belanger,Orlando Pride,Defender,1082.0,14,14.0,14.0,0.0,6.0,0,0,0.0,3,1,77.28571428571429,77.28571428571429,1.0,0.0,0.8285825924947922,0.0,0.0,0.24953789279112754,0.08317929759704251,0.0,0.0,0.0,0.0,0.0,0.0,0.0,0.0,0.3926670187483496
2016,nwsl::Football_Player::9bdee3b8ae2547069438975fa3aa4ae0,C. Ubogagu,c ubogagu,Orlando Pride,Forward,805.0,15,9.0,15.0,6.0,6.0,1,1,0.0,16,7,53.666666666666664,89.44444444444444,0.6,0.4,0.5855197262479871,0.2236024844720497,0.0,1.7888198757763976,0.782608695652174,0.0,0.0,0.0,0.0,0.0,0.0,0.0,0.0,0.3596376811594203
2016,nwsl::Football_Player::b2f958eb505f4da4a0c7c7859c21f15c,S. Lelii,s lelii,Orlando Pride,Midfielder,0.0,0,0.0,0.0,0.0,0.0,0,0,0.0,0,0,0.0,0.0,0.0,0.0,0.0,0.0,0.0,0.0,0.0,0.0,0.0,0.0,0.0,0.0,0.0,0.0,0.0,0.0
2016,nwsl::Football_Player::c42483b83a2041dab4baf49a0edbacf7,E. Stout,e stout,Orlando Pride,Goalkeeper,868.0,10,9.0,10.0,1.0,0.0,0,0,0.0,0,0,86.8,96.44444444444444,0.9,0.1,0.786211111111111,0.0,0.0,0.0,0.0,0.0,0.0,0.0,0.0,0.0,0.0,0.0,0.0,0.434
2016,nwsl::Football_Player::c7ec19eb84d54cc6b455d4d9a86a2971,A. Wisner,a wisner,Orlando Pride,Forward,0.0,0,0.0,0.0,0.0,0.0,0,0,0.0,0,0,0.0,0.0,0.0,0.0,0.0,0.0,0.0,0.0,0.0,0.0,0.0,0.0,0.0,0.0,0.0,0.0,0.0,0.0
2016,nwsl::Football_Player::d6796f4b777746079ced4c173f37a12a,M. Dorsey,m dorsey,Orlando Pride,Goalkeeper,0.0,0,0.0,0.0,0.0,0.0,0,0,0.0,0,0,0.0,0.0,0.0,0.0,0.0,0.0,0.0,0.0,0.0,0.0,0.0,0.0,0.0,0.0,0.0,0.0,0.0,0.0
2016,nwsl::Football_Player::e9469ff437a947a4b904d8ede8d1b94e,L. Brock,l brock,Orlando Pride,Defender,783.0,11,9.0,11.0,2.0,2.0,0,0,0.0,8,4,71.18181818181819,87.0,0.8181818181818182,0.18181818181818182,0.7052437304075235,0.0,0.0,0.9195402298850576,0.4597701149425288,0.0,0.0,0.0,0.0,0.0,0.0,0.0,0.0,0.37889759665621736
2016,nwsl::Football_Player::f3a1675054684f099f9675ac9cf04f19,M. Gautrat,m gautrat,Orlando Pride,Midfielder,1005.0,13,13.0,13.0,0.0,7.0,0,0,0.0,7,4,77.3076923076923,77.3076923076923,1.0,0.0,0.8225751052430157,0.0,0.0,0.6268656716417911,0.35820895522388063,0.0,0.0,0.0,0.0,0.0,0.0,0.0,0.0,0.4022101033295063
2016,nwsl::Football_Player::188bf66872fd4aeb841ac7b90a7da5bf,T. Heath,t heath,Portland Thorns,Forward,1279.0,15,14.0,15.0,1.0,4.0,1,10,0.0,34,18,85.26666666666667,91.35714285714286,0.9333333333333333,0.06666666666666667,0.8664625242521646,0.7740422204847538,0.0,2.3924941360437844,1.2666145426114153,0.0,0.0,0.0,0.0,0.0,0.0,0.0,0.0,0.6474044826687516
2016,nwsl::Football_Player::1b3783ec85a64e0c89d50a3eff3e7a34,K. Johnson,k johnson,Portland Thorns,Defender,0.0,0,0.0,0.0,0.0,0.0,0,0,0.0,0,0,0.0,0.0,0.0,0.0,0.0,0.0,0.0,0.0,0.0,0.0,0.0,0.0,0.0,0.0,0.0,0.0,0.0,0.0
2016,nwsl::Football_Player::1e524e201dce43908965d637c8a6140f,B. Eckerstrom,b eckerstrom,Portland Thorns,Goalkeeper,270.0,3,3.0,3.0,0.0,0.0,0,0,0.0,0,0,90.0,90.0,1.0,0.0,0.7899999999999999,0.0,0.0,0.0,0.0,0.0,0.0,0.0,0.0,0.0,0.0,0.0,0.0,0.45
2016,nwsl::Football_Player::1fdefec504924f1c80369e7f6328cd2c,L. Horan,l horan,Portland Thorns,Midfielder,1424.0,16,16.0,16.0,0.0,3.0,6,0,0.0,29,17,89.0,89.0,1.0,0.0,0.9026958879525593,0.3792134831460674,0.0,1.8328651685393258,1.074438202247191,0.0,0.0,0.0,0.0,0.0,0.0,0.0,0.0,0.5698244382022473
2016,nwsl::Football_Player::376f92a566f447cab876929480f1db7d,S. Catley,s catley,Portland Thorns,Defender,990.0,11,11.0,11.0,0.0,0.0,1,1,0.0,7,3,90.0,90.0,1.0,0.0,0.8580681818181818,0.18181818181818182,0.0,0.6363636363636364,0.2727272727272727,0.0,0.0,0.0,0.0,0.0,0.0,0.0,0.0,0.5037878787878788
2016,nwsl::Football_Player::479a335bd3ea4a629962c31b95a5e68e,M. Fitzgerald,m fitzgerald,Portland Thorns,Midfielder,134.0,3,2.0,3.0,1.0,2.0,0,0,0.0,0,0,44.666666666666664,67.0,0.6666666666666666,0.3333333333333333,0.48007407407407404,0.0,0.0,0.0,0.0,0.0,0.0,0.0,0.0,0.0,0.0,0.0,0.0,0.22333333333333333
2016,nwsl::Football_Player::5a6f7e6db998474394142dcde118b954,C. Sinclair,c sinclair,Portland Thorns,Forward,946.0,12,11.0,12.0,1.0,5.0,7,2,0.0,20,15,78.83333333333333,86.0,0.9166666666666666,0.08333333333333333,0.8144991876125596,0.8562367864693446,0.0,1.9027484143763214,1.427061310782241,0.0,0.0,0.0,0.0,0.0,0.0,0.0,0.0,0.6201180408738548
2016,nwsl::Football_Player::616eb47915e54cd58ab661653d50beaa,L. Sanderson,l sanderson,Portland Thorns,Forward,2240.0,34,22.0,34.0,12.0,14.0,10,2,0.0,40,26,65.88235294117646,101.81818181818181,0.6470588235294118,0.35294117647058826,0.6946885212418301,0.48214285714285715,0.0,1.6071428571428572,1.0446428571428572,0.0,0.0,0.0,0.0,0.0,0.0,0.0,0.0,0.47003676470588235
2016,nwsl::Football_Player::6210a14be35149aea924533c4f1e0c69,K. Kyle,k kyle,Portland Thorns,Midfielder,1441.0,18,16.0,18.0,2.0,6.0,0,0,0.0,5,1,80.05555555555556,90.0625,0.8888888888888888,0.1111111111111111,0.8185892716392079,0.0,0.0,0.3122831367106176,0.06245662734212352,0.0,0.0,0.0,0.0,0.0,0.0,0.0,0.0,0.40808485619554324
2016,nwsl::Football_Player::68e5f52cde3e4044a55631c5eb109cd7,K. Williamson,k williamson,Portland Thorns,Defender,198.0,5,3.0,5.0,2.0,3.0,1,0,0.0,1,1,39.6,66.0,0.6,0.4,0.4631090909090909,0.45454545454545453,0.0,0.45454545454545453,0.45454545454545453,0.0,0.0,0.0,0.0,0.0,0.0,0.0,0.0,0.30406060606060603
2016,nwsl::Football_Player::695ab088a8604af487b49740a9a3c99b,C. Boureille,c boureille,Portland Thorns,Midfielder,466.0,6,5.0,6.0,1.0,0.0,0,0,0.0,3,0,77.66666666666667,93.2,0.8333333333333334,0.16666666666666666,0.6961634875218567,0.0,0.0,0.5793991416309012,0.0,0.0,0.0,0.0,0.0,0.0,0.0,0.0,0.0,0.4028183118741058
2016,nwsl::Football_Player::862f82d43a1943c0b7eba7d7983a2c73,B. Sauerbrunn,b sauerbrunn,Portland Thorns,Defender,1260.0,14,14.0,14.0,0.0,0.0,1,0,0.0,3,2,90.0,90.0,1.0,0.0,0.8755357142857142,0.07142857142857142,0.0,0.21428571428571427,0.14285714285714285,0.0,0.0,0.0,0.0,0.0,0.0,0.0,0.0,0.47023809523809523
2016,nwsl::Football_Player::96cc9fe3c23b49cf9fa5125c50781437,M. Klingenberg,m klingenberg,Portland Thorns,Defender,1379.0,15,15.0,15.0,0.0,1.0,0,0,0.0,4,2,91.93333333333334,91.93333333333334,1.0,0.0,0.8809789702683104,0.0,0.0,0.2610587382160986,0.1305293691080493,0.0,0.0,0.0,0.0,0.0,0.0,0.0,0.0,0.45652646845540246
2016,nwsl::Football_Player::a284ba27462c404c8b146fc4022ac773,T. Comeau,t comeau,Portland Thorns,Midfielder,738.0,17,7.0,17.0,10.0,5.0,1,1,0.0,6,3,43.411764705882355,105.42857142857143,0.4117647058823529,0.5882352941176471,0.47630703012912484,0.24390243902439027,0.0,0.7317073170731708,0.3658536585365854,0.0,0.0,0.0,0.0,0.0,0.0,0.0,0.0,0.28616451458632236
2016,nwsl::Football_Player::a6b2526653a145eca3ce35d2dec4ad8c,C. Niemiec,c niemiec,Portland Thorns,Defender,395.0,6,4.0,6.0,2.0,0.0,0,0,0.0,0,0,65.83333333333333,98.75,0.6666666666666666,0.3333333333333333,0.5772453703703703,0.0,0.0,0.0,0.0,0.0,0.0,0.0,0.0,0.0,0.0,0.0,0.0,0.32916666666666666
2016,nwsl::Football_Player::a8ea77a5fc634252b1a4dd4eca5a018d,D. Brynjarsdóttir,d brynjarsdottir,Portland Thorns,Midfielder,1122.0,18,12.0,18.0,6.0,5.0,5,1,0.0,12,9,62.333333333333336,93.5,0.6666666666666666,0.3333333333333333,0.6735478807684689,0.48128342245989303,0.0,0.9625668449197861,0.7219251336898396,0.0,0.0,0.0,0.0,0.0,0.0,0.0,0.0,0.4359982174688057
2016,nwsl::Football_Player::b1c1d23e290f4c2cbce7696c8dc2428b,A. Kleiner,a kleiner,Portland Thorns,Defender,1209.0,18,12.0,18.0,6.0,2.0,1,1,0.0,4,2,67.16666666666667,100.75,0.6666666666666666,0.3333333333333333,0.6777183048433049,0.1488833746898263,0.0,0.2977667493796526,0.1488833746898263,0.0,0.0,0.0,0.0,0.0,0.0,0.0,0.0,0.37429487179487186
2016,nwsl::Football_Player::ee99f5f8d4794d9489102f0647f2a257,E. Kruger,e kruger,Portland Thorns,Goalkeeper,0.0,0,0.0,0.0,0.0,0.0,0,0,0.0,0,0,0.0,0.0,0.0,0.0,0.0,0.0,0.0,0.0,0.0,0.0,0.0,0.0,0.0,0.0,0.0,0.0,0.0,0.0
2016,nwsl::Football_Player::173d0482f17e4cbc93b5505bf0b94184,K. Fletcher,k fletcher,Reign,Defender,1755.0,20,20.0,20.0,0.0,2.0,1,0,0.0,6,3,87.75,87.75,1.0,0.0,0.9123189102564102,0.05128205128205128,0.0,0.3076923076923077,0.15384615384615385,0.0,0.0,0.0,0.0,0.0,0.0,0.0,0.0,0.4571260683760684
2016,nwsl::Football_Player::1ba6539b8bae4c74add5dcd2b9be47aa,M. Rapinoe,m rapinoe,Reign,Forward,205.0,5,2.0,5.0,3.0,2.0,1,1,0.0,7,5,41.0,102.5,0.4,0.6,0.4011023035230352,0.8780487804878049,0.0,3.073170731707317,2.1951219512195124,0.0,0.0,0.0,0.0,0.0,0.0,0.0,0.0,0.46475609756097563
2016,nwsl::Football_Player::24af72086ca04ab9abe6febc2ab176cd,K. Dallstream,k dallstream,Reign,Forward,274.0,12,2.0,12.0,10.0,1.0,0,0,0.0,2,1,22.833333333333332,137.0,0.16666666666666666,0.8333333333333334,0.24801442957556097,0.0,0.0,0.6569343065693432,0.3284671532846716,0.0,0.0,0.0,0.0,0.0,0.0,0.0,0.0,0.13059002433090025
2016,nwsl::Football_Player::2e773e60038840b0859d0a411daed841,H. Solo,h solo,Reign,Goalkeeper,720.0,8,8.0,8.0,0.0,0.0,0,0,0.0,0,0,90.0,90.0,1.0,0.0,0.8275,0.0,0.0,0.0,0.0,0.0,0.0,0.0,0.0,0.0,0.0,0.0,0.0,0.45
2016,nwsl::Football_Player::4bd84fd5cceb4538a556a4b9eb250841,S. Huerta,s huerta,Reign,Defender,1862.0,21,21.0,21.0,0.0,4.0,7,2,0.0,41,16,88.66666666666667,88.66666666666667,1.0,0.0,0.933822075028842,0.435016111707841,0.0,1.9817400644468313,0.7733619763694951,0.0,0.0,0.0,0.0,0.0,0.0,0.0,0.0,0.5835051915503043
2016,nwsl::Football_Player::52a5effdc79a40faa0ba5954e8b3c372,K. Winters,k winters,Reign,Midfielder,1750.0,20,20.0,20.0,0.0,5.0,1,2,0.0,11,4,87.5,87.5,1.0,0.0,0.9156234126984127,0.1542857142857143,0.0,0.5657142857142857,0.20571428571428574,0.0,0.0,0.0,0.0,0.0,0.0,0.0,0.0,0.48378571428571426
2016,nwsl::Football_Player::53b89903a91e40b7880f52707cc96b8c,M. Cruz,m cruz,Reign,Defender,46.0,4,0.0,4.0,4.0,0.0,0,0,0.0,1,0,11.5,0.0,0.0,1.0,0.07790640096618356,0.0,0.0,1.956521739130435,0.0,0.0,0.0,0.0,0.0,0.0,0.0,0.0,0.0,0.10641304347826087
2016,nwsl::Football_Player::547e264b787c4be3b027538f4cbcda77,L. Elston,l elston,Reign,Midfielder,157.0,12,0.0,12.0,12.0,0.0,0,0,0.0,2,1,13.083333333333334,0.0,0.0,1.0,0.14045445564991743,0.0,0.0,1.1464968152866242,0.5732484076433121,0.0,0.0,0.0,0.0,0.0,0.0,0.0,0.0,0.09407908704883228
2016,nwsl::Football_Player::5ae4cbaf5a2f45eaa9c280ff2b6cec7f,L. Barnes,l barnes,Reign,Defender,1776.0,20,20.0,20.0,0.0,1.0,1,2,0.0,5,3,88.8,88.8,1.0,0.0,0.9189676801801802,0.15202702702702703,0.0,0.25337837837837834,0.15202702702702703,0.0,0.0,0.0,0.0,0.0,0.0,0.0,0.0,0.4820067567567568
2016,nwsl::Football_Player::5d76f50c58f34b00a7bd574b12c70c94,J. Fishlock,j fishlock,Reign,Midfielder,1390.0,16,16.0,16.0,0.0,1.0,1,4,0.0,24,11,86.875,86.875,1.0,0.0,0.892419939048761,0.3237410071942446,0.0,1.553956834532374,0.7122302158273381,0.0,0.0,0.0,0.0,0.0,0.0,0.0,0.0,0.540669964028777
2016,nwsl::Football_Player::6ab00989545c40c7a9821442b499aa8a,N. Stanton,n stanton,Reign,Midfielder,407.0,12,4.0,12.0,8.0,2.0,0,0,0.0,3,1,33.916666666666664,101.75,0.3333333333333333,0.6666666666666666,0.362138177950678,0.0,0.0,0.6633906633906634,0.22113022113022113,0.0,0.0,0.0,0.0,0.0,0.0,0.0,0.0,0.18616809991809993
2016,nwsl::Football_Player::6fa09aefce9a41738b24f309ae5401ea,M. Melis,m melis,Reign,Forward,1051.0,16,15.0,16.0,1.0,13.0,7,1,0.0,29,21,65.6875,70.06666666666666,0.9375,0.0625,0.8043266449281108,0.6850618458610848,0.0,2.483349191246432,1.7982873453853474,0.0,0.0,0.0,0.0,0.0,0.0,0.0,0.0,0.5332424476688868
2016,nwsl::Football_Player::85beaae82a4e479d9b3769b8912613e5,A. Steele,a steele,Reign,Goalkeeper,0.0,0,0.0,0.0,0.0,0.0,0,0,0.0,0,0,0.0,0.0,0.0,0.0,0.0,0.0,0.0,0.0,0.0,0.0,0.0,0.0,0.0,0.0,0.0,0.0,0.0,0.0
2016,nwsl::Football_Player::939dbe85be7545d7a100135571ba94b4,B. Yanez,b yanez,Reign,Midfielder,1543.0,20,18.0,20.0,2.0,5.0,3,3,0.0,22,14,77.15,85.72222222222223,0.9,0.1,0.8429165973572406,0.3499675955930006,0.0,1.2832145171743357,0.8165910563836681,0.0,0.0,0.0,0.0,0.0,0.0,0.0,0.0,0.4907402786779002
2016,nwsl::Football_Player::95fc5444983945819b7196cc46aa554c,R. Corsie,r corsie,Reign,Defender,1005.0,12,11.0,12.0,1.0,0.0,1,0,0.0,4,1,83.75,91.36363636363636,0.9166666666666666,0.08333333333333333,0.802093179933665,0.08955223880597016,0.0,0.35820895522388063,0.08955223880597016,0.0,0.0,0.0,0.0,0.0,0.0,0.0,0.0,0.44636194029850745
2016,nwsl::Football_Player::a01169117e014aaf8ec00b2541159562,E. Burris,e burris,Reign,Defender,1284.0,16,14.0,16.0,2.0,4.0,0,0,0.0,1,0,80.25,91.71428571428571,0.875,0.125,0.7971170171339564,0.0,0.0,0.07009345794392523,0.0,0.0,0.0,0.0,0.0,0.0,0.0,0.0,0.0,0.4030023364485982
2016,nwsl::Football_Player::b049b0f8098949789470a9c3b2930d2c,A. Tostanoski,a tostanoski,Reign,Goalkeeper,136.0,2,1.0,2.0,1.0,0.0,0,0,0.0,0,0,68.0,136.0,0.5,0.5,0.47988888888888886,0.0,0.0,0.0,0.0,0.0,0.0,0.0,0.0,0.0,0.0,0.0,0.0,0.34
2016,nwsl::Football_Player::b34b92d539f6450e883ce6d31d545996,H. Kopmeyer,h kopmeyer,Reign,Goalkeeper,944.0,11,11.0,11.0,0.0,1.0,0,0,0.0,0,0,85.81818181818181,85.81818181818181,1.0,0.0,0.8352474747474747,0.0,0.0,0.0,0.0,0.0,0.0,0.0,0.0,0.0,0.0,0.0,0.0,0.42909090909090913
2016,nwsl::Football_Player::b43830c041c04d5498af9cc4b74699b9,C. Stanley,c stanley,Reign,Goalkeeper,940.0,11,11.0,11.0,0.0,1.0,0,0,0.0,0,0,85.45454545454545,85.45454545454545,1.0,0.0,0.8339646464646465,0.0,0.0,0.0,0.0,0.0,0.0,0.0,0.0,0.0,0.0,0.0,0.0,0.4272727272727273
2016,nwsl::Football_Player::d90cabad749d4dd09e01a4f40afe693a,R. Utsugi,r utsugi,Reign,Defender,554.0,7,6.0,7.0,1.0,0.0,1,0,0.0,7,1,79.14285714285714,92.33333333333333,0.8571428571428571,0.14285714285714285,0.7267538536473555,0.1624548736462094,0.0,1.1371841155234657,0.1624548736462094,0.0,0.0,0.0,0.0,0.0,0.0,0.0,0.0,0.45798865394533267
2016,nwsl::Football_Player::f3e1a521ef4f4f24bd0ee3fb985ec265,L. Biyendolo,l biyendolo,Reign,Forward,1911.0,21,21.0,21.0,0.0,5.0,14,6,0.0,82,43,91.0,91.0,1.0,0.0,0.9614167974882261,0.9419152276295133,0.0,3.8618524332810047,2.0251177394034534,0.0,0.0,0.0,0.0,0.0,0.0,0.0,0.0,0.7427786499215071
2016,nwsl::Football_Player::fce643adc32e401cb2c1fff845fc016f,K. Little,k little,Reign,Midfielder,1795.0,20,20.0,20.0,0.0,1.0,6,2,0.0,27,16,89.75,89.75,1.0,0.0,0.934229476168369,0.40111420612813375,0.0,1.3537604456824515,0.8022284122562675,0.0,0.0,0.0,0.0,0.0,0.0,0.0,0.0,0.5661594707520892
2016,nwsl::Football_Player::20a348ec2f4a4ef2a9d8ceb12bc7a995,L. Jensen,l jensen,Washington Spirit,Midfielder,141.0,3,2.0,3.0,1.0,1.0,0,0,0.0,0,0,47.0,70.5,0.6666666666666666,0.3333333333333333,0.4883055555555556,0.0,0.0,0.0,0.0,0.0,0.0,0.0,0.0,0.0,0.0,0.0,0.0,0.23500000000000001
2016,nwsl::Football_Player::2e67f16c924649e9b5584a1a25552589,C. Krueger,c krueger,Washington Spirit,Defender,1901.0,21,21.0,21.0,0.0,2.0,2,1,0.0,15,7,90.52380952380952,90.52380952380952,1.0,0.0,0.9246015255128879,0.14203051025775906,0.0,0.7101525512887953,0.33140452393477116,0.0,0.0,0.0,0.0,0.0,0.0,0.0,0.0,0.49734350341925304
2016,nwsl::Football_Player::38533cb4693048bb8dfce55130bd4eaa,A. Brooks,a brooks,Washington Spirit,Defender,1085.0,19,11.0,19.0,8.0,1.0,1,0,0.0,11,2,57.10526315789474,98.63636363636364,0.5789473684210527,0.42105263157894735,0.6104948190368394,0.08294930875576037,0.0,0.9124423963133641,0.16589861751152074,0.0,0.0,0.0,0.0,0.0,0.0,0.0,0.0,0.32561848168809127
2016,nwsl::Football_Player::3aefd825eeab48d994fc572c7a023ea0,L. Williams,l williams,Washington Spirit,Goalkeeper,1350.0,15,15.0,15.0,0.0,0.0,0,0,0.0,0,0,90.0,90.0,1.0,0.0,0.88,0.0,0.0,0.0,0.0,0.0,0.0,0.0,0.0,0.0,0.0,0.0,0.0,0.45
2016,nwsl::Football_Player::3d57a577770a4e51a19b76fce2f56209,Amanda DaCosta,amanda dacosta,Washington Spirit,Midfielder,707.0,14,8.0,14.0,6.0,10.0,0,0,0.0,9,2,50.5,88.375,0.5714285714285714,0.42857142857142855,0.5445919574100268,0.0,0.0,1.1456859971711457,0.2545968882602546,0.0,0.0,0.0,0.0,0.0,0.0,0.0,0.0,0.28114214992927866
2016,nwsl::Football_Player::563dd6b70ed74a0c9b30dc29b51c8364,A. Harris,a harris,Washington Spirit,Goalkeeper,1350.0,15,15.0,15.0,0.0,0.0,0,0,0.0,0,0,90.0,90.0,1.0,0.0,0.88,0.0,0.0,0.0,0.0,0.0,0.0,0.0,0.0,0.0,0.0,0.0,0.0,0.45
2016,nwsl::Football_Player::6e446237f3374a319e49d075217bd799,E. Banini,e banini,Washington Spirit,Midfielder,1054.0,15,11.0,15.0,4.0,6.0,5,1,0.0,20,12,70.26666666666667,95.81818181818181,0.7333333333333333,0.26666666666666666,0.7127997961908779,0.5123339658444023,0.0,1.7077798861480078,1.0246679316888045,0.0,0.0,0.0,0.0,0.0,0.0,0.0,0.0,0.500764073371284
2016,nwsl::Football_Player::7db5847746a4400c82ce7aca3ed31c03,K. Reynolds,k reynolds,Washington Spirit,Defender,1777.0,21,19.0,21.0,2.0,1.0,0,1,0.0,1,1,84.61904761904762,93.52631578947368,0.9047619047619048,0.09523809523809523,0.8574327034446618,0.050647158131682614,0.0,0.050647158131682614,0.050647158131682614,0.0,0.0,0.0,0.0,0.0,0.0,0.0,0.0,0.434912908325964
2016,nwsl::Football_Player::7f57f5e76b204d0fa3ee7fdf5f66c059,J. Lohman,j lohman,Washington Spirit,Midfielder,1607.0,21,18.0,21.0,3.0,6.0,4,1,0.0,25,15,76.52380952380952,89.27777777777777,0.8571428571428571,0.14285714285714285,0.8196745249783519,0.28002489110143125,0.0,1.4001244555071564,0.8400746733042938,0.0,0.0,0.0,0.0,0.0,0.0,0.0,0.0,0.4759606779861914
2016,nwsl::Football_Player::8f9c19d9c3a349a5a99b9a04b198ce1e,J. Skogerboe,j skogerboe,Washington Spirit,Midfielder,210.0,3,2.0,3.0,1.0,1.0,0,0,0.0,0,0,70.0,105.0,0.6666666666666666,0.3333333333333333,0.5694444444444444,0.0,0.0,0.0,0.0,0.0,0.0,0.0,0.0,0.0,0.0,0.0,0.0,0.35000000000000003
2016,nwsl::Football_Player::93cc93697c5e45b4bc70cb220a35b652,D. Matheson,d matheson,Washington Spirit,Midfielder,891.0,14,9.0,14.0,5.0,5.0,4,0,0.0,12,9,63.642857142857146,99.0,0.6428571428571429,0.35714285714285715,0.6359752886002886,0.40404040404040403,0.0,1.2121212121212122,0.9090909090909091,0.0,0.0,0.0,0.0,0.0,0.0,0.0,0.0,0.4326924001924002
2016,nwsl::Football_Player::94de57f74c554630b9abe7bc1bd588f9,B. Ratcliffe,b ratcliffe,Washington Spirit,Forward,546.0,15,5.0,15.0,10.0,3.0,0,0,0.0,7,1,36.4,109.2,0.3333333333333333,0.6666666666666666,0.39523803418803416,0.0,0.0,1.153846153846154,0.16483516483516483,0.0,0.0,0.0,0.0,0.0,0.0,0.0,0.0,0.21084615384615385
2016,nwsl::Football_Player::a44bce02f4154f0e8f0cb4fabb2d1509,F. Ordega,f ordega,Washington Spirit,Forward,857.0,15,9.0,15.0,6.0,7.0,3,1,0.0,13,7,57.13333333333333,95.22222222222223,0.6,0.4,0.6023004948355589,0.42007001166861146,0.0,1.3652275379229872,0.73512252042007,0.0,0.0,0.0,0.0,0.0,0.0,0.0,0.0,0.40731194087903544
2016,nwsl::Football_Player::a6c0efffeb8b4c7f91b476b0c05fb981,H. Rosen,h rosen,Washington Spirit,Forward,0.0,0,0.0,0.0,0.0,0.0,0,0,0.0,0,0,0.0,0.0,0.0,0.0,0.0,0.0,0.0,0.0,0.0,0.0,0.0,0.0,0.0,0.0,0.0,0.0,0.0,0.0
2016,nwsl::Football_Player::a86e9ba2f4c44ce789c593b2b5bf9bcb,A. Kingsbury,a kingsbury,Washington Spirit,Goalkeeper,90.0,1,1.0,1.0,0.0,0.0,0,0,0.0,0,0,90.0,90.0,1.0,0.0,0.7749999999999999,0.0,0.0,0.0,0.0,0.0,0.0,0.0,0.0,0.0,0.0,0.0,0.0,0.45
2016,nwsl::Football_Player::b6c8507c7df04dd283cf16d546d78a2d,H. Raso,h raso,Washington Spirit,Forward,765.0,21,6.0,21.0,15.0,3.0,0,2,0.0,9,3,36.42857142857143,127.5,0.2857142857142857,0.7142857142857143,0.41840686274509803,0.23529411764705882,0.0,1.0588235294117647,0.35294117647058826,0.0,0.0,0.0,0.0,0.0,0.0,0.0,0.0,0.25763305322128854
2016,nwsl::Football_Player::c52d8a667f9146da897c860a3edef8df,T. Weimer,t weimer,Washington Spirit,Midfielder,17.0,4,0.0,4.0,4.0,0.0,0,0,0.0,0,0,4.25,0.0,0.0,1.0,0.04499305555555556,0.0,0.0,0.0,0.0,0.0,0.0,0.0,0.0,0.0,0.0,0.0,0.0,0.02125
2016,nwsl::Football_Player::c78a57f425bc49a4b20f936d22cdb37e,C. Nairn,c nairn,Washington Spirit,Midfielder,1858.0,22,20.0,22.0,2.0,5.0,3,4,0.0,33,12,84.45454545454545,92.9,0.9090909090909091,0.09090909090909091,0.873618197584021,0.33907427341227125,0.0,1.5984930032292788,0.581270182992465,0.0,0.0,0.0,0.0,0.0,0.0,0.0,0.0,0.5328755259810157
2016,nwsl::Football_Player::d14268671393435c9c3e376871891eed,T. Huster,t huster,Washington Spirit,Midfielder,1907.0,21,21.0,21.0,0.0,1.0,1,1,0.0,17,7,90.80952380952381,90.80952380952381,1.0,0.0,0.9234583114840063,0.09438909281594127,0.0,0.8023072889355007,0.3303618248557944,0.0,0.0,0.0,0.0,0.0,0.0,0.0,0.0,0.48972207656004196
2016,nwsl::Football_Player::d1bddbacbec54d86b8495442e2158e67,M. Berryhill,m berryhill,Washington Spirit,Defender,182.0,5,2.0,5.0,3.0,2.0,0,0,0.0,0,0,36.4,91.0,0.4,0.6,0.3459111111111111,0.0,0.0,0.0,0.0,0.0,0.0,0.0,0.0,0.0,0.0,0.0,0.0,0.182
2016,nwsl::Football_Player::d65ed4d1d2174e0685e4611bf8a53fb1,W. Church,w church,Washington Spirit,Defender,852.0,13,9.0,13.0,4.0,2.0,0,0,0.0,0,0,65.53846153846153,94.66666666666667,0.6923076923076923,0.3076923076923077,0.6402435897435897,0.0,0.0,0.0,0.0,0.0,0.0,0.0,0.0,0.0,0.0,0.0,0.0,0.32769230769230767
2016,nwsl::Football_Player::deabe98ff08946e5b44f890b1d2e7c5c,M. Crosson,m crosson,Washington Spirit,Defender,115.0,4,1.0,4.0,3.0,0.0,0,0,0.0,0,0,28.75,115.0,0.25,0.75,0.2439236111111111,0.0,0.0,0.0,0.0,0.0,0.0,0.0,0.0,0.0,0.0,0.0,0.0,0.14375
2016,nwsl::Football_Player::e51b4111833f48188a8a8ccd3eccef3e,A. Salem,a salem,Washington Spirit,Midfielder,1700.0,19,19.0,19.0,0.0,2.0,1,0,0.0,12,6,89.47368421052632,89.47368421052632,1.0,0.0,0.9121800395596835,0.052941176470588235,0.0,0.6352941176470588,0.3176470588235294,0.0,0.0,0.0,0.0,0.0,0.0,0.0,0.0,0.47428018575851394
2016,nwsl::Football_Player::f148283f909c473abc4a1a55fdf75fde,K. Wys,k wys,Washington Spirit,Goalkeeper,1320.0,14,14.0,14.0,0.0,0.0,0,0,0.0,0,0,94.28571428571429,94.28571428571429,1.0,0.0,0.8724999999999999,0.0,0.0,0.0,0.0,0.0,0.0,0.0,0.0,0.0,0.0,0.0,0.0,0.45
2016,nwsl::Football_Player::fbfe7392b0744bb6a8d7826010fe0a6e,N. Barnhart,n barnhart,Washington Spirit,Goalkeeper,1800.0,20,20.0,20.0,0.0,0.0,0,0,0.0,0,0,90.0,90.0,1.0,0.0,0.9175,0.0,0.0,0.0,0.0,0.0,0.0,0.0,0.0,0.0,0.0,0.0,0.0,0.45
2016,nwsl::Football_Player::0471a52a3edd46ccaf55d51c44c8fe8a,H. Ayinde,h ayinde,Western New York Flash,Midfielder,45.0,1,1.0,1.0,0.0,1.0,0,0,0.0,1,0,45.0,45.0,1.0,0.0,0.6237499999999999,0.0,0.0,2.0,0.0,0.0,0.0,0.0,0.0,0.0,0.0,0.0,0.0,0.275
2016,nwsl::Football_Player::19b674e024ce4772a66aa9817f045d81,J. Daniels,j daniels,Western New York Flash,Defender,1567.0,17,17.0,17.0,0.0,2.0,1,3,0.0,9,7,92.17647058823529,92.17647058823529,1.0,0.0,0.90411774090619,0.2297383535417996,0.0,0.5169112954690491,0.4020421186981493,0.0,0.0,0.0,0.0,0.0,0.0,0.0,0.0,0.5107849393746011
2016,nwsl::Football_Player::237d7495c3064d87ae55feb2b28199ce,W. Engen,w engen,Western New York Flash,Defender,1260.0,14,14.0,14.0,0.0,0.0,1,1,0.0,1,1,90.0,90.0,1.0,0.0,0.8772321428571428,0.14285714285714285,0.0,0.07142857142857142,0.07142857142857142,0.0,0.0,0.0,0.0,0.0,0.0,0.0,0.0,0.48154761904761906
2016,nwsl::Football_Player::4623f15aa53a424dbc74e515bc3a1587,T. Pressley,t pressley,Western New York Flash,Defender,1028.0,14,11.0,14.0,3.0,2.0,0,0,0.0,8,1,73.42857142857143,93.45454545454545,0.7857142857142857,0.21428571428571427,0.72023757025508,0.0,0.0,0.7003891050583657,0.08754863813229571,0.0,0.0,0.0,0.0,0.0,0.0,0.0,0.0,0.3846525847693163
2016,nwsl::Football_Player::516ec76681794e58bea2c6d2a6dae92a,S. Mewis,s mewis,Western New York Flash,Midfielder,1500.0,16,16.0,16.0,0.0,0.0,7,3,0.0,43,19,93.75,93.75,1.0,0.0,0.915925,0.6,0.0,2.5799999999999996,1.14,0.0,0.0,0.0,0.0,0.0,0.0,0.0,0.0,0.6395
2016,nwsl::Football_Player::612c19ddb63746e094d7137addec7182,Jeon Ga-Eul,jeon ga eul,Western New York Flash,Forward,86.0,2,1.0,2.0,1.0,1.0,0,0,0.0,0,0,43.0,86.0,0.5,0.5,0.39169444444444446,0.0,0.0,0.0,0.0,0.0,0.0,0.0,0.0,0.0,0.0,0.0,0.0,0.21500000000000002
2016,nwsl::Football_Player::6e1da75860f248d8aa80afe5db0e0c3c,L. Liedle,l liedle,Western New York Flash,Defender,0.0,0,0.0,0.0,0.0,0.0,0,0,0.0,0,0,0.0,0.0,0.0,0.0,0.0,0.0,0.0,0.0,0.0,0.0,0.0,0.0,0.0,0.0,0.0,0.0,0.0,0.0
2016,nwsl::Football_Player::74b3827a72c04e62905430e6c007e835,J. Cayman,j cayman,Western New York Flash,Defender,96.0,3,1.0,3.0,2.0,1.0,0,0,0.0,2,1,32.0,96.0,0.3333333333333333,0.6666666666666666,0.2924201388888889,0.0,0.0,1.875,0.9375,0.0,0.0,0.0,0.0,0.0,0.0,0.0,0.0,0.206875
2016,nwsl::Football_Player::7994f7aa7901470e80101ce640489d75,L. Andrade,l andrade,Western New York Flash,Forward,52.0,2,0.0,2.0,2.0,0.0,0,0,0.0,0,0,26.0,0.0,0.0,1.0,0.10672222222222222,0.0,0.0,0.0,0.0,0.0,0.0,0.0,0.0,0.0,0.0,0.0,0.0,0.13
2016,nwsl::Football_Player::842385f0c95745a1988b7b3ecbb31e04,S. D'Angelo,s d angelo,Western New York Flash,Goalkeeper,1230.0,13,13.0,13.0,0.0,0.0,0,0,0.0,0,0,94.61538461538461,94.61538461538461,1.0,0.0,0.865,0.0,0.0,0.0,0.0,0.0,0.0,0.0,0.0,0.0,0.0,0.0,0.0,0.45
2016,nwsl::Football_Player::ab81546d13e34c128d458bf7221b0588,B. Edwards,b edwards,Western New York Flash,Midfielder,806.0,16,10.0,16.0,6.0,8.0,0,0,0.0,4,1,50.375,80.6,0.625,0.375,0.5806367435208161,0.0,0.0,0.4466501240694789,0.11166253101736973,0.0,0.0,0.0,0.0,0.0,0.0,0.0,0.0,0.263041253101737
2016,nwsl::Football_Player::be63835a639049d88987c3c4b3af14c7,J. Fields,j fields,Western New York Flash,Forward,627.0,12,6.0,12.0,6.0,3.0,0,1,0.0,3,1,52.25,104.5,0.5,0.5,0.5054268673577884,0.14354066985645933,0.0,0.43062200956937796,0.14354066985645933,0.0,0.0,0.0,0.0,0.0,0.0,0.0,0.0,0.30191985645933017
2016,nwsl::Football_Player::c96793b47b1940f9bac83bfc8fc2f2c4,B. Kolmel,b kolmel,Western New York Flash,Defender,1800.0,20,20.0,20.0,0.0,0.0,0,0,0.0,11,4,90.0,90.0,1.0,0.0,0.9195625,0.0,0.0,0.55,0.2,0.0,0.0,0.0,0.0,0.0,0.0,0.0,0.0,0.46375
2016,nwsl::Football_Player::e1b3b4ea73244b3a99f2178f68131a36,A. Frisbie,a frisbie,Western New York Flash,Defender,270.0,3,3.0,3.0,0.0,0.0,0,0,0.0,2,0,90.0,90.0,1.0,0.0,0.7924999999999999,0.0,0.0,0.6666666666666666,0.0,0.0,0.0,0.0,0.0,0.0,0.0,0.0,0.0,0.4666666666666667
2017,nwsl::Football_Player::0183247bce2640ecae858a787b1286c5,E. Haavi,e haavi,Boston Breakers,Forward,458.0,7,5.0,7.0,2.0,3.0,0,0,0.0,3,2,65.42857142857143,91.6,0.7142857142857143,0.2857142857142857,0.6069567304359881,0.0,0.0,0.5895196506550219,0.39301310043668125,0.0,0.0,0.0,0.0,0.0,0.0,0.0,0.0,0.34188084840923266
2017,nwsl::Football_Player::34a5810671a94cf784b4198422abfee2,K. Kallman,k kallman,Boston Breakers,Defender,1400.0,17,16.0,17.0,1.0,3.0,0,0,0.0,0,0,82.3529411764706,87.5,0.9411764705882353,0.058823529411764705,0.8415522875816994,0.0,0.0,0.0,0.0,0.0,0.0,0.0,0.0,0.0,0.0,0.0,0.0,0.4117647058823529
2017,nwsl::Football_Player::4c6711c455a346859edc8ba5c98e2d33,H. Dowd,h dowd,Boston Breakers,Forward,25.0,1,0.0,1.0,1.0,0.0,0,0,0.0,1,0,25.0,0.0,0.0,1.0,0.10919444444444446,0.0,0.0,3.5999999999999996,0.0,0.0,0.0,0.0,0.0,0.0,0.0,0.0,0.0,0.215
2017,nwsl::Football_Player::5b6fb826402949fea0f5c225be04c74a,J. King,j king,Boston Breakers,Defender,1890.0,21,21.0,21.0,0.0,0.0,1,0,0.0,13,4,90.0,90.0,1.0,0.0,0.9213095238095238,0.047619047619047616,0.0,0.6190476190476191,0.19047619047619047,0.0,0.0,0.0,0.0,0.0,0.0,0.0,0.0,0.47539682539682543
2017,nwsl::Football_Player::a1a3bb5ef09b480389aa40b5edac2fa7,K. Mewis,k mewis,Boston Breakers,Midfielder,4272.0,60,48.0,60.0,12.0,24.0,9,9,0.0,93,45,71.2,89.0,0.8,0.2,0.7803754603620475,0.3792134831460674,0.0,1.9592696629213482,0.9480337078651685,0.0,0.0,0.0,0.0,0.0,0.0,0.0,0.0,0.48398455056179773
2017,nwsl::Football_Player::ad47b0318bbc49db8cc00ff56433eeaf,J. Gillis,j gillis,Boston Breakers,Goalkeeper,0.0,0,0.0,0.0,0.0,0.0,0,0,0.0,0,0,0.0,0.0,0.0,0.0,0.0,0.0,0.0,0.0,0.0,0.0,0.0,0.0,0.0,0.0,0.0,0.0,0.0,0.0
2017,nwsl::Football_Player::aeec178c158f4f938d095a83b821bdb3,M. Evans,m evans,Boston Breakers,Midfielder,484.0,12,4.0,12.0,8.0,2.0,0,0,0.0,3,1,40.333333333333336,121.0,0.3333333333333333,0.6666666666666666,0.3843789791857974,0.0,0.0,0.5578512396694214,0.1859504132231405,0.0,0.0,0.0,0.0,0.0,0.0,0.0,0.0,0.2156129476584022
2017,nwsl::Football_Player::b58f51de59394e22b763518350c6a3c0,S. McCaffrey,s mccaffrey,Boston Breakers,Forward,365.0,13,4.0,13.0,9.0,3.0,0,0,0.0,7,3,28.076923076923077,91.25,0.3076923076923077,0.6923076923076923,0.3414832865004098,0.0,0.0,1.726027397260274,0.7397260273972603,0.0,0.0,0.0,0.0,0.0,0.0,0.0,0.0,0.18353530031612225
2017,nwsl::Football_Player::c6e404008b214ad38baf6e308e199f9e,N. Dowie,n dowie,Boston Breakers,Forward,1657.0,23,18.0,23.0,5.0,6.0,7,2,0.0,30,16,72.04347826086956,92.05555555555556,0.782608695652174,0.21739130434782608,0.7777138366292613,0.4888352444176222,0.0,1.6294508147254074,0.8690404345202173,0.0,0.0,0.0,0.0,0.0,0.0,0.0,0.0,0.502794337592821
2017,nwsl::Football_Player::1f4e3b2cfd1c4b948638a3da72e53156,S. Green,s green,Chicago Stars,Forward,137.0,7,1.0,7.0,6.0,1.0,0,0,0.0,1,0,19.571428571428573,137.0,0.14285714285714285,0.8571428571428571,0.1882928687290001,0.0,0.0,0.6569343065693432,0.0,0.0,0.0,0.0,0.0,0.0,0.0,0.0,0.0,0.11428050052137645
2017,nwsl::Football_Player::256bc2e2112f4d19a20b781be81fd5d0,S. Johnson,s johnson,Chicago Stars,Defender,1874.0,23,23.0,23.0,0.0,9.0,0,0,0.0,1,0,81.47826086956522,81.47826086956522,1.0,0.0,0.8876172941188603,0.0,0.0,0.048025613660619,0.0,0.0,0.0,0.0,0.0,0.0,0.0,0.0,0.0,0.40859194468934157
2017,nwsl::Football_Player::27cc52def1e74128b84ce837f12b3fbc,L. Kaskie,l kaskie,Chicago Stars,Midfielder,213.0,7,2.0,7.0,5.0,1.0,0,0,0.0,1,1,30.428571428571427,106.5,0.2857142857142857,0.7142857142857143,0.29000117370892015,0.0,0.0,0.4225352112676056,0.4225352112676056,0.0,0.0,0.0,0.0,0.0,0.0,0.0,0.0,0.16270623742454732
2017,nwsl::Football_Player::389b53ba12c345c5b9d18cd1cbd829a3,M. Luba,m luba,Chicago Stars,Midfielder,0.0,0,0.0,0.0,0.0,0.0,0,0,0.0,0,0,0.0,0.0,0.0,0.0,0.0,0.0,0.0,0.0,0.0,0.0,0.0,0.0,0.0,0.0,0.0,0.0,0.0,0.0
2017,nwsl::Football_Player::404d296f2db3430fa708712e6accb043,M. Dalton,m dalton,Chicago Stars,Goalkeeper,180.0,2,2.0,2.0,0.0,0.0,0,0,0.0,0,0,90.0,90.0,1.0,0.0,0.7825,0.0,0.0,0.0,0.0,0.0,0.0,0.0,0.0,0.0,0.0,0.0,0.0,0.45
2017,nwsl::Football_Player::4a2f22e74e874b8bbdf2f73dec08a844,C. Onwualu,c onwualu,Chicago Stars,Midfielder,1500.0,18,16.0,18.0,2.0,2.0,0,0,0.0,1,0,83.33333333333333,93.75,0.8888888888888888,0.1111111111111111,0.8292064814814815,0.0,0.0,0.06,0.0,0.0,0.0,0.0,0.0,0.0,0.0,0.0,0.0,0.4181666666666667
2017,nwsl::Football_Player::57fe0d4b80e74d1fa6fc56aab0db25ad,A. Naeher,a naeher,Chicago Stars,Goalkeeper,2070.0,23,23.0,23.0,0.0,0.0,0,0,0.0,0,0,90.0,90.0,1.0,0.0,0.9175,0.0,0.0,0.0,0.0,0.0,0.0,0.0,0.0,0.0,0.0,0.0,0.0,0.45
2017,nwsl::Football_Player::661995ab1d524cbc9c07c5b147020bef,J. Hoy,j hoy,Chicago Stars,Forward,692.0,14,9.0,14.0,5.0,9.0,2,2,0.0,11,4,49.42857142857143,76.88888888888889,0.6428571428571429,0.35714285714285715,0.5902808399853198,0.5202312138728323,0.0,1.430635838150289,0.5202312138728323,0.0,0.0,0.0,0.0,0.0,0.0,0.0,0.0,0.3912902559867878
2017,nwsl::Football_Player::8a79e963a9ed4ce7b8e03564a23de251,B. Elby,b elby,Chicago Stars,Defender,848.0,13,10.0,13.0,3.0,3.0,0,0,0.0,6,1,65.23076923076923,84.8,0.7692307692307693,0.23076923076923078,0.6761614759716175,0.0,0.0,0.6367924528301887,0.1061320754716981,0.0,0.0,0.0,0.0,0.0,0.0,0.0,0.0,0.34207365747460083
2017,nwsl::Football_Player::bee0506c8e134de9bc8af601b1d28778,J. Ertz,j ertz,Chicago Stars,Midfielder,2022.0,23,22.0,23.0,1.0,1.0,4,3,0.0,17,7,87.91304347826087,91.9090909090909,0.9565217391304348,0.043478260869565216,0.9031466477443771,0.31157270029673595,0.0,0.7566765578635015,0.31157270029673595,0.0,0.0,0.0,0.0,0.0,0.0,0.0,0.0,0.5233931105663786
2017,nwsl::Football_Player::bf34255e27f44fa380961950723a9003,A. Mautz,a mautz,Chicago Stars,Midfielder,1416.0,25,15.0,25.0,10.0,10.0,2,0,0.0,19,7,56.64,94.4,0.6,0.4,0.6283143926553673,0.1271186440677966,0.0,1.207627118644068,0.44491525423728817,0.0,0.0,0.0,0.0,0.0,0.0,0.0,0.0,0.3398737288135593
2017,nwsl::Football_Player::d7d29fcbb1374eb4bda584df8d928547,M. Swanson,m swanson,Chicago Stars,Forward,1203.0,16,13.0,16.0,3.0,3.0,6,1,0.0,37,21,75.1875,92.53846153846153,0.8125,0.1875,0.7776154275768911,0.5236907730673317,0.0,2.7680798004987532,1.5710723192019949,0.0,0.0,0.0,0.0,0.0,0.0,0.0,0.0,0.5542417394014963
2017,nwsl::Football_Player::dd552139607f4e219cab7864188eef47,S. Groom,s groom,Chicago Stars,Midfielder,1779.0,22,21.0,22.0,1.0,10.0,5,6,0.0,39,17,80.86363636363636,84.71428571428571,0.9545454545454546,0.045454545454545456,0.8896036013592927,0.5564924114671164,0.0,1.973018549747049,0.8600337268128162,0.0,0.0,0.0,0.0,0.0,0.0,0.0,0.0,0.5695795646175073
2017,nwsl::Football_Player::2ecd4900f8a1402abc403961590fac84,B. Reed,b reed,FC Kansas City,Defender,0.0,0,0.0,0.0,0.0,0.0,0,0,0.0,0,0,0.0,0.0,0.0,0.0,0.0,0.0,0.0,0.0,0.0,0.0,0.0,0.0,0.0,0.0,0.0,0.0,0.0,0.0
2017,nwsl::Football_Player::4c46fffdcae6463c82689d0c5dba3084,Y. Averbuch,y averbuch,FC Kansas City,Midfielder,2045.0,23,23.0,23.0,0.0,1.0,1,1,0.0,12,1,88.91304347826087,88.91304347826087,1.0,0.0,0.9183965102819414,0.08801955990220049,0.0,0.5281173594132029,0.044009779951100246,0.0,0.0,0.0,0.0,0.0,0.0,0.0,0.0,0.47610555968959284
2017,nwsl::Football_Player::4cf745860f0a4d5da3b3b0a875d7245d,C. Parkhill,c parkhill,FC Kansas City,Goalkeeper,0.0,0,0.0,0.0,0.0,0.0,0,0,0.0,0,0,0.0,0.0,0.0,0.0,0.0,0.0,0.0,0.0,0.0,0.0,0.0,0.0,0.0,0.0,0.0,0.0,0.0,0.0
2017,nwsl::Football_Player::58313eb150f448559fd8c0a83e96c3d0,C. Flynn,c flynn,FC Kansas City,Midfielder,152.0,10,0.0,10.0,10.0,0.0,0,0,0.0,2,2,15.2,0.0,0.0,1.0,0.13306301169590642,0.0,0.0,1.1842105263157894,1.1842105263157894,0.0,0.0,0.0,0.0,0.0,0.0,0.0,0.0,0.10560526315789473
2017,nwsl::Football_Player::633dddd72e924526ac07df0a65df59d3,S. Hagen,s hagen,FC Kansas City,Forward,677.0,18,7.0,18.0,11.0,7.0,2,0,0.0,21,9,37.611111111111114,96.71428571428571,0.3888888888888889,0.6111111111111112,0.46146133769170455,0.2658788774002954,0.0,2.791728212703102,1.1964549483013294,0.0,0.0,0.0,0.0,0.0,0.0,0.0,0.0,0.31324019366486133
2017,nwsl::Football_Player::870b96f57c6d412aacf67b44d6f4e68c,A. Rodriguez,a rodriguez,FC Kansas City,Forward,57.0,1,1.0,1.0,0.0,1.0,1,0,0.0,3,3,57.0,57.0,1.0,0.0,0.7110833333333333,1.5789473684210527,0.0,4.736842105263158,4.736842105263158,0.0,0.0,0.0,0.0,0.0,0.0,0.0,0.0,0.6349999999999999
2017,nwsl::Football_Player::a521ca53bbad40bcb72eaced43f010ba,D. Richardson,d richardson,FC Kansas City,Midfielder,630.0,7,7.0,7.0,0.0,0.0,0,1,0.0,0,0,90.0,90.0,1.0,0.0,0.8244642857142856,0.14285714285714285,0.0,0.0,0.0,0.0,0.0,0.0,0.0,0.0,0.0,0.0,0.0,0.4797619047619048
2017,nwsl::Football_Player::e68bda47fd2946fd842ea78f90a10aa2,E. Tymrak,e tymrak,FC Kansas City,Midfielder,396.0,12,4.0,12.0,8.0,4.0,2,1,0.0,7,4,33.0,99.0,0.3333333333333333,0.6666666666666666,0.38368939393939394,0.6818181818181818,0.0,1.5909090909090908,0.9090909090909091,0.0,0.0,0.0,0.0,0.0,0.0,0.0,0.0,0.3468181818181818
2017,nwsl::Football_Player::ed0f702b0595434bb2b6557f4c754bdc,R. Moros,r moros,FC Kansas City,Midfielder,1552.0,19,17.0,19.0,2.0,4.0,0,0,0.0,2,1,81.6842105263158,91.29411764705883,0.8947368421052632,0.10526315789473684,0.8337302443178393,0.0,0.0,0.11597938144329897,0.05798969072164949,0.0,0.0,0.0,0.0,0.0,0.0,0.0,0.0,0.4113205371676614
2017,nwsl::Football_Player::00ef8c89ab094cafbd9332c0a8049f0f,K. DeCesare,k decesare,Gotham FC,Midfielder,0.0,0,0.0,0.0,0.0,0.0,0,0,0.0,0,0,0.0,0.0,0.0,0.0,0.0,0.0,0.0,0.0,0.0,0.0,0.0,0.0,0.0,0.0,0.0,0.0,0.0,0.0
2017,nwsl::Football_Player::087db82158b94364acb49b2917e52182,D. Corboz,d corboz,Gotham FC,Midfielder,1161.0,19,12.0,19.0,7.0,5.0,1,5,0.0,16,7,61.10526315789474,96.75,0.631578947368421,0.3684210526315789,0.6614623623011016,0.46511627906976744,0.0,1.2403100775193798,0.5426356589147286,0.0,0.0,0.0,0.0,0.0,0.0,0.0,0.0,0.43343329253365975
2017,nwsl::Football_Player::0a0fc2bab77a4a5bbb5048fd1241efe4,C. Benintente,c benintente,Gotham FC,Defender,30.0,1,0.0,1.0,1.0,0.0,0,0,0.0,0,0,30.0,0.0,0.0,1.0,0.11333333333333331,0.0,0.0,0.0,0.0,0.0,0.0,0.0,0.0,0.0,0.0,0.0,0.0,0.15
2017,nwsl::Football_Player::12d0fcd5fa024c44809ff34d8eb9586b,N. Driesse,n driesse,Gotham FC,Midfielder,47.0,4,0.0,4.0,4.0,0.0,0,0,0.0,0,0,11.75,0.0,0.0,1.0,0.07145138888888888,0.0,0.0,0.0,0.0,0.0,0.0,0.0,0.0,0.0,0.0,0.0,0.0,0.058750000000000004
2017,nwsl::Football_Player::266288af33ed4b378e529b0cb8957ecf,E. Sonnett,e sonnett,Gotham FC,Defender,2340.0,26,26.0,26.0,0.0,0.0,4,1,0.0,7,6,90.0,90.0,1.0,0.0,0.9245192307692307,0.19230769230769232,0.0,0.2692307692307692,0.23076923076923078,0.0,0.0,0.0,0.0,0.0,0.0,0.0,0.0,0.4967948717948718
2017,nwsl::Football_Player::2e77e25daf294b53be3210b8db21910d,N. Kai,n kai,Gotham FC,Forward,19.0,1,0.0,1.0,1.0,0.0,0,0,0.0,0,0,19.0,0.0,0.0,1.0,0.07452777777777778,0.0,0.0,0.0,0.0,0.0,0.0,0.0,0.0,0.0,0.0,0.0,0.0,0.095
2017,nwsl::Football_Player::32ca7b5a45224a07b33481b376aa6351,M. Hayes,m hayes,Gotham FC,Forward,1079.0,22,13.0,22.0,9.0,9.0,5,4,0.0,22,13,49.04545454545455,83.0,0.5909090909090909,0.4090909090909091,0.6192711486973536,0.7506950880444856,0.0,1.835032437442076,1.0843373493975903,0.0,0.0,0.0,0.0,0.0,0.0,0.0,0.0,0.44749789367259246
2017,nwsl::Football_Player::34a2d1a93100464f820f172a45c21408,M. Meehan,m meehan,Gotham FC,Midfielder,600.0,17,5.0,17.0,12.0,2.0,0,1,0.0,20,12,35.294117647058826,120.0,0.29411764705882354,0.7058823529411765,0.40030024509803924,0.15,0.0,3.0,1.7999999999999998,0.0,0.0,0.0,0.0,0.0,0.0,0.0,0.0,0.2827205882352941
2017,nwsl::Football_Player::39fe0dbc3b0a49c0a46d405d30b7141d,M. Purce,m purce,Gotham FC,Forward,1387.0,22,13.0,22.0,9.0,3.0,1,2,0.0,12,5,63.04545454545455,106.6923076923077,0.5909090909090909,0.4090909090909091,0.6473226888568453,0.1946647440519106,0.0,0.7786589762076424,0.32444124008651765,0.0,0.0,0.0,0.0,0.0,0.0,0.0,0.0,0.3752489021432785
2017,nwsl::Football_Player::3d63e30fe2e44837bbc051f968f80cb6,C. Gibbons,c gibbons,Gotham FC,Defender,2083.0,24,23.0,24.0,1.0,0.0,1,3,0.0,7,2,86.79166666666667,90.56521739130434,0.9583333333333334,0.041666666666666664,0.8939667585702602,0.17282765242438788,0.0,0.3024483917426788,0.08641382621219394,0.0,0.0,0.0,0.0,0.0,0.0,0.0,0.0,0.4775253040486478
2017,nwsl::Football_Player::3e154a3f17cf4dfaae292baf85f5f94c,A. Krieger,a krieger,Gotham FC,Defender,2250.0,25,25.0,25.0,0.0,0.0,0,2,0.0,3,0,90.0,90.0,1.0,0.0,0.92045,0.08,0.0,0.12,0.0,0.0,0.0,0.0,0.0,0.0,0.0,0.0,0.0,0.4696666666666667
2017,nwsl::Football_Player::42936a9daa8f445da30e178232ec302f,C. Levin,c levin,Gotham FC,Defender,1980.0,22,22.0,22.0,0.0,0.0,0,0,0.0,6,5,90.0,90.0,1.0,0.0,0.9185227272727272,0.0,0.0,0.2727272727272727,0.22727272727272727,0.0,0.0,0.0,0.0,0.0,0.0,0.0,0.0,0.45681818181818185
2017,nwsl::Football_Player::46c4d8f93d3c4ae585862889e43f2d57,N. Kawasumi,n kawasumi,Gotham FC,Midfielder,1917.0,24,22.0,24.0,2.0,6.0,6,9,0.0,26,13,79.875,87.13636363636364,0.9166666666666666,0.08333333333333333,0.8708657570422534,0.704225352112676,0.0,1.220657276995305,0.6103286384976525,0.0,0.0,0.0,0.0,0.0,0.0,0.0,0.0,0.5766050469483568
2017,nwsl::Football_Player::4932d40caf094edd88eb680559cffd38,K. Edmonds,k edmonds,Gotham FC,Defender,1891.0,23,21.0,23.0,2.0,5.0,2,0,0.0,12,6,82.21739130434783,90.04761904761905,0.9130434782608695,0.08695652173913043,0.8560305917682793,0.09518773135906927,0.0,0.5711263881544156,0.2855631940772078,0.0,0.0,0.0,0.0,0.0,0.0,0.0,0.0,0.4451958935920723
2017,nwsl::Football_Player::49ca2364454b4dcca0af07701eb25f37,M. Shim,m shim,Gotham FC,Midfielder,209.0,6,3.0,6.0,3.0,3.0,0,0,0.0,3,0,34.833333333333336,69.66666666666667,0.5,0.5,0.3977287568669148,0.0,0.0,1.2918660287081338,0.0,0.0,0.0,0.0,0.0,0.0,0.0,0.0,0.0,0.20646331738437002
2017,nwsl::Football_Player::4a2441cafc054eb19ee8e3299e963a4a,S. Woldmoe,s woldmoe,Gotham FC,Midfielder,2034.0,23,22.0,23.0,1.0,1.0,5,2,0.0,16,9,88.43478260869566,92.45454545454545,0.9565217391304348,0.043478260869565216,0.9047471142747211,0.30973451327433627,0.0,0.7079646017699115,0.3982300884955752,0.0,0.0,0.0,0.0,0.0,0.0,0.0,0.0,0.5244010516865462
2017,nwsl::Football_Player::4fe9e338566349eaa890e35ca4f14395,R. Stott,r stott,Gotham FC,Defender,1714.0,22,18.0,22.0,4.0,1.0,0,1,0.0,10,3,77.9090909090909,95.22222222222223,0.8181818181818182,0.18181818181818182,0.796637754440555,0.05250875145857643,0.0,0.5250875145857643,0.15752625437572929,0.0,0.0,0.0,0.0,0.0,0.0,0.0,0.0,0.41361196563063546
2017,nwsl::Football_Player::5d8a571d227e4de9a74334fb302db570,T. Lytle,t lytle,Gotham FC,Midfielder,1688.0,21,20.0,21.0,1.0,10.0,0,5,0.0,12,3,80.38095238095238,84.4,0.9523809523809523,0.047619047619047616,0.8728677201660021,0.2665876777251185,0.0,0.6398104265402843,0.15995260663507108,0.0,0.0,0.0,0.0,0.0,0.0,0.0,0.0,0.4734391220943353
2017,nwsl::Football_Player::6a8196684e034ab5855c3d2768858ae8,K. O'Hara,k o hara,Gotham FC,Defender,1561.0,18,17.0,18.0,1.0,0.0,4,3,0.0,29,18,86.72222222222223,91.82352941176471,0.9444444444444444,0.05555555555555555,0.8848188552368299,0.40358744394618834,0.0,1.672005124919923,1.0377962844330557,0.0,0.0,0.0,0.0,0.0,0.0,0.0,0.0,0.5594919567228984
2017,nwsl::Football_Player::83f99f2c46c14a8384ecad9afafdad7e,C. Casey,c casey,Gotham FC,Goalkeeper,180.0,2,2.0,2.0,0.0,0.0,0,0,0.0,0,0,90.0,90.0,1.0,0.0,0.7825,0.0,0.0,0.0,0.0,0.0,0.0,0.0,0.0,0.0,0.0,0.0,0.0,0.45
2017,nwsl::Football_Player::88c5b077207445b1bba6ff487212c2a2,N. Nadim,n nadim,Gotham FC,Forward,1186.0,18,13.0,18.0,5.0,9.0,6,4,0.0,28,13,65.88888888888889,91.23076923076923,0.7222222222222222,0.2777777777777778,0.7241234828138987,0.7588532883642496,0.0,2.124789207419899,0.9865092748735245,0.0,0.0,0.0,0.0,0.0,0.0,0.0,0.0,0.5406586097058272
2017,nwsl::Football_Player::89c6676ce8024165b737f1a59cecb3f0,T. Smith,t smith,Gotham FC,Forward,1852.0,26,20.0,26.0,6.0,3.0,0,2,0.0,8,3,71.23076923076923,92.6,0.7692307692307693,0.23076923076923078,0.75193531132894,0.09719222462203023,0.0,0.3887688984881209,0.14578833693304535,0.0,0.0,0.0,0.0,0.0,0.0,0.0,0.0,0.3861214487456388
2017,nwsl::Football_Player::8d5a2fff95844e73b3e75028003253b7,C. Pearce,c pearce,Gotham FC,Defender,1440.0,16,16.0,16.0,0.0,0.0,0,0,0.0,0,0,90.0,90.0,1.0,0.0,0.8875,0.0,0.0,0.0,0.0,0.0,0.0,0.0,0.0,0.0,0.0,0.0,0.0,0.45
2017,nwsl::Football_Player::9eb566fe822242e884ea5cb35f4e840b,E. Skroski,e skroski,Gotham FC,Defender,1762.0,21,20.0,21.0,1.0,3.0,1,0,0.0,3,2,83.9047619047619,88.1,0.9523809523809523,0.047619047619047616,0.8767396116726422,0.0510783200908059,0.0,0.1532349602724177,0.1021566401816118,0.0,0.0,0.0,0.0,0.0,0.0,0.0,0.0,0.4339960002162045
2017,nwsl::Football_Player::a2419a96148f403cb151257a7d02d49c,M. Morris,m morris,Gotham FC,Forward,11.0,1,0.0,1.0,1.0,0.0,0,0,0.0,0,0,11.0,0.0,0.0,1.0,0.04630555555555555,0.0,0.0,0.0,0.0,0.0,0.0,0.0,0.0,0.0,0.0,0.0,0.0,0.055
2017,nwsl::Football_Player::ac9ef63e324f4f54871ba245ef6eae39,L. Galton,l galton,Gotham FC,Midfielder,661.0,16,6.0,16.0,10.0,5.0,2,1,0.0,5,5,41.3125,110.16666666666667,0.375,0.625,0.44980901989830224,0.4084720121028744,0.0,0.680786686838124,0.680786686838124,0.0,0.0,0.0,0.0,0.0,0.0,0.0,0.0,0.3086805030257186
2017,nwsl::Football_Player::b75a67d243bf42b1bd2ab3b6114c4518,C. Matthews,c matthews,Gotham FC,Forward,1257.0,21,16.0,21.0,5.0,11.0,5,1,0.0,29,14,59.857142857142854,78.5625,0.7619047619047619,0.23809523809523808,0.7252310584536121,0.4295942720763723,0.0,2.0763723150357993,1.0023866348448687,0.0,0.0,0.0,0.0,0.0,0.0,0.0,0.0,0.44069382884418684
2017,nwsl::Football_Player::c51c2ea6078044c0aacecd0306ea21c5,M. Tiernan,m tiernan,Gotham FC,Midfielder,1036.0,20,11.0,20.0,9.0,7.0,3,1,0.0,20,8,51.8,94.18181818181819,0.55,0.45,0.5976134062634063,0.3474903474903475,0.0,1.7374517374517375,0.694980694980695,0.0,0.0,0.0,0.0,0.0,0.0,0.0,0.0,0.3748301158301159
2017,nwsl::Football_Player::d1485dcbe6f34e4c9ba927371173260d,R. Lavelle,r lavelle,Gotham FC,Midfielder,764.0,10,8.0,10.0,2.0,1.0,2,1,0.0,7,6,76.4,95.5,0.8,0.2,0.7186583478766725,0.35340314136125656,0.0,0.824607329842932,0.7068062827225131,0.0,0.0,0.0,0.0,0.0,0.0,0.0,0.0,0.47624083769633513
2017,nwsl::Football_Player::d8991716e33c4d7382309a7866ae9d6c,M. Zerboni,m zerboni,Gotham FC,Midfielder,2197.0,25,25.0,25.0,0.0,2.0,3,1,0.0,22,10,87.88,87.88,1.0,0.0,0.918521338694179,0.16385980883022302,0.0,0.9012289485662267,0.40964952207555755,0.0,0.0,0.0,0.0,0.0,0.0,0.0,0.0,0.4960681838871188
2017,nwsl::Football_Player::eb192101ab34425984a49075a90f3b0c,S. Kerr,s kerr,Gotham FC,Forward,1918.0,22,21.0,22.0,1.0,2.0,17,4,0.0,91,54,87.18181818181819,91.33333333333333,0.9545454545454546,0.045454545454545456,0.9328973309739733,0.9854014598540146,0.0,4.27007299270073,2.5338894681960378,0.0,0.0,0.0,0.0,0.0,0.0,0.0,0.0,0.7412010617120106
2017,nwsl::Football_Player::f08a69283d72446098764ac022263a6c,K. Mills,k mills,Gotham FC,Defender,1162.0,16,13.0,16.0,3.0,6.0,0,0,0.0,2,0,72.625,89.38461538461539,0.8125,0.1875,0.7424107561197171,0.0,0.0,0.1549053356282272,0.0,0.0,0.0,0.0,0.0,0.0,0.0,0.0,0.0,0.36699763339070574
2017,nwsl::Football_Player::f1674817643d4409ae98e3f26ec72dc4,M. Freeman,m freeman,Gotham FC,Defender,1802.0,21,20.0,21.0,1.0,1.0,0,1,0.0,2,1,85.80952380952381,90.1,0.9523809523809523,0.047619047619047616,0.8832237093999026,0.049944506104328525,0.0,0.09988901220865705,0.049944506104328525,0.0,0.0,0.0,0.0,0.0,0.0,0.0,0.0,0.44194994979123725
2017,nwsl::Football_Player::fed95d382879402f971b73910f1a8e2a,K. Stengel,k stengel,Gotham FC,Forward,1556.0,34,20.0,34.0,14.0,16.0,0,2,0.0,12,6,45.76470588235294,77.8,0.5882352941176471,0.4117647058823529,0.5823714610951493,0.11568123393316196,0.0,0.6940874035989718,0.3470437017994859,0.0,0.0,0.0,0.0,0.0,0.0,0.0,0.0,0.2702759715711477
2017,nwsl::Football_Player::090a30db5372486db8345147ef78c636,C. Privett,c privett,Houston Dash,Midfielder,750.0,16,8.0,16.0,8.0,1.0,0,0,0.0,3,0,46.875,93.75,0.5,0.5,0.5117145833333333,0.0,0.0,0.36,0.0,0.0,0.0,0.0,0.0,0.0,0.0,0.0,0.0,0.24337500000000004
2017,nwsl::Football_Player::09c50d34358f41f38da8a21da7336688,B. Henninger,b henninger,Houston Dash,Goalkeeper,0.0,0,0.0,0.0,0.0,0.0,0,0,0.0,0,0,0.0,0.0,0.0,0.0,0.0,0.0,0.0,0.0,0.0,0.0,0.0,0.0,0.0,0.0,0.0,0.0,0.0,0.0
2017,nwsl::Football_Player::0bb3c16212754939b111d70c83644b8e,D. Colaprico,d colaprico,Houston Dash,Midfielder,1992.0,24,22.0,24.0,2.0,5.0,1,1,0.0,8,3,83.0,90.54545454545455,0.9166666666666666,0.08333333333333333,0.8594847724230255,0.09036144578313253,0.0,0.3614457831325301,0.1355421686746988,0.0,0.0,0.0,0.0,0.0,0.0,0.0,0.0,0.4428614457831326
2017,nwsl::Football_Player::0bc0d986844b458592417f6157d1aeb4,C. Westphal,c westphal,Houston Dash,Defender,1129.0,13,13.0,13.0,0.0,2.0,0,1,0.0,0,0,86.84615384615384,86.84615384615384,1.0,0.0,0.856365074228006,0.07971656333038087,0.0,0.0,0.0,0.0,0.0,0.0,0.0,0.0,0.0,0.0,0.0,0.4508383865912653
2017,nwsl::Football_Player::13966c8ec3cb453391ba34ddef7df31c,K. Watt,k watt,Houston Dash,Forward,863.0,10,10.0,10.0,0.0,5.0,2,2,0.0,19,12,86.3,86.3,1.0,0.0,0.8499136185142269,0.4171494785631518,0.0,1.981460023174971,1.2514484356894555,0.0,0.0,0.0,0.0,0.0,0.0,0.0,0.0,0.5679426419466976
2017,nwsl::Football_Player::27adde6bc4e540c5959718f7e27a1c5e,J. McDonald,j mcdonald,Houston Dash,Forward,1122.0,21,11.0,21.0,10.0,9.0,4,3,0.0,35,16,53.42857142857143,102.0,0.5238095238095238,0.47619047619047616,0.6022732790085731,0.5614973262032086,0.0,2.807486631016043,1.2834224598930482,0.0,0.0,0.0,0.0,0.0,0.0,0.0,0.0,0.45430863254392667
2017,nwsl::Football_Player::514f074d68894165a2eb9bbb34796c71,Bruna Benites,bruna benites,Houston Dash,Defender,841.0,14,8.0,14.0,6.0,0.0,0,0,0.0,1,1,60.07142857142857,105.125,0.5714285714285714,0.42857142857142855,0.5744628159032141,0.0,0.0,0.1070154577883472,0.1070154577883472,0.0,0.0,0.0,0.0,0.0,0.0,0.0,0.0,0.3030325293018515
2017,nwsl::Football_Player::5169c6fd0fc140ee8b82add29a6d8b3f,C. Falknor,c falknor,Houston Dash,Midfielder,275.0,7,3.0,7.0,4.0,1.0,0,0,0.0,1,1,39.285714285714285,91.66666666666667,0.42857142857142855,0.5714285714285714,0.3851756854256854,0.0,0.0,0.32727272727272727,0.32727272727272727,0.0,0.0,0.0,0.0,0.0,0.0,0.0,0.0,0.2046103896103896
2017,nwsl::Football_Player::575e968bbc174d36bb50599db040917c,J. van Wyk,j van wyk,Houston Dash,Defender,1472.0,17,17.0,17.0,0.0,3.0,0,0,0.0,1,1,86.58823529411765,86.58823529411765,1.0,0.0,0.883193332178886,0.0,0.0,0.061141304347826095,0.061141304347826095,0.0,0.0,0.0,0.0,0.0,0.0,0.0,0.0,0.43446970907928395
2017,nwsl::Football_Player::5f6a0a88d86040cb88836e22eed4f631,M. Rosa,m rosa,Houston Dash,Midfielder,667.0,22,5.0,22.0,17.0,4.0,5,1,0.0,27,14,30.318181818181817,133.4,0.22727272727272727,0.7727272727272727,0.39819030446897763,0.8095952023988006,0.0,3.6431784107946026,1.889055472263868,0.0,0.0,0.0,0.0,0.0,0.0,0.0,0.0,0.411336036527191
2017,nwsl::Football_Player::65926eaa2f7f4b17833600561c0ed506,K. Lind,k lind,Houston Dash,Defender,2048.0,23,23.0,23.0,0.0,1.0,0,0,0.0,3,1,89.04347826086956,89.04347826086956,1.0,0.0,0.9146199886303593,0.0,0.0,0.1318359375,0.0439453125,0.0,0.0,0.0,0.0,0.0,0.0,0.0,0.0,0.44851328974184784
2017,nwsl::Football_Player::7906a90887a244859bdbd71b20428fef,M. Hahn,m hahn,Houston Dash,Midfielder,0.0,0,0.0,0.0,0.0,0.0,0,0,0.0,0,0,0.0,0.0,0.0,0.0,0.0,0.0,0.0,0.0,0.0,0.0,0.0,0.0,0.0,0.0,0.0,0.0,0.0,0.0
2017,nwsl::Football_Player::7b95e77ca5184ed39abbd7481af81fee,A. Chapman,a chapman,Houston Dash,Defender,1642.0,19,19.0,19.0,0.0,3.0,0,0,0.0,4,2,86.42105263157895,86.42105263157895,1.0,0.0,0.8981964370935459,0.0,0.0,0.2192448233861145,0.10962241169305725,0.0,0.0,0.0,0.0,0.0,0.0,0.0,0.0,0.43758638374254766
2017,nwsl::Football_Player::a508823d48c24d818a9b76c99106c143,J. Campbell,j campbell,Houston Dash,Goalkeeper,1440.0,16,16.0,16.0,0.0,0.0,0,0,0.0,0,0,90.0,90.0,1.0,0.0,0.8875,0.0,0.0,0.0,0.0,0.0,0.0,0.0,0.0,0.0,0.0,0.0,0.0,0.45
2017,nwsl::Football_Player::a8cdacea151e4f6a8fc00cb7c839db97,S. Ochs,s ochs,Houston Dash,Defender,56.0,6,0.0,6.0,6.0,0.0,0,0,0.0,1,0,9.333333333333334,0.0,0.0,1.0,0.08395271164021163,0.0,0.0,1.6071428571428572,0.0,0.0,0.0,0.0,0.0,0.0,0.0,0.0,0.0,0.0868452380952381
2017,nwsl::Football_Player::b84e9888c15f472fa74b57182a7f9d64,C. Farquharson,c farquharson,Houston Dash,Forward,352.0,10,3.0,10.0,7.0,2.0,0,0,0.0,4,2,35.2,117.33333333333333,0.3,0.7,0.3380130050505051,0.0,0.0,1.0227272727272727,0.5113636363636364,0.0,0.0,0.0,0.0,0.0,0.0,0.0,0.0,0.20156818181818184
2017,nwsl::Football_Player::bb49de2ba5db4f6e8ef4ace9bfdd0386,Andressinha,andressinha,Houston Dash,Midfielder,1554.0,21,17.0,21.0,4.0,9.0,2,3,0.0,25,14,74.0,91.41176470588235,0.8095238095238095,0.19047619047619047,0.7898200343200343,0.2895752895752896,0.0,1.4478764478764479,0.8108108108108109,0.0,0.0,0.0,0.0,0.0,0.0,0.0,0.0,0.46652509652509655
2017,nwsl::Football_Player::be8d34625b5244f1b34e61df67be171a,Y. Nagasato,y nagasato,Houston Dash,Forward,344.0,7,3.0,7.0,4.0,2.0,1,2,0.0,3,1,49.142857142857146,114.66666666666667,0.42857142857142855,0.5714285714285714,0.4461931524547803,0.7848837209302325,0.0,0.7848837209302325,0.26162790697674415,0.0,0.0,0.0,0.0,0.0,0.0,0.0,0.0,0.4288538205980066
2017,nwsl::Football_Player::c0076f9d59514192ab6a1107bfc8493a,A. Smith,a smith,Houston Dash,Goalkeeper,1710.0,19,19.0,19.0,0.0,0.0,0,0,0.0,0,0,90.0,90.0,1.0,0.0,0.9099999999999999,0.0,0.0,0.0,0.0,0.0,0.0,0.0,0.0,0.0,0.0,0.0,0.0,0.45
2017,nwsl::Football_Player::c11084cdd8d94a0c98da8f5e4580d2ed,C. Heap,c heap,Houston Dash,Midfielder,337.0,13,2.0,13.0,11.0,2.0,0,0,0.0,4,2,25.923076923076923,168.5,0.15384615384615385,0.8461538461538461,0.2621875586497248,0.0,0.0,1.0682492581602374,0.5341246290801187,0.0,0.0,0.0,0.0,0.0,0.0,0.0,0.0,0.15632161606939055
2017,nwsl::Football_Player::c15189e7f7e64d979c834779e0fcc480,M. Henderson,m henderson,Houston Dash,Forward,19.0,1,0.0,1.0,1.0,0.0,0,0,0.0,0,0,19.0,0.0,0.0,1.0,0.07452777777777778,0.0,0.0,0.0,0.0,0.0,0.0,0.0,0.0,0.0,0.0,0.0,0.0,0.095
2017,nwsl::Football_Player::c4415406f03b42e99259ae1a2729d22f,R. Daly,r daly,Houston Dash,Forward,2023.0,23,23.0,23.0,0.0,3.0,5,2,0.0,55,28,87.95652173913044,87.95652173913044,1.0,0.0,0.9291986258271425,0.31141868512110726,0.0,2.4468610973801286,1.245674740484429,0.0,0.0,0.0,0.0,0.0,0.0,0.0,0.0,0.5658330288637194
2017,nwsl::Football_Player::d58c0639f1ae4ed1880f2eeaf7bae36f,Camilinha,camilinha,Houston Dash,Midfielder,1900.0,24,22.0,24.0,2.0,7.0,4,5,0.0,34,18,79.16666666666667,86.36363636363636,0.9166666666666666,0.08333333333333333,0.8611442495126707,0.4263157894736842,0.0,1.6105263157894738,0.8526315789473684,0.0,0.0,0.0,0.0,0.0,0.0,0.0,0.0,0.5249122807017544
2017,nwsl::Football_Player::d62dc3dfa238404895774bb6fb7452e2,K. Conheeney,k conheeney,Houston Dash,Midfielder,0.0,0,0.0,0.0,0.0,0.0,0,0,0.0,0,0,0.0,0.0,0.0,0.0,0.0,0.0,0.0,0.0,0.0,0.0,0.0,0.0,0.0,0.0,0.0,0.0,0.0,0.0
2017,nwsl::Football_Player::d677a076327a4cc48fcb049018fc5b94,C. Lloyd,c lloyd,Houston Dash,Forward,647.0,8,8.0,8.0,0.0,2.0,2,0,0.0,28,10,80.875,80.875,1.0,0.0,0.8186088732182724,0.2782071097372488,0.0,3.894899536321484,1.3910355486862442,0.0,0.0,0.0,0.0,0.0,0.0,0.0,0.0,0.5597073029366306
2017,nwsl::Football_Player::e03d1965093b4a96b068ea2112bdd6ea,H. Solaun,h solaun,Houston Dash,Midfielder,1729.0,24,20.0,24.0,4.0,9.0,5,4,0.0,23,13,72.04166666666667,86.45,0.8333333333333334,0.16666666666666666,0.7982765453966112,0.46847888953152106,0.0,1.1972238288027761,0.6766917293233082,0.0,0.0,0.0,0.0,0.0,0.0,0.0,0.0,0.48773869770580297
2017,nwsl::Football_Player::f0fda5a35a37429a89ea9a98ee74e5d8,S. Jordan,s jordan,Houston Dash,Forward,9.0,2,0.0,2.0,2.0,0.0,0,0,0.0,2,2,4.5,0.0,0.0,1.0,0.045875,0.0,0.0,20.0,20.0,0.0,0.0,0.0,0.0,0.0,0.0,0.0,0.0,0.12250000000000001
2017,nwsl::Football_Player::03252d11c5d5470f97d5c52dd4d3b086,Y. Kawamura,y kawamura,NC Courage,Midfielder,588.0,8,7.0,8.0,1.0,1.0,0,0,0.0,2,1,73.5,84.0,0.875,0.125,0.7141896258503402,0.0,0.0,0.30612244897959184,0.15306122448979592,0.0,0.0,0.0,0.0,0.0,0.0,0.0,0.0,0.37515306122448977
2017,nwsl::Football_Player::11b445f1ef114839a220a412de020d92,E. Johnson,e johnson,NC Courage,Defender,1680.0,20,20.0,20.0,0.0,4.0,2,0,0.0,7,4,84.0,84.0,1.0,0.0,0.9010877976190477,0.10714285714285714,0.0,0.375,0.21428571428571427,0.0,0.0,0.0,0.0,0.0,0.0,0.0,0.0,0.4516964285714286
2017,nwsl::Football_Player::1276f005480e4a24b7bbf77e97b09fd4,L. Agnew,l agnew,NC Courage,Forward,291.0,8,2.0,8.0,6.0,2.0,0,1,0.0,5,2,36.375,145.5,0.25,0.75,0.31628683419243986,0.30927835051546393,0.0,1.5463917525773196,0.6185567010309279,0.0,0.0,0.0,0.0,0.0,0.0,0.0,0.0,0.2849677835051546
2017,nwsl::Football_Player::405bbcc7f91848b4a28e72f45ffb7d55,D. Weatherholt,d weatherholt,NC Courage,Midfielder,1567.0,20,18.0,20.0,2.0,9.0,1,1,0.0,5,3,78.35,87.05555555555556,0.9,0.1,0.8360679491952068,0.1148691767708998,0.0,0.2871729419272495,0.1723037651563497,0.0,0.0,0.0,0.0,0.0,0.0,0.0,0.0,0.42286040204211867
2017,nwsl::Football_Player::5370154df373491d8964d4f94ad1f1dd,N. Holstad,n holstad,NC Courage,Defender,89.0,2,1.0,2.0,1.0,1.0,0,0,0.0,0,0,44.5,89.0,0.5,0.5,0.3969861111111111,0.0,0.0,0.0,0.0,0.0,0.0,0.0,0.0,0.0,0.0,0.0,0.0,0.2225
2017,nwsl::Football_Player::75dea69f305343a2b59c44bcf763445e,T. Lussi,t lussi,NC Courage,Forward,291.0,5,3.0,5.0,2.0,3.0,1,2,0.0,12,4,58.2,97.0,0.6,0.4,0.5557290378006873,0.9278350515463918,0.0,3.711340206185567,1.2371134020618557,0.0,0.0,0.0,0.0,0.0,0.0,0.0,0.0,0.5770824742268041
2017,nwsl::Football_Player::87932cfc9c3d4927a1b04436bf6ceb4a,K. Bowen,k bowen,NC Courage,Defender,1059.0,21,13.0,21.0,8.0,10.0,2,1,0.0,13,5,50.42857142857143,81.46153846153847,0.6190476190476191,0.38095238095238093,0.6185827038086245,0.254957507082153,0.0,1.1048158640226629,0.4249291784702549,0.0,0.0,0.0,0.0,0.0,0.0,0.0,0.0,0.33287940105220565
2017,nwsl::Football_Player::8bc2b0ed38a346f2a782d7236d278aa3,D. O'Sullivan,d o sullivan,NC Courage,Midfielder,2082.0,38,24.0,38.0,14.0,17.0,1,2,0.0,14,8,54.78947368421053,86.75,0.631578947368421,0.3684210526315789,0.6338176601445978,0.12968299711815562,0.0,0.6051873198847262,0.345821325648415,0.0,0.0,0.0,0.0,0.0,0.0,0.0,0.0,0.31609434248445323
2017,nwsl::Football_Player::9d70a08351914dbdaa2db3fc1e672fd5,S. Witteman,s witteman,NC Courage,Midfielder,421.0,12,5.0,12.0,7.0,5.0,0,0,0.0,1,1,35.083333333333336,84.2,0.4166666666666667,0.5833333333333334,0.40206786641154224,0.0,0.0,0.21377672209026127,0.21377672209026127,0.0,0.0,0.0,0.0,0.0,0.0,0.0,0.0,0.18076108471892322
2017,nwsl::Football_Player::ac52e1b305004e86a23311e432171b77,S. Labbé,s labbe,NC Courage,Goalkeeper,1530.0,17,17.0,17.0,0.0,0.0,0,0,0.0,0,0,90.0,90.0,1.0,0.0,0.8949999999999999,0.0,0.0,0.0,0.0,0.0,0.0,0.0,0.0,0.0,0.0,0.0,0.0,0.45
2017,nwsl::Football_Player::bdf738f813074378b10e977e449699eb,M. Speck,m speck,NC Courage,Midfielder,197.0,4,2.0,4.0,2.0,0.0,0,0,0.0,0,0,49.25,98.5,0.5,0.5,0.42874305555555564,0.0,0.0,0.0,0.0,0.0,0.0,0.0,0.0,0.0,0.0,0.0,0.0,0.24625000000000002
2017,nwsl::Football_Player::f03cdf778f1d404dbf2a340b1d92cb8b,Rosana,rosana,NC Courage,Midfielder,68.0,4,1.0,4.0,3.0,1.0,0,0,0.0,1,1,17.0,68.0,0.25,0.75,0.20743545751633985,0.0,0.0,1.3235294117647058,1.3235294117647058,0.0,0.0,0.0,0.0,0.0,0.0,0.0,0.0,0.11808823529411766
2017,nwsl::Football_Player::0021ff8bfe6741208350a5d0d7cf8a7c,D. Evans,d evans,Orlando Pride,Forward,196.0,12,1.0,12.0,11.0,1.0,1,0,0.0,5,4,16.333333333333332,196.0,0.08333333333333333,0.9166666666666666,0.20807955404383977,0.4591836734693878,0.0,2.295918367346939,1.8367346938775513,0.0,0.0,0.0,0.0,0.0,0.0,0.0,0.0,0.23472789115646264
2017,nwsl::Football_Player::00588fa86e6345e88d90e3aacae4741b,S. Zadorsky,s zadorsky,Orlando Pride,Defender,1793.0,21,20.0,21.0,1.0,1.0,0,1,0.0,3,2,85.38095238095238,89.65,0.9523809523809523,0.047619047619047616,0.8819097511781561,0.0501952035694367,0.0,0.1505856107083101,0.1003904071388734,0.0,0.0,0.0,0.0,0.0,0.0,0.0,0.0,0.4411267362494356
2017,nwsl::Football_Player::213c847201144ca7abdd98920819c313,Mônica,monica,Orlando Pride,Defender,1374.0,20,17.0,20.0,3.0,6.0,0,0,0.0,4,1,68.7,80.82352941176471,0.85,0.15,0.775840866084425,0.0,0.0,0.26200873362445415,0.06550218340611354,0.0,0.0,0.0,0.0,0.0,0.0,0.0,0.0,0.35005021834061134
2017,nwsl::Football_Player::2d5220ee0bf441808654b13a78437aec,M. Montefusco,m montefusco,Orlando Pride,Defender,2070.0,23,23.0,23.0,0.0,0.0,0,0,0.0,7,1,90.0,90.0,1.0,0.0,0.9186413043478261,0.0,0.0,0.30434782608695654,0.043478260869565216,0.0,0.0,0.0,0.0,0.0,0.0,0.0,0.0,0.45760869565217394
2017,nwsl::Football_Player::4e3e0c90f6d84e75ae44f0ed0c6cbe7f,Poliana,poliana,Orlando Pride,Defender,1564.0,22,17.0,22.0,5.0,1.0,4,2,0.0,20,13,71.0909090909091,92.0,0.7727272727272727,0.22727272727272727,0.7636257007414298,0.3452685421994885,0.0,1.1508951406649617,0.7480818414322251,0.0,0.0,0.0,0.0,0.0,0.0,0.0,0.0,0.45615787026272964
2017,nwsl::Football_Player::514d945291b44c78adaabb4dfbf7ba03,Marta,marta,Orlando Pride,Forward,2028.0,24,22.0,24.0,2.0,6.0,13,6,0.0,45,25,84.5,92.18181818181819,0.9166666666666666,0.08333333333333333,0.8944359796186718,0.8431952662721893,0.0,1.997041420118343,1.1094674556213018,0.0,0.0,0.0,0.0,0.0,0.0,0.0,0.0,0.6480917159763314
2017,nwsl::Football_Player::5fc1b3b61f604e8fb3ca8fe5a154cde9,K. Nadaner,k nadaner,Orlando Pride,Defender,0.0,0,0.0,0.0,0.0,0.0,0,0,0.0,0,0,0.0,0.0,0.0,0.0,0.0,0.0,0.0,0.0,0.0,0.0,0.0,0.0,0.0,0.0,0.0,0.0,0.0,0.0
2017,nwsl::Football_Player::64bdac4359a44e78b9e30d140eb05842,C. Thomas,c thomas,Orlando Pride,Forward,25.0,1,0.0,1.0,1.0,0.0,0,0,0.0,0,0,25.0,0.0,0.0,1.0,0.09569444444444446,0.0,0.0,0.0,0.0,0.0,0.0,0.0,0.0,0.0,0.0,0.0,0.0,0.125
2017,nwsl::Football_Player::6f1a3b3b9e0447f0aaffa25a360d29ee,C. Pickett,c pickett,Orlando Pride,Defender,1869.0,21,21.0,21.0,0.0,2.0,0,0,0.0,7,0,89.0,89.0,1.0,0.0,0.9152362671660424,0.0,0.0,0.33707865168539325,0.0,0.0,0.0,0.0,0.0,0.0,0.0,0.0,0.0,0.45342696629213486
2017,nwsl::Football_Player::9bdee3b8ae2547069438975fa3aa4ae0,C. Ubogagu,c ubogagu,Orlando Pride,Forward,1418.0,20,17.0,20.0,3.0,11.0,4,3,0.0,27,13,70.9,83.41176470588235,0.85,0.15,0.8029297406362639,0.44428772919605075,0.0,1.7136812411847673,0.8251057827926657,0.0,0.0,0.0,0.0,0.0,0.0,0.0,0.0,0.4899019746121298
2017,nwsl::Football_Player::c42483b83a2041dab4baf49a0edbacf7,E. Stout,e stout,Orlando Pride,Goalkeeper,0.0,0,0.0,0.0,0.0,0.0,0,0,0.0,0,0,0.0,0.0,0.0,0.0,0.0,0.0,0.0,0.0,0.0,0.0,0.0,0.0,0.0,0.0,0.0,0.0,0.0,0.0
2017,nwsl::Football_Player::e9469ff437a947a4b904d8ede8d1b94e,L. Brock,l brock,Orlando Pride,Defender,136.0,2,1.0,2.0,1.0,0.0,0,0,0.0,0,0,68.0,136.0,0.5,0.5,0.47988888888888886,0.0,0.0,0.0,0.0,0.0,0.0,0.0,0.0,0.0,0.0,0.0,0.0,0.34
2017,nwsl::Football_Player::f0a3d2ff3070447291290bf0f7d024b8,J. Blankenship,j blankenship,Orlando Pride,Midfielder,0.0,0,0.0,0.0,0.0,0.0,0,0,0.0,0,0,0.0,0.0,0.0,0.0,0.0,0.0,0.0,0.0,0.0,0.0,0.0,0.0,0.0,0.0,0.0,0.0,0.0,0.0
2017,nwsl::Football_Player::f3a1675054684f099f9675ac9cf04f19,M. Gautrat,m gautrat,Orlando Pride,Midfielder,1494.0,24,20.0,24.0,4.0,16.0,0,0,0.0,2,2,62.25,74.7,0.8333333333333334,0.16666666666666666,0.7450559738955823,0.0,0.0,0.12048192771084336,0.12048192771084336,0.0,0.0,0.0,0.0,0.0,0.0,0.0,0.0,0.3142620481927711
2017,nwsl::Football_Player::188bf66872fd4aeb841ac7b90a7da5bf,T. Heath,t heath,Portland Thorns,Forward,246.0,4,2.0,4.0,2.0,1.0,0,1,0.0,3,2,61.5,123.0,0.5,0.5,0.48750711382113826,0.36585365853658536,0.0,1.0975609756097562,0.7317073170731707,0.0,0.0,0.0,0.0,0.0,0.0,0.0,0.0,0.4111585365853659
2017,nwsl::Football_Player::1b3783ec85a64e0c89d50a3eff3e7a34,K. Johnson,k johnson,Portland Thorns,Defender,10.0,4,0.0,4.0,4.0,0.0,0,0,0.0,0,0,2.5,0.0,0.0,1.0,0.03881944444444445,0.0,0.0,0.0,0.0,0.0,0.0,0.0,0.0,0.0,0.0,0.0,0.0,0.012499999999999999
2017,nwsl::Football_Player::1e524e201dce43908965d637c8a6140f,B. Eckerstrom,b eckerstrom,Portland Thorns,Goalkeeper,0.0,0,0.0,0.0,0.0,0.0,0,0,0.0,0,0,0.0,0.0,0.0,0.0,0.0,0.0,0.0,0.0,0.0,0.0,0.0,0.0,0.0,0.0,0.0,0.0,0.0,0.0
2017,nwsl::Football_Player::1fdefec504924f1c80369e7f6328cd2c,L. Horan,l horan,Portland Thorns,Midfielder,2305.0,26,26.0,26.0,0.0,3.0,5,3,0.0,48,21,88.65384615384616,88.65384615384616,1.0,0.0,0.929540656228563,0.3123644251626898,0.0,1.8741865509761388,0.8199566160520607,0.0,0.0,0.0,0.0,0.0,0.0,0.0,0.0,0.555199816452528
2017,nwsl::Football_Player::376f92a566f447cab876929480f1db7d,S. Catley,s catley,Portland Thorns,Defender,2120.0,24,24.0,24.0,0.0,1.0,0,2,0.0,6,3,88.33333333333333,88.33333333333333,1.0,0.0,0.9152288609364082,0.08490566037735849,0.0,0.25471698113207547,0.12735849056603774,0.0,0.0,0.0,0.0,0.0,0.0,0.0,0.0,0.4657232704402516
2017,nwsl::Football_Player::5a6f7e6db998474394142dcde118b954,C. Sinclair,c sinclair,Portland Thorns,Forward,2323.0,26,26.0,26.0,0.0,3.0,9,0,0.0,49,27,89.34615384615384,89.34615384615384,1.0,0.0,0.9332088732702701,0.3486870426173052,0.0,1.8984072320275507,1.0460611278519156,0.0,0.0,0.0,0.0,0.0,0.0,0.0,0.0,0.5668340839100633
2017,nwsl::Football_Player::695ab088a8604af487b49740a9a3c99b,C. Boureille,c boureille,Portland Thorns,Midfielder,1181.0,17,13.0,17.0,4.0,2.0,0,0,0.0,0,0,69.47058823529412,90.84615384615384,0.7647058823529411,0.23529411764705882,0.7166944444444445,0.0,0.0,0.0,0.0,0.0,0.0,0.0,0.0,0.0,0.0,0.0,0.0,0.3473529411764706
2017,nwsl::Football_Player::862f82d43a1943c0b7eba7d7983a2c73,B. Sauerbrunn,b sauerbrunn,Portland Thorns,Defender,1980.0,22,22.0,22.0,0.0,0.0,1,2,0.0,7,2,90.0,90.0,1.0,0.0,0.9229545454545455,0.13636363636363635,0.0,0.3181818181818182,0.09090909090909091,0.0,0.0,0.0,0.0,0.0,0.0,0.0,0.0,0.48636363636363633
2017,nwsl::Football_Player::96cc9fe3c23b49cf9fa5125c50781437,M. Klingenberg,m klingenberg,Portland Thorns,Defender,2115.0,25,24.0,25.0,1.0,2.0,0,7,0.0,7,1,84.6,88.125,0.96,0.04,0.8908755319148937,0.2978723404255319,0.0,0.2978723404255319,0.0425531914893617,0.0,0.0,0.0,0.0,0.0,0.0,0.0,0.0,0.49250354609929076
2017,nwsl::Football_Player::a284ba27462c404c8b146fc4022ac773,T. Comeau,t comeau,Portland Thorns,Midfielder,1096.0,20,10.0,20.0,10.0,5.0,0,1,0.0,7,3,54.8,109.6,0.5,0.5,0.5730439375506894,0.0821167883211679,0.0,0.5748175182481752,0.24635036496350365,0.0,0.0,0.0,0.0,0.0,0.0,0.0,0.0,0.305478102189781
2017,nwsl::Football_Player::a6b2526653a145eca3ce35d2dec4ad8c,C. Niemiec,c niemiec,Portland Thorns,Defender,0.0,0,0.0,0.0,0.0,0.0,0,0,0.0,0,0,0.0,0.0,0.0,0.0,0.0,0.0,0.0,0.0,0.0,0.0,0.0,0.0,0.0,0.0,0.0,0.0,0.0,0.0
2017,nwsl::Football_Player::a8ea77a5fc634252b1a4dd4eca5a018d,D. Brynjarsdóttir,d brynjarsdottir,Portland Thorns,Midfielder,571.0,13,6.0,13.0,7.0,5.0,0,1,0.0,5,2,43.92307692307692,95.16666666666667,0.46153846153846156,0.5384615384615384,0.4680240730761746,0.1576182136602452,0.0,0.788091068301226,0.3152364273204904,0.0,0.0,0.0,0.0,0.0,0.0,0.0,0.0,0.2721547891687997
2017,nwsl::Football_Player::b1c1d23e290f4c2cbce7696c8dc2428b,A. Kleiner,a kleiner,Portland Thorns,Defender,997.0,18,11.0,18.0,7.0,4.0,0,0,0.0,4,1,55.388888888888886,90.63636363636364,0.6111111111111112,0.3888888888888889,0.6067537535445844,0.0,0.0,0.36108324974924777,0.09027081243731194,0.0,0.0,0.0,0.0,0.0,0.0,0.0,0.0,0.2859715256881757
2017,nwsl::Football_Player::f1a3aa6e3b1347078caada9011b006c0,A. Herndon,a herndon,Portland Thorns,Midfielder,6.0,1,0.0,1.0,1.0,0.0,0,0,0.0,0,0,6.0,0.0,0.0,1.0,0.028666666666666667,0.0,0.0,0.0,0.0,0.0,0.0,0.0,0.0,0.0,0.0,0.0,0.0,0.03
2017,nwsl::Football_Player::fa5c99f43d68434a80cfa5870fc94873,A. Sykes,a sykes,Portland Thorns,Forward,1115.0,17,14.0,17.0,3.0,10.0,1,1,0.0,9,4,65.58823529411765,79.64285714285714,0.8235294117647058,0.17647058823529413,0.7372380125443301,0.16143497757847533,0.0,0.726457399103139,0.32286995515695066,0.0,0.0,0.0,0.0,0.0,0.0,0.0,0.0,0.3797348984436824
2017,nwsl::Football_Player::18131df4ae534c689959f1719bb561e6,R. White,r white,Reign,Midfielder,1794.0,22,21.0,22.0,1.0,6.0,4,1,0.0,34,14,81.54545454545455,85.42857142857143,0.9545454545454546,0.045454545454545456,0.881454646802473,0.2508361204013378,0.0,1.705685618729097,0.7023411371237458,0.0,0.0,0.0,0.0,0.0,0.0,0.0,0.0,0.5026269382791122
2017,nwsl::Football_Player::1ba6539b8bae4c74add5dcd2b9be47aa,M. Rapinoe,m rapinoe,Reign,Forward,1522.0,18,17.0,18.0,1.0,4.0,12,1,0.0,56,29,84.55555555555556,89.52941176470588,0.9444444444444444,0.05555555555555555,0.8947337486413264,0.7687253613666228,0.0,3.3114323258869907,1.7148488830486202,0.0,0.0,0.0,0.0,0.0,0.0,0.0,0.0,0.6657147028763323
2017,nwsl::Football_Player::2399b681fff2451badcd2e230506d8e5,L. Crummer,l crummer,Reign,Forward,49.0,4,0.0,4.0,4.0,0.0,1,0,0.0,2,2,12.25,0.0,0.0,1.0,0.12449078798185939,1.8367346938775513,0.0,3.6734693877551026,3.6734693877551026,0.0,0.0,0.0,0.0,0.0,0.0,0.0,0.0,0.40308673469387757
2017,nwsl::Football_Player::24af72086ca04ab9abe6febc2ab176cd,K. Dallstream,k dallstream,Reign,Forward,350.0,14,3.0,14.0,11.0,3.0,1,2,0.0,4,2,25.0,116.66666666666667,0.21428571428571427,0.7857142857142857,0.3175873015873016,0.7714285714285715,0.0,1.0285714285714287,0.5142857142857143,0.0,0.0,0.0,0.0,0.0,0.0,0.0,0.0,0.3114285714285714
2017,nwsl::Football_Player::4bd84fd5cceb4538a556a4b9eb250841,S. Huerta,s huerta,Reign,Defender,2056.0,25,22.0,25.0,3.0,2.0,6,4,0.0,44,25,82.24,93.45454545454545,0.88,0.12,0.8570266817985301,0.4377431906614786,0.0,1.9260700389105059,1.0943579766536964,0.0,0.0,0.0,0.0,0.0,0.0,0.0,0.0,0.5505482490272374
2017,nwsl::Football_Player::50e2c2a980ed45b7a97f25ad06075e02,M. Proffitt,m proffitt,Reign,Midfielder,732.0,20,8.0,20.0,12.0,2.0,0,0,0.0,6,2,36.6,91.5,0.4,0.6,0.4618830601092896,0.0,0.0,0.7377049180327869,0.24590163934426232,0.0,0.0,0.0,0.0,0.0,0.0,0.0,0.0,0.20144262295081966
2017,nwsl::Football_Player::547e264b787c4be3b027538f4cbcda77,L. Elston,l elston,Reign,Midfielder,945.0,15,11.0,15.0,4.0,5.0,1,1,0.0,14,8,63.0,85.9090909090909,0.7333333333333333,0.26666666666666666,0.6757023809523809,0.19047619047619047,0.0,1.3333333333333333,0.7619047619047619,0.0,0.0,0.0,0.0,0.0,0.0,0.0,0.0,0.38801587301587304
2017,nwsl::Football_Player::5ae4cbaf5a2f45eaa9c280ff2b6cec7f,L. Barnes,l barnes,Reign,Defender,1811.0,22,21.0,22.0,1.0,0.0,0,0,0.0,0,0,82.31818181818181,86.23809523809524,0.9545454545454546,0.045454545454545456,0.8699457070707071,0.0,0.0,0.0,0.0,0.0,0.0,0.0,0.0,0.0,0.0,0.0,0.0,0.41159090909090906
2017,nwsl::Football_Player::5d76f50c58f34b00a7bd574b12c70c94,J. Fishlock,j fishlock,Reign,Midfielder,1743.0,20,20.0,20.0,0.0,1.0,7,2,0.0,33,18,87.15,87.15,1.0,0.0,0.928358053643144,0.46471600688468157,0.0,1.7039586919104992,0.9294320137693631,0.0,0.0,0.0,0.0,0.0,0.0,0.0,0.0,0.5751648020654045
2017,nwsl::Football_Player::5f52f2f197c04c96905b25fc3192df01,M. Schiffel,m schiffel,Reign,Goalkeeper,90.0,1,1.0,1.0,0.0,0.0,0,0,0.0,0,0,90.0,90.0,1.0,0.0,0.7749999999999999,0.0,0.0,0.0,0.0,0.0,0.0,0.0,0.0,0.0,0.0,0.0,0.0,0.45
2017,nwsl::Football_Player::65345eaea5584a9f9e6c198bd975eecd,M. Andrews,m andrews,Reign,Midfielder,1034.0,18,10.0,18.0,8.0,2.0,0,0,0.0,13,5,57.44444444444444,103.4,0.5555555555555556,0.4444444444444444,0.5918944647419825,0.0,0.0,1.1315280464216635,0.43520309477756286,0.0,0.0,0.0,0.0,0.0,0.0,0.0,0.0,0.3155104233827638
2017,nwsl::Football_Player::6ab00989545c40c7a9821442b499aa8a,N. Stanton,n stanton,Reign,Midfielder,1045.0,16,13.0,16.0,3.0,6.0,0,1,0.0,4,1,65.3125,80.38461538461539,0.8125,0.1875,0.7200162396996279,0.0861244019138756,0.0,0.3444976076555024,0.0861244019138756,0.0,0.0,0.0,0.0,0.0,0.0,0.0,0.0,0.353117523923445
2017,nwsl::Football_Player::939dbe85be7545d7a100135571ba94b4,B. Yanez,b yanez,Reign,Midfielder,1342.0,22,17.0,22.0,5.0,13.0,4,1,0.0,19,12,61.0,78.94117647058823,0.7727272727272727,0.22727272727272727,0.7281787961583044,0.3353204172876304,0.0,1.2742175856929956,0.8047690014903129,0.0,0.0,0.0,0.0,0.0,0.0,0.0,0.0,0.4067138599105813
2017,nwsl::Football_Player::95fc5444983945819b7196cc46aa554c,R. Corsie,r corsie,Reign,Defender,1126.0,14,12.0,14.0,2.0,0.0,0,1,0.0,3,1,80.42857142857143,93.83333333333333,0.8571428571428571,0.14285714285714285,0.7778453931602244,0.07992895204262877,0.0,0.23978685612788633,0.07992895204262877,0.0,0.0,0.0,0.0,0.0,0.0,0.0,0.0,0.42478939355493534
2017,nwsl::Football_Player::a01169117e014aaf8ec00b2541159562,E. Burris,e burris,Reign,Defender,101.0,4,1.0,4.0,3.0,1.0,0,0,0.0,0,0,25.25,101.0,0.25,0.75,0.2315763888888889,0.0,0.0,0.0,0.0,0.0,0.0,0.0,0.0,0.0,0.0,0.0,0.0,0.12625
2017,nwsl::Football_Player::aaee9146182b49ab837b594be14e9391,M. Bauer,m bauer,Reign,Defender,153.0,5,1.0,5.0,4.0,0.0,0,0,0.0,0,0,30.6,153.0,0.2,0.8,0.23545000000000002,0.0,0.0,0.0,0.0,0.0,0.0,0.0,0.0,0.0,0.0,0.0,0.0,0.15300000000000002
2017,nwsl::Football_Player::b34b92d539f6450e883ce6d31d545996,H. Kopmeyer,h kopmeyer,Reign,Goalkeeper,1800.0,20,20.0,20.0,0.0,0.0,0,0,0.0,0,0,90.0,90.0,1.0,0.0,0.9175,0.0,0.0,0.0,0.0,0.0,0.0,0.0,0.0,0.0,0.0,0.0,0.0,0.45
2017,nwsl::Football_Player::b43830c041c04d5498af9cc4b74699b9,C. Stanley,c stanley,Reign,Goalkeeper,64.0,1,0.0,1.0,1.0,0.0,0,0,0.0,0,0,64.0,0.0,0.0,1.0,0.2332777777777778,0.0,0.0,0.0,0.0,0.0,0.0,0.0,0.0,0.0,0.0,0.0,0.0,0.32
2017,nwsl::Football_Player::d90cabad749d4dd09e01a4f40afe693a,R. Utsugi,r utsugi,Reign,Defender,1663.0,20,18.0,20.0,2.0,3.0,1,2,0.0,13,5,83.15,92.38888888888889,0.9,0.1,0.8560466885481393,0.1623571858087793,0.0,0.703547805171377,0.27059530968129886,0.0,0.0,0.0,0.0,0.0,0.0,0.0,0.0,0.4671631088394468
2017,nwsl::Football_Player::f3e1a521ef4f4f24bd0ee3fb985ec265,L. Biyendolo,l biyendolo,Reign,Forward,2006.0,23,23.0,23.0,0.0,3.0,9,5,0.0,83,38,87.21739130434783,87.21739130434783,1.0,0.0,0.9412765459659669,0.6281156530408774,0.0,3.7238285144566303,1.7048853439680958,0.0,0.0,0.0,0.0,0.0,0.0,0.0,0.0,0.6600400971000044
2017,nwsl::Football_Player::20a348ec2f4a4ef2a9d8ceb12bc7a995,L. Jensen,l jensen,Washington Spirit,Midfielder,568.0,9,6.0,9.0,3.0,4.0,1,1,0.0,3,2,63.111111111111114,94.66666666666667,0.6666666666666666,0.3333333333333333,0.6018277147452618,0.31690140845070425,0.0,0.47535211267605637,0.31690140845070425,0.0,0.0,0.0,0.0,0.0,0.0,0.0,0.0,0.3934604851330204
2017,nwsl::Football_Player::27bc115157c2441ea2092b2560ca1950,Y. Aedo,y aedo,Washington Spirit,Forward,0.0,0,0.0,0.0,0.0,0.0,0,0,0.0,0,0,0.0,0.0,0.0,0.0,0.0,0.0,0.0,0.0,0.0,0.0,0.0,0.0,0.0,0.0,0.0,0.0,0.0,0.0
2017,nwsl::Football_Player::27c41a5753734affa1a5074da154a24a,C. Castleberry,c castleberry,Washington Spirit,Midfielder,26.0,2,0.0,2.0,2.0,0.0,0,0,0.0,0,0,13.0,0.0,0.0,1.0,0.06086111111111111,0.0,0.0,0.0,0.0,0.0,0.0,0.0,0.0,0.0,0.0,0.0,0.0,0.065
2017,nwsl::Football_Player::2e67f16c924649e9b5584a1a25552589,C. Krueger,c krueger,Washington Spirit,Defender,2004.0,23,22.0,23.0,1.0,0.0,1,1,0.0,11,3,87.1304347826087,91.0909090909091,0.9565217391304348,0.043478260869565216,0.8924710253406231,0.08982035928143713,0.0,0.4940119760479042,0.1347305389221557,0.0,0.0,0.0,0.0,0.0,0.0,0.0,0.0,0.4667150481645405
2017,nwsl::Football_Player::38533cb4693048bb8dfce55130bd4eaa,A. Brooks,a brooks,Washington Spirit,Defender,2160.0,24,24.0,24.0,0.0,0.0,1,2,0.0,16,1,90.0,90.0,1.0,0.0,0.9239062499999999,0.125,0.0,0.6666666666666666,0.041666666666666664,0.0,0.0,0.0,0.0,0.0,0.0,0.0,0.0,0.49270833333333336
2017,nwsl::Football_Player::3aefd825eeab48d994fc572c7a023ea0,L. Williams,l williams,Washington Spirit,Goalkeeper,1980.0,22,22.0,22.0,0.0,0.0,0,0,0.0,0,0,90.0,90.0,1.0,0.0,0.9175,0.0,0.0,0.0,0.0,0.0,0.0,0.0,0.0,0.0,0.0,0.0,0.0,0.45
2017,nwsl::Football_Player::3d57a577770a4e51a19b76fce2f56209,Amanda DaCosta,amanda dacosta,Washington Spirit,Midfielder,382.0,11,4.0,11.0,7.0,4.0,1,0,0.0,2,1,34.72727272727273,95.5,0.36363636363636365,0.6363636363636364,0.37777604579829716,0.2356020942408377,0.0,0.4712041884816754,0.2356020942408377,0.0,0.0,0.0,0.0,0.0,0.0,0.0,0.0,0.23450023798191338
2017,nwsl::Football_Player::563dd6b70ed74a0c9b30dc29b51c8364,A. Harris,a harris,Washington Spirit,Goalkeeper,1196.0,14,14.0,14.0,0.0,1.0,0,0,0.0,0,0,85.42857142857143,85.42857142857143,1.0,0.0,0.8563730158730158,0.0,0.0,0.0,0.0,0.0,0.0,0.0,0.0,0.0,0.0,0.0,0.0,0.42714285714285716
2017,nwsl::Football_Player::6e446237f3374a319e49d075217bd799,E. Banini,e banini,Washington Spirit,Midfielder,546.0,9,6.0,9.0,3.0,3.0,1,0,0.0,11,8,60.666666666666664,91.0,0.6666666666666666,0.3333333333333333,0.593469067969068,0.16483516483516483,0.0,1.8131868131868132,1.3186813186813187,0.0,0.0,0.0,0.0,0.0,0.0,0.0,0.0,0.383003663003663
2017,nwsl::Football_Player::72fb38693cf646e998ba0ec832085776,S. Prudhomme,s prudhomme,Washington Spirit,Goalkeeper,450.0,5,5.0,5.0,0.0,0.0,0,0,0.0,0,0,90.0,90.0,1.0,0.0,0.8049999999999999,0.0,0.0,0.0,0.0,0.0,0.0,0.0,0.0,0.0,0.0,0.0,0.0,0.45
2017,nwsl::Football_Player::7db5847746a4400c82ce7aca3ed31c03,K. Reynolds,k reynolds,Washington Spirit,Defender,1063.0,12,12.0,12.0,0.0,1.0,0,0,0.0,0,0,88.58333333333333,88.58333333333333,1.0,0.0,0.8525023148148148,0.0,0.0,0.0,0.0,0.0,0.0,0.0,0.0,0.0,0.0,0.0,0.0,0.4429166666666667
2017,nwsl::Football_Player::7f57f5e76b204d0fa3ee7fdf5f66c059,J. Lohman,j lohman,Washington Spirit,Midfielder,22.0,1,1.0,1.0,0.0,1.0,0,0,0.0,0,0,22.0,22.0,1.0,0.0,0.535111111111111,0.0,0.0,0.0,0.0,0.0,0.0,0.0,0.0,0.0,0.0,0.0,0.0,0.11
2017,nwsl::Football_Player::94de57f74c554630b9abe7bc1bd588f9,B. Ratcliffe,b ratcliffe,Washington Spirit,Forward,1106.0,22,12.0,22.0,10.0,11.0,1,2,0.0,16,7,50.27272727272727,92.16666666666667,0.5454545454545454,0.45454545454545453,0.5853168575447056,0.24412296564195296,0.0,1.301989150090416,0.5696202531645569,0.0,0.0,0.0,0.0,0.0,0.0,0.0,0.0,0.3347723162913037
2017,nwsl::Football_Player::a44bce02f4154f0e8f0cb4fabb2d1509,F. Ordega,f ordega,Washington Spirit,Forward,921.0,14,8.0,14.0,6.0,1.0,4,3,0.0,16,9,65.78571428571429,115.125,0.5714285714285714,0.42857142857142855,0.6214596517760198,0.6840390879478828,0.0,1.5635179153094463,0.8794788273615636,0.0,0.0,0.0,0.0,0.0,0.0,0.0,0.0,0.5105246626337832
2017,nwsl::Football_Player::a86e9ba2f4c44ce789c593b2b5bf9bcb,A. Kingsbury,a kingsbury,Washington Spirit,Goalkeeper,990.0,11,11.0,11.0,0.0,0.0,0,0,0.0,1,1,90.0,90.0,1.0,0.0,0.8503409090909091,0.0,0.0,0.09090909090909091,0.09090909090909091,0.0,0.0,0.0,0.0,0.0,0.0,0.0,0.0,0.45227272727272727
2017,nwsl::Football_Player::b6c8507c7df04dd283cf16d546d78a2d,H. Raso,h raso,Washington Spirit,Forward,1943.0,24,22.0,24.0,2.0,6.0,7,3,0.0,17,10,80.95833333333333,88.31818181818181,0.9166666666666666,0.08333333333333333,0.8655309557337831,0.46320123520329387,0.0,0.7874420998455997,0.46320123520329387,0.0,0.0,0.0,0.0,0.0,0.0,0.0,0.0,0.5209779764968262
2017,nwsl::Football_Player::c413ab13b4b2411b8255f868ec263843,A. Hatch,a hatch,Washington Spirit,Forward,1373.0,24,15.0,24.0,9.0,8.0,7,1,0.0,46,21,57.208333333333336,91.53333333333333,0.625,0.375,0.6607631158789891,0.5243991260014567,0.0,3.0152949745083757,1.3765477057538236,0.0,0.0,0.0,0.0,0.0,0.0,0.0,0.0,0.4706738589463462
2017,nwsl::Football_Player::c52d8a667f9146da897c860a3edef8df,T. Weimer,t weimer,Washington Spirit,Midfielder,804.0,17,11.0,17.0,6.0,11.0,0,1,0.0,4,2,47.294117647058826,73.0909090909091,0.6470588235294118,0.35294117647058826,0.5906968466491074,0.11194029850746269,0.0,0.44776119402985076,0.22388059701492538,0.0,0.0,0.0,0.0,0.0,0.0,0.0,0.0,0.27098551360842843
2017,nwsl::Football_Player::c78a57f425bc49a4b20f936d22cdb37e,C. Nairn,c nairn,Washington Spirit,Midfielder,1646.0,23,21.0,23.0,2.0,15.0,1,4,0.0,15,6,71.56521739130434,78.38095238095238,0.9130434782608695,0.08695652173913043,0.8249548253414807,0.2733900364520049,0.0,0.8201701093560146,0.32806804374240583,0.0,0.0,0.0,0.0,0.0,0.0,0.0,0.0,0.4352865972845898
2017,nwsl::Football_Player::d14268671393435c9c3e376871891eed,T. Huster,t huster,Washington Spirit,Midfielder,1714.0,20,19.0,20.0,1.0,0.0,0,0,0.0,22,8,85.7,90.21052631578948,0.95,0.05,0.8841625275508882,0.0,0.0,1.1551925320886816,0.42007001166861146,0.0,0.0,0.0,0.0,0.0,0.0,0.0,0.0,0.45737981330221705
2017,nwsl::Football_Player::d65ed4d1d2174e0685e4611bf8a53fb1,W. Church,w church,Washington Spirit,Defender,1980.0,22,22.0,22.0,0.0,0.0,1,1,0.0,4,2,90.0,90.0,1.0,0.0,0.9210227272727273,0.09090909090909091,0.0,0.18181818181818182,0.09090909090909091,0.0,0.0,0.0,0.0,0.0,0.0,0.0,0.0,0.47348484848484845
2017,nwsl::Football_Player::e51b4111833f48188a8a8ccd3eccef3e,A. Salem,a salem,Washington Spirit,Midfielder,2117.0,24,24.0,24.0,0.0,2.0,0,0,0.0,8,2,88.20833333333333,88.20833333333333,1.0,0.0,0.9124547878505572,0.0,0.0,0.3401039206424185,0.08502598016060463,0.0,0.0,0.0,0.0,0.0,0.0,0.0,0.0,0.4495442646827271
2017,nwsl::Football_Player::f148283f909c473abc4a1a55fdf75fde,K. Wys,k wys,Washington Spirit,Goalkeeper,0.0,0,0.0,0.0,0.0,0.0,0,0,0.0,0,0,0.0,0.0,0.0,0.0,0.0,0.0,0.0,0.0,0.0,0.0,0.0,0.0,0.0,0.0,0.0,0.0,0.0,0.0
2017,nwsl::Football_Player::fbfe7392b0744bb6a8d7826010fe0a6e,N. Barnhart,n barnhart,Washington Spirit,Goalkeeper,2160.0,24,24.0,24.0,0.0,0.0,0,0,0.0,0,0,90.0,90.0,1.0,0.0,0.9175,0.0,0.0,0.0,0.0,0.0,0.0,0.0,0.0,0.0,0.0,0.0,0.0,0.45
2018,nwsl::Football_Player::0fd2f43637c941a58f9944a3f2649538,Nádia Gomes,nadia gomes,Chicago Stars,Forward,0.0,0,0.0,0.0,0.0,0.0,0,0,0.0,0,0,0.0,0.0,0.0,0.0,0.0,0.0,0.0,0.0,0.0,0.0,0.0,0.0,0.0,0.0,0.0,0.0,0.0,0.0
2018,nwsl::Football_Player::1f4e3b2cfd1c4b948638a3da72e53156,S. Green,s green,Chicago Stars,Forward,319.0,8,4.0,8.0,4.0,4.0,0,0,0.0,0,0,39.875,79.75,0.5,0.5,0.4256701388888889,0.0,0.0,0.0,0.0,0.0,0.0,0.0,0.0,0.0,0.0,0.0,0.0,0.199375
2018,nwsl::Football_Player::256bc2e2112f4d19a20b781be81fd5d0,S. Johnson,s johnson,Chicago Stars,Defender,2666.0,32,30.0,32.0,2.0,2.0,0,0,0.0,14,4,83.3125,88.86666666666666,0.9375,0.0625,0.867555304190631,0.0,0.0,0.47261815453863465,0.1350337584396099,0.0,0.0,0.0,0.0,0.0,0.0,0.0,0.0,0.4283779538634659
2018,nwsl::Football_Player::27cc52def1e74128b84ce837f12b3fbc,L. Kaskie,l kaskie,Chicago Stars,Midfielder,202.0,6,3.0,6.0,3.0,3.0,1,0,0.0,3,1,33.666666666666664,67.33333333333333,0.5,0.5,0.40770416208287497,0.44554455445544555,0.0,1.3366336633663367,0.44554455445544555,0.0,0.0,0.0,0.0,0.0,0.0,0.0,0.0,0.2945709570957096
2018,nwsl::Football_Player::404d296f2db3430fa708712e6accb043,M. Dalton,m dalton,Chicago Stars,Goalkeeper,0.0,0,0.0,0.0,0.0,0.0,0,0,0.0,0,0,0.0,0.0,0.0,0.0,0.0,0.0,0.0,0.0,0.0,0.0,0.0,0.0,0.0,0.0,0.0,0.0,0.0,0.0
2018,nwsl::Football_Player::4a2f22e74e874b8bbdf2f73dec08a844,C. Onwualu,c onwualu,Chicago Stars,Midfielder,172.0,2,2.0,2.0,0.0,1.0,0,0,0.0,0,0,86.0,86.0,1.0,0.0,0.7683888888888889,0.0,0.0,0.0,0.0,0.0,0.0,0.0,0.0,0.0,0.0,0.0,0.0,0.43000000000000005
2018,nwsl::Football_Player::4ac4124fcba24e0d9af2718003a05c4e,R. Torrero,r torrero,Chicago Stars,Goalkeeper,0.0,0,0.0,0.0,0.0,0.0,0,0,0.0,0,0,0.0,0.0,0.0,0.0,0.0,0.0,0.0,0.0,0.0,0.0,0.0,0.0,0.0,0.0,0.0,0.0,0.0,0.0
2018,nwsl::Football_Player::57fe0d4b80e74d1fa6fc56aab0db25ad,A. Naeher,a naeher,Chicago Stars,Goalkeeper,2070.0,23,23.0,23.0,0.0,0.0,0,0,0.0,0,0,90.0,90.0,1.0,0.0,0.9175,0.0,0.0,0.0,0.0,0.0,0.0,0.0,0.0,0.0,0.0,0.0,0.0,0.45
2018,nwsl::Football_Player::661995ab1d524cbc9c07c5b147020bef,J. Hoy,j hoy,Chicago Stars,Forward,217.0,10,2.0,10.0,8.0,2.0,0,0,0.0,3,2,21.7,108.5,0.2,0.8,0.24621867639528933,0.0,0.0,1.2442396313364057,0.8294930875576038,0.0,0.0,0.0,0.0,0.0,0.0,0.0,0.0,0.13960599078341013
2018,nwsl::Football_Player::8a79e963a9ed4ce7b8e03564a23de251,B. Elby,b elby,Chicago Stars,Defender,1692.0,22,18.0,22.0,4.0,6.0,0,2,0.0,12,6,76.9090909090909,94.0,0.8181818181818182,0.18181818181818182,0.7952180851063829,0.10638297872340426,0.0,0.6382978723404255,0.3191489361702127,0.0,0.0,0.0,0.0,0.0,0.0,0.0,0.0,0.42266602192134106
2018,nwsl::Football_Player::9556955942f0440ba40131808554d799,Z. Goralski,z goralski,Chicago Stars,Defender,0.0,0,0.0,0.0,0.0,0.0,0,0,0.0,0,0,0.0,0.0,0.0,0.0,0.0,0.0,0.0,0.0,0.0,0.0,0.0,0.0,0.0,0.0,0.0,0.0,0.0,0.0
2018,nwsl::Football_Player::bee0506c8e134de9bc8af601b1d28778,J. Ertz,j ertz,Chicago Stars,Midfielder,1216.0,15,14.0,15.0,1.0,2.0,0,0,0.0,11,3,81.06666666666666,86.85714285714286,0.9333333333333333,0.06666666666666667,0.821538227948343,0.0,0.0,0.8141447368421053,0.22203947368421054,0.0,0.0,0.0,0.0,0.0,0.0,0.0,0.0,0.425686951754386
2018,nwsl::Football_Player::bf34255e27f44fa380961950723a9003,A. Mautz,a mautz,Chicago Stars,Midfielder,1796.0,24,21.0,24.0,3.0,11.0,5,3,0.0,22,13,74.83333333333333,85.52380952380952,0.875,0.125,0.8244073970964283,0.40089086859688194,0.0,1.1024498886414253,0.6514476614699332,0.0,0.0,0.0,0.0,0.0,0.0,0.0,0.0,0.4852468448403861
2018,nwsl::Football_Player::c5ab6add4ef243f8aa8a491ef9861f2a,E. Boyd,e boyd,Chicago Stars,Goalkeeper,180.0,2,2.0,2.0,0.0,0.0,0,0,0.0,0,0,90.0,90.0,1.0,0.0,0.7825,0.0,0.0,0.0,0.0,0.0,0.0,0.0,0.0,0.0,0.0,0.0,0.0,0.45
2018,nwsl::Football_Player::d7d29fcbb1374eb4bda584df8d928547,M. Swanson,m swanson,Chicago Stars,Forward,1082.0,15,13.0,15.0,2.0,5.0,2,1,0.0,19,8,72.13333333333334,83.23076923076923,0.8666666666666667,0.13333333333333333,0.7706949544738825,0.24953789279112754,0.0,1.5804066543438078,0.6654343807763401,0.0,0.0,0.0,0.0,0.0,0.0,0.0,0.0,0.4521638940234135
2018,nwsl::Football_Player::dd552139607f4e219cab7864188eef47,S. Groom,s groom,Chicago Stars,Midfielder,1535.0,21,17.0,21.0,4.0,8.0,2,3,0.0,34,15,73.0952380952381,90.29411764705883,0.8095238095238095,0.19047619047619047,0.7887862787170605,0.29315960912052114,0.0,1.9934853420195437,0.8794788273615635,0.0,0.0,0.0,0.0,0.0,0.0,0.0,0.0,0.4763882425934543
2018,nwsl::Football_Player::f807542502fa4a38ae1466a1712b915a,C. Eigenberger,c eigenberger,Chicago Stars,Defender,0.0,0,0.0,0.0,0.0,0.0,0,0,0.0,0,0,0.0,0.0,0.0,0.0,0.0,0.0,0.0,0.0,0.0,0.0,0.0,0.0,0.0,0.0,0.0,0.0,0.0,0.0
2018,nwsl::Football_Player::0a0fc2bab77a4a5bbb5048fd1241efe4,C. Benintente,c benintente,Gotham FC,Defender,0.0,0,0.0,0.0,0.0,0.0,0,0,0.0,0,0,0.0,0.0,0.0,0.0,0.0,0.0,0.0,0.0,0.0,0.0,0.0,0.0,0.0,0.0,0.0,0.0,0.0,0.0
2018,nwsl::Football_Player::12d0fcd5fa024c44809ff34d8eb9586b,N. Driesse,n driesse,Gotham FC,Midfielder,7.0,1,0.0,1.0,1.0,0.0,0,0,0.0,0,0,7.0,0.0,0.0,1.0,0.03219444444444444,0.0,0.0,0.0,0.0,0.0,0.0,0.0,0.0,0.0,0.0,0.0,0.0,0.035
2018,nwsl::Football_Player::266288af33ed4b378e529b0cb8957ecf,E. Sonnett,e sonnett,Gotham FC,Defender,1934.0,22,22.0,22.0,0.0,2.0,1,1,0.0,5,2,87.9090909090909,87.9090909090909,1.0,0.0,0.9139047611586392,0.09307135470527406,0.0,0.23267838676318514,0.09307135470527406,0.0,0.0,0.0,0.0,0.0,0.0,0.0,0.0,0.46475227977813294
2018,nwsl::Football_Player::34a2d1a93100464f820f172a45c21408,M. Meehan,m meehan,Gotham FC,Midfielder,352.0,11,3.0,11.0,8.0,2.0,0,0,0.0,7,1,32.0,117.33333333333333,0.2727272727272727,0.7272727272727273,0.32482780934343436,0.0,0.0,1.7897727272727273,0.2556818181818182,0.0,0.0,0.0,0.0,0.0,0.0,0.0,0.0,0.20474431818181818
2018,nwsl::Football_Player::39fe0dbc3b0a49c0a46d405d30b7141d,M. Purce,m purce,Gotham FC,Forward,1343.0,21,16.0,21.0,5.0,7.0,0,0,0.0,9,3,63.95238095238095,83.9375,0.7619047619047619,0.23809523809523808,0.7207286586927316,0.0,0.0,0.6031273268801192,0.20104244229337304,0.0,0.0,0.0,0.0,0.0,0.0,0.0,0.0,0.33484008793390774
2018,nwsl::Football_Player::3d63e30fe2e44837bbc051f968f80cb6,C. Gibbons,c gibbons,Gotham FC,Defender,1430.0,18,16.0,18.0,2.0,4.0,0,0,0.0,1,0,79.44444444444444,89.375,0.8888888888888888,0.1111111111111111,0.8154983596650264,0.0,0.0,0.06293706293706293,0.0,0.0,0.0,0.0,0.0,0.0,0.0,0.0,0.0,0.3987956487956488
2018,nwsl::Football_Player::3e154a3f17cf4dfaae292baf85f5f94c,A. Krieger,a krieger,Gotham FC,Defender,1675.0,19,19.0,19.0,0.0,2.0,0,2,0.0,7,1,88.15789473684211,88.15789473684211,1.0,0.0,0.908270118704722,0.10746268656716418,0.0,0.3761194029850746,0.05373134328358209,0.0,0.0,0.0,0.0,0.0,0.0,0.0,0.0,0.47258051846032995
2018,nwsl::Football_Player::46c4d8f93d3c4ae585862889e43f2d57,N. Kawasumi,n kawasumi,Gotham FC,Midfielder,875.0,14,11.0,14.0,3.0,9.0,0,3,0.0,7,3,62.5,79.54545454545455,0.7857142857142857,0.21428571428571427,0.6914003968253968,0.3085714285714286,0.0,0.7200000000000001,0.3085714285714286,0.0,0.0,0.0,0.0,0.0,0.0,0.0,0.0,0.3947857142857143
2018,nwsl::Football_Player::4932d40caf094edd88eb680559cffd38,K. Edmonds,k edmonds,Gotham FC,Defender,1091.0,15,13.0,15.0,2.0,5.0,1,0,0.0,5,2,72.73333333333333,83.92307692307692,0.8666666666666667,0.13333333333333333,0.7632116933156804,0.08249312557286893,0.0,0.41246562786434465,0.16498625114573787,0.0,0.0,0.0,0.0,0.0,0.0,0.0,0.0,0.3911643751909563
2018,nwsl::Football_Player::49ca2364454b4dcca0af07701eb25f37,M. Shim,m shim,Gotham FC,Midfielder,597.0,8,7.0,8.0,1.0,2.0,0,0,0.0,5,3,74.625,85.28571428571429,0.875,0.125,0.7198370498324959,0.0,0.0,0.7537688442211055,0.4522613065326633,0.0,0.0,0.0,0.0,0.0,0.0,0.0,0.0,0.3919692211055277
2018,nwsl::Football_Player::4a2441cafc054eb19ee8e3299e963a4a,S. Woldmoe,s woldmoe,Gotham FC,Midfielder,2131.0,24,24.0,24.0,0.0,1.0,2,2,0.0,6,3,88.79166666666667,88.79166666666667,1.0,0.0,0.9194667382510385,0.16893477240732052,0.0,0.25340215861098075,0.12670107930549038,0.0,0.0,0.0,0.0,0.0,0.0,0.0,0.0,0.485488131550133
2018,nwsl::Football_Player::4fe9e338566349eaa890e35ca4f14395,R. Stott,r stott,Gotham FC,Defender,775.0,9,8.0,9.0,1.0,0.0,0,0,0.0,0,0,86.11111111111111,96.875,0.8888888888888888,0.1111111111111111,0.7712808641975308,0.0,0.0,0.0,0.0,0.0,0.0,0.0,0.0,0.0,0.0,0.0,0.0,0.4305555555555556
2018,nwsl::Football_Player::51457bd85a5d42429d4aeaaa776902e0,K. Gunion,k gunion,Gotham FC,Goalkeeper,0.0,0,0.0,0.0,0.0,0.0,0,0,0.0,0,0,0.0,0.0,0.0,0.0,0.0,0.0,0.0,0.0,0.0,0.0,0.0,0.0,0.0,0.0,0.0,0.0,0.0,0.0
2018,nwsl::Football_Player::5d8a571d227e4de9a74334fb302db570,T. Lytle,t lytle,Gotham FC,Midfielder,449.0,10,4.0,10.0,6.0,4.0,0,2,0.0,1,1,44.9,112.25,0.4,0.6,0.426676732244494,0.40089086859688194,0.0,0.20044543429844097,0.20044543429844097,0.0,0.0,0.0,0.0,0.0,0.0,0.0,0.0,0.3130300668151448
2018,nwsl::Football_Player::6144cda878034ef1ad6370121d357764,Thaisa,thaisa,Gotham FC,Midfielder,395.0,8,5.0,8.0,3.0,5.0,0,0,0.0,3,1,49.375,79.0,0.625,0.375,0.5179973189170183,0.0,0.0,0.6835443037974683,0.22784810126582278,0.0,0.0,0.0,0.0,0.0,0.0,0.0,0.0,0.26396360759493676
2018,nwsl::Football_Player::6a8196684e034ab5855c3d2768858ae8,K. O'Hara,k o hara,Gotham FC,Defender,517.0,8,7.0,8.0,1.0,6.0,1,0,0.0,8,5,64.625,73.85714285714286,0.875,0.125,0.6923951147109392,0.17408123791102514,0.0,1.3926499032882012,0.8704061895551257,0.0,0.0,0.0,0.0,0.0,0.0,0.0,0.0,0.39420817214700193
2018,nwsl::Football_Player::8079d44d5da04bab90a73a292890722a,G. Cuevas,g cuevas,Gotham FC,Defender,0.0,0,0.0,0.0,0.0,0.0,0,0,0.0,0,0,0.0,0.0,0.0,0.0,0.0,0.0,0.0,0.0,0.0,0.0,0.0,0.0,0.0,0.0,0.0,0.0,0.0,0.0
2018,nwsl::Football_Player::83f99f2c46c14a8384ecad9afafdad7e,C. Casey,c casey,Gotham FC,Goalkeeper,90.0,1,1.0,1.0,0.0,0.0,0,0,0.0,0,0,90.0,90.0,1.0,0.0,0.7749999999999999,0.0,0.0,0.0,0.0,0.0,0.0,0.0,0.0,0.0,0.0,0.0,0.0,0.45
2018,nwsl::Football_Player::855b6512c93c41578cc3dac2397133e5,C. Foord,c foord,Gotham FC,Forward,456.0,8,4.0,8.0,4.0,2.0,0,0,0.0,7,4,57.0,114.0,0.5,0.5,0.4912642543859649,0.0,0.0,1.381578947368421,0.7894736842105263,0.0,0.0,0.0,0.0,0.0,0.0,0.0,0.0,0.3195394736842105
2018,nwsl::Football_Player::86319f6b356140f5938edbee2f3770d1,A. Pierre-Louis,a pierre louis,Gotham FC,Defender,44.0,3,0.0,3.0,3.0,0.0,0,0,0.0,0,0,14.666666666666666,0.0,0.0,1.0,0.07424074074074073,0.0,0.0,0.0,0.0,0.0,0.0,0.0,0.0,0.0,0.0,0.0,0.0,0.07333333333333335
2018,nwsl::Football_Player::890aab36584c4278b8a8d11be569aeb4,C. Dunn,c dunn,Gotham FC,Midfielder,1976.0,24,23.0,24.0,1.0,7.0,8,7,0.0,54,28,82.33333333333333,85.91304347826087,0.9583333333333334,0.041666666666666664,0.9022768312340681,0.6831983805668016,0.0,2.4595141700404857,1.2753036437246963,0.0,0.0,0.0,0.0,0.0,0.0,0.0,0.0,0.6154875168690958
2018,nwsl::Football_Player::89c6676ce8024165b737f1a59cecb3f0,T. Smith,t smith,Gotham FC,Forward,2064.0,23,23.0,23.0,0.0,2.0,0,1,0.0,7,3,89.73913043478261,89.73913043478261,1.0,0.0,0.919086977586788,0.0436046511627907,0.0,0.30523255813953487,0.1308139534883721,0.0,0.0,0.0,0.0,0.0,0.0,0.0,0.0,0.4654107684529828
2018,nwsl::Football_Player::9eb566fe822242e884ea5cb35f4e840b,E. Skroski,e skroski,Gotham FC,Defender,1654.0,20,20.0,20.0,0.0,4.0,0,0,0.0,1,0,82.7,82.7,1.0,0.0,0.8919512730081957,0.0,0.0,0.05441354292623942,0.0,0.0,0.0,0.0,0.0,0.0,0.0,0.0,0.0,0.41486033857315596
2018,nwsl::Football_Player::a2419a96148f403cb151257a7d02d49c,M. Morris,m morris,Gotham FC,Forward,0.0,0,0.0,0.0,0.0,0.0,0,0,0.0,0,0,0.0,0.0,0.0,0.0,0.0,0.0,0.0,0.0,0.0,0.0,0.0,0.0,0.0,0.0,0.0,0.0,0.0,0.0
2018,nwsl::Football_Player::b14bb22cd4c0413fb3d8ee32096c2f89,E. Bona,e bona,Gotham FC,Midfielder,25.0,2,0.0,2.0,2.0,0.0,0,0,0.0,0,0,12.5,0.0,0.0,1.0,0.059097222222222225,0.0,0.0,0.0,0.0,0.0,0.0,0.0,0.0,0.0,0.0,0.0,0.0,0.0625
2018,nwsl::Football_Player::c51c2ea6078044c0aacecd0306ea21c5,M. Tiernan,m tiernan,Gotham FC,Midfielder,1242.0,22,15.0,22.0,7.0,8.0,2,1,0.0,8,4,56.45454545454545,82.8,0.6818181818181818,0.3181818181818182,0.6649446640316206,0.21739130434782608,0.0,0.5797101449275363,0.2898550724637681,0.0,0.0,0.0,0.0,0.0,0.0,0.0,0.0,0.34205533596837945
2018,nwsl::Football_Player::d1485dcbe6f34e4c9ba927371173260d,R. Lavelle,r lavelle,Gotham FC,Midfielder,424.0,11,5.0,11.0,6.0,5.0,0,0,0.0,6,2,38.54545454545455,84.8,0.45454545454545453,0.5454545454545454,0.42780119592147897,0.0,0.0,1.2735849056603774,0.4245283018867924,0.0,0.0,0.0,0.0,0.0,0.0,0.0,0.0,0.22456689536878216
2018,nwsl::Football_Player::d8991716e33c4d7382309a7866ae9d6c,M. Zerboni,m zerboni,Gotham FC,Midfielder,1800.0,20,20.0,20.0,0.0,0.0,3,1,0.0,13,8,90.0,90.0,1.0,0.0,0.9261874999999999,0.2,0.0,0.65,0.4,0.0,0.0,0.0,0.0,0.0,0.0,0.0,0.0,0.5079166666666667
2018,nwsl::Football_Player::eb192101ab34425984a49075a90f3b0c,S. Kerr,s kerr,Gotham FC,Forward,1794.0,20,20.0,20.0,0.0,1.0,16,4,0.0,90,47,89.7,89.7,1.0,0.0,0.962796181716834,1.0033444816053512,0.0,4.51505016722408,2.3578595317725752,0.0,0.0,0.0,0.0,0.0,0.0,0.0,0.0,0.7575301003344481
2018,nwsl::Football_Player::f08a69283d72446098764ac022263a6c,K. Mills,k mills,Gotham FC,Defender,0.0,0,0.0,0.0,0.0,0.0,0,0,0.0,0,0,0.0,0.0,0.0,0.0,0.0,0.0,0.0,0.0,0.0,0.0,0.0,0.0,0.0,0.0,0.0,0.0,0.0,0.0
2018,nwsl::Football_Player::f1674817643d4409ae98e3f26ec72dc4,M. Freeman,m freeman,Gotham FC,Defender,1826.0,21,21.0,21.0,0.0,4.0,0,0,0.0,0,0,86.95238095238095,86.95238095238095,1.0,0.0,0.9067486772486772,0.0,0.0,0.0,0.0,0.0,0.0,0.0,0.0,0.0,0.0,0.0,0.0,0.4347619047619048
2018,nwsl::Football_Player::f8682c257fa14a7c862ecccc4b892332,M. Betos,m betos,Gotham FC,Goalkeeper,720.0,8,8.0,8.0,0.0,0.0,0,0,0.0,0,0,90.0,90.0,1.0,0.0,0.8275,0.0,0.0,0.0,0.0,0.0,0.0,0.0,0.0,0.0,0.0,0.0,0.0,0.45
2018,nwsl::Football_Player::fed95d382879402f971b73910f1a8e2a,K. Stengel,k stengel,Gotham FC,Forward,1142.0,23,10.0,23.0,13.0,4.0,6,0,0.0,25,15,49.65217391304348,114.2,0.43478260869565216,0.5652173913043478,0.5429790709578077,0.4728546409807356,0.0,1.9702276707530648,1.182136602451839,0.0,0.0,0.0,0.0,0.0,0.0,0.0,0.0,0.39602794487169724
2018,nwsl::Football_Player::09c50d34358f41f38da8a21da7336688,B. Henninger,b henninger,Houston Dash,Goalkeeper,0.0,0,0.0,0.0,0.0,0.0,0,0,0.0,0,0,0.0,0.0,0.0,0.0,0.0,0.0,0.0,0.0,0.0,0.0,0.0,0.0,0.0,0.0,0.0,0.0,0.0,0.0
2018,nwsl::Football_Player::0bb3c16212754939b111d70c83644b8e,D. Colaprico,d colaprico,Houston Dash,Midfielder,1996.0,25,22.0,25.0,3.0,4.0,1,4,0.0,6,2,79.84,90.72727272727273,0.88,0.12,0.8357176475172567,0.22545090180360722,0.0,0.27054108216432865,0.09018036072144289,0.0,0.0,0.0,0.0,0.0,0.0,0.0,0.0,0.4529324649298597
2018,nwsl::Football_Player::0bc0d986844b458592417f6157d1aeb4,C. Westphal,c westphal,Houston Dash,Defender,694.0,12,9.0,12.0,3.0,4.0,0,1,0.0,1,0,57.833333333333336,77.11111111111111,0.75,0.25,0.6360620530472837,0.12968299711815562,0.0,0.12968299711815562,0.0,0.0,0.0,0.0,0.0,0.0,0.0,0.0,0.0,0.31942603266090297
2018,nwsl::Football_Player::13966c8ec3cb453391ba34ddef7df31c,K. Watt,k watt,Houston Dash,Forward,1438.0,19,18.0,19.0,1.0,10.0,5,4,0.0,22,13,75.6842105263158,79.88888888888889,0.9473684210526315,0.05263157894736842,0.8585788599337937,0.5632823365785814,0.0,1.376912378303199,0.8136300417246175,0.0,0.0,0.0,0.0,0.0,0.0,0.0,0.0,0.5301943488763634
2018,nwsl::Football_Player::27adde6bc4e540c5959718f7e27a1c5e,J. McDonald,j mcdonald,Houston Dash,Forward,1865.0,25,23.0,25.0,2.0,17.0,10,8,0.0,68,30,74.6,81.08695652173913,0.92,0.08,0.8666226243669943,0.868632707774799,0.0,3.2815013404825737,1.447721179624665,0.0,0.0,0.0,0.0,0.0,0.0,0.0,0.0,0.6360026809651474
2018,nwsl::Football_Player::43741bd239304305967ff5b65267dd64,K. Keever,k keever,Houston Dash,Defender,728.0,11,9.0,11.0,2.0,4.0,1,0,0.0,5,2,66.18181818181819,80.88888888888889,0.8181818181818182,0.18181818181818182,0.6903378843378845,0.12362637362637363,0.0,0.6181318681318682,0.24725274725274726,0.0,0.0,0.0,0.0,0.0,0.0,0.0,0.0,0.3721178821178821
2018,nwsl::Football_Player::5169c6fd0fc140ee8b82add29a6d8b3f,C. Falknor,c falknor,Houston Dash,Midfielder,27.0,2,0.0,2.0,2.0,0.0,0,0,0.0,0,0,13.5,0.0,0.0,1.0,0.062625,0.0,0.0,0.0,0.0,0.0,0.0,0.0,0.0,0.0,0.0,0.0,0.0,0.0675
2018,nwsl::Football_Player::575e968bbc174d36bb50599db040917c,J. van Wyk,j van wyk,Houston Dash,Defender,1719.0,20,20.0,20.0,0.0,4.0,0,0,0.0,0,0,85.95,85.95,1.0,0.0,0.9032125,0.0,0.0,0.0,0.0,0.0,0.0,0.0,0.0,0.0,0.0,0.0,0.0,0.42974999999999997
2018,nwsl::Football_Player::5f6a0a88d86040cb88836e22eed4f631,M. Rosa,m rosa,Houston Dash,Midfielder,0.0,0,0.0,0.0,0.0,0.0,0,0,0.0,0,0,0.0,0.0,0.0,0.0,0.0,0.0,0.0,0.0,0.0,0.0,0.0,0.0,0.0,0.0,0.0,0.0,0.0,0.0
2018,nwsl::Football_Player::65926eaa2f7f4b17833600561c0ed506,K. Lind,k lind,Houston Dash,Defender,2149.0,24,24.0,24.0,0.0,1.0,1,0,0.0,3,1,89.54166666666667,89.54166666666667,1.0,0.0,0.9176629994786552,0.041879944160074456,0.0,0.12563983248022337,0.041879944160074456,0.0,0.0,0.0,0.0,0.0,0.0,0.0,0.0,0.45957431751202116
2018,nwsl::Football_Player::7906a90887a244859bdbd71b20428fef,M. Hahn,m hahn,Houston Dash,Midfielder,0.0,0,0.0,0.0,0.0,0.0,0,0,0.0,0,0,0.0,0.0,0.0,0.0,0.0,0.0,0.0,0.0,0.0,0.0,0.0,0.0,0.0,0.0,0.0,0.0,0.0,0.0
2018,nwsl::Football_Player::7b95e77ca5184ed39abbd7481af81fee,A. Chapman,a chapman,Houston Dash,Defender,2698.0,32,30.0,32.0,2.0,4.0,0,2,0.0,4,0,84.3125,89.93333333333334,0.9375,0.0625,0.8718960122209867,0.06671608598962195,0.0,0.1334321719792439,0.0,0.0,0.0,0.0,0.0,0.0,0.0,0.0,0.0,0.43879748888065234
2018,nwsl::Football_Player::989bad2146034993b95111ac086931b3,M. Abam,m abam,Houston Dash,Forward,50.0,4,0.0,4.0,4.0,0.0,0,0,0.0,1,0,12.5,0.0,0.0,1.0,0.08084722222222222,0.0,0.0,1.7999999999999998,0.0,0.0,0.0,0.0,0.0,0.0,0.0,0.0,0.0,0.1075
2018,nwsl::Football_Player::a508823d48c24d818a9b76c99106c143,J. Campbell,j campbell,Houston Dash,Goalkeeper,2160.0,24,24.0,24.0,0.0,0.0,0,1,0.0,0,0,90.0,90.0,1.0,0.0,0.9188020833333334,0.041666666666666664,0.0,0.0,0.0,0.0,0.0,0.0,0.0,0.0,0.0,0.0,0.0,0.4586805555555556
2018,nwsl::Football_Player::b84e9888c15f472fa74b57182a7f9d64,C. Farquharson,c farquharson,Houston Dash,Forward,152.0,5,1.0,5.0,4.0,2.0,0,0,0.0,3,0,30.4,152.0,0.2,0.8,0.24140562865497078,0.0,0.0,1.7763157894736843,0.0,0.0,0.0,0.0,0.0,0.0,0.0,0.0,0.0,0.19640789473684211
2018,nwsl::Football_Player::bb49de2ba5db4f6e8ef4ace9bfdd0386,Andressinha,andressinha,Houston Dash,Midfielder,870.0,19,9.0,19.0,10.0,6.0,0,0,0.0,13,3,45.78947368421053,96.66666666666667,0.47368421052631576,0.5263157894736842,0.5222360859044163,0.0,0.0,1.3448275862068966,0.3103448275862069,0.0,0.0,0.0,0.0,0.0,0.0,0.0,0.0,0.2625680580762251
2018,nwsl::Football_Player::be8d34625b5244f1b34e61df67be171a,Y. Nagasato,y nagasato,Houston Dash,Forward,1697.0,23,18.0,23.0,5.0,4.0,4,7,0.0,31,15,73.78260869565217,94.27777777777777,0.782608695652174,0.21739130434782608,0.7868585533151712,0.5833824395992929,0.0,1.64407778432528,0.7955215085444903,0.0,0.0,0.0,0.0,0.0,0.0,0.0,0.0,0.5315529963362455
2018,nwsl::Football_Player::c0076f9d59514192ab6a1107bfc8493a,A. Smith,a smith,Houston Dash,Goalkeeper,1512.0,17,17.0,17.0,0.0,1.0,0,0,0.0,0,0,88.94117647058823,88.94117647058823,1.0,0.0,0.8912647058823528,0.0,0.0,0.0,0.0,0.0,0.0,0.0,0.0,0.0,0.0,0.0,0.0,0.44470588235294123
2018,nwsl::Football_Player::c00d60912840446f91a548d112c94a85,A. Wetherington,a wetherington,Houston Dash,Midfielder,0.0,0,0.0,0.0,0.0,0.0,0,0,0.0,0,0,0.0,0.0,0.0,0.0,0.0,0.0,0.0,0.0,0.0,0.0,0.0,0.0,0.0,0.0,0.0,0.0,0.0,0.0
2018,nwsl::Football_Player::c4415406f03b42e99259ae1a2729d22f,R. Daly,r daly,Houston Dash,Forward,2155.0,24,24.0,24.0,0.0,1.0,10,2,0.0,52,23,89.79166666666667,89.79166666666667,1.0,0.0,0.940570150704649,0.5011600928074246,0.0,2.17169373549884,0.9605568445475638,0.0,0.0,0.0,0.0,0.0,0.0,0.0,0.0,0.6076590293890178
2018,nwsl::Football_Player::d58c0639f1ae4ed1880f2eeaf7bae36f,Camilinha,camilinha,Houston Dash,Midfielder,318.0,9,3.0,9.0,6.0,3.0,0,0,0.0,9,2,35.333333333333336,106.0,0.3333333333333333,0.6666666666666666,0.3517000349406009,0.0,0.0,2.547169811320755,0.5660377358490566,0.0,0.0,0.0,0.0,0.0,0.0,0.0,0.0,0.24034591194968552
2018,nwsl::Football_Player::d677a076327a4cc48fcb049018fc5b94,C. Lloyd,c lloyd,Houston Dash,Forward,1563.0,18,17.0,18.0,1.0,0.0,4,1,0.0,51,21,86.83333333333333,91.94117647058823,0.9444444444444444,0.05555555555555555,0.8863383006326864,0.28790786948176583,0.0,2.9366602687140113,1.2092130518234165,0.0,0.0,0.0,0.0,0.0,0.0,0.0,0.0,0.5675639795265515
2018,nwsl::Football_Player::dd9e5f32ac9344d29a4f8380fbd12fc7,T. McCarty,t mccarty,Houston Dash,Forward,70.0,1,1.0,1.0,0.0,1.0,0,0,0.0,0,0,70.0,70.0,1.0,0.0,0.7044444444444444,0.0,0.0,0.0,0.0,0.0,0.0,0.0,0.0,0.0,0.0,0.0,0.0,0.35000000000000003
2018,nwsl::Football_Player::e03d1965093b4a96b068ea2112bdd6ea,H. Solaun,h solaun,Houston Dash,Midfielder,496.0,13,5.0,13.0,8.0,4.0,0,1,0.0,5,0,38.15384615384615,99.2,0.38461538461538464,0.6153846153846154,0.414247794320375,0.1814516129032258,0.0,0.907258064516129,0.0,0.0,0.0,0.0,0.0,0.0,0.0,0.0,0.0,0.25125310173697274
2018,nwsl::Football_Player::f0fda5a35a37429a89ea9a98ee74e5d8,S. Jordan,s jordan,Houston Dash,Forward,414.0,10,5.0,10.0,5.0,3.0,0,1,0.0,4,1,41.4,82.8,0.5,0.5,0.45610434782608694,0.2173913043478261,0.0,0.8695652173913044,0.2173913043478261,0.0,0.0,0.0,0.0,0.0,0.0,0.0,0.0,0.2740289855072464
2018,nwsl::Football_Player::fae5abc7139347d3903574453693d2a1,A. Palisch,a palisch,Houston Dash,Midfielder,13.0,1,0.0,1.0,1.0,0.0,0,0,0.0,0,0,13.0,0.0,0.0,1.0,0.05336111111111111,0.0,0.0,0.0,0.0,0.0,0.0,0.0,0.0,0.0,0.0,0.0,0.0,0.065
2018,nwsl::Football_Player::03252d11c5d5470f97d5c52dd4d3b086,Y. Kawamura,y kawamura,NC Courage,Midfielder,98.0,2,1.0,2.0,1.0,0.0,0,0,0.0,0,0,49.0,98.0,0.5,0.5,0.4128611111111111,0.0,0.0,0.0,0.0,0.0,0.0,0.0,0.0,0.0,0.0,0.0,0.0,0.245
2018,nwsl::Football_Player::11b445f1ef114839a220a412de020d92,E. Johnson,e johnson,NC Courage,Defender,1890.0,21,21.0,21.0,0.0,0.0,0,0,0.0,3,2,90.0,90.0,1.0,0.0,0.9180357142857143,0.0,0.0,0.14285714285714285,0.09523809523809523,0.0,0.0,0.0,0.0,0.0,0.0,0.0,0.0,0.45357142857142857
2018,nwsl::Football_Player::1276f005480e4a24b7bbf77e97b09fd4,L. Agnew,l agnew,NC Courage,Forward,609.0,12,6.0,12.0,6.0,2.0,0,1,0.0,1,0,50.75,101.5,0.5,0.5,0.4992071360153257,0.1477832512315271,0.0,0.1477832512315271,0.0,0.0,0.0,0.0,0.0,0.0,0.0,0.0,0.0,0.2882327586206897
2018,nwsl::Football_Player::2dd60d7ed63a48069693b00597ba96ff,S. Teegarden,s teegarden,NC Courage,Midfielder,0.0,0,0.0,0.0,0.0,0.0,0,0,0.0,0,0,0.0,0.0,0.0,0.0,0.0,0.0,0.0,0.0,0.0,0.0,0.0,0.0,0.0,0.0,0.0,0.0,0.0,0.0
2018,nwsl::Football_Player::405bbcc7f91848b4a28e72f45ffb7d55,D. Weatherholt,d weatherholt,NC Courage,Midfielder,1658.0,23,17.0,23.0,6.0,3.0,2,0,0.0,11,8,72.08695652173913,97.52941176470588,0.7391304347826086,0.2608695652173913,0.7425472442206721,0.10856453558504223,0.0,0.5971049457177322,0.4342581423401689,0.0,0.0,0.0,0.0,0.0,0.0,0.0,0.0,0.3979800178318561
2018,nwsl::Football_Player::44a8a98d1a3f4f969611fce2ce6c17a8,F. Crouse,f crouse,NC Courage,Forward,27.0,1,0.0,1.0,1.0,0.0,1,0,0.0,2,1,27.0,0.0,0.0,1.0,0.15525,3.3333333333333335,0.0,6.666666666666667,3.3333333333333335,0.0,0.0,0.0,0.0,0.0,0.0,0.0,0.0,0.485
2018,nwsl::Football_Player::75dea69f305343a2b59c44bcf763445e,T. Lussi,t lussi,NC Courage,Forward,370.0,15,3.0,15.0,12.0,3.0,1,1,0.0,15,7,24.666666666666668,123.33333333333333,0.2,0.8,0.3184036536536537,0.4864864864864865,0.0,3.648648648648649,1.7027027027027029,0.0,0.0,0.0,0.0,0.0,0.0,0.0,0.0,0.31590090090090095
2018,nwsl::Football_Player::81f566b89fa04830b4b1657453e4f818,R. Williams,r williams,NC Courage,Defender,10.0,1,0.0,1.0,1.0,0.0,0,0,0.0,0,0,10.0,0.0,0.0,1.0,0.042777777777777776,0.0,0.0,0.0,0.0,0.0,0.0,0.0,0.0,0.0,0.0,0.0,0.0,0.049999999999999996
2018,nwsl::Football_Player::85399e003cd149ec991da7c3853143ad,K. Kurtz,k kurtz,NC Courage,Defender,540.0,6,6.0,6.0,0.0,0.0,0,0,0.0,1,0,90.0,90.0,1.0,0.0,0.813125,0.0,0.0,0.16666666666666666,0.0,0.0,0.0,0.0,0.0,0.0,0.0,0.0,0.0,0.45416666666666666
2018,nwsl::Football_Player::87932cfc9c3d4927a1b04436bf6ceb4a,K. Bowen,k bowen,NC Courage,Defender,1433.0,19,16.0,19.0,3.0,1.0,0,1,0.0,7,4,75.42105263157895,89.5625,0.8421052631578947,0.15789473684210525,0.7911273868259857,0.0628053035589672,0.0,0.4396371249127704,0.2512212142358688,0.0,0.0,0.0,0.0,0.0,0.0,0.0,0.0,0.40118062952216554
2018,nwsl::Football_Player::8bc2b0ed38a346f2a782d7236d278aa3,D. O'Sullivan,d o sullivan,NC Courage,Midfielder,1932.0,24,22.0,24.0,2.0,9.0,0,3,0.0,18,8,80.5,87.81818181818181,0.9166666666666666,0.08333333333333333,0.853997757073844,0.13975155279503107,0.0,0.8385093167701864,0.3726708074534162,0.0,0.0,0.0,0.0,0.0,0.0,0.0,0.0,0.4525776397515528
2018,nwsl::Football_Player::bdf738f813074378b10e977e449699eb,M. Speck,m speck,NC Courage,Midfielder,246.0,15,2.0,15.0,13.0,1.0,0,0,0.0,1,1,16.4,123.0,0.13333333333333333,0.8666666666666667,0.23172750677506773,0.0,0.0,0.36585365853658536,0.36585365853658536,0.0,0.0,0.0,0.0,0.0,0.0,0.0,0.0,0.09114634146341463
2018,nwsl::Football_Player::e34aed71f6b14e9e8d2db9b44e9000c1,S. DeBree,s debree,NC Courage,Defender,0.0,0,0.0,0.0,0.0,0.0,0,0,0.0,0,0,0.0,0.0,0.0,0.0,0.0,0.0,0.0,0.0,0.0,0.0,0.0,0.0,0.0,0.0,0.0,0.0,0.0,0.0
2018,nwsl::Football_Player::0021ff8bfe6741208350a5d0d7cf8a7c,D. Evans,d evans,Orlando Pride,Forward,49.0,5,0.0,5.0,5.0,0.0,0,0,0.0,0,0,9.8,0.0,0.0,1.0,0.07207222222222222,0.0,0.0,0.0,0.0,0.0,0.0,0.0,0.0,0.0,0.0,0.0,0.0,0.048999999999999995
2018,nwsl::Football_Player::00588fa86e6345e88d90e3aacae4741b,S. Zadorsky,s zadorsky,Orlando Pride,Defender,2070.0,23,23.0,23.0,0.0,0.0,0,2,0.0,1,1,90.0,90.0,1.0,0.0,0.9203804347826087,0.08695652173913043,0.0,0.043478260869565216,0.043478260869565216,0.0,0.0,0.0,0.0,0.0,0.0,0.0,0.0,0.46920289855072467
2018,nwsl::Football_Player::015977af959941e99617d346c94e84c9,J. Boyles,j boyles,Orlando Pride,Defender,0.0,0,0.0,0.0,0.0,0.0,0,0,0.0,0,0,0.0,0.0,0.0,0.0,0.0,0.0,0.0,0.0,0.0,0.0,0.0,0.0,0.0,0.0,0.0,0.0,0.0,0.0
2018,nwsl::Football_Player::1e5a0cc4902f4894b41422446c00fa23,S. Shimer,s shimer,Orlando Pride,Goalkeeper,0.0,0,0.0,0.0,0.0,0.0,0,0,0.0,0,0,0.0,0.0,0.0,0.0,0.0,0.0,0.0,0.0,0.0,0.0,0.0,0.0,0.0,0.0,0.0,0.0,0.0,0.0
2018,nwsl::Football_Player::213c847201144ca7abdd98920819c313,Mônica,monica,Orlando Pride,Defender,1400.0,17,15.0,17.0,2.0,0.0,0,0,0.0,3,1,82.3529411764706,93.33333333333333,0.8823529411764706,0.11764705882352941,0.8158049136321195,0.0,0.0,0.19285714285714287,0.0642857142857143,0.0,0.0,0.0,0.0,0.0,0.0,0.0,0.0,0.4165861344537815
2018,nwsl::Football_Player::2d5220ee0bf441808654b13a78437aec,M. Montefusco,m montefusco,Orlando Pride,Defender,1890.0,21,21.0,21.0,0.0,0.0,1,2,0.0,2,1,90.0,90.0,1.0,0.0,0.9223214285714285,0.14285714285714285,0.0,0.09523809523809523,0.047619047619047616,0.0,0.0,0.0,0.0,0.0,0.0,0.0,0.0,0.48214285714285715
2018,nwsl::Football_Player::3e2eb110d0184ec68a46afee4f2f085e,G. Jónsdóttir,g jonsdottir,Orlando Pride,Midfielder,2160.0,24,24.0,24.0,0.0,0.0,1,2,0.0,29,7,90.0,90.0,1.0,0.0,0.9259375,0.125,0.0,1.2083333333333333,0.2916666666666667,0.0,0.0,0.0,0.0,0.0,0.0,0.0,0.0,0.50625
2018,nwsl::Football_Player::49cfbd00847f4bf28fb8b13409387838,D. Jenkins,d jenkins,Orlando Pride,Forward,179.0,14,0.0,14.0,14.0,0.0,0,0,0.0,3,1,12.785714285714286,0.0,0.0,1.0,0.1557615833111643,0.0,0.0,1.5083798882681565,0.5027932960893855,0.0,0.0,0.0,0.0,0.0,0.0,0.0,0.0,0.10163806863527534
2018,nwsl::Football_Player::4e3e0c90f6d84e75ae44f0ed0c6cbe7f,Poliana,poliana,Orlando Pride,Defender,694.0,10,8.0,10.0,2.0,2.0,0,0,0.0,5,2,69.4,86.75,0.8,0.2,0.6822593339737432,0.0,0.0,0.648414985590778,0.25936599423631124,0.0,0.0,0.0,0.0,0.0,0.0,0.0,0.0,0.3632103746397694
2018,nwsl::Football_Player::514d945291b44c78adaabb4dfbf7ba03,Marta,marta,Orlando Pride,Forward,1310.0,17,15.0,17.0,2.0,4.0,4,4,0.0,29,18,77.05882352941177,87.33333333333333,0.8823529411764706,0.11764705882352941,0.8210521753230554,0.549618320610687,0.0,1.9923664122137406,1.2366412213740459,0.0,0.0,0.0,0.0,0.0,0.0,0.0,0.0,0.5496070947462954
2018,nwsl::Football_Player::521bad7c3a2f49a185c968f9206da5b8,H. McCutcheon,h mccutcheon,Orlando Pride,Defender,1464.0,19,15.0,19.0,4.0,0.0,1,1,0.0,10,5,77.05263157894737,97.6,0.7894736842105263,0.21052631578947367,0.7757352602818521,0.12295081967213116,0.0,0.6147540983606558,0.3073770491803279,0.0,0.0,0.0,0.0,0.0,0.0,0.0,0.0,0.4262467644521139
2018,nwsl::Football_Player::5d93dc4171cb4c69aab79ddcdd3a5004,B. Callahan,b callahan,Orlando Pride,Midfielder,1.0,1,0.0,1.0,1.0,0.0,0,0,0.0,0,0,1.0,0.0,0.0,1.0,0.011027777777777779,0.0,0.0,0.0,0.0,0.0,0.0,0.0,0.0,0.0,0.0,0.0,0.0,0.005
2018,nwsl::Football_Player::6ab15972c34e47b296c322a19dc6991a,M. Reid,m reid,Orlando Pride,Defender,0.0,0,0.0,0.0,0.0,0.0,0,0,0.0,0,0,0.0,0.0,0.0,0.0,0.0,0.0,0.0,0.0,0.0,0.0,0.0,0.0,0.0,0.0,0.0,0.0,0.0,0.0
2018,nwsl::Football_Player::6f1a3b3b9e0447f0aaffa25a360d29ee,C. Pickett,c pickett,Orlando Pride,Defender,1381.0,19,16.0,19.0,3.0,5.0,0,0,0.0,5,1,72.6842105263158,86.3125,0.8421052631578947,0.15789473684210525,0.7790830517338483,0.0,0.0,0.32585083272990584,0.06517016654598116,0.0,0.0,0.0,0.0,0.0,0.0,0.0,0.0,0.3715673234498266
2018,nwsl::Football_Player::9bdee3b8ae2547069438975fa3aa4ae0,C. Ubogagu,c ubogagu,Orlando Pride,Forward,1340.0,21,17.0,21.0,4.0,13.0,4,1,0.0,21,8,63.80952380952381,78.82352941176471,0.8095238095238095,0.19047619047619047,0.7551751164810867,0.33582089552238803,0.0,1.4104477611940298,0.5373134328358209,0.0,0.0,0.0,0.0,0.0,0.0,0.0,0.0,0.42427149964463395
2018,nwsl::Football_Player::9efce56aee504b2cb9cfab6d78633ace,C. Creighton,c creighton,Orlando Pride,Forward,0.0,0,0.0,0.0,0.0,0.0,0,0,0.0,0,0,0.0,0.0,0.0,0.0,0.0,0.0,0.0,0.0,0.0,0.0,0.0,0.0,0.0,0.0,0.0,0.0,0.0,0.0
2018,nwsl::Football_Player::b94e7edb7fb8426e84d46056ca1948a1,L. Ökvist,l okvist,Orlando Pride,Defender,0.0,0,0.0,0.0,0.0,0.0,0,0,0.0,0,0,0.0,0.0,0.0,0.0,0.0,0.0,0.0,0.0,0.0,0.0,0.0,0.0,0.0,0.0,0.0,0.0,0.0,0.0
2018,nwsl::Football_Player::c42483b83a2041dab4baf49a0edbacf7,E. Stout,e stout,Orlando Pride,Goalkeeper,0.0,0,0.0,0.0,0.0,0.0,0,0,0.0,0,0,0.0,0.0,0.0,0.0,0.0,0.0,0.0,0.0,0.0,0.0,0.0,0.0,0.0,0.0,0.0,0.0,0.0,0.0
2018,nwsl::Football_Player::f3a1675054684f099f9675ac9cf04f19,M. Gautrat,m gautrat,Orlando Pride,Midfielder,601.0,10,7.0,10.0,3.0,3.0,0,0,0.0,10,2,60.1,85.85714285714286,0.7,0.3,0.6076350850434461,0.0,0.0,1.497504159733777,0.2995008319467554,0.0,0.0,0.0,0.0,0.0,0.0,0.0,0.0,0.3379376039933445
2018,nwsl::Football_Player::188bf66872fd4aeb841ac7b90a7da5bf,T. Heath,t heath,Portland Thorns,Forward,1447.0,19,16.0,19.0,3.0,6.0,8,7,0.0,33,19,76.15789473684211,90.4375,0.8421052631578947,0.15789473684210525,0.826967604885284,0.9329647546648236,0.0,2.052522460262612,1.1817553559087766,0.0,0.0,0.0,0.0,0.0,0.0,0.0,0.0,0.6264701924126141
2018,nwsl::Football_Player::1e524e201dce43908965d637c8a6140f,B. Eckerstrom,b eckerstrom,Portland Thorns,Goalkeeper,900.0,10,10.0,10.0,0.0,0.0,0,0,0.0,0,0,90.0,90.0,1.0,0.0,0.8424999999999999,0.0,0.0,0.0,0.0,0.0,0.0,0.0,0.0,0.0,0.0,0.0,0.0,0.45
2018,nwsl::Football_Player::1f538150c1e34b5a8e2a74bf7f455446,S. Yu,s yu,Portland Thorns,Midfielder,0.0,0,0.0,0.0,0.0,0.0,0,0,0.0,0,0,0.0,0.0,0.0,0.0,0.0,0.0,0.0,0.0,0.0,0.0,0.0,0.0,0.0,0.0,0.0,0.0,0.0,0.0
2018,nwsl::Football_Player::1fdefec504924f1c80369e7f6328cd2c,L. Horan,l horan,Portland Thorns,Midfielder,2160.0,24,24.0,24.0,0.0,0.0,14,3,0.0,55,32,90.0,90.0,1.0,0.0,0.9482291666666667,0.7083333333333334,0.0,2.2916666666666665,1.3333333333333333,0.0,0.0,0.0,0.0,0.0,0.0,0.0,0.0,0.6548611111111111
2018,nwsl::Football_Player::2e4d5ceb965144c4aab0b26333913991,C. Polkinghorne,c polkinghorne,Portland Thorns,Defender,782.0,9,9.0,9.0,0.0,2.0,0,0,0.0,5,2,86.88888888888889,86.88888888888889,1.0,0.0,0.8261826197467714,0.0,0.0,0.5754475703324808,0.23017902813299235,0.0,0.0,0.0,0.0,0.0,0.0,0.0,0.0,0.4488306337027565
2018,nwsl::Football_Player::376f92a566f447cab876929480f1db7d,S. Catley,s catley,Portland Thorns,Defender,1525.0,17,17.0,17.0,0.0,2.0,0,3,0.0,1,1,89.70588235294117,89.70588235294117,1.0,0.0,0.8997165166613093,0.17704918032786887,0.0,0.05901639344262296,0.05901639344262296,0.0,0.0,0.0,0.0,0.0,0.0,0.0,0.0,0.4868900675024108
2018,nwsl::Football_Player::5a6f7e6db998474394142dcde118b954,C. Sinclair,c sinclair,Portland Thorns,Forward,2340.0,26,26.0,26.0,0.0,0.0,9,7,0.0,36,22,90.0,90.0,1.0,0.0,0.9419230769230769,0.6153846153846154,0.0,1.3846153846153846,0.8461538461538461,0.0,0.0,0.0,0.0,0.0,0.0,0.0,0.0,0.6128205128205129
2018,nwsl::Football_Player::695ab088a8604af487b49740a9a3c99b,C. Boureille,c boureille,Portland Thorns,Midfielder,1766.0,23,20.0,23.0,3.0,4.0,0,0,0.0,11,3,76.78260869565217,88.3,0.8695652173913043,0.13043478260869565,0.8142785368829364,0.0,0.0,0.5605889014722536,0.15288788221970553,0.0,0.0,0.0,0.0,0.0,0.0,0.0,0.0,0.3979277660150672
2018,nwsl::Football_Player::84b30914edbb45ddb082f69074fb818a,B. Bixby,b bixby,Portland Thorns,Goalkeeper,0.0,0,0.0,0.0,0.0,0.0,0,0,0.0,0,0,0.0,0.0,0.0,0.0,0.0,0.0,0.0,0.0,0.0,0.0,0.0,0.0,0.0,0.0,0.0,0.0,0.0,0.0
2018,nwsl::Football_Player::862f82d43a1943c0b7eba7d7983a2c73,B. Sauerbrunn,b sauerbrunn,Portland Thorns,Defender,1720.0,20,19.0,20.0,1.0,0.0,0,0,0.0,2,0,86.0,90.52631578947368,0.95,0.05,0.8812813307493541,0.0,0.0,0.10465116279069768,0.0,0.0,0.0,0.0,0.0,0.0,0.0,0.0,0.0,0.4326162790697675
2018,nwsl::Football_Player::96cc9fe3c23b49cf9fa5125c50781437,M. Klingenberg,m klingenberg,Portland Thorns,Defender,1931.0,22,22.0,22.0,0.0,2.0,0,2,0.0,4,0,87.77272727272727,87.77272727272727,1.0,0.0,0.9132547948412137,0.09321595028482652,0.0,0.18643190056965303,0.0,0.0,0.0,0.0,0.0,0.0,0.0,0.0,0.0,0.4629444235205499
2018,nwsl::Football_Player::a284ba27462c404c8b146fc4022ac773,T. Comeau,t comeau,Portland Thorns,Midfielder,4006.0,46,44.0,46.0,2.0,4.0,2,2,0.0,6,4,87.08695652173913,91.04545454545455,0.9565217391304348,0.043478260869565216,0.89097199189139,0.08986520219670494,0.0,0.13479780329505742,0.08986520219670494,0.0,0.0,0.0,0.0,0.0,0.0,0.0,0.0,0.45752664481538563
2018,nwsl::Football_Player::b1c1d23e290f4c2cbce7696c8dc2428b,A. Kleiner,a kleiner,Portland Thorns,Defender,414.0,10,4.0,10.0,6.0,1.0,0,0,0.0,2,1,41.4,103.5,0.4,0.6,0.40268043478260873,0.0,0.0,0.4347826086956522,0.2173913043478261,0.0,0.0,0.0,0.0,0.0,0.0,0.0,0.0,0.21786956521739131
2018,nwsl::Football_Player::bb43ad80320d45c1b6ce2f8d1cc6306d,E. Carpenter,e carpenter,Portland Thorns,Defender,1478.0,19,16.0,19.0,3.0,5.0,1,0,0.0,7,5,77.78947368421052,92.375,0.8421052631578947,0.15789473684210525,0.7993726982092128,0.06089309878213803,0.0,0.4262516914749662,0.30446549391069017,0.0,0.0,0.0,0.0,0.0,0.0,0.0,0.0,0.4122897229542056
2018,nwsl::Football_Player::e41827bc3890453f9e388e03bf59892a,J. Taylor,j taylor,Portland Thorns,Forward,2178.0,25,25.0,25.0,0.0,7.0,9,1,0.0,49,37,87.12,87.12,1.0,0.0,0.9278461983471076,0.4132231404958678,0.0,2.024793388429752,1.5289256198347108,0.0,0.0,0.0,0.0,0.0,0.0,0.0,0.0,0.5723079889807163
2018,nwsl::Football_Player::0b7dc204715446a4840b8b7ab0656d94,V. Latsko,v latsko,Reign,Forward,972.0,21,9.0,21.0,12.0,6.0,4,2,0.0,19,12,46.285714285714285,108.0,0.42857142857142855,0.5714285714285714,0.5301011904761904,0.5555555555555555,0.0,1.759259259259259,1.111111111111111,0.0,0.0,0.0,0.0,0.0,0.0,0.0,0.0,0.39115079365079364
2018,nwsl::Football_Player::0ea5a80af72f46e28cbb3277ca4d3193,E. Addo,e addo,Reign,Forward,698.0,13,8.0,13.0,5.0,5.0,0,1,0.0,7,2,53.69230769230769,87.25,0.6153846153846154,0.38461538461538464,0.5712516469522201,0.12893982808022922,0.0,0.9025787965616046,0.25787965616045844,0.0,0.0,0.0,0.0,0.0,0.0,0.0,0.0,0.31788847255895963
2018,nwsl::Football_Player::18131df4ae534c689959f1719bb561e6,R. White,r white,Reign,Midfielder,379.0,12,4.0,12.0,8.0,3.0,1,1,0.0,14,9,31.583333333333332,94.75,0.3333333333333333,0.6666666666666666,0.378727688605492,0.47493403693931396,0.0,3.3245382585751977,2.1372031662269126,0.0,0.0,0.0,0.0,0.0,0.0,0.0,0.0,0.33997471416007036
2018,nwsl::Football_Player::1ba6539b8bae4c74add5dcd2b9be47aa,M. Rapinoe,m rapinoe,Reign,Forward,1405.0,17,16.0,17.0,1.0,4.0,7,6,0.0,74,38,82.6470588235294,87.8125,0.9411764705882353,0.058823529411764705,0.8836130009536437,0.8327402135231317,0.0,4.740213523131673,2.434163701067616,0.0,0.0,0.0,0.0,0.0,0.0,0.0,0.0,0.6867228386016327
2018,nwsl::Football_Player::24af72086ca04ab9abe6febc2ab176cd,K. Dallstream,k dallstream,Reign,Forward,163.0,3,2.0,3.0,1.0,2.0,0,0,0.0,2,2,54.333333333333336,81.5,0.6666666666666666,0.3333333333333333,0.5183170302204045,0.0,0.0,1.1042944785276074,1.1042944785276074,0.0,0.0,0.0,0.0,0.0,0.0,0.0,0.0,0.29927402862985686
2018,nwsl::Football_Player::2db377b4881246c0acb0d3bc1b8c4696,Quinn,quinn,Reign,Midfielder,1384.0,17,16.0,17.0,1.0,4.0,0,0,0.0,3,0,81.41176470588235,86.5,0.9411764705882353,0.058823529411764705,0.8389636012882994,0.0,0.0,0.19508670520231214,0.0,0.0,0.0,0.0,0.0,0.0,0.0,0.0,0.0,0.41193599115946955
2018,nwsl::Football_Player::340010f8d63746409c639a2d673918a3,E. Yenney,e yenney,Reign,Midfielder,27.0,3,0.0,3.0,3.0,0.0,0,0,0.0,3,1,9.0,0.0,0.0,1.0,0.06925,0.0,0.0,10.0,3.3333333333333335,0.0,0.0,0.0,0.0,0.0,0.0,0.0,0.0,0.14500000000000002
2018,nwsl::Football_Player::48f5de8d0ac445c98d86b0485af36ad0,A. Crnogorčević,a crnogorcevic,Reign,Forward,1519.0,22,18.0,22.0,4.0,11.0,5,3,0.0,35,16,69.04545454545455,84.38888888888889,0.8181818181818182,0.18181818181818182,0.7843477126432197,0.47399605003291645,0.0,2.0737327188940093,0.9479921000658329,0.0,0.0,0.0,0.0,0.0,0.0,0.0,0.0,0.4958197677898139
2018,nwsl::Football_Player::4bd84fd5cceb4538a556a4b9eb250841,S. Huerta,s huerta,Reign,Defender,4064.0,46,46.0,46.0,0.0,4.0,16,12,0.0,130,64,88.34782608695652,88.34782608695652,1.0,0.0,0.9418449719939899,0.6200787401574803,0.0,2.8789370078740157,1.4173228346456692,0.0,0.0,0.0,0.0,0.0,0.0,0.0,0.0,0.6428956264977748
2018,nwsl::Football_Player::50e2c2a980ed45b7a97f25ad06075e02,M. Proffitt,m proffitt,Reign,Midfielder,197.0,4,2.0,4.0,2.0,1.0,0,0,0.0,0,0,49.25,98.5,0.5,0.5,0.42874305555555564,0.0,0.0,0.0,0.0,0.0,0.0,0.0,0.0,0.0,0.0,0.0,0.0,0.24625000000000002
2018,nwsl::Football_Player::5ae4cbaf5a2f45eaa9c280ff2b6cec7f,L. Barnes,l barnes,Reign,Defender,1769.0,20,19.0,20.0,1.0,1.0,0,0,0.0,4,1,88.45,93.10526315789474,0.95,0.05,0.890295087463099,0.0,0.0,0.20350480497456191,0.05087620124364048,0.0,0.0,0.0,0.0,0.0,0.0,0.0,0.0,0.447337620124364
2018,nwsl::Football_Player::5d76f50c58f34b00a7bd574b12c70c94,J. Fishlock,j fishlock,Reign,Midfielder,1626.0,19,19.0,19.0,0.0,6.0,2,1,0.0,31,12,85.57894736842105,85.57894736842105,1.0,0.0,0.9060271250080921,0.16605166051660517,0.0,1.7158671586715868,0.6642066420664207,0.0,0.0,0.0,0.0,0.0,0.0,0.0,0.0,0.5053855117498544
2018,nwsl::Football_Player::5db89892c5dd4e43b1c7853cb219c0fe,T. Eslund,t eslund,Reign,Defender,1744.0,21,19.0,21.0,2.0,0.0,1,1,0.0,1,1,83.04761904761905,91.78947368421052,0.9047619047619048,0.09523809523809523,0.8535352667953012,0.10321100917431193,0.0,0.051605504587155966,0.051605504587155966,0.0,0.0,0.0,0.0,0.0,0.0,0.0,0.0,0.4380305264307558
2018,nwsl::Football_Player::65345eaea5584a9f9e6c198bd975eecd,M. Andrews,m andrews,Reign,Midfielder,773.0,16,7.0,16.0,9.0,4.0,0,0,0.0,6,1,48.3125,110.42857142857143,0.4375,0.5625,0.4899304275370131,0.0,0.0,0.6985769728331177,0.1164294954721863,0.0,0.0,0.0,0.0,0.0,0.0,0.0,0.0,0.2590269243208279
2018,nwsl::Football_Player::6ab00989545c40c7a9821442b499aa8a,N. Stanton,n stanton,Reign,Midfielder,1449.0,20,16.0,20.0,4.0,6.0,0,0,0.0,1,0,72.45,90.5625,0.8,0.2,0.7658204192546584,0.0,0.0,0.06211180124223602,0.0,0.0,0.0,0.0,0.0,0.0,0.0,0.0,0.0,0.3638027950310559
2018,nwsl::Football_Player::939dbe85be7545d7a100135571ba94b4,B. Yanez,b yanez,Reign,Midfielder,1177.0,20,14.0,20.0,6.0,11.0,2,0,0.0,20,8,58.85,84.07142857142857,0.7,0.3,0.683123740913811,0.15293118096856415,0.0,1.5293118096856415,0.6117247238742566,0.0,0.0,0.0,0.0,0.0,0.0,0.0,0.0,0.3643434579439253
2018,nwsl::Football_Player::95fc5444983945819b7196cc46aa554c,R. Corsie,r corsie,Reign,Defender,2088.0,24,23.0,24.0,1.0,0.0,0,1,0.0,10,2,87.0,90.78260869565217,0.9583333333333334,0.041666666666666664,0.8911300287356323,0.04310344827586207,0.0,0.4310344827586207,0.08620689655172414,0.0,0.0,0.0,0.0,0.0,0.0,0.0,0.0,0.4547557471264368
2018,nwsl::Football_Player::aaee9146182b49ab837b594be14e9391,M. Bauer,m bauer,Reign,Defender,16.0,1,0.0,1.0,1.0,0.0,0,0,0.0,0,0,16.0,0.0,0.0,1.0,0.06394444444444444,0.0,0.0,0.0,0.0,0.0,0.0,0.0,0.0,0.0,0.0,0.0,0.0,0.08
2018,nwsl::Football_Player::b34b92d539f6450e883ce6d31d545996,H. Kopmeyer,h kopmeyer,Reign,Goalkeeper,270.0,3,3.0,3.0,0.0,0.0,0,0,0.0,0,0,90.0,90.0,1.0,0.0,0.7899999999999999,0.0,0.0,0.0,0.0,0.0,0.0,0.0,0.0,0.0,0.0,0.0,0.0,0.45
2018,nwsl::Football_Player::d90cabad749d4dd09e01a4f40afe693a,R. Utsugi,r utsugi,Reign,Defender,1321.0,16,16.0,16.0,0.0,4.0,1,0,0.0,16,5,82.5625,82.5625,1.0,0.0,0.8674790339284212,0.06813020439061318,0.0,1.0900832702498109,0.34065102195306585,0.0,0.0,0.0,0.0,0.0,0.0,0.0,0.0,0.454258374337623
2018,nwsl::Football_Player::f3e1a521ef4f4f24bd0ee3fb985ec265,L. Biyendolo,l biyendolo,Reign,Forward,1887.0,23,22.0,23.0,1.0,5.0,14,5,0.0,100,43,82.04347826086956,85.77272727272727,0.9565217391304348,0.043478260869565216,0.9131847019653925,0.9062003179650239,0.0,4.769475357710652,2.0508744038155804,0.0,0.0,0.0,0.0,0.0,0.0,0.0,0.0,0.6990091242137279
2018,nwsl::Football_Player::10c9203da9004e8e9982aa17c02f9f37,E. Proctor,e proctor,Royals,Goalkeeper,0.0,0,0.0,0.0,0.0,0.0,0,0,0.0,0,0,0.0,0.0,0.0,0.0,0.0,0.0,0.0,0.0,0.0,0.0,0.0,0.0,0.0,0.0,0.0,0.0,0.0,0.0
2018,nwsl::Football_Player::2c5936a5814a4968b1bf412cf92362d1,A. Newfield,a newfield,Royals,Midfielder,20.0,1,0.0,1.0,1.0,0.0,0,0,0.0,0,0,20.0,0.0,0.0,1.0,0.07805555555555556,0.0,0.0,0.0,0.0,0.0,0.0,0.0,0.0,0.0,0.0,0.0,0.0,0.09999999999999999
2018,nwsl::Football_Player::616d35ea52de4f698ea5825c44ad5f07,B. Ritchie,b ritchie,Royals,Goalkeeper,0.0,0,0.0,0.0,0.0,0.0,0,0,0.0,0,0,0.0,0.0,0.0,0.0,0.0,0.0,0.0,0.0,0.0,0.0,0.0,0.0,0.0,0.0,0.0,0.0,0.0,0.0
2018,nwsl::Football_Player::70b54a14b830458f89e01799e60313ea,C. Smith,c smith,Royals,Midfielder,0.0,0,0.0,0.0,0.0,0.0,0,0,0.0,0,0,0.0,0.0,0.0,0.0,0.0,0.0,0.0,0.0,0.0,0.0,0.0,0.0,0.0,0.0,0.0,0.0,0.0,0.0
2018,nwsl::Football_Player::9cb23558bac040418e6fe42500f70055,M. Vasconcelos,m vasconcelos,Royals,Midfielder,914.0,20,10.0,20.0,10.0,7.0,1,0,0.0,12,3,45.7,91.4,0.5,0.5,0.5437276501337223,0.09846827133479213,0.0,1.1816192560175056,0.2954048140043764,0.0,0.0,0.0,0.0,0.0,0.0,0.0,0.0,0.278554704595186
2018,nwsl::Football_Player::d5aa61a6819e49488c50c70e30e7d2b6,E. Thorsnes,e thorsnes,Royals,Forward,353.0,9,3.0,9.0,6.0,1.0,0,0,0.0,2,0,39.22222222222222,117.66666666666667,0.3333333333333333,0.6666666666666666,0.35777946525373344,0.0,0.0,0.509915014164306,0.0,0.0,0.0,0.0,0.0,0.0,0.0,0.0,0.0,0.20885898646521875
2018,nwsl::Football_Player::db018e6a9a254ea2a703fadeec66c869,I. Onumonu,i onumonu,Royals,Forward,311.0,8,3.0,8.0,5.0,3.0,0,0,0.0,6,3,38.875,103.66666666666667,0.375,0.625,0.3724036151304037,0.0,0.0,1.7363344051446945,0.8681672025723473,0.0,0.0,0.0,0.0,0.0,0.0,0.0,0.0,0.2377833601286174
2018,nwsl::Football_Player::dedc15cef9a44f2a8ee3a036b3199350,K. Gorry,k gorry,Royals,Midfielder,1069.0,16,13.0,16.0,3.0,7.0,0,1,0.0,18,9,66.8125,82.23076923076923,0.8125,0.1875,0.7296384974924645,0.08419083255378858,0.0,1.5154349859681946,0.7577174929840973,0.0,0.0,0.0,0.0,0.0,0.0,0.0,0.0,0.38948813143124417
2018,nwsl::Football_Player::f34cb0fac68445bf95cc5baec18f7044,I. Dorsey,i dorsey,Royals,Defender,1047.0,13,12.0,13.0,1.0,6.0,4,1,0.0,25,16,80.53846153846153,87.25,0.9230769230769231,0.07692307692307693,0.8184963816031151,0.42979942693409745,0.0,2.1489971346704873,1.3753581661891119,0.0,0.0,0.0,0.0,0.0,0.0,0.0,0.0,0.545958783337007
2018,nwsl::Football_Player::27bc115157c2441ea2092b2560ca1950,Y. Aedo,y aedo,Washington Spirit,Forward,0.0,0,0.0,0.0,0.0,0.0,0,0,0.0,0,0,0.0,0.0,0.0,0.0,0.0,0.0,0.0,0.0,0.0,0.0,0.0,0.0,0.0,0.0,0.0,0.0,0.0,0.0
2018,nwsl::Football_Player::2e67f16c924649e9b5584a1a25552589,C. Krueger,c krueger,Washington Spirit,Defender,744.0,10,9.0,10.0,1.0,3.0,1,0,0.0,7,4,74.4,82.66666666666667,0.9,0.1,0.7494223118279569,0.12096774193548386,0.0,0.846774193548387,0.48387096774193544,0.0,0.0,0.0,0.0,0.0,0.0,0.0,0.0,0.4183709677419355
2018,nwsl::Football_Player::2f9f97b503a046f9af76d8bc6ce609d7,M. Eubanks,m eubanks,Washington Spirit,Forward,516.0,12,5.0,12.0,7.0,2.0,0,0,0.0,3,1,43.0,103.2,0.4166666666666667,0.5833333333333334,0.43115665374677004,0.0,0.0,0.5232558139534884,0.1744186046511628,0.0,0.0,0.0,0.0,0.0,0.0,0.0,0.0,0.22808139534883723
2018,nwsl::Football_Player::38533cb4693048bb8dfce55130bd4eaa,A. Brooks,a brooks,Washington Spirit,Defender,2160.0,24,24.0,24.0,0.0,0.0,1,0,0.0,13,2,90.0,90.0,1.0,0.0,0.9208333333333333,0.041666666666666664,0.0,0.5416666666666666,0.08333333333333333,0.0,0.0,0.0,0.0,0.0,0.0,0.0,0.0,0.47222222222222227
2018,nwsl::Football_Player::3aefd825eeab48d994fc572c7a023ea0,L. Williams,l williams,Washington Spirit,Goalkeeper,1530.0,17,17.0,17.0,0.0,0.0,0,0,0.0,0,0,90.0,90.0,1.0,0.0,0.8949999999999999,0.0,0.0,0.0,0.0,0.0,0.0,0.0,0.0,0.0,0.0,0.0,0.0,0.45
2018,nwsl::Football_Player::563dd6b70ed74a0c9b30dc29b51c8364,A. Harris,a harris,Washington Spirit,Goalkeeper,1890.0,21,21.0,21.0,0.0,0.0,0,0,0.0,0,0,90.0,90.0,1.0,0.0,0.9175,0.0,0.0,0.0,0.0,0.0,0.0,0.0,0.0,0.0,0.0,0.0,0.0,0.45
2018,nwsl::Football_Player::6ce81b5213a347668d8ac8f801f6be34,M. Huster,m huster,Washington Spirit,Midfielder,0.0,0,0.0,0.0,0.0,0.0,0,0,0.0,0,0,0.0,0.0,0.0,0.0,0.0,0.0,0.0,0.0,0.0,0.0,0.0,0.0,0.0,0.0,0.0,0.0,0.0,0.0
2018,nwsl::Football_Player::6e446237f3374a319e49d075217bd799,E. Banini,e banini,Washington Spirit,Midfielder,891.0,12,11.0,12.0,1.0,7.0,1,0,0.0,16,9,74.25,81.0,0.9166666666666666,0.08333333333333333,0.7736546717171716,0.10101010101010101,0.0,1.6161616161616161,0.9090909090909091,0.0,0.0,0.0,0.0,0.0,0.0,0.0,0.0,0.4326978114478114
2018,nwsl::Football_Player::72fb38693cf646e998ba0ec832085776,S. Prudhomme,s prudhomme,Washington Spirit,Goalkeeper,0.0,0,0.0,0.0,0.0,0.0,0,0,0.0,0,0,0.0,0.0,0.0,0.0,0.0,0.0,0.0,0.0,0.0,0.0,0.0,0.0,0.0,0.0,0.0,0.0,0.0,0.0
2018,nwsl::Football_Player::75a1f211b7f04ffebe4cdd67cd838239,A. Sullivan,a sullivan,Washington Spirit,Midfielder,1984.0,23,22.0,23.0,1.0,2.0,0,1,0.0,26,9,86.26086956521739,90.18181818181819,0.9565217391304348,0.043478260869565216,0.8905844351429796,0.04536290322580645,0.0,1.1794354838709677,0.40826612903225806,0.0,0.0,0.0,0.0,0.0,0.0,0.0,0.0,0.47024083976157083
2018,nwsl::Football_Player::7db5847746a4400c82ce7aca3ed31c03,K. Reynolds,k reynolds,Washington Spirit,Defender,1419.0,17,16.0,17.0,1.0,1.0,1,0,0.0,2,1,83.47058823529412,88.6875,0.9411764705882353,0.058823529411764705,0.8479528147411185,0.06342494714587738,0.0,0.12684989429175475,0.06342494714587738,0.0,0.0,0.0,0.0,0.0,0.0,0.0,0.0,0.43373771918915555
2018,nwsl::Football_Player::7f47016fda474f2dbc9d336896529e8f,M. Ruhl,m ruhl,Washington Spirit,Goalkeeper,0.0,0,0.0,0.0,0.0,0.0,0,0,0.0,0,0,0.0,0.0,0.0,0.0,0.0,0.0,0.0,0.0,0.0,0.0,0.0,0.0,0.0,0.0,0.0,0.0,0.0,0.0
2018,nwsl::Football_Player::7f57f5e76b204d0fa3ee7fdf5f66c059,J. Lohman,j lohman,Washington Spirit,Midfielder,429.0,13,4.0,13.0,9.0,3.0,1,0,0.0,8,3,33.0,107.25,0.3076923076923077,0.6923076923076923,0.36522785547785547,0.2097902097902098,0.0,1.6783216783216783,0.6293706293706294,0.0,0.0,0.0,0.0,0.0,0.0,0.0,0.0,0.25066433566433566
2018,nwsl::Football_Player::93cc93697c5e45b4bc70cb220a35b652,D. Matheson,d matheson,Washington Spirit,Midfielder,1396.0,21,18.0,21.0,3.0,14.0,2,1,0.0,12,7,66.47619047619048,77.55555555555556,0.8571428571428571,0.14285714285714285,0.7791727138005792,0.19340974212034384,0.0,0.7736389684813754,0.4512893982808023,0.0,0.0,0.0,0.0,0.0,0.0,0.0,0.0,0.3920156228680584
2018,nwsl::Football_Player::94de57f74c554630b9abe7bc1bd588f9,B. Ratcliffe,b ratcliffe,Washington Spirit,Forward,366.0,10,4.0,10.0,6.0,4.0,2,0,0.0,3,3,36.6,91.5,0.4,0.6,0.40225191256830606,0.49180327868852464,0.0,0.7377049180327869,0.7377049180327869,0.0,0.0,0.0,0.0,0.0,0.0,0.0,0.0,0.3039016393442623
2018,nwsl::Football_Player::a44bce02f4154f0e8f0cb4fabb2d1509,F. Ordega,f ordega,Washington Spirit,Forward,1192.0,18,15.0,18.0,3.0,10.0,3,0,0.0,26,12,66.22222222222223,79.46666666666667,0.8333333333333334,0.16666666666666666,0.7580573007291409,0.22651006711409397,0.0,1.9630872483221478,0.9060402684563759,0.0,0.0,0.0,0.0,0.0,0.0,0.0,0.0,0.4273778896346011
2018,nwsl::Football_Player::a86e9ba2f4c44ce789c593b2b5bf9bcb,A. Kingsbury,a kingsbury,Washington Spirit,Goalkeeper,1890.0,21,21.0,21.0,0.0,0.0,0,0,0.0,1,0,90.0,90.0,1.0,0.0,0.9176785714285713,0.0,0.0,0.047619047619047616,0.0,0.0,0.0,0.0,0.0,0.0,0.0,0.0,0.0,0.4511904761904762
2018,nwsl::Football_Player::b6c8507c7df04dd283cf16d546d78a2d,H. Raso,h raso,Washington Spirit,Forward,774.0,12,9.0,12.0,3.0,8.0,2,2,0.0,16,5,64.5,86.0,0.75,0.25,0.6765532945736434,0.46511627906976744,0.0,1.8604651162790697,0.5813953488372093,0.0,0.0,0.0,0.0,0.0,0.0,0.0,0.0,0.46591085271317834
2018,nwsl::Football_Player::c413ab13b4b2411b8255f868ec263843,A. Hatch,a hatch,Washington Spirit,Forward,1927.0,22,22.0,22.0,0.0,2.0,4,1,0.0,59,22,87.5909090909091,87.5909090909091,1.0,0.0,0.9266322953195684,0.233523611831863,0.0,2.7555786196159833,1.027503892060197,0.0,0.0,0.0,0.0,0.0,0.0,0.0,0.0,0.5554947634099165
2018,nwsl::Football_Player::c52d8a667f9146da897c860a3edef8df,T. Weimer,t weimer,Washington Spirit,Midfielder,84.0,3,1.0,3.0,2.0,1.0,0,0,0.0,0,0,28.0,84.0,0.3333333333333333,0.6666666666666666,0.2712777777777778,0.0,0.0,0.0,0.0,0.0,0.0,0.0,0.0,0.0,0.0,0.0,0.0,0.14
2018,nwsl::Football_Player::c78a57f425bc49a4b20f936d22cdb37e,C. Nairn,c nairn,Washington Spirit,Midfielder,1115.0,20,13.0,20.0,7.0,8.0,1,4,0.0,9,2,55.75,85.76923076923077,0.65,0.35,0.6545099339810663,0.40358744394618834,0.0,0.726457399103139,0.16143497757847533,0.0,0.0,0.0,0.0,0.0,0.0,0.0,0.0,0.38099215246636775
2018,nwsl::Football_Player::d14268671393435c9c3e376871891eed,T. Huster,t huster,Washington Spirit,Midfielder,1283.0,17,15.0,17.0,2.0,5.0,0,0,0.0,11,5,75.47058823529412,85.53333333333333,0.8823529411764706,0.11764705882352941,0.7936958963112395,0.0,0.0,0.7716289945440373,0.35074045206547155,0.0,0.0,0.0,0.0,0.0,0.0,0.0,0.0,0.39664366604007156
2018,nwsl::Football_Player::d65ed4d1d2174e0685e4611bf8a53fb1,W. Church,w church,Washington Spirit,Defender,1898.0,22,21.0,22.0,1.0,1.0,0,1,0.0,2,1,86.27272727272727,90.38095238095238,0.9545454545454546,0.045454545454545456,0.8857339251311854,0.04741833508956797,0.0,0.09483667017913594,0.04741833508956797,0.0,0.0,0.0,0.0,0.0,0.0,0.0,0.0,0.44361337292844144
2018,nwsl::Football_Player::deabe98ff08946e5b44f890b1d2e7c5c,M. Crosson,m crosson,Washington Spirit,Defender,90.0,1,1.0,1.0,0.0,0.0,0,0,0.0,0,0,90.0,90.0,1.0,0.0,0.7749999999999999,0.0,0.0,0.0,0.0,0.0,0.0,0.0,0.0,0.0,0.0,0.0,0.0,0.45
2018,nwsl::Football_Player::e51b4111833f48188a8a8ccd3eccef3e,A. Salem,a salem,Washington Spirit,Midfielder,163.0,5,1.0,5.0,4.0,1.0,0,0,0.0,0,0,32.6,163.0,0.2,0.8,0.24250555555555559,0.0,0.0,0.0,0.0,0.0,0.0,0.0,0.0,0.0,0.0,0.0,0.0,0.163
2018,nwsl::Football_Player::e8f24eb9d71a4a6e9d09c983d7d0e62e,C. Hudson,c hudson,Washington Spirit,Midfielder,0.0,0,0.0,0.0,0.0,0.0,0,0,0.0,0,0,0.0,0.0,0.0,0.0,0.0,0.0,0.0,0.0,0.0,0.0,0.0,0.0,0.0,0.0,0.0,0.0,0.0,0.0
2018,nwsl::Football_Player::f148283f909c473abc4a1a55fdf75fde,K. Wys,k wys,Washington Spirit,Goalkeeper,90.0,1,1.0,1.0,0.0,0.0,0,0,0.0,0,0,90.0,90.0,1.0,0.0,0.7749999999999999,0.0,0.0,0.0,0.0,0.0,0.0,0.0,0.0,0.0,0.0,0.0,0.0,0.45
2018,nwsl::Football_Player::fbbc7dd30c1c4a448e69e0463defeb5c,Z. Clark,z clark,Washington Spirit,Defender,90.0,1,1.0,1.0,0.0,0.0,0,0,0.0,0,0,90.0,90.0,1.0,0.0,0.7749999999999999,0.0,0.0,0.0,0.0,0.0,0.0,0.0,0.0,0.0,0.0,0.0,0.0,0.45
2018,nwsl::Football_Player::fbfe7392b0744bb6a8d7826010fe0a6e,N. Barnhart,n barnhart,Washington Spirit,Goalkeeper,648.0,8,7.0,8.0,1.0,0.0,0,0,0.0,0,0,81.0,92.57142857142857,0.875,0.125,0.7394999999999999,0.0,0.0,0.0,0.0,0.0,0.0,0.0,0.0,0.0,0.0,0.0,0.0,0.405
2019,nwsl::Football_Player::09140d97bf314b7193afa990b5f36308,S. Staab,s staab,Chicago Stars,Defender,2160.0,24,24.0,24.0,0.0,0.0,1,1,0.0,10,3,90.0,90.0,1.0,0.0,0.9216666666666666,0.08333333333333333,0.0,0.4166666666666667,0.125,0.0,0.0,0.0,0.0,0.0,0.0,0.0,0.0,0.4777777777777778
2019,nwsl::Football_Player::256bc2e2112f4d19a20b781be81fd5d0,S. Johnson,s johnson,Chicago Stars,Defender,675.0,8,8.0,8.0,0.0,1.0,0,0,0.0,2,0,84.375,84.375,1.0,0.0,0.80865625,0.0,0.0,0.26666666666666666,0.0,0.0,0.0,0.0,0.0,0.0,0.0,0.0,0.0,0.42854166666666665
2019,nwsl::Football_Player::285ce314422d437cb492eb569c645da7,H. Davison,h davison,Chicago Stars,Defender,0.0,0,0.0,0.0,0.0,0.0,0,0,0.0,0,0,0.0,0.0,0.0,0.0,0.0,0.0,0.0,0.0,0.0,0.0,0.0,0.0,0.0,0.0,0.0,0.0,0.0,0.0
2019,nwsl::Football_Player::4a2f22e74e874b8bbdf2f73dec08a844,C. Onwualu,c onwualu,Chicago Stars,Midfielder,920.0,15,11.0,15.0,4.0,5.0,0,1,0.0,6,2,61.333333333333336,83.63636363636364,0.7333333333333333,0.26666666666666666,0.6641285225442835,0.09782608695652174,0.0,0.5869565217391305,0.1956521739130435,0.0,0.0,0.0,0.0,0.0,0.0,0.0,0.0,0.3417210144927536
2019,nwsl::Football_Player::57fe0d4b80e74d1fa6fc56aab0db25ad,A. Naeher,a naeher,Chicago Stars,Goalkeeper,1440.0,16,16.0,16.0,0.0,0.0,0,0,0.0,0,0,90.0,90.0,1.0,0.0,0.8875,0.0,0.0,0.0,0.0,0.0,0.0,0.0,0.0,0.0,0.0,0.0,0.0,0.45
2019,nwsl::Football_Player::5bf12a09390e438299f87214e42ccd04,J. Szczesny,j szczesny,Chicago Stars,Forward,16.0,2,0.0,2.0,2.0,0.0,0,0,0.0,1,1,8.0,0.0,0.0,1.0,0.05822222222222223,0.0,0.0,5.625,5.625,0.0,0.0,0.0,0.0,0.0,0.0,0.0,0.0,0.14
2019,nwsl::Football_Player::661995ab1d524cbc9c07c5b147020bef,J. Hoy,j hoy,Chicago Stars,Forward,960.0,21,11.0,21.0,10.0,9.0,2,1,0.0,14,6,45.714285714285715,87.27272727272727,0.5238095238095238,0.47619047619047616,0.5606950644841271,0.28125,0.0,1.3125,0.5625,0.0,0.0,0.0,0.0,0.0,0.0,0.0,0.0,0.31997767857142856
2019,nwsl::Football_Player::8a79e963a9ed4ce7b8e03564a23de251,B. Elby,b elby,Chicago Stars,Defender,325.0,17,2.0,17.0,15.0,2.0,2,0,0.0,5,3,19.11764705882353,162.5,0.11764705882352941,0.8823529411764706,0.2703839869281046,0.5538461538461539,0.0,1.3846153846153846,0.8307692307692307,0.0,0.0,0.0,0.0,0.0,0.0,0.0,0.0,0.24558823529411766
2019,nwsl::Football_Player::9556955942f0440ba40131808554d799,Z. Goralski,z goralski,Chicago Stars,Defender,59.0,5,0.0,5.0,5.0,0.0,0,1,0.0,1,0,11.8,0.0,0.0,1.0,0.12234811676082863,1.5254237288135593,0.0,1.5254237288135593,0.0,0.0,0.0,0.0,0.0,0.0,0.0,0.0,0.0,0.347135593220339
2019,nwsl::Football_Player::b4b0869f3b3a435b968c157583fd34d1,A. Jahansouz,a jahansouz,Chicago Stars,Goalkeeper,0.0,0,0.0,0.0,0.0,0.0,0,0,0.0,0,0,0.0,0.0,0.0,0.0,0.0,0.0,0.0,0.0,0.0,0.0,0.0,0.0,0.0,0.0,0.0,0.0,0.0,0.0
2019,nwsl::Football_Player::bee0506c8e134de9bc8af601b1d28778,J. Ertz,j ertz,Chicago Stars,Midfielder,1440.0,16,16.0,16.0,0.0,0.0,0,1,0.0,17,3,90.0,90.0,1.0,0.0,0.8934374999999999,0.0625,0.0,1.0625,0.1875,0.0,0.0,0.0,0.0,0.0,0.0,0.0,0.0,0.4895833333333333
2019,nwsl::Football_Player::bf34255e27f44fa380961950723a9003,A. Mautz,a mautz,Chicago Stars,Midfielder,216.0,3,3.0,3.0,0.0,3.0,0,0,0.0,2,0,72.0,72.0,1.0,0.0,0.729625,0.0,0.0,0.8333333333333334,0.0,0.0,0.0,0.0,0.0,0.0,0.0,0.0,0.0,0.38083333333333336
2019,nwsl::Football_Player::c5ab6add4ef243f8aa8a491ef9861f2a,E. Boyd,e boyd,Chicago Stars,Goalkeeper,900.0,10,10.0,10.0,0.0,0.0,0,0,0.0,0,0,90.0,90.0,1.0,0.0,0.8424999999999999,0.0,0.0,0.0,0.0,0.0,0.0,0.0,0.0,0.0,0.0,0.0,0.0,0.45
2019,nwsl::Football_Player::d7d29fcbb1374eb4bda584df8d928547,M. Swanson,m swanson,Chicago Stars,Forward,765.0,9,9.0,9.0,0.0,1.0,2,2,0.0,16,6,85.0,85.0,1.0,0.0,0.8391258169934641,0.47058823529411764,0.0,1.8823529411764706,0.7058823529411765,0.0,0.0,0.0,0.0,0.0,0.0,0.0,0.0,0.5700980392156862
2019,nwsl::Football_Player::dd552139607f4e219cab7864188eef47,S. Groom,s groom,Chicago Stars,Midfielder,1066.0,16,14.0,16.0,2.0,6.0,2,0,0.0,19,6,66.625,76.14285714285714,0.875,0.125,0.7600804083281217,0.16885553470919323,0.0,1.6041275797373358,0.5065666041275797,0.0,0.0,0.0,0.0,0.0,0.0,0.0,0.0,0.408406425891182
2019,nwsl::Football_Player::0b53edb196a74082956c23f0a2098d21,K. Marckese,k marckese,Gotham FC,Goalkeeper,0.0,0,0.0,0.0,0.0,0.0,0,0,0.0,0,0,0.0,0.0,0.0,0.0,0.0,0.0,0.0,0.0,0.0,0.0,0.0,0.0,0.0,0.0,0.0,0.0,0.0,0.0
2019,nwsl::Football_Player::266288af33ed4b378e529b0cb8957ecf,E. Sonnett,e sonnett,Gotham FC,Defender,1178.0,14,13.0,14.0,1.0,0.0,2,0,0.0,7,3,84.14285714285714,90.61538461538461,0.9285714285714286,0.07142857142857142,0.8264750047160913,0.15280135823429541,0.0,0.534804753820034,0.22920203735144312,0.0,0.0,0.0,0.0,0.0,0.0,0.0,0.0,0.4659180208585981
2019,nwsl::Football_Player::34a2d1a93100464f820f172a45c21408,M. Meehan,m meehan,Gotham FC,Midfielder,112.0,12,0.0,12.0,12.0,0.0,2,0,0.0,2,2,9.333333333333334,0.0,0.0,1.0,0.16645271164021164,1.6071428571428572,0.0,1.6071428571428572,1.6071428571428572,0.0,0.0,0.0,0.0,0.0,0.0,0.0,0.0,0.33684523809523814
2019,nwsl::Football_Player::3815419dc0a24232a66d55bdda6b8738,S. Flores,s flores,Gotham FC,Defender,360.0,4,4.0,4.0,0.0,0.0,0,0,0.0,0,0,90.0,90.0,1.0,0.0,0.7975,0.0,0.0,0.0,0.0,0.0,0.0,0.0,0.0,0.0,0.0,0.0,0.0,0.45
2019,nwsl::Football_Player::39fe0dbc3b0a49c0a46d405d30b7141d,M. Purce,m purce,Gotham FC,Forward,1355.0,23,16.0,23.0,7.0,12.0,8,1,0.0,37,17,58.91304347826087,84.6875,0.6956521739130435,0.30434782608695654,0.698772282831524,0.5977859778597786,0.0,2.4575645756457565,1.1291512915129152,0.0,0.0,0.0,0.0,0.0,0.0,0.0,0.0,0.4805430771699022
2019,nwsl::Football_Player::3e154a3f17cf4dfaae292baf85f5f94c,A. Krieger,a krieger,Gotham FC,Defender,1080.0,12,12.0,12.0,0.0,0.0,0,1,0.0,3,0,90.0,90.0,1.0,0.0,0.8610416666666666,0.08333333333333333,0.0,0.25,0.0,0.0,0.0,0.0,0.0,0.0,0.0,0.0,0.0,0.4736111111111111
2019,nwsl::Football_Player::46c4d8f93d3c4ae585862889e43f2d57,N. Kawasumi,n kawasumi,Gotham FC,Midfielder,996.0,19,10.0,19.0,9.0,6.0,0,1,0.0,5,1,52.421052631578945,99.6,0.5263157894736842,0.47368421052631576,0.568790002113718,0.09036144578313253,0.0,0.45180722891566266,0.09036144578313253,0.0,0.0,0.0,0.0,0.0,0.0,0.0,0.0,0.2922257450856056
2019,nwsl::Football_Player::4932d40caf094edd88eb680559cffd38,K. Edmonds,k edmonds,Gotham FC,Defender,866.0,13,9.0,13.0,4.0,0.0,0,0,0.0,3,0,66.61538461538461,96.22222222222223,0.6923076923076923,0.3076923076923077,0.6452119036339591,0.0,0.0,0.3117782909930716,0.0,0.0,0.0,0.0,0.0,0.0,0.0,0.0,0.0,0.3408713803517499
2019,nwsl::Football_Player::4a2441cafc054eb19ee8e3299e963a4a,S. Woldmoe,s woldmoe,Gotham FC,Midfielder,2160.0,24,24.0,24.0,0.0,0.0,1,3,0.0,8,1,90.0,90.0,1.0,0.0,0.9239583333333333,0.16666666666666666,0.0,0.3333333333333333,0.041666666666666664,0.0,0.0,0.0,0.0,0.0,0.0,0.0,0.0,0.4930555555555556
2019,nwsl::Football_Player::6a8196684e034ab5855c3d2768858ae8,K. O'Hara,k o hara,Gotham FC,Defender,242.0,4,2.0,4.0,2.0,0.0,0,1,0.0,6,2,60.5,121.0,0.5,0.5,0.48842022497704324,0.371900826446281,0.0,2.2314049586776856,0.743801652892562,0.0,0.0,0.0,0.0,0.0,0.0,0.0,0.0,0.4357644628099174
2019,nwsl::Football_Player::7fedb4181bd4456f956cc44d6a55ee43,Gabi Morais,gabi morais,Gotham FC,Midfielder,36.0,3,0.0,3.0,3.0,0.0,0,0,0.0,1,0,12.0,0.0,0.0,1.0,0.07420833333333333,0.0,0.0,2.5,0.0,0.0,0.0,0.0,0.0,0.0,0.0,0.0,0.0,0.1225
2019,nwsl::Football_Player::855b6512c93c41578cc3dac2397133e5,C. Foord,c foord,Gotham FC,Forward,845.0,18,9.0,18.0,9.0,6.0,3,2,0.0,16,8,46.94444444444444,93.88888888888889,0.5,0.5,0.5486421122799328,0.5325443786982248,0.0,1.7041420118343193,0.8520710059171597,0.0,0.0,0.0,0.0,0.0,0.0,0.0,0.0,0.3882725180802104
2019,nwsl::Football_Player::86319f6b356140f5938edbee2f3770d1,A. Pierre-Louis,a pierre louis,Gotham FC,Defender,168.0,11,1.0,11.0,10.0,1.0,0,1,0.0,2,1,15.272727272727273,168.0,0.09090909090909091,0.9090909090909091,0.19804680735930735,0.5357142857142857,0.0,1.0714285714285714,0.5357142857142857,0.0,0.0,0.0,0.0,0.0,0.0,0.0,0.0,0.2147564935064935
2019,nwsl::Football_Player::86d4a1fc86dc4ab6ad3db5d44693760d,K. Wright,k wright,Gotham FC,Midfielder,187.0,5,1.0,5.0,4.0,1.0,0,1,0.0,0,0,37.4,187.0,0.2,0.8,0.2744789958407606,0.48128342245989303,0.0,0.0,0.0,0.0,0.0,0.0,0.0,0.0,0.0,0.0,0.0,0.2872673796791444
2019,nwsl::Football_Player::890aab36584c4278b8a8d11be569aeb4,C. Dunn,c dunn,Gotham FC,Midfielder,1181.0,15,13.0,15.0,2.0,6.0,9,4,0.0,42,25,78.73333333333333,90.84615384615384,0.8666666666666667,0.13333333333333333,0.8232151770313922,0.9906858594411516,0.0,3.2006773920406437,1.9051651143099069,0.0,0.0,0.0,0.0,0.0,0.0,0.0,0.0,0.680076488851256
2019,nwsl::Football_Player::9e740d72f2044c11bdca08c94843e982,N. Baxter,n baxter,Gotham FC,Midfielder,0.0,0,0.0,0.0,0.0,0.0,0,0,0.0,0,0,0.0,0.0,0.0,0.0,0.0,0.0,0.0,0.0,0.0,0.0,0.0,0.0,0.0,0.0,0.0,0.0,0.0,0.0
2019,nwsl::Football_Player::9eb566fe822242e884ea5cb35f4e840b,E. Skroski,e skroski,Gotham FC,Defender,2115.0,24,24.0,24.0,0.0,1.0,0,0,0.0,2,2,88.125,88.125,1.0,0.0,0.9112045656028369,0.0,0.0,0.0851063829787234,0.0851063829787234,0.0,0.0,0.0,0.0,0.0,0.0,0.0,0.0,0.4427526595744681
2019,nwsl::Football_Player::b75a67d243bf42b1bd2ab3b6114c4518,C. Matthews,c matthews,Gotham FC,Forward,905.0,17,9.0,17.0,8.0,7.0,3,2,0.0,26,16,53.23529411764706,100.55555555555556,0.5294117647058824,0.47058823529411764,0.5787723883291807,0.4972375690607735,0.0,2.585635359116022,1.591160220994475,0.0,0.0,0.0,0.0,0.0,0.0,0.0,0.0,0.43440851478713033
2019,nwsl::Football_Player::c51c2ea6078044c0aacecd0306ea21c5,M. Tiernan,m tiernan,Gotham FC,Midfielder,0.0,0,0.0,0.0,0.0,0.0,0,0,0.0,0,0,0.0,0.0,0.0,0.0,0.0,0.0,0.0,0.0,0.0,0.0,0.0,0.0,0.0,0.0,0.0,0.0,0.0,0.0
2019,nwsl::Football_Player::d1485dcbe6f34e4c9ba927371173260d,R. Lavelle,r lavelle,Gotham FC,Midfielder,450.0,6,5.0,6.0,1.0,1.0,1,1,0.0,9,6,75.0,90.0,0.8333333333333334,0.16666666666666666,0.7038333333333334,0.4,0.0,1.8,1.2,0.0,0.0,0.0,0.0,0.0,0.0,0.0,0.0,0.5033333333333334
2019,nwsl::Football_Player::d8991716e33c4d7382309a7866ae9d6c,M. Zerboni,m zerboni,Gotham FC,Midfielder,1716.0,24,19.0,24.0,5.0,5.0,0,1,0.0,11,3,71.5,90.3157894736842,0.7916666666666666,0.20833333333333334,0.7622885586635587,0.05244755244755245,0.0,0.576923076923077,0.15734265734265734,0.0,0.0,0.0,0.0,0.0,0.0,0.0,0.0,0.38284965034965035
2019,nwsl::Football_Player::d9bb4ddad5e34f7b89ab4608dc8277d1,T. Davidson,t davidson,Gotham FC,Defender,1174.0,14,14.0,14.0,0.0,3.0,1,0,0.0,3,3,83.85714285714286,83.85714285714286,1.0,0.0,0.8540874570725507,0.07666098807495741,0.0,0.22998296422487224,0.22998296422487224,0.0,0.0,0.0,0.0,0.0,0.0,0.0,0.0,0.44100632757361896
2019,nwsl::Football_Player::eb192101ab34425984a49075a90f3b0c,S. Kerr,s kerr,Gotham FC,Forward,2042.0,23,23.0,23.0,0.0,2.0,19,5,0.0,89,57,88.78260869565217,88.78260869565217,1.0,0.0,0.9609709849205337,1.0577864838393731,0.0,3.9226248775710086,2.5122428991185113,0.0,0.0,0.0,0.0,0.0,0.0,0.0,0.0,0.762350849550739
2019,nwsl::Football_Player::f30b8038c04041f19dd580b145963ad5,J. James,j james,Gotham FC,Midfielder,1116.0,16,12.0,16.0,4.0,3.0,0,1,0.0,18,3,69.75,93.0,0.75,0.25,0.7115262096774193,0.08064516129032258,0.0,1.4516129032258065,0.24193548387096772,0.0,0.0,0.0,0.0,0.0,0.0,0.0,0.0,0.4018413978494624
2019,nwsl::Football_Player::f6f72f9ad8aa456882f186b05e95380d,G. Lewandowski,g lewandowski,Gotham FC,Defender,1079.0,13,12.0,13.0,1.0,1.0,0,0,0.0,5,1,83.0,89.91666666666667,0.9230769230769231,0.07692307692307693,0.8072541190402637,0.0,0.0,0.4170528266913809,0.08341056533827618,0.0,0.0,0.0,0.0,0.0,0.0,0.0,0.0,0.4254263206672846
2019,nwsl::Football_Player::f8682c257fa14a7c862ecccc4b892332,M. Betos,m betos,Gotham FC,Goalkeeper,359.0,4,4.0,4.0,0.0,0.0,0,0,0.0,0,0,89.75,89.75,1.0,0.0,0.7966180555555556,0.0,0.0,0.0,0.0,0.0,0.0,0.0,0.0,0.0,0.0,0.0,0.0,0.44875000000000004
2019,nwsl::Football_Player::fed95d382879402f971b73910f1a8e2a,K. Stengel,k stengel,Gotham FC,Forward,1476.0,24,16.0,24.0,8.0,13.0,2,1,0.0,31,18,61.5,92.25,0.6666666666666666,0.3333333333333333,0.6797632113821138,0.1829268292682927,0.0,1.8902439024390245,1.0975609756097562,0.0,0.0,0.0,0.0,0.0,0.0,0.0,0.0,0.39286585365853655
2019,nwsl::Football_Player::05487b0a636c4dd881563f88463632ad,K. McKenna,k mckenna,Houston Dash,Forward,54.0,1,1.0,1.0,0.0,1.0,0,0,0.0,0,0,54.0,54.0,1.0,0.0,0.6479999999999999,0.0,0.0,0.0,0.0,0.0,0.0,0.0,0.0,0.0,0.0,0.0,0.0,0.27
2019,nwsl::Football_Player::090a30db5372486db8345147ef78c636,C. Privett,c privett,Houston Dash,Midfielder,17.0,3,0.0,3.0,3.0,0.0,0,0,0.0,1,0,5.666666666666667,0.0,0.0,1.0,0.057490740740740745,0.0,0.0,5.294117647058823,0.0,0.0,0.0,0.0,0.0,0.0,0.0,0.0,0.0,0.12833333333333333
2019,nwsl::Football_Player::09c50d34358f41f38da8a21da7336688,B. Henninger,b henninger,Houston Dash,Goalkeeper,0.0,0,0.0,0.0,0.0,0.0,0,0,0.0,0,0,0.0,0.0,0.0,0.0,0.0,0.0,0.0,0.0,0.0,0.0,0.0,0.0,0.0,0.0,0.0,0.0,0.0,0.0
2019,nwsl::Football_Player::0bb3c16212754939b111d70c83644b8e,D. Colaprico,d colaprico,Houston Dash,Midfielder,1740.0,21,20.0,21.0,1.0,5.0,1,0,0.0,6,3,82.85714285714286,87.0,0.9523809523809523,0.047619047619047616,0.8736531882868089,0.05172413793103449,0.0,0.3103448275862069,0.15517241379310345,0.0,0.0,0.0,0.0,0.0,0.0,0.0,0.0,0.43282019704433494
2019,nwsl::Football_Player::0bc0d986844b458592417f6157d1aeb4,C. Westphal,c westphal,Houston Dash,Defender,138.0,4,1.0,4.0,3.0,0.0,0,0,0.0,1,0,34.5,138.0,0.25,0.75,0.2666539855072464,0.0,0.0,0.6521739130434783,0.0,0.0,0.0,0.0,0.0,0.0,0.0,0.0,0.0,0.18880434782608696
2019,nwsl::Football_Player::0e33d48cba3649889f1258a1eb763640,A. Calderón,a calderon,Houston Dash,Forward,130.0,8,0.0,8.0,8.0,0.0,0,1,0.0,4,3,16.25,0.0,0.0,1.0,0.14934561965811965,0.6923076923076923,0.0,2.769230769230769,2.076923076923077,0.0,0.0,0.0,0.0,0.0,0.0,0.0,0.0,0.2947115384615385
2019,nwsl::Football_Player::13966c8ec3cb453391ba34ddef7df31c,K. Watt,k watt,Houston Dash,Forward,1801.0,23,22.0,23.0,1.0,15.0,2,1,0.0,27,13,78.30434782608695,81.86363636363636,0.9565217391304348,0.043478260869565216,0.8664197071138686,0.14991671293725706,0.0,1.3492504164353136,0.6496390893947807,0.0,0.0,0.0,0.0,0.0,0.0,0.0,0.0,0.4564856480699129
2019,nwsl::Football_Player::1421097240ee4385be1d433aaf31fba1,E. Brandon,e brandon,Houston Dash,Midfielder,1.0,1,0.0,1.0,1.0,0.0,0,0,0.0,0,0,1.0,0.0,0.0,1.0,0.011027777777777779,0.0,0.0,0.0,0.0,0.0,0.0,0.0,0.0,0.0,0.0,0.0,0.0,0.005
2019,nwsl::Football_Player::27adde6bc4e540c5959718f7e27a1c5e,J. McDonald,j mcdonald,Houston Dash,Forward,1031.0,16,11.0,16.0,5.0,9.0,6,3,0.0,32,16,64.4375,93.72727272727273,0.6875,0.3125,0.6917228536884362,0.7856450048496605,0.0,2.7934044616876816,1.3967022308438408,0.0,0.0,0.0,0.0,0.0,0.0,0.0,0.0,0.5556986542192046
2019,nwsl::Football_Player::37c762eb698644fa88b9cb94cf4f0940,P. Nielsen,p nielsen,Houston Dash,Defender,1914.0,22,22.0,22.0,0.0,0.0,0,0,0.0,6,1,87.0,87.0,1.0,0.0,0.9079746603970742,0.0,0.0,0.2821316614420063,0.047021943573667714,0.0,0.0,0.0,0.0,0.0,0.0,0.0,0.0,0.44205329153605016
2019,nwsl::Football_Player::38135498d7514c158465ed04903350b2,J. Wardlow,j wardlow,Houston Dash,Defender,0.0,0,0.0,0.0,0.0,0.0,0,0,0.0,0,0,0.0,0.0,0.0,0.0,0.0,0.0,0.0,0.0,0.0,0.0,0.0,0.0,0.0,0.0,0.0,0.0,0.0,0.0
2019,nwsl::Football_Player::55c607b8f8ea48efa308facc28601331,S. Schmidt,s schmidt,Houston Dash,Midfielder,1407.0,18,16.0,18.0,2.0,5.0,0,1,0.0,7,3,78.16666666666667,87.9375,0.8888888888888888,0.1111111111111111,0.8144326680091605,0.06396588486140725,0.0,0.44776119402985076,0.19189765458422176,0.0,0.0,0.0,0.0,0.0,0.0,0.0,0.0,0.4153535891968727
2019,nwsl::Football_Player::5f6a0a88d86040cb88836e22eed4f631,M. Rosa,m rosa,Houston Dash,Midfielder,201.0,6,2.0,6.0,4.0,2.0,0,0,0.0,2,1,33.5,100.5,0.3333333333333333,0.6666666666666666,0.31653876451077945,0.0,0.0,0.8955223880597015,0.44776119402985076,0.0,0.0,0.0,0.0,0.0,0.0,0.0,0.0,0.18988805970149256
2019,nwsl::Football_Player::65926eaa2f7f4b17833600561c0ed506,K. Lind,k lind,Houston Dash,Defender,1689.0,24,19.0,24.0,5.0,5.0,0,0,0.0,2,1,70.375,88.89473684210526,0.7916666666666666,0.20833333333333334,0.7549170058713243,0.0,0.0,0.10657193605683837,0.05328596802841919,0.0,0.0,0.0,0.0,0.0,0.0,0.0,0.0,0.35453929840142095
2019,nwsl::Football_Player::7678abf127504d1e965a9b230c088b9a,R. Smith,r smith,Houston Dash,Defender,0.0,0,0.0,0.0,0.0,0.0,0,0,0.0,0,0,0.0,0.0,0.0,0.0,0.0,0.0,0.0,0.0,0.0,0.0,0.0,0.0,0.0,0.0,0.0,0.0,0.0,0.0
2019,nwsl::Football_Player::77cda28afad142fb946791d915dc225b,D. Kerr,d kerr,Houston Dash,Goalkeeper,0.0,0,0.0,0.0,0.0,0.0,0,0,0.0,0,0,0.0,0.0,0.0,0.0,0.0,0.0,0.0,0.0,0.0,0.0,0.0,0.0,0.0,0.0,0.0,0.0,0.0,0.0
2019,nwsl::Football_Player::7b95e77ca5184ed39abbd7481af81fee,A. Chapman,a chapman,Houston Dash,Defender,1216.0,14,14.0,14.0,0.0,3.0,0,0,0.0,0,0,86.85714285714286,86.85714285714286,1.0,0.0,0.8614126984126984,0.0,0.0,0.0,0.0,0.0,0.0,0.0,0.0,0.0,0.0,0.0,0.0,0.4342857142857143
2019,nwsl::Football_Player::a508823d48c24d818a9b76c99106c143,J. Campbell,j campbell,Houston Dash,Goalkeeper,2160.0,24,24.0,24.0,0.0,0.0,0,0,0.0,0,0,90.0,90.0,1.0,0.0,0.9175,0.0,0.0,0.0,0.0,0.0,0.0,0.0,0.0,0.0,0.0,0.0,0.0,0.45
2019,nwsl::Football_Player::b84e9888c15f472fa74b57182a7f9d64,C. Farquharson,c farquharson,Houston Dash,Forward,541.0,13,6.0,13.0,7.0,5.0,0,2,0.0,4,1,41.61538461538461,90.16666666666667,0.46153846153846156,0.5384615384615384,0.46489492787967834,0.33271719038817005,0.0,0.6654343807763401,0.16635859519408502,0.0,0.0,0.0,0.0,0.0,0.0,0.0,0.0,0.29402886392720035
2019,nwsl::Football_Player::bb49de2ba5db4f6e8ef4ace9bfdd0386,Andressinha,andressinha,Houston Dash,Midfielder,438.0,8,5.0,8.0,3.0,3.0,1,0,0.0,2,2,54.75,87.6,0.625,0.375,0.5423581621004566,0.20547945205479454,0.0,0.4109589041095891,0.4109589041095891,0.0,0.0,0.0,0.0,0.0,0.0,0.0,0.0,0.3268321917808219
2019,nwsl::Football_Player::be8d34625b5244f1b34e61df67be171a,Y. Nagasato,y nagasato,Houston Dash,Forward,2291.0,26,26.0,26.0,0.0,7.0,8,9,0.0,30,13,88.11538461538461,88.11538461538461,1.0,0.0,0.9361406707592326,0.6678306416412048,0.0,1.178524661719773,0.5106940200785683,0.0,0.0,0.0,0.0,0.0,0.0,0.0,0.0,0.6091714232951684
2019,nwsl::Football_Player::c0076f9d59514192ab6a1107bfc8493a,A. Smith,a smith,Houston Dash,Goalkeeper,0.0,0,0.0,0.0,0.0,0.0,0,0,0.0,0,0,0.0,0.0,0.0,0.0,0.0,0.0,0.0,0.0,0.0,0.0,0.0,0.0,0.0,0.0,0.0,0.0,0.0,0.0
2019,nwsl::Football_Player::c4415406f03b42e99259ae1a2729d22f,R. Daly,r daly,Houston Dash,Forward,1529.0,17,17.0,17.0,0.0,0.0,5,1,0.0,49,21,89.94117647058823,89.94117647058823,1.0,0.0,0.9166450016457421,0.35317200784826686,0.0,2.8842380640941796,1.236102027468934,0.0,0.0,0.0,0.0,0.0,0.0,0.0,0.0,0.5953893355903512
2019,nwsl::Football_Player::d455b7789c0b4fc7bf652f2ad768083f,G. Seiler,g seiler,Houston Dash,Midfielder,1123.0,15,13.0,15.0,2.0,3.0,0,0,0.0,5,2,74.86666666666666,86.38461538461539,0.8666666666666667,0.13333333333333333,0.7681156343788133,0.0,0.0,0.40071237756010686,0.16028495102404275,0.0,0.0,0.0,0.0,0.0,0.0,0.0,0.0,0.384351142772336
2019,nwsl::Football_Player::d58c0639f1ae4ed1880f2eeaf7bae36f,Camilinha,camilinha,Houston Dash,Midfielder,579.0,16,4.0,16.0,12.0,2.0,1,0,0.0,11,7,36.1875,144.75,0.25,0.75,0.3714308883851468,0.15544041450777202,0.0,1.709844559585492,1.088082901554404,0.0,0.0,0.0,0.0,0.0,0.0,0.0,0.0,0.2560670336787565
2019,nwsl::Football_Player::d677a076327a4cc48fcb049018fc5b94,C. Lloyd,c lloyd,Houston Dash,Forward,1260.0,14,14.0,14.0,0.0,0.0,8,1,0.0,50,21,90.0,90.0,1.0,0.0,0.9059821428571428,0.6428571428571429,0.0,3.5714285714285716,1.5,0.0,0.0,0.0,0.0,0.0,0.0,0.0,0.0,0.6732142857142858
2019,nwsl::Football_Player::d8ec8d19bba0421ba68a5e9980cc4a3e,E. Curran,e curran,Houston Dash,Midfielder,92.0,3,1.0,3.0,2.0,1.0,0,0,0.0,0,0,30.666666666666668,92.0,0.3333333333333333,0.6666666666666666,0.2806851851851852,0.0,0.0,0.0,0.0,0.0,0.0,0.0,0.0,0.0,0.0,0.0,0.0,0.15333333333333332
2019,nwsl::Football_Player::dd9e5f32ac9344d29a4f8380fbd12fc7,T. McCarty,t mccarty,Houston Dash,Forward,38.0,1,0.0,1.0,1.0,0.0,1,0,0.0,2,2,38.0,0.0,0.0,1.0,0.19405555555555554,2.3684210526315788,0.0,4.7368421052631575,4.7368421052631575,0.0,0.0,0.0,0.0,0.0,0.0,0.0,0.0,0.54
2019,nwsl::Football_Player::f5d8bcd5937c402c91e054d0fe383c71,A. Prisock,a prisock,Houston Dash,Defender,1323.0,15,15.0,15.0,0.0,1.0,0,0,0.0,1,0,88.2,88.2,1.0,0.0,0.8739051020408164,0.0,0.0,0.06802721088435375,0.0,0.0,0.0,0.0,0.0,0.0,0.0,0.0,0.0,0.44270068027210885
2019,nwsl::Football_Player::11b445f1ef114839a220a412de020d92,E. Johnson,e johnson,NC Courage,Defender,1305.0,15,15.0,15.0,0.0,1.0,0,0,0.0,2,1,87.0,87.0,1.0,0.0,0.869933908045977,0.0,0.0,0.13793103448275862,0.06896551724137931,0.0,0.0,0.0,0.0,0.0,0.0,0.0,0.0,0.43844827586206897
2019,nwsl::Football_Player::1276f005480e4a24b7bbf77e97b09fd4,L. Agnew,l agnew,NC Courage,Forward,373.0,7,5.0,7.0,2.0,4.0,0,0,0.0,1,1,53.285714285714285,74.6,0.7142857142857143,0.2857142857142857,0.5628135558959956,0.0,0.0,0.24128686327077745,0.24128686327077745,0.0,0.0,0.0,0.0,0.0,0.0,0.0,0.0,0.2724607430103409
2019,nwsl::Football_Player::2597706a5816438da17284fe1843031f,P. Perea,p perea,NC Courage,Midfielder,0.0,0,0.0,0.0,0.0,0.0,0,0,0.0,0,0,0.0,0.0,0.0,0.0,0.0,0.0,0.0,0.0,0.0,0.0,0.0,0.0,0.0,0.0,0.0,0.0,0.0,0.0
2019,nwsl::Football_Player::3b778571810544958e72d3ce761f2062,J. Spetsmark,j spetsmark,NC Courage,Forward,294.0,12,2.0,12.0,10.0,2.0,2,1,0.0,15,6,24.5,147.0,0.16666666666666666,0.8333333333333334,0.29512953514739226,0.9183673469387755,0.0,4.591836734693878,1.836734693877551,0.0,0.0,0.0,0.0,0.0,0.0,0.0,0.0,0.41382653061224495
2019,nwsl::Football_Player::405bbcc7f91848b4a28e72f45ffb7d55,D. Weatherholt,d weatherholt,NC Courage,Midfielder,1341.0,19,16.0,19.0,3.0,6.0,0,0,0.0,3,1,70.57894736842105,83.8125,0.8421052631578947,0.15789473684210525,0.7711892440833626,0.0,0.0,0.20134228187919462,0.06711409395973154,0.0,0.0,0.0,0.0,0.0,0.0,0.0,0.0,0.35792829388908515
2019,nwsl::Football_Player::572ca1acdb37419a843dafa8e828be66,C. Murphy,c murphy,NC Courage,Goalkeeper,1830.0,20,20.0,20.0,0.0,0.0,0,0,0.0,0,0,91.5,91.5,1.0,0.0,0.9175,0.0,0.0,0.0,0.0,0.0,0.0,0.0,0.0,0.0,0.0,0.0,0.0,0.45
2019,nwsl::Football_Player::7060e45bfd8b40f3bcb110081bd6cc94,J. Baucom,j baucom,NC Courage,Forward,0.0,0,0.0,0.0,0.0,0.0,0,0,0.0,0,0,0.0,0.0,0.0,0.0,0.0,0.0,0.0,0.0,0.0,0.0,0.0,0.0,0.0,0.0,0.0,0.0,0.0,0.0
2019,nwsl::Football_Player::75dea69f305343a2b59c44bcf763445e,T. Lussi,t lussi,NC Courage,Forward,277.0,12,1.0,12.0,11.0,1.0,2,1,0.0,7,3,23.083333333333332,277.0,0.08333333333333333,0.9166666666666666,0.2479220400454606,0.9747292418772563,0.0,2.2743682310469313,0.9747292418772563,0.0,0.0,0.0,0.0,0.0,0.0,0.0,0.0,0.37534446450060166
2019,nwsl::Football_Player::81f566b89fa04830b4b1657453e4f818,R. Williams,r williams,NC Courage,Defender,232.0,4,3.0,4.0,1.0,2.0,0,0,0.0,1,0,58.0,77.33333333333333,0.75,0.25,0.5735658524904215,0.0,0.0,0.3879310344827586,0.0,0.0,0.0,0.0,0.0,0.0,0.0,0.0,0.0,0.299698275862069
2019,nwsl::Football_Player::83d3777d26e04325b8daf10f0741cdce,S. Leshnak Murphy,s leshnak murphy,NC Courage,Goalkeeper,180.0,2,2.0,2.0,0.0,0.0,0,0,0.0,0,0,90.0,90.0,1.0,0.0,0.7825,0.0,0.0,0.0,0.0,0.0,0.0,0.0,0.0,0.0,0.0,0.0,0.0,0.45
2019,nwsl::Football_Player::85399e003cd149ec991da7c3853143ad,K. Kurtz,k kurtz,NC Courage,Defender,810.0,9,9.0,9.0,0.0,0.0,0,0,0.0,1,0,90.0,90.0,1.0,0.0,0.8354166666666666,0.0,0.0,0.1111111111111111,0.0,0.0,0.0,0.0,0.0,0.0,0.0,0.0,0.0,0.4527777777777778
2019,nwsl::Football_Player::87932cfc9c3d4927a1b04436bf6ceb4a,K. Bowen,k bowen,NC Courage,Defender,1504.0,19,17.0,19.0,2.0,3.0,0,0,0.0,6,2,79.15789473684211,88.47058823529412,0.8947368421052632,0.10526315789473684,0.8257294505101406,0.0,0.0,0.35904255319148937,0.11968085106382978,0.0,0.0,0.0,0.0,0.0,0.0,0.0,0.0,0.40476553751399774
2019,nwsl::Football_Player::8bc2b0ed38a346f2a782d7236d278aa3,D. O'Sullivan,d o sullivan,NC Courage,Midfielder,2158.0,25,24.0,25.0,1.0,3.0,0,1,0.0,5,1,86.32,89.91666666666667,0.96,0.04,0.8886030419112347,0.04170528266913809,0.0,0.20852641334569044,0.04170528266913809,0.0,0.0,0.0,0.0,0.0,0.0,0.0,0.0,0.4455017608897128
2019,nwsl::Football_Player::9233e5150b474119884f70648ea9ad1e,S. Horgan,s horgan,NC Courage,Midfielder,0.0,0,0.0,0.0,0.0,0.0,0,0,0.0,0,0,0.0,0.0,0.0,0.0,0.0,0.0,0.0,0.0,0.0,0.0,0.0,0.0,0.0,0.0,0.0,0.0,0.0,0.0
2019,nwsl::Football_Player::ac52e1b305004e86a23311e432171b77,S. Labbé,s labbe,NC Courage,Goalkeeper,1650.0,18,18.0,18.0,0.0,0.0,0,0,0.0,0,0,91.66666666666667,91.66666666666667,1.0,0.0,0.9025,0.0,0.0,0.0,0.0,0.0,0.0,0.0,0.0,0.0,0.0,0.0,0.0,0.45
2019,nwsl::Football_Player::bdf738f813074378b10e977e449699eb,M. Speck,m speck,NC Courage,Midfielder,72.0,8,0.0,8.0,8.0,0.0,0,0,0.0,0,0,9.0,0.0,0.0,1.0,0.09175,0.0,0.0,0.0,0.0,0.0,0.0,0.0,0.0,0.0,0.0,0.0,0.0,0.045000000000000005
2019,nwsl::Football_Player::e34aed71f6b14e9e8d2db9b44e9000c1,S. DeBree,s debree,NC Courage,Defender,0.0,0,0.0,0.0,0.0,0.0,0,0,0.0,0,0,0.0,0.0,0.0,0.0,0.0,0.0,0.0,0.0,0.0,0.0,0.0,0.0,0.0,0.0,0.0,0.0,0.0,0.0
2019,nwsl::Football_Player::0021ff8bfe6741208350a5d0d7cf8a7c,D. Evans,d evans,Orlando Pride,Forward,322.0,9,3.0,9.0,6.0,2.0,1,1,0.0,8,4,35.77777777777778,107.33333333333333,0.3333333333333333,0.6666666666666666,0.3695700866497968,0.5590062111801242,0.0,2.2360248447204967,1.1180124223602483,0.0,0.0,0.0,0.0,0.0,0.0,0.0,0.0,0.35124913733609386
2019,nwsl::Football_Player::00588fa86e6345e88d90e3aacae4741b,S. Zadorsky,s zadorsky,Orlando Pride,Defender,1440.0,16,16.0,16.0,0.0,0.0,1,0,0.0,7,2,90.0,90.0,1.0,0.0,0.8910937499999999,0.0625,0.0,0.4375,0.125,0.0,0.0,0.0,0.0,0.0,0.0,0.0,0.0,0.4739583333333333
2019,nwsl::Football_Player::015977af959941e99617d346c94e84c9,J. Boyles,j boyles,Orlando Pride,Defender,1379.0,19,16.0,19.0,3.0,7.0,1,2,0.0,8,5,72.57894736842105,86.1875,0.8421052631578947,0.15789473684210525,0.7855662707954318,0.19579405366207395,0.0,0.5221174764321972,0.3263234227701233,0.0,0.0,0.0,0.0,0.0,0.0,0.0,0.0,0.4167381015991756
2019,nwsl::Football_Player::2d5220ee0bf441808654b13a78437aec,M. Montefusco,m montefusco,Orlando Pride,Defender,1729.0,20,20.0,20.0,0.0,2.0,0,0,0.0,1,1,86.45,86.45,1.0,0.0,0.9051715884261937,0.0,0.0,0.05205320994794679,0.05205320994794679,0.0,0.0,0.0,0.0,0.0,0.0,0.0,0.0,0.4335513302486987
2019,nwsl::Football_Player::3e2eb110d0184ec68a46afee4f2f085e,G. Jónsdóttir,g jonsdottir,Orlando Pride,Midfielder,1795.0,24,19.0,24.0,5.0,2.0,1,4,0.0,16,3,74.79166666666667,94.47368421052632,0.7916666666666666,0.20833333333333334,0.7809409980140308,0.2506963788300836,0.0,0.8022284122562675,0.15041782729805014,0.0,0.0,0.0,0.0,0.0,0.0,0.0,0.0,0.4462424558960074
2019,nwsl::Football_Player::49cfbd00847f4bf28fb8b13409387838,D. Jenkins,d jenkins,Orlando Pride,Forward,1004.0,18,12.0,18.0,6.0,12.0,4,1,0.0,16,7,55.77777777777778,83.66666666666667,0.6666666666666666,0.3333333333333333,0.6511565650976342,0.4482071713147411,0.0,1.4342629482071714,0.6274900398406374,0.0,0.0,0.0,0.0,0.0,0.0,0.0,0.0,0.4081219566179726
2019,nwsl::Football_Player::514d945291b44c78adaabb4dfbf7ba03,Marta,marta,Orlando Pride,Forward,1254.0,14,14.0,14.0,0.0,1.0,6,0,0.0,34,14,89.57142857142857,89.57142857142857,1.0,0.0,0.8935957507404875,0.43062200956937796,0.0,2.4401913875598087,1.0047846889952152,0.0,0.0,0.0,0.0,0.0,0.0,0.0,0.0,0.5985748462064251
2019,nwsl::Football_Player::521bad7c3a2f49a185c968f9206da5b8,H. McCutcheon,h mccutcheon,Orlando Pride,Defender,1947.0,24,21.0,24.0,3.0,1.0,0,0,0.0,4,1,81.125,92.71428571428571,0.875,0.125,0.8306343466444102,0.0,0.0,0.18489984591679506,0.046224961479198766,0.0,0.0,0.0,0.0,0.0,0.0,0.0,0.0,0.4102474961479199
2019,nwsl::Football_Player::5d93dc4171cb4c69aab79ddcdd3a5004,B. Callahan,b callahan,Orlando Pride,Midfielder,496.0,8,6.0,8.0,2.0,4.0,0,0,0.0,1,0,62.0,82.66666666666667,0.75,0.25,0.6169026657706094,0.0,0.0,0.1814516129032258,0.0,0.0,0.0,0.0,0.0,0.0,0.0,0.0,0.0,0.3145362903225806
2019,nwsl::Football_Player::64bdac4359a44e78b9e30d140eb05842,C. Thomas,c thomas,Orlando Pride,Forward,665.0,13,7.0,13.0,6.0,4.0,3,1,0.0,9,4,51.15384615384615,95.0,0.5384615384615384,0.46153846153846156,0.5417520564231091,0.5413533834586466,0.0,1.218045112781955,0.5413533834586466,0.0,0.0,0.0,0.0,0.0,0.0,0.0,0.0,0.3990023134759977
2019,nwsl::Football_Player::6ab15972c34e47b296c322a19dc6991a,M. Reid,m reid,Orlando Pride,Defender,602.0,7,7.0,7.0,0.0,1.0,0,0,0.0,0,0,86.0,86.0,1.0,0.0,0.8058888888888889,0.0,0.0,0.0,0.0,0.0,0.0,0.0,0.0,0.0,0.0,0.0,0.0,0.43000000000000005
2019,nwsl::Football_Player::6f1a3b3b9e0447f0aaffa25a360d29ee,C. Pickett,c pickett,Orlando Pride,Defender,1688.0,20,19.0,20.0,1.0,1.0,0,1,0.0,15,7,84.4,88.84210526315789,0.95,0.05,0.879909728804634,0.05331753554502369,0.0,0.7997630331753555,0.3732227488151659,0.0,0.0,0.0,0.0,0.0,0.0,0.0,0.0,0.4531018957345972
2019,nwsl::Football_Player::75910af8571d4135b28d33a1c47fdf38,E. Greening,e greening,Orlando Pride,Defender,1438.0,17,16.0,17.0,1.0,1.0,1,0,0.0,3,1,84.58823529411765,89.875,0.9411764705882353,0.058823529411764705,0.8520978528639087,0.06258692628650904,0.0,0.18776077885952713,0.06258692628650904,0.0,0.0,0.0,0.0,0.0,0.0,0.0,0.0,0.4406741389184325
2019,nwsl::Football_Player::7fca0d7cb5264436ae9901f19559d28b,A. Haran,a haran,Orlando Pride,Defender,0.0,0,0.0,0.0,0.0,0.0,0,0,0.0,0,0,0.0,0.0,0.0,0.0,0.0,0.0,0.0,0.0,0.0,0.0,0.0,0.0,0.0,0.0,0.0,0.0,0.0,0.0
2019,nwsl::Football_Player::8094c154313e47feae1e6aba09c98400,S. Charley,s charley,Orlando Pride,Forward,496.0,11,6.0,11.0,5.0,6.0,0,2,0.0,13,3,45.09090909090909,82.66666666666667,0.5454545454545454,0.45454545454545453,0.5072117444607365,0.3629032258064516,0.0,2.3588709677419355,0.5443548387096774,0.0,0.0,0.0,0.0,0.0,0.0,0.0,0.0,0.3600311583577713
2019,nwsl::Football_Player::9bdee3b8ae2547069438975fa3aa4ae0,C. Ubogagu,c ubogagu,Orlando Pride,Forward,1311.0,17,15.0,17.0,2.0,9.0,4,2,0.0,14,6,77.11764705882354,87.4,0.8823529411764706,0.11764705882352941,0.813088717638085,0.41189931350114417,0.0,0.9610983981693364,0.41189931350114417,0.0,0.0,0.0,0.0,0.0,0.0,0.0,0.0,0.49542805222775604
2019,nwsl::Football_Player::bd68b6e8103b4604ac07b2cee3d4598c,E. Burdett,e burdett,Orlando Pride,Goalkeeper,90.0,1,1.0,1.0,0.0,0.0,0,0,0.0,0,0,90.0,90.0,1.0,0.0,0.7749999999999999,0.0,0.0,0.0,0.0,0.0,0.0,0.0,0.0,0.0,0.0,0.0,0.0,0.45
2019,nwsl::Football_Player::be517a5ccb24406289d9bbdbb5275dbc,C. Farrel,c farrel,Orlando Pride,Defender,15.0,3,0.0,3.0,3.0,0.0,0,0,0.0,0,0,5.0,0.0,0.0,1.0,0.040138888888888884,0.0,0.0,0.0,0.0,0.0,0.0,0.0,0.0,0.0,0.0,0.0,0.0,0.024999999999999998
2019,nwsl::Football_Player::caf2bc879ae84849a7fa41c5a222c619,H. Kerner,h kerner,Orlando Pride,Midfielder,0.0,0,0.0,0.0,0.0,0.0,0,0,0.0,0,0,0.0,0.0,0.0,0.0,0.0,0.0,0.0,0.0,0.0,0.0,0.0,0.0,0.0,0.0,0.0,0.0,0.0,0.0
2019,nwsl::Football_Player::d095e20308ef48129c8c239f4994485d,A. Keene,a keene,Orlando Pride,Defender,0.0,0,0.0,0.0,0.0,0.0,0,0,0.0,0,0,0.0,0.0,0.0,0.0,0.0,0.0,0.0,0.0,0.0,0.0,0.0,0.0,0.0,0.0,0.0,0.0,0.0,0.0
2019,nwsl::Football_Player::e5a3db641a464aeb80ec6400acc540ef,Celia Jiménez,celia jimenez,Orlando Pride,Defender,956.0,13,10.0,13.0,3.0,2.0,1,1,0.0,3,1,73.53846153846153,95.6,0.7692307692307693,0.23076923076923078,0.7100241882129958,0.1882845188284519,0.0,0.2824267782426778,0.09414225941422595,0.0,0.0,0.0,0.0,0.0,0.0,0.0,0.0,0.4139789185709688
2019,nwsl::Football_Player::efc089fa637d4b5eab9d21203782242e,L. Pruitt,l pruitt,Orlando Pride,Forward,554.0,14,6.0,14.0,8.0,6.0,2,1,0.0,18,8,39.57142857142857,92.33333333333333,0.42857142857142855,0.5714285714285714,0.46365219758180043,0.48736462093862815,0.0,2.9241877256317688,1.2996389891696751,0.0,0.0,0.0,0.0,0.0,0.0,0.0,0.0,0.3724961320268179
2019,nwsl::Football_Player::f3a1675054684f099f9675ac9cf04f19,M. Gautrat,m gautrat,Orlando Pride,Midfielder,1132.0,15,13.0,15.0,2.0,6.0,1,1,0.0,11,3,75.46666666666667,87.07692307692308,0.8666666666666667,0.13333333333333333,0.7769783045412904,0.15901060070671377,0.0,0.8745583038869258,0.23851590106007067,0.0,0.0,0.0,0.0,0.0,0.0,0.0,0.0,0.43232449941107187
2019,nwsl::Football_Player::188bf66872fd4aeb841ac7b90a7da5bf,T. Heath,t heath,Portland Thorns,Forward,1183.0,14,13.0,14.0,1.0,0.0,3,3,0.0,31,17,84.5,91.0,0.9285714285714286,0.07142857142857142,0.8440629872264488,0.4564666103127642,0.0,2.3584108199492815,1.2933220625528319,0.0,0.0,0.0,0.0,0.0,0.0,0.0,0.0,0.5765574809805578
2019,nwsl::Football_Player::1e524e201dce43908965d637c8a6140f,B. Eckerstrom,b eckerstrom,Portland Thorns,Goalkeeper,900.0,10,10.0,10.0,0.0,0.0,0,0,0.0,0,0,90.0,90.0,1.0,0.0,0.8424999999999999,0.0,0.0,0.0,0.0,0.0,0.0,0.0,0.0,0.0,0.0,0.0,0.0,0.45
2019,nwsl::Football_Player::1fdefec504924f1c80369e7f6328cd2c,L. Horan,l horan,Portland Thorns,Midfielder,1237.0,14,14.0,14.0,0.0,2.0,1,2,0.0,36,18,88.35714285714286,88.35714285714286,1.0,0.0,0.8833474531957757,0.21827000808407437,0.0,2.6192400970088925,1.3096200485044462,0.0,0.0,0.0,0.0,0.0,0.0,0.0,0.0,0.5527396350617855
2019,nwsl::Football_Player::2e4d5ceb965144c4aab0b26333913991,C. Polkinghorne,c polkinghorne,Portland Thorns,Defender,810.0,9,9.0,9.0,0.0,0.0,0,0,0.0,4,2,90.0,90.0,1.0,0.0,0.8366666666666667,0.0,0.0,0.4444444444444444,0.2222222222222222,0.0,0.0,0.0,0.0,0.0,0.0,0.0,0.0,0.46111111111111114
2019,nwsl::Football_Player::376f92a566f447cab876929480f1db7d,S. Catley,s catley,Portland Thorns,Defender,1425.0,16,16.0,16.0,0.0,1.0,0,2,0.0,3,1,89.0625,89.0625,1.0,0.0,0.8888506030701754,0.12631578947368421,0.0,0.18947368421052632,0.06315789473684211,0.0,0.0,0.0,0.0,0.0,0.0,0.0,0.0,0.4763651315789474
2019,nwsl::Football_Player::5a6f7e6db998474394142dcde118b954,C. Sinclair,c sinclair,Portland Thorns,Forward,1620.0,18,18.0,18.0,0.0,0.0,9,1,0.0,26,13,90.0,90.0,1.0,0.0,0.9252777777777778,0.5555555555555556,0.0,1.4444444444444444,0.7222222222222222,0.0,0.0,0.0,0.0,0.0,0.0,0.0,0.0,0.6018518518518519
2019,nwsl::Football_Player::6945a821258043e19d2c0eafadc8eef9,R. Strom-Okimoto,r strom okimoto,Portland Thorns,Forward,17.0,3,0.0,3.0,3.0,0.0,0,0,0.0,0,0,5.666666666666667,0.0,0.0,1.0,0.04249074074074074,0.0,0.0,0.0,0.0,0.0,0.0,0.0,0.0,0.0,0.0,0.0,0.0,0.028333333333333332
2019,nwsl::Football_Player::695ab088a8604af487b49740a9a3c99b,C. Boureille,c boureille,Portland Thorns,Midfielder,650.0,10,7.0,10.0,3.0,3.0,0,1,0.0,3,0,65.0,92.85714285714286,0.7,0.3,0.6251901709401708,0.13846153846153847,0.0,0.41538461538461535,0.0,0.0,0.0,0.0,0.0,0.0,0.0,0.0,0.0,0.36423076923076925
2019,nwsl::Football_Player::75b2aac187ab4582adffc92012a56c2f,T. McGrady,t mcgrady,Portland Thorns,Defender,392.0,6,5.0,6.0,1.0,3.0,0,0,0.0,0,0,65.33333333333333,78.4,0.8333333333333334,0.16666666666666666,0.6504814814814815,0.0,0.0,0.0,0.0,0.0,0.0,0.0,0.0,0.0,0.0,0.0,0.0,0.3266666666666667
2019,nwsl::Football_Player::77813063ee734e79bf875d773ad08fca,T. Porter,t porter,Portland Thorns,Midfielder,0.0,0,0.0,0.0,0.0,0.0,0,0,0.0,0,0,0.0,0.0,0.0,0.0,0.0,0.0,0.0,0.0,0.0,0.0,0.0,0.0,0.0,0.0,0.0,0.0,0.0,0.0
2019,nwsl::Football_Player::8287dc28b989436084eaab69021236b8,M. Everett,m everett,Portland Thorns,Forward,35.0,4,0.0,4.0,4.0,0.0,1,0,0.0,4,3,8.75,0.0,0.0,1.0,0.11336805555555556,2.571428571428571,0.0,10.285714285714285,7.714285714285714,0.0,0.0,0.0,0.0,0.0,0.0,0.0,0.0,0.39375000000000004
2019,nwsl::Football_Player::8362f93fd2084af485ffb37a95c03456,K. Byrne,k byrne,Portland Thorns,Midfielder,0.0,0,0.0,0.0,0.0,0.0,0,0,0.0,0,0,0.0,0.0,0.0,0.0,0.0,0.0,0.0,0.0,0.0,0.0,0.0,0.0,0.0,0.0,0.0,0.0,0.0,0.0
2019,nwsl::Football_Player::84b30914edbb45ddb082f69074fb818a,B. Bixby,b bixby,Portland Thorns,Goalkeeper,0.0,0,0.0,0.0,0.0,0.0,0,0,0.0,0,0,0.0,0.0,0.0,0.0,0.0,0.0,0.0,0.0,0.0,0.0,0.0,0.0,0.0,0.0,0.0,0.0,0.0,0.0
2019,nwsl::Football_Player::862f82d43a1943c0b7eba7d7983a2c73,B. Sauerbrunn,b sauerbrunn,Portland Thorns,Defender,1260.0,14,14.0,14.0,0.0,0.0,1,0,0.0,4,3,90.0,90.0,1.0,0.0,0.8758035714285713,0.07142857142857142,0.0,0.2857142857142857,0.21428571428571427,0.0,0.0,0.0,0.0,0.0,0.0,0.0,0.0,0.4720238095238095
2019,nwsl::Football_Player::96cc9fe3c23b49cf9fa5125c50781437,M. Klingenberg,m klingenberg,Portland Thorns,Defender,2098.0,24,24.0,24.0,0.0,4.0,0,4,0.0,10,3,87.41666666666667,87.41666666666667,1.0,0.0,0.9153574987642552,0.17159199237368924,0.0,0.42897998093422307,0.12869399428026693,0.0,0.0,0.0,0.0,0.0,0.0,0.0,0.0,0.48355616460120754
2019,nwsl::Football_Player::9ccd079f4b56432e8f21ede69aabddee,M. Arnold,m arnold,Portland Thorns,Goalkeeper,0.0,0,0.0,0.0,0.0,0.0,0,0,0.0,0,0,0.0,0.0,0.0,0.0,0.0,0.0,0.0,0.0,0.0,0.0,0.0,0.0,0.0,0.0,0.0,0.0,0.0,0.0
2019,nwsl::Football_Player::a284ba27462c404c8b146fc4022ac773,T. Comeau,t comeau,Portland Thorns,Midfielder,90.0,1,1.0,1.0,0.0,0.0,0,0,0.0,0,0,90.0,90.0,1.0,0.0,0.7749999999999999,0.0,0.0,0.0,0.0,0.0,0.0,0.0,0.0,0.0,0.0,0.0,0.0,0.45
2019,nwsl::Football_Player::a8ea77a5fc634252b1a4dd4eca5a018d,D. Brynjarsdóttir,d brynjarsdottir,Portland Thorns,Midfielder,1654.0,22,18.0,22.0,4.0,2.0,1,0,0.0,17,4,75.18181818181819,91.88888888888889,0.8181818181818182,0.18181818181818182,0.7885758522345585,0.05441354292623942,0.0,0.9250302297460702,0.21765417170495768,0.0,0.0,0.0,0.0,0.0,0.0,0.0,0.0,0.4103710014290426
2019,nwsl::Football_Player::bb43ad80320d45c1b6ce2f8d1cc6306d,E. Carpenter,e carpenter,Portland Thorns,Defender,1221.0,16,14.0,16.0,2.0,5.0,0,1,0.0,3,1,76.3125,87.21428571428571,0.875,0.125,0.7860962197993447,0.07371007371007371,0.0,0.22113022113022113,0.07371007371007371,0.0,0.0,0.0,0.0,0.0,0.0,0.0,0.0,0.4024470208845209
2019,nwsl::Football_Player::e41827bc3890453f9e388e03bf59892a,J. Taylor,j taylor,Portland Thorns,Forward,1317.0,17,16.0,17.0,1.0,9.0,5,3,0.0,32,14,77.47058823529412,82.3125,0.9411764705882353,0.058823529411764705,0.8496131694135513,0.5466970387243736,0.0,2.1867881548974943,0.9567198177676538,0.0,0.0,0.0,0.0,0.0,0.0,0.0,0.0,0.5559178614498193
2019,nwsl::Football_Player::0b7dc204715446a4840b8b7ab0656d94,V. Latsko,v latsko,Reign,Forward,117.0,4,1.0,4.0,3.0,1.0,0,0,0.0,5,1,29.25,117.0,0.25,0.75,0.26011057692307693,0.0,0.0,3.846153846153846,0.7692307692307692,0.0,0.0,0.0,0.0,0.0,0.0,0.0,0.0,0.24240384615384616
2019,nwsl::Football_Player::125129b666d44cbb8f37bf173b6c6cb6,A. Steiner,a steiner,Reign,Forward,146.0,5,0.0,5.0,5.0,0.0,0,0,0.0,6,2,29.2,0.0,0.0,1.0,0.15438097412480975,0.0,0.0,3.6986301369863015,1.2328767123287672,0.0,0.0,0.0,0.0,0.0,0.0,0.0,0.0,0.23846575342465753
2019,nwsl::Football_Player::18131df4ae534c689959f1719bb561e6,R. White,r white,Reign,Midfielder,655.0,9,8.0,9.0,1.0,6.0,2,1,0.0,19,8,72.77777777777777,81.875,0.8888888888888888,0.1111111111111111,0.7469155828856846,0.4122137404580153,0.0,2.6106870229007635,1.099236641221374,0.0,0.0,0.0,0.0,0.0,0.0,0.0,0.0,0.5150339270568278
2019,nwsl::Football_Player::1ba6539b8bae4c74add5dcd2b9be47aa,M. Rapinoe,m rapinoe,Reign,Forward,452.0,6,4.0,6.0,2.0,1.0,0,0,0.0,12,5,75.33333333333333,113.0,0.6666666666666666,0.3333333333333333,0.6197194362504098,0.0,0.0,2.3893805309734515,0.995575221238938,0.0,0.0,0.0,0.0,0.0,0.0,0.0,0.0,0.4364011799410029
2019,nwsl::Football_Player::24af72086ca04ab9abe6febc2ab176cd,K. Dallstream,k dallstream,Reign,Forward,33.0,2,0.0,2.0,2.0,0.0,0,0,0.0,0,0,16.5,0.0,0.0,1.0,0.07320833333333333,0.0,0.0,0.0,0.0,0.0,0.0,0.0,0.0,0.0,0.0,0.0,0.0,0.08249999999999999
2019,nwsl::Football_Player::2db377b4881246c0acb0d3bc1b8c4696,Quinn,quinn,Reign,Midfielder,357.0,6,4.0,6.0,2.0,1.0,0,0,0.0,0,0,59.5,89.25,0.6666666666666666,0.3333333333333333,0.5549027777777779,0.0,0.0,0.0,0.0,0.0,0.0,0.0,0.0,0.0,0.0,0.0,0.0,0.2975
2019,nwsl::Football_Player::340010f8d63746409c639a2d673918a3,E. Yenney,e yenney,Reign,Midfielder,0.0,0,0.0,0.0,0.0,0.0,0,0,0.0,0,0,0.0,0.0,0.0,0.0,0.0,0.0,0.0,0.0,0.0,0.0,0.0,0.0,0.0,0.0,0.0,0.0,0.0,0.0
2019,nwsl::Football_Player::48f5de8d0ac445c98d86b0485af36ad0,A. Crnogorčević,a crnogorcevic,Reign,Forward,761.0,12,9.0,12.0,3.0,5.0,1,1,0.0,10,3,63.416666666666664,84.55555555555556,0.75,0.25,0.6630464514284323,0.23653088042049933,0.0,1.1826544021024967,0.354796320630749,0.0,0.0,0.0,0.0,0.0,0.0,0.0,0.0,0.39592696014016643
2019,nwsl::Football_Player::4bd84fd5cceb4538a556a4b9eb250841,S. Huerta,s huerta,Reign,Defender,2079.0,24,23.0,24.0,1.0,5.0,5,4,0.0,37,14,86.625,90.3913043478261,0.9583333333333334,0.041666666666666664,0.9050255681818182,0.3896103896103896,0.0,1.6017316017316017,0.6060606060606061,0.0,0.0,0.0,0.0,0.0,0.0,0.0,0.0,0.5543371212121213
2019,nwsl::Football_Player::50e2c2a980ed45b7a97f25ad06075e02,M. Proffitt,m proffitt,Reign,Midfielder,413.0,6,4.0,6.0,2.0,0.0,0,0,0.0,1,0,68.83333333333333,103.25,0.6666666666666666,0.3333333333333333,0.5886458949869967,0.0,0.0,0.21791767554479421,0.0,0.0,0.0,0.0,0.0,0.0,0.0,0.0,0.0,0.34961460855528653
2019,nwsl::Football_Player::5ae4cbaf5a2f45eaa9c280ff2b6cec7f,L. Barnes,l barnes,Reign,Defender,2190.0,24,24.0,24.0,0.0,0.0,0,0,0.0,0,0,91.25,91.25,1.0,0.0,0.9175,0.0,0.0,0.0,0.0,0.0,0.0,0.0,0.0,0.0,0.0,0.0,0.0,0.45
2019,nwsl::Football_Player::5d76f50c58f34b00a7bd574b12c70c94,J. Fishlock,j fishlock,Reign,Midfielder,414.0,5,5.0,5.0,0.0,1.0,3,1,0.0,18,10,82.8,82.8,1.0,0.0,0.8214478260869564,0.8695652173913044,0.0,3.91304347826087,2.173913043478261,0.0,0.0,0.0,0.0,0.0,0.0,0.0,0.0,0.6929855072463769
2019,nwsl::Football_Player::5db89892c5dd4e43b1c7853cb219c0fe,T. Eslund,t eslund,Reign,Defender,1737.0,22,19.0,22.0,3.0,2.0,0,2,0.0,7,3,78.95454545454545,91.42105263157895,0.8636363636363636,0.13636363636363635,0.8217689001413094,0.10362694300518134,0.0,0.3626943005181347,0.15544041450777202,0.0,0.0,0.0,0.0,0.0,0.0,0.0,0.0,0.4254290312450934
2019,nwsl::Football_Player::65345eaea5584a9f9e6c198bd975eecd,M. Andrews,m andrews,Reign,Midfielder,604.0,9,7.0,9.0,2.0,2.0,0,0,0.0,6,2,67.11111111111111,86.28571428571429,0.7777777777777778,0.2222222222222222,0.6576057354263756,0.0,0.0,0.8940397350993378,0.29801324503311255,0.0,0.0,0.0,0.0,0.0,0.0,0.0,0.0,0.35790654893303897
2019,nwsl::Football_Player::6ab00989545c40c7a9821442b499aa8a,N. Stanton,n stanton,Reign,Midfielder,1012.0,20,11.0,20.0,9.0,4.0,0,0,0.0,3,1,50.6,92.0,0.55,0.45,0.5770060496267019,0.0,0.0,0.26679841897233203,0.08893280632411067,0.0,0.0,0.0,0.0,0.0,0.0,0.0,0.0,0.2596699604743083
2019,nwsl::Football_Player::6c0f70864fde444e9cdec8b9c9ba8b7a,K. Butterfield,k butterfield,Reign,Goalkeeper,0.0,0,0.0,0.0,0.0,0.0,0,0,0.0,0,0,0.0,0.0,0.0,0.0,0.0,0.0,0.0,0.0,0.0,0.0,0.0,0.0,0.0,0.0,0.0,0.0,0.0,0.0
2019,nwsl::Football_Player::939dbe85be7545d7a100135571ba94b4,B. Yanez,b yanez,Reign,Midfielder,1866.0,22,21.0,22.0,1.0,4.0,1,0,0.0,30,9,84.81818181818181,88.85714285714286,0.9545454545454546,0.045454545454545456,0.8856984312579168,0.04823151125401929,0.0,1.4469453376205788,0.4340836012861736,0.0,0.0,0.0,0.0,0.0,0.0,0.0,0.0,0.4703127740426776
2019,nwsl::Football_Player::95fc5444983945819b7196cc46aa554c,R. Corsie,r corsie,Reign,Defender,1710.0,19,19.0,19.0,0.0,0.0,1,0,0.0,8,4,90.0,90.0,1.0,0.0,0.9132236842105262,0.05263157894736842,0.0,0.42105263157894735,0.21052631578947367,0.0,0.0,0.0,0.0,0.0,0.0,0.0,0.0,0.4714912280701754
2019,nwsl::Football_Player::b34b92d539f6450e883ce6d31d545996,H. Kopmeyer,h kopmeyer,Reign,Goalkeeper,900.0,10,10.0,10.0,0.0,0.0,0,0,0.0,0,0,90.0,90.0,1.0,0.0,0.8424999999999999,0.0,0.0,0.0,0.0,0.0,0.0,0.0,0.0,0.0,0.0,0.0,0.0,0.45
2019,nwsl::Football_Player::d90cabad749d4dd09e01a4f40afe693a,R. Utsugi,r utsugi,Reign,Defender,304.0,5,4.0,5.0,1.0,3.0,0,1,0.0,5,2,60.8,76.0,0.8,0.2,0.6267915204678363,0.29605263157894735,0.0,1.480263157894737,0.5921052631578947,0.0,0.0,0.0,0.0,0.0,0.0,0.0,0.0,0.40268421052631576
2019,nwsl::Football_Player::df332954de24442d91ee0ffad3c95c1a,S. Watson,s watson,Reign,Goalkeeper,0.0,0,0.0,0.0,0.0,0.0,0,0,0.0,0,0,0.0,0.0,0.0,0.0,0.0,0.0,0.0,0.0,0.0,0.0,0.0,0.0,0.0,0.0,0.0,0.0,0.0,0.0
2019,nwsl::Football_Player::e7904513b0494b90b7811b45343f6262,S. Cox,s cox,Reign,Defender,381.0,8,4.0,8.0,4.0,1.0,0,0,0.0,3,1,47.625,95.25,0.5,0.5,0.4556678969816273,0.0,0.0,0.7086614173228346,0.23622047244094488,0.0,0.0,0.0,0.0,0.0,0.0,0.0,0.0,0.25584153543307087
2019,nwsl::Football_Player::f3e1a521ef4f4f24bd0ee3fb985ec265,L. Biyendolo,l biyendolo,Reign,Forward,2052.0,24,23.0,24.0,1.0,5.0,12,6,0.0,99,48,85.5,89.21739130434783,0.9583333333333334,0.041666666666666664,0.922546052631579,0.7894736842105263,0.0,4.342105263157895,2.1052631578947367,0.0,0.0,0.0,0.0,0.0,0.0,0.0,0.0,0.6919736842105263
2019,nwsl::Football_Player::057dd853becd400fb5a461051a9a466e,A. Kimball,a kimball,Royals,Forward,0.0,0,0.0,0.0,0.0,0.0,0,0,0.0,0,0,0.0,0.0,0.0,0.0,0.0,0.0,0.0,0.0,0.0,0.0,0.0,0.0,0.0,0.0,0.0,0.0,0.0,0.0
2019,nwsl::Football_Player::0fc6e8c0cd724c14b06c64c27c8331e6,C. Kizer,c kizer,Royals,Forward,364.0,16,2.0,16.0,14.0,2.0,0,0,0.0,3,0,22.75,182.0,0.125,0.875,0.25928853785103784,0.0,0.0,0.7417582417582418,0.0,0.0,0.0,0.0,0.0,0.0,0.0,0.0,0.0,0.13229395604395605
2019,nwsl::Football_Player::154f6fabca234dccbdd62b2b2d5e7e08,M. Pogarch,m pogarch,Royals,Defender,102.0,3,1.0,3.0,2.0,1.0,0,0,0.0,0,0,34.0,102.0,0.3333333333333333,0.6666666666666666,0.29244444444444445,0.0,0.0,0.0,0.0,0.0,0.0,0.0,0.0,0.0,0.0,0.0,0.0,0.17
2019,nwsl::Football_Player::2c5936a5814a4968b1bf412cf92362d1,A. Newfield,a newfield,Royals,Midfielder,25.0,2,0.0,2.0,2.0,0.0,0,0,0.0,0,0,12.5,0.0,0.0,1.0,0.059097222222222225,0.0,0.0,0.0,0.0,0.0,0.0,0.0,0.0,0.0,0.0,0.0,0.0,0.0625
2019,nwsl::Football_Player::9cb23558bac040418e6fe42500f70055,M. Vasconcelos,m vasconcelos,Royals,Midfielder,486.0,11,5.0,11.0,6.0,6.0,2,3,0.0,14,5,44.18181818181818,97.2,0.45454545454545453,0.5454545454545454,0.48156649831649834,0.9259259259259258,0.0,2.5925925925925926,0.9259259259259258,0.0,0.0,0.0,0.0,0.0,0.0,0.0,0.0,0.47862514029180697
2019,nwsl::Football_Player::da8b3240f855428fb23fe5ad55ede703,Vero,vero,Royals,Midfielder,1630.0,21,19.0,21.0,2.0,3.0,0,6,0.0,7,3,77.61904761904762,85.78947368421052,0.9047619047619048,0.09523809523809523,0.8427677557048723,0.33128834355828224,0.0,0.38650306748466257,0.16564417177914112,0.0,0.0,0.0,0.0,0.0,0.0,0.0,0.0,0.4667762196903301
2019,nwsl::Football_Player::db018e6a9a254ea2a703fadeec66c869,I. Onumonu,i onumonu,Royals,Forward,1035.0,21,8.0,21.0,13.0,3.0,3,1,0.0,17,10,49.285714285714285,129.375,0.38095238095238093,0.6190476190476191,0.5117106625258799,0.34782608695652173,0.0,1.4782608695652173,0.8695652173913043,0.0,0.0,0.0,0.0,0.0,0.0,0.0,0.0,0.35584886128364396
2019,nwsl::Football_Player::e0677530887b4f339b459b07f9e73b71,M. Cox,m cox,Royals,Midfielder,8.0,2,0.0,2.0,2.0,0.0,0,0,0.0,0,0,4.0,0.0,0.0,1.0,0.029111111111111112,0.0,0.0,0.0,0.0,0.0,0.0,0.0,0.0,0.0,0.0,0.0,0.0,0.02
2019,nwsl::Football_Player::f02a507bde074f68ac65cbd2ac77104b,P. Monaghan,p monaghan,Royals,Forward,1759.0,23,20.0,23.0,3.0,8.0,2,1,0.0,32,10,76.47826086956522,87.95,0.8695652173913043,0.13043478260869565,0.8220392687160305,0.1534963047185901,0.0,1.6372939169982945,0.511654349061967,0.0,0.0,0.0,0.0,0.0,0.0,0.0,0.0,0.4553020490891564
2019,nwsl::Football_Player::f34cb0fac68445bf95cc5baec18f7044,I. Dorsey,i dorsey,Royals,Defender,1959.0,23,23.0,23.0,0.0,4.0,2,0,0.0,27,7,85.17391304347827,85.17391304347827,1.0,0.0,0.9079976085846817,0.09188361408882083,0.0,1.2404287901990811,0.3215926493108729,0.0,0.0,0.0,0.0,0.0,0.0,0.0,0.0,0.47602270457420603
2019,nwsl::Football_Player::097c0d345a08482ea6b5a8d8b4f7b7c6,A. Romero,a romero,Washington Spirit,Defender,762.0,10,8.0,10.0,2.0,2.0,0,1,0.0,0,0,76.2,95.25,0.8,0.2,0.7075076115485565,0.11811023622047244,0.0,0.0,0.0,0.0,0.0,0.0,0.0,0.0,0.0,0.0,0.0,0.40560629921259844
2019,nwsl::Football_Player::2e67f16c924649e9b5584a1a25552589,C. Krueger,c krueger,Washington Spirit,Defender,2235.0,25,25.0,25.0,0.0,1.0,2,3,0.0,19,10,89.4,89.4,1.0,0.0,0.9245444071588368,0.20134228187919465,0.0,0.7651006711409396,0.4026845637583893,0.0,0.0,0.0,0.0,0.0,0.0,0.0,0.0,0.5080738255033558
2019,nwsl::Football_Player::38533cb4693048bb8dfce55130bd4eaa,A. Brooks,a brooks,Washington Spirit,Defender,2160.0,24,24.0,24.0,0.0,0.0,1,0,0.0,20,8,90.0,90.0,1.0,0.0,0.9219270833333333,0.041666666666666664,0.0,0.8333333333333334,0.3333333333333333,0.0,0.0,0.0,0.0,0.0,0.0,0.0,0.0,0.4795138888888889
2019,nwsl::Football_Player::3aefd825eeab48d994fc572c7a023ea0,L. Williams,l williams,Washington Spirit,Goalkeeper,90.0,1,1.0,1.0,0.0,0.0,0,0,0.0,0,0,90.0,90.0,1.0,0.0,0.7749999999999999,0.0,0.0,0.0,0.0,0.0,0.0,0.0,0.0,0.0,0.0,0.0,0.0,0.45
2019,nwsl::Football_Player::563dd6b70ed74a0c9b30dc29b51c8364,A. Harris,a harris,Washington Spirit,Goalkeeper,1170.0,13,13.0,13.0,0.0,0.0,0,0,0.0,0,0,90.0,90.0,1.0,0.0,0.865,0.0,0.0,0.0,0.0,0.0,0.0,0.0,0.0,0.0,0.0,0.0,0.0,0.45
2019,nwsl::Football_Player::75a1f211b7f04ffebe4cdd67cd838239,A. Sullivan,a sullivan,Washington Spirit,Midfielder,2070.0,23,23.0,23.0,0.0,0.0,2,0,0.0,27,7,90.0,90.0,1.0,0.0,0.9246195652173913,0.08695652173913043,0.0,1.173913043478261,0.30434782608695654,0.0,0.0,0.0,0.0,0.0,0.0,0.0,0.0,0.49746376811594206
2019,nwsl::Football_Player::7db5847746a4400c82ce7aca3ed31c03,K. Reynolds,k reynolds,Washington Spirit,Defender,1742.0,24,18.0,24.0,6.0,0.0,0,0,0.0,1,0,72.58333333333333,96.77777777777777,0.75,0.25,0.7437516131947103,0.0,0.0,0.05166475315729047,0.0,0.0,0.0,0.0,0.0,0.0,0.0,0.0,0.0,0.3642082854955989
2019,nwsl::Football_Player::a86e9ba2f4c44ce789c593b2b5bf9bcb,A. Kingsbury,a kingsbury,Washington Spirit,Goalkeeper,2149.0,24,24.0,24.0,0.0,1.0,0,0,0.0,0,0,89.54166666666667,89.54166666666667,1.0,0.0,0.915883101851852,0.0,0.0,0.0,0.0,0.0,0.0,0.0,0.0,0.0,0.0,0.0,0.0,0.4477083333333334
2019,nwsl::Football_Player::ab874a3ca2884b618bda80b4fea7d28a,G. Vincent,g vincent,Washington Spirit,Midfielder,688.0,9,7.0,9.0,2.0,0.0,0,0,0.0,0,0,76.44444444444444,98.28571428571429,0.7777777777777778,0.2222222222222222,0.687179012345679,0.0,0.0,0.0,0.0,0.0,0.0,0.0,0.0,0.0,0.0,0.0,0.0,0.38222222222222224
2019,nwsl::Football_Player::b6c8507c7df04dd283cf16d546d78a2d,H. Raso,h raso,Washington Spirit,Forward,1086.0,15,11.0,15.0,4.0,6.0,4,0,0.0,24,14,72.4,98.72727272727273,0.7333333333333333,0.26666666666666666,0.7157287906691222,0.3314917127071823,0.0,1.988950276243094,1.160220994475138,0.0,0.0,0.0,0.0,0.0,0.0,0.0,0.0,0.4807845303867403
2019,nwsl::Football_Player::c413ab13b4b2411b8255f868ec263843,A. Hatch,a hatch,Washington Spirit,Forward,2096.0,24,24.0,24.0,0.0,6.0,7,2,0.0,52,26,87.33333333333333,87.33333333333333,1.0,0.0,0.928542258623127,0.38645038167938933,0.0,2.232824427480916,1.116412213740458,0.0,0.0,0.0,0.0,0.0,0.0,0.0,0.0,0.5729977735368957
2019,nwsl::Football_Player::c78a57f425bc49a4b20f936d22cdb37e,C. Nairn,c nairn,Washington Spirit,Midfielder,1663.0,22,19.0,22.0,3.0,8.0,1,2,0.0,8,5,75.5909090909091,87.52631578947368,0.8636363636363636,0.13636363636363635,0.8120015268439051,0.1623571858087793,0.0,0.4329524954900782,0.27059530968129886,0.0,0.0,0.0,0.0,0.0,0.0,0.0,0.0,0.4226027715519598
2019,nwsl::Football_Player::d14268671393435c9c3e376871891eed,T. Huster,t huster,Washington Spirit,Midfielder,1935.0,22,22.0,22.0,0.0,1.0,0,3,0.0,4,2,87.95454545454545,87.95454545454545,1.0,0.0,0.9153422304439747,0.13953488372093023,0.0,0.18604651162790697,0.09302325581395349,0.0,0.0,0.0,0.0,0.0,0.0,0.0,0.0,0.47349365750528544
2019,nwsl::Football_Player::d1bddbacbec54d86b8495442e2158e67,M. Berryhill,m berryhill,Washington Spirit,Defender,196.0,3,2.0,3.0,1.0,0.0,0,0,0.0,1,0,65.33333333333333,98.0,0.6666666666666666,0.3333333333333333,0.5547034202569917,0.0,0.0,0.4591836734693878,0.0,0.0,0.0,0.0,0.0,0.0,0.0,0.0,0.0,0.3381462585034014
2019,nwsl::Football_Player::deabe98ff08946e5b44f890b1d2e7c5c,M. Crosson,m crosson,Washington Spirit,Defender,382.0,9,3.0,9.0,6.0,2.0,1,0,0.0,3,2,42.44444444444444,127.33333333333333,0.3333333333333333,0.6666666666666666,0.37724765690647016,0.2356020942408377,0.0,0.7068062827225131,0.4712041884816754,0.0,0.0,0.0,0.0,0.0,0.0,0.0,0.0,0.27897614892379297
2019,nwsl::Football_Player::e3b7559537cd47c6ab075382bddd6bb1,A. Harrison,a harrison,Washington Spirit,Midfielder,508.0,10,8.0,10.0,2.0,8.0,0,2,0.0,2,1,50.8,63.5,0.8,0.2,0.6266126859142608,0.3543307086614173,0.0,0.3543307086614173,0.17716535433070865,0.0,0.0,0.0,0.0,0.0,0.0,0.0,0.0,0.3366771653543307
2019,nwsl::Football_Player::e51b4111833f48188a8a8ccd3eccef3e,A. Salem,a salem,Washington Spirit,Midfielder,153.0,3,2.0,3.0,1.0,2.0,0,0,0.0,0,0,51.0,76.5,0.6666666666666666,0.3333333333333333,0.5024166666666666,0.0,0.0,0.0,0.0,0.0,0.0,0.0,0.0,0.0,0.0,0.0,0.0,0.255
2019,nwsl::Football_Player::e8f24eb9d71a4a6e9d09c983d7d0e62e,C. Hudson,c hudson,Washington Spirit,Midfielder,50.0,4,0.0,4.0,4.0,0.0,0,0,0.0,0,0,12.5,0.0,0.0,1.0,0.07409722222222222,0.0,0.0,0.0,0.0,0.0,0.0,0.0,0.0,0.0,0.0,0.0,0.0,0.0625
2019,nwsl::Football_Player::f75119bb342e4c80967ffaa4888eee71,E. Kellond-Knight,e kellond knight,Washington Spirit,Defender,900.0,18,8.0,18.0,10.0,6.0,0,0,0.0,6,2,50.0,112.5,0.4444444444444444,0.5555555555555556,0.5136388888888889,0.0,0.0,0.6,0.2,0.0,0.0,0.0,0.0,0.0,0.0,0.0,0.0,0.265
2019,nwsl::Football_Player::f7fde6b4449d4091aa9c561a61e2731a,G. Cutler,g cutler,Washington Spirit,Defender,0.0,0,0.0,0.0,0.0,0.0,0,0,0.0,0,0,0.0,0.0,0.0,0.0,0.0,0.0,0.0,0.0,0.0,0.0,0.0,0.0,0.0,0.0,0.0,0.0,0.0,0.0
2019,nwsl::Football_Player::fbfe7392b0744bb6a8d7826010fe0a6e,N. Barnhart,n barnhart,Washington Spirit,Goalkeeper,2160.0,24,24.0,24.0,0.0,0.0,0,0,0.0,0,0,90.0,90.0,1.0,0.0,0.9175,0.0,0.0,0.0,0.0,0.0,0.0,0.0,0.0,0.0,0.0,0.0,0.0,0.45
2021,nwsl::Football_Player::09140d97bf314b7193afa990b5f36308,S. Staab,s staab,Chicago Stars,Defender,2225.0,25,25.0,25.0,0.0,1.0,1,2,0.0,6,1,89.0,89.0,1.0,0.0,0.9186744694132334,0.12134831460674157,0.0,0.24269662921348314,0.040449438202247195,0.0,0.0,0.0,0.0,0.0,0.0,0.0,0.0,0.4763483146067416
2021,nwsl::Football_Player::316ed7e7e2a243949a4ab1ca573e2972,A. McCain,a mccain,Chicago Stars,Midfielder,857.0,15,9.0,15.0,6.0,5.0,0,0,0.0,10,3,57.13333333333333,95.22222222222223,0.6,0.4,0.5879918600630969,0.0,0.0,1.0501750291715286,0.31505250875145857,0.0,0.0,0.0,0.0,0.0,0.0,0.0,0.0,0.3119210423959549
2021,nwsl::Football_Player::48fbfdd7f8004d3cb8bd7ef56db89b4c,C. Biegalski,c biegalski,Chicago Stars,Defender,192.0,9,2.0,9.0,7.0,2.0,0,0,0.0,0,0,21.333333333333332,96.0,0.2222222222222222,0.7777777777777778,0.24275925925925923,0.0,0.0,0.0,0.0,0.0,0.0,0.0,0.0,0.0,0.0,0.0,0.0,0.10666666666666667
2021,nwsl::Football_Player::4a2f22e74e874b8bbdf2f73dec08a844,C. Onwualu,c onwualu,Chicago Stars,Midfielder,1073.0,24,11.0,24.0,13.0,7.0,0,0,0.0,5,3,44.708333333333336,97.54545454545455,0.4583333333333333,0.5416666666666666,0.515543758197853,0.0,0.0,0.4193849021435228,0.2516309412861137,0.0,0.0,0.0,0.0,0.0,0.0,0.0,0.0,0.23402628922025473
2021,nwsl::Football_Player::57fe0d4b80e74d1fa6fc56aab0db25ad,A. Naeher,a naeher,Chicago Stars,Goalkeeper,720.0,8,8.0,8.0,0.0,0.0,0,0,0.0,0,0,90.0,90.0,1.0,0.0,0.8275,0.0,0.0,0.0,0.0,0.0,0.0,0.0,0.0,0.0,0.0,0.0,0.0,0.45
2021,nwsl::Football_Player::78fe6058bc1049be9f905c1d7b109833,N. Kuikka,n kuikka,Chicago Stars,Defender,1459.0,20,15.0,20.0,5.0,3.0,0,1,0.0,16,5,72.95,97.26666666666667,0.75,0.25,0.7504802442692865,0.0616860863605209,0.0,0.9869773817683344,0.3084304318026045,0.0,0.0,0.0,0.0,0.0,0.0,0.0,0.0,0.40227570253598355
2021,nwsl::Football_Player::9556955942f0440ba40131808554d799,Z. Goralski,z goralski,Chicago Stars,Defender,28.0,1,0.0,1.0,1.0,0.0,0,0,0.0,0,0,28.0,0.0,0.0,1.0,0.10627777777777779,0.0,0.0,0.0,0.0,0.0,0.0,0.0,0.0,0.0,0.0,0.0,0.0,0.14
2021,nwsl::Football_Player::bed414a91b8143088aed85421e424533,S. Schneider,s schneider,Chicago Stars,Goalkeeper,0.0,0,0.0,0.0,0.0,0.0,0,0,0.0,0,0,0.0,0.0,0.0,0.0,0.0,0.0,0.0,0.0,0.0,0.0,0.0,0.0,0.0,0.0,0.0,0.0,0.0,0.0
2021,nwsl::Football_Player::bee0506c8e134de9bc8af601b1d28778,J. Ertz,j ertz,Chicago Stars,Midfielder,29.0,1,1.0,1.0,0.0,1.0,0,0,0.0,0,0,29.0,29.0,1.0,0.0,0.5598055555555556,0.0,0.0,0.0,0.0,0.0,0.0,0.0,0.0,0.0,0.0,0.0,0.0,0.14500000000000002
2021,nwsl::Football_Player::bf34255e27f44fa380961950723a9003,A. Mautz,a mautz,Chicago Stars,Midfielder,369.0,17,3.0,17.0,14.0,3.0,0,0,0.0,2,0,21.705882352941178,123.0,0.17647058823529413,0.8235294117647058,0.28531456241033,0.0,0.0,0.48780487804878053,0.0,0.0,0.0,0.0,0.0,0.0,0.0,0.0,0.0,0.1207245337159254
2021,nwsl::Football_Player::c5ab6add4ef243f8aa8a491ef9861f2a,E. Boyd,e boyd,Chicago Stars,Goalkeeper,90.0,1,1.0,1.0,0.0,0.0,0,0,0.0,0,0,90.0,90.0,1.0,0.0,0.7749999999999999,0.0,0.0,0.0,0.0,0.0,0.0,0.0,0.0,0.0,0.0,0.0,0.0,0.45
2021,nwsl::Football_Player::c73ed6197e5645fd96f9870c2f5a1664,Z. Morse,z morse,Chicago Stars,Defender,7.0,1,0.0,1.0,1.0,0.0,0,0,0.0,0,0,7.0,0.0,0.0,1.0,0.03219444444444444,0.0,0.0,0.0,0.0,0.0,0.0,0.0,0.0,0.0,0.0,0.0,0.0,0.035
2021,nwsl::Football_Player::d7d29fcbb1374eb4bda584df8d928547,M. Swanson,m swanson,Chicago Stars,Forward,2069.0,25,24.0,25.0,1.0,12.0,5,4,0.0,56,29,82.76,86.20833333333333,0.96,0.04,0.8953279077385747,0.3914934751087482,0.0,2.4359594006766554,1.261478975350411,0.0,0.0,0.0,0.0,0.0,0.0,0.0,0.0,0.5562601256645723
2021,nwsl::Football_Player::dd552139607f4e219cab7864188eef47,S. Groom,s groom,Chicago Stars,Midfielder,1691.0,24,21.0,24.0,3.0,14.0,3,2,0.0,23,9,70.45833333333333,80.52380952380952,0.875,0.125,0.8052179067558096,0.26611472501478417,0.0,1.224127735068007,0.4790065050266115,0.0,0.0,0.0,0.0,0.0,0.0,0.0,0.0,0.43833542775478024
2021,nwsl::Football_Player::1084e260eb4a464380aa818f0061c67d,C. Logarzo,c logarzo,Current,Midfielder,172.0,6,0.0,6.0,6.0,0.0,0,0,0.0,3,2,28.666666666666668,0.0,0.0,1.0,0.1520162575366064,0.0,0.0,1.569767441860465,1.0465116279069766,0.0,0.0,0.0,0.0,0.0,0.0,0.0,0.0,0.18257751937984495
2021,nwsl::Football_Player::3385fcf1a34441189ee3e454b3de1baa,M. Weber,m weber,Current,Defender,1242.0,19,14.0,19.0,5.0,6.0,0,1,0.0,8,3,65.36842105263158,88.71428571428571,0.7368421052631579,0.2631578947368421,0.7091226163234171,0.07246376811594203,0.0,0.5797101449275363,0.21739130434782608,0.0,0.0,0.0,0.0,0.0,0.0,0.0,0.0,0.3564314772438343
2021,nwsl::Football_Player::3e718f382e0d475dabf2d284f1f2541d,A. Long,a long,Current,Midfielder,2148.0,24,24.0,24.0,0.0,1.0,1,0,0.0,12,4,89.5,89.5,1.0,0.0,0.9189309435133457,0.04189944134078212,0.0,0.5027932960893855,0.16759776536312848,0.0,0.0,0.0,0.0,0.0,0.0,0.0,0.0,0.4687988826815643
2021,nwsl::Football_Player::4e6fe7bf2c6c4fa1a74ac18b297e644d,T. Stuteville,t stuteville,Current,Goalkeeper,0.0,0,0.0,0.0,0.0,0.0,0,0,0.0,0,0,0.0,0.0,0.0,0.0,0.0,0.0,0.0,0.0,0.0,0.0,0.0,0.0,0.0,0.0,0.0,0.0,0.0,0.0
2021,nwsl::Football_Player::4e979e016c024767aa7fc21e21cced19,T. Leach,t leach,Current,Defender,630.0,8,7.0,8.0,1.0,2.0,1,0,0.0,3,1,78.75,90.0,0.875,0.125,0.7376339285714286,0.14285714285714285,0.0,0.42857142857142855,0.14285714285714285,0.0,0.0,0.0,0.0,0.0,0.0,0.0,0.0,0.4342261904761905
2021,nwsl::Football_Player::53377155ab4b4c08b6ff7a3c66865fe3,R. Rodríguez,r rodriguez,Current,Midfielder,1813.0,23,20.0,23.0,3.0,5.0,2,2,0.0,34,12,78.82608695652173,90.65,0.8695652173913043,0.13043478260869565,0.8319197389492421,0.1985659128516271,0.0,1.6878102592388307,0.5956977385548814,0.0,0.0,0.0,0.0,0.0,0.0,0.0,0.0,0.4776935897743352
2021,nwsl::Football_Player::6335b349527a432b89971d385d4defa3,D. Scott,d scott,Current,Midfielder,908.0,12,11.0,12.0,1.0,6.0,0,0,0.0,0,0,75.66666666666667,82.54545454545455,0.9166666666666666,0.08333333333333333,0.769435185185185,0.0,0.0,0.0,0.0,0.0,0.0,0.0,0.0,0.0,0.0,0.0,0.0,0.37833333333333335
2021,nwsl::Football_Player::674d339883c740f694c4613c6a921cc7,A. Hess,a hess,Current,Forward,7.0,1,0.0,1.0,1.0,0.0,0,0,0.0,1,0,7.0,0.0,0.0,1.0,0.04719444444444444,0.0,0.0,12.857142857142858,0.0,0.0,0.0,0.0,0.0,0.0,0.0,0.0,0.0,0.135
2021,nwsl::Football_Player::7f73f631e24245718d0a02fa95a4d271,M. Nolf,m nolf,Current,Defender,178.0,4,2.0,4.0,2.0,2.0,0,0,0.0,2,0,44.5,89.0,0.5,0.5,0.4157782459425718,0.0,0.0,1.0112359550561798,0.0,0.0,0.0,0.0,0.0,0.0,0.0,0.0,0.0,0.2477808988764045
2021,nwsl::Football_Player::810db7679a9d4660929f485ed49e1988,E. Ball,e ball,Current,Defender,1363.0,16,16.0,16.0,0.0,2.0,1,0,0.0,4,2,85.1875,85.1875,1.0,0.0,0.8735764946095215,0.06603081438004402,0.0,0.26412325752017607,0.13206162876008803,0.0,0.0,0.0,0.0,0.0,0.0,0.0,0.0,0.44629700110051357
2021,nwsl::Football_Player::85023bcbe613492da8caaa35221257ed,K. Sharples,k sharples,Current,Defender,1079.0,14,12.0,14.0,2.0,1.0,0,0,0.0,7,4,77.07142857142857,89.91666666666667,0.8571428571428571,0.14285714285714285,0.7647946860702884,0.0,0.0,0.5838739573679332,0.3336422613531047,0.0,0.0,0.0,0.0,0.0,0.0,0.0,0.0,0.39995399179134117
2021,nwsl::Football_Player::8d18be11237c447ea621fcde56944492,A. Franch,a franch,Current,Goalkeeper,2700.0,30,30.0,30.0,0.0,0.0,0,0,0.0,0,0,90.0,90.0,1.0,0.0,0.9175,0.0,0.0,0.0,0.0,0.0,0.0,0.0,0.0,0.0,0.0,0.0,0.0,0.45
2021,nwsl::Football_Player::9792e74df15347e7956b266647bfd2a6,A. Cook,a cook,Current,Defender,1800.0,20,20.0,20.0,0.0,0.0,0,0,0.0,3,1,90.0,90.0,1.0,0.0,0.9180625,0.0,0.0,0.15,0.05,0.0,0.0,0.0,0.0,0.0,0.0,0.0,0.0,0.45375
2021,nwsl::Football_Player::9ad8ef494aeb4e39b37e3f1dcabd9b78,K. Hamilton,k hamilton,Current,Forward,3294.0,48,36.0,48.0,12.0,12.0,4,0,0.0,66,40,68.625,91.5,0.75,0.25,0.7397713456284153,0.1092896174863388,0.0,1.8032786885245902,1.0928961748633879,0.0,0.0,0.0,0.0,0.0,0.0,0.0,0.0,0.41097563752276867
2021,nwsl::Football_Player::9b7fd5c1259c48b1a87f1cc0c10f713c,L. LaBonta,l labonta,Current,Midfielder,1382.0,19,17.0,19.0,2.0,6.0,1,0,0.0,23,8,72.73684210526316,81.29411764705883,0.8947368421052632,0.10526315789473684,0.8093829478423508,0.06512301013024602,0.0,1.4978292329956584,0.5209840810419681,0.0,0.0,0.0,0.0,0.0,0.0,0.0,0.0,0.4146972351283419
2021,nwsl::Football_Player::a3c391f133d04b9683f93712586b2155,S. Miramontez,s miramontez,Current,Defender,1.0,1,0.0,1.0,1.0,0.0,0,0,0.0,0,0,1.0,0.0,0.0,1.0,0.011027777777777779,0.0,0.0,0.0,0.0,0.0,0.0,0.0,0.0,0.0,0.0,0.0,0.0,0.005
2021,nwsl::Football_Player::a58cdc45fc0448a28cbd965d9601aaf7,N. Prince,n prince,Current,Forward,1419.0,16,16.0,16.0,0.0,7.0,2,3,0.0,23,15,88.6875,88.6875,1.0,0.0,0.898250341349542,0.3171247357293869,0.0,1.4587737843551796,0.9513742071881607,0.0,0.0,0.0,0.0,0.0,0.0,0.0,0.0,0.5459744978858352
2021,nwsl::Football_Player::a74c35267e4b4a689431f9d3be7522c6,Debinha,debinha,Current,Midfielder,1660.0,19,19.0,19.0,0.0,12.0,3,2,0.0,39,22,87.36842105263158,87.36842105263158,1.0,0.0,0.9171169766786443,0.27108433734939763,0.0,2.1144578313253013,1.1927710843373496,0.0,0.0,0.0,0.0,0.0,0.0,0.0,0.0,0.5461794546607482
2021,nwsl::Football_Player::c254fb644c6a41d4ad41226acbc54b48,J. Johnson,j johnson,Current,Forward,63.0,5,0.0,5.0,5.0,0.0,0,0,0.0,2,0,12.6,0.0,0.0,1.0,0.09266428571428571,0.0,0.0,2.857142857142857,0.0,0.0,0.0,0.0,0.0,0.0,0.0,0.0,0.0,0.13442857142857145
2021,nwsl::Football_Player::c7c35bca896849439784a5cdee73a0b1,H. Mace,h mace,Current,Midfielder,2218.0,46,24.0,46.0,22.0,20.0,6,2,0.0,58,28,48.21739130434783,92.41666666666667,0.5217391304347826,0.4782608695652174,0.5738526428474972,0.3246167718665464,0.0,2.3534715960324615,1.1361587015329124,0.0,0.0,0.0,0.0,0.0,0.0,0.0,0.0,0.3675522405614145
2021,nwsl::Football_Player::cac9bfef965b49f9a20bbc0deb15ccfa,V. DiBernardo,v dibernardo,Current,Midfielder,1528.0,21,18.0,21.0,3.0,9.0,0,1,0.0,19,7,72.76190476190476,84.88888888888889,0.8571428571428571,0.14285714285714285,0.7984394200670378,0.058900523560209424,0.0,1.119109947643979,0.412303664921466,0.0,0.0,0.0,0.0,0.0,0.0,0.0,0.0,0.40405821490900024
2021,nwsl::Football_Player::e58c689bf2ae4cf6b2c2ab6c0a5196e5,M. Maemone,m maemone,Current,Defender,240.0,5,2.0,5.0,3.0,0.0,0,0,0.0,1,1,48.0,120.0,0.4,0.6,0.3882395833333333,0.0,0.0,0.375,0.375,0.0,0.0,0.0,0.0,0.0,0.0,0.0,0.0,0.24937499999999999
2021,nwsl::Football_Player::081da0eaabb64b9d878576f3bd19d971,T. Otto,t otto,Gotham FC,Defender,363.0,9,3.0,9.0,6.0,1.0,0,0,0.0,0,0,40.333333333333336,121.0,0.3333333333333333,0.6666666666666666,0.35978703703703707,0.0,0.0,0.0,0.0,0.0,0.0,0.0,0.0,0.0,0.0,0.0,0.0,0.20166666666666666
2021,nwsl::Football_Player::23674022b990417f834b8c63a0c049c5,G. Thiney,g thiney,Gotham FC,Midfielder,585.0,13,8.0,13.0,5.0,8.0,2,0,0.0,4,3,45.0,73.125,0.6153846153846154,0.38461538461538464,0.5450961538461538,0.3076923076923077,0.0,0.6153846153846154,0.46153846153846156,0.0,0.0,0.0,0.0,0.0,0.0,0.0,0.0,0.3044871794871795
2021,nwsl::Football_Player::266288af33ed4b378e529b0cb8957ecf,E. Sonnett,e sonnett,Gotham FC,Defender,1593.0,18,17.0,18.0,1.0,2.0,0,0,0.0,13,2,88.5,93.70588235294117,0.9444444444444444,0.05555555555555555,0.8749625706214689,0.0,0.0,0.7344632768361582,0.11299435028248588,0.0,0.0,0.0,0.0,0.0,0.0,0.0,0.0,0.460861581920904
2021,nwsl::Football_Player::3815419dc0a24232a66d55bdda6b8738,S. Flores,s flores,Gotham FC,Defender,201.0,5,3.0,5.0,2.0,3.0,0,0,0.0,2,0,40.2,67.0,0.6,0.4,0.45267487562189057,0.0,0.0,0.8955223880597015,0.0,0.0,0.0,0.0,0.0,0.0,0.0,0.0,0.0,0.22338805970149256
2021,nwsl::Football_Player::39fe0dbc3b0a49c0a46d405d30b7141d,M. Purce,m purce,Gotham FC,Forward,1477.0,18,18.0,18.0,0.0,7.0,9,1,0.0,31,14,82.05555555555556,82.05555555555556,1.0,0.0,0.9005993578491605,0.6093432633716994,0.0,1.8889641164522681,0.8530805687203792,0.0,0.0,0.0,0.0,0.0,0.0,0.0,0.0,0.5844483938915219
2021,nwsl::Football_Player::3e154a3f17cf4dfaae292baf85f5f94c,A. Krieger,a krieger,Gotham FC,Defender,1968.0,23,23.0,23.0,0.0,3.0,0,2,0.0,1,0,85.56521739130434,85.56521739130434,1.0,0.0,0.9048847980735242,0.09146341463414634,0.0,0.04573170731707317,0.0,0.0,0.0,0.0,0.0,0.0,0.0,0.0,0.0,0.44802425768822907
2021,nwsl::Football_Player::46c4d8f93d3c4ae585862889e43f2d57,N. Kawasumi,n kawasumi,Gotham FC,Midfielder,1576.0,24,19.0,24.0,5.0,13.0,1,4,0.0,10,6,65.66666666666667,82.94736842105263,0.7916666666666666,0.20833333333333334,0.748971810960707,0.28553299492385786,0.0,0.5710659898477157,0.3426395939086294,0.0,0.0,0.0,0.0,0.0,0.0,0.0,0.0,0.4020960236886633
2021,nwsl::Football_Player::4932d40caf094edd88eb680559cffd38,K. Edmonds,k edmonds,Gotham FC,Defender,1721.0,21,21.0,21.0,0.0,8.0,1,0,0.0,11,5,81.95238095238095,81.95238095238095,1.0,0.0,0.8929011887084228,0.05229517722254503,0.0,0.5752469494479953,0.26147588611272515,0.0,0.0,0.0,0.0,0.0,0.0,0.0,0.0,0.4350379070861349
2021,nwsl::Football_Player::4a2441cafc054eb19ee8e3299e963a4a,S. Woldmoe,s woldmoe,Gotham FC,Midfielder,1967.0,24,22.0,24.0,2.0,6.0,3,1,0.0,14,4,81.95833333333333,89.4090909090909,0.9166666666666666,0.08333333333333333,0.8597522918667269,0.18301982714794104,0.0,0.6405693950177936,0.18301982714794104,0.0,0.0,0.0,0.0,0.0,0.0,0.0,0.0,0.4639350321979326
2021,nwsl::Football_Player::4e610aabfb714bf5874d0bfad9db1414,A. Creel,a creel,Gotham FC,Defender,0.0,0,0.0,0.0,0.0,0.0,0,0,0.0,0,0,0.0,0.0,0.0,0.0,0.0,0.0,0.0,0.0,0.0,0.0,0.0,0.0,0.0,0.0,0.0,0.0,0.0,0.0
2021,nwsl::Football_Player::6a8196684e034ab5855c3d2768858ae8,K. O'Hara,k o hara,Gotham FC,Defender,1410.0,17,15.0,17.0,2.0,4.0,1,1,0.0,14,7,82.94117647058823,94.0,0.8823529411764706,0.11764705882352941,0.8244972882770129,0.12765957446808512,0.0,0.8936170212765958,0.4468085106382979,0.0,0.0,0.0,0.0,0.0,0.0,0.0,0.0,0.4636420525657071
2021,nwsl::Football_Player::842f0253145045709da264f48f0c5283,Lee So-Dam,lee so dam,Gotham FC,Midfielder,570.0,14,5.0,14.0,9.0,5.0,0,0,0.0,8,2,40.714285714285715,114.0,0.35714285714285715,0.6428571428571429,0.41408208020050125,0.0,0.0,1.2631578947368423,0.31578947368421056,0.0,0.0,0.0,0.0,0.0,0.0,0.0,0.0,0.23515037593984964
2021,nwsl::Football_Player::86d4a1fc86dc4ab6ad3db5d44693760d,K. Wright,k wright,Gotham FC,Midfielder,0.0,0,0.0,0.0,0.0,0.0,0,0,0.0,0,0,0.0,0.0,0.0,0.0,0.0,0.0,0.0,0.0,0.0,0.0,0.0,0.0,0.0,0.0,0.0,0.0,0.0,0.0
2021,nwsl::Football_Player::88c5b077207445b1bba6ff487212c2a2,N. Nadim,n nadim,Gotham FC,Forward,572.0,8,7.0,8.0,1.0,3.0,3,1,0.0,18,8,71.5,81.71428571428571,0.875,0.125,0.7362745726495727,0.6293706293706294,0.0,2.8321678321678325,1.2587412587412588,0.0,0.0,0.0,0.0,0.0,0.0,0.0,0.0,0.5594230769230769
2021,nwsl::Football_Player::890aab36584c4278b8a8d11be569aeb4,C. Dunn,c dunn,Gotham FC,Midfielder,1071.0,15,12.0,15.0,3.0,3.0,1,2,0.0,22,9,71.4,89.25,0.8,0.2,0.7391942577030812,0.25210084033613445,0.0,1.8487394957983192,0.7563025210084033,0.0,0.0,0.0,0.0,0.0,0.0,0.0,0.0,0.4557394957983193
2021,nwsl::Football_Player::89c6676ce8024165b737f1a59cecb3f0,T. Smith,t smith,Gotham FC,Forward,230.0,13,1.0,13.0,12.0,1.0,0,1,0.0,3,2,17.692307692307693,230.0,0.07692307692307693,0.9230769230769231,0.21116034931252323,0.391304347826087,0.0,1.173913043478261,0.782608695652174,0.0,0.0,0.0,0.0,0.0,0.0,0.0,0.0,0.19933110367892976
2021,nwsl::Football_Player::9e740d72f2044c11bdca08c94843e982,N. Baxter,n baxter,Gotham FC,Midfielder,0.0,0,0.0,0.0,0.0,0.0,0,0,0.0,0,0,0.0,0.0,0.0,0.0,0.0,0.0,0.0,0.0,0.0,0.0,0.0,0.0,0.0,0.0,0.0,0.0,0.0,0.0
2021,nwsl::Football_Player::9eb566fe822242e884ea5cb35f4e840b,E. Skroski,e skroski,Gotham FC,Defender,566.0,11,7.0,11.0,4.0,5.0,0,0,0.0,1,1,51.45454545454545,80.85714285714286,0.6363636363636364,0.36363636363636365,0.5509801281364886,0.0,0.0,0.15901060070671377,0.15901060070671377,0.0,0.0,0.0,0.0,0.0,0.0,0.0,0.0,0.2612479922903951
2021,nwsl::Football_Player::b4a36a12718847a2b689f6ccc7907006,K. Yokoyama,k yokoyama,Gotham FC,Forward,293.0,12,5.0,12.0,7.0,5.0,0,0,0.0,5,0,24.416666666666668,58.6,0.4166666666666667,0.5833333333333334,0.3693959597396031,0.0,0.0,1.5358361774744027,0.0,0.0,0.0,0.0,0.0,0.0,0.0,0.0,0.0,0.1604792377701934
2021,nwsl::Football_Player::b75a67d243bf42b1bd2ab3b6114c4518,C. Matthews,c matthews,Gotham FC,Forward,429.0,17,4.0,17.0,13.0,4.0,1,0,0.0,13,4,25.235294117647058,107.25,0.23529411764705882,0.7647058823529411,0.3391900795283148,0.2097902097902098,0.0,2.7272727272727275,0.8391608391608392,0.0,0.0,0.0,0.0,0.0,0.0,0.0,0.0,0.2380645824763472
2021,nwsl::Football_Player::bf2c82bd254f419db3460f409d33c03c,É. Viens,e viens,Gotham FC,Forward,321.0,14,3.0,14.0,11.0,3.0,0,3,0.0,9,1,22.928571428571427,107.0,0.21428571428571427,0.7857142857142857,0.31806313974187805,0.8411214953271028,0.0,2.5233644859813085,0.2803738317757009,0.0,0.0,0.0,0.0,0.0,0.0,0.0,0.0,0.3529606141522029
2021,nwsl::Football_Player::d1485dcbe6f34e4c9ba927371173260d,R. Lavelle,r lavelle,Gotham FC,Midfielder,1026.0,12,12.0,12.0,0.0,6.0,1,1,0.0,29,11,85.5,85.5,1.0,0.0,0.8566469298245614,0.17543859649122806,0.0,2.543859649122807,0.9649122807017544,0.0,0.0,0.0,0.0,0.0,0.0,0.0,0.0,0.5276461988304093
2021,nwsl::Football_Player::d57f5651d5384c4e8ad42e411f6596e3,J. Cudjoe,j cudjoe,Gotham FC,Midfielder,810.0,14,9.0,14.0,5.0,4.0,0,0,0.0,7,3,57.857142857142854,90.0,0.6428571428571429,0.35714285714285715,0.6013095238095238,0.0,0.0,0.7777777777777778,0.3333333333333333,0.0,0.0,0.0,0.0,0.0,0.0,0.0,0.0,0.30873015873015874
2021,nwsl::Football_Player::d8991716e33c4d7382309a7866ae9d6c,M. Zerboni,m zerboni,Gotham FC,Midfielder,1597.0,21,19.0,21.0,2.0,9.0,1,1,0.0,15,6,76.04761904761905,84.05263157894737,0.9047619047619048,0.09523809523809523,0.8321141931134104,0.11271133375078272,0.0,0.8453350031308704,0.33813400125234816,0.0,0.0,0.0,0.0,0.0,0.0,0.0,0.0,0.42485299818111333
2021,nwsl::Football_Player::d9bb4ddad5e34f7b89ab4608dc8277d1,T. Davidson,t davidson,Gotham FC,Defender,1785.0,20,20.0,20.0,0.0,1.0,0,0,0.0,3,0,89.25,89.25,1.0,0.0,0.915421393557423,0.0,0.0,0.1512605042016807,0.0,0.0,0.0,0.0,0.0,0.0,0.0,0.0,0.0,0.45003151260504204
2021,nwsl::Football_Player::d9f63636eae141b9a9fccd6533df3a2b,S. Hogan,s hogan,Gotham FC,Goalkeeper,0.0,0,0.0,0.0,0.0,0.0,0,0,0.0,0,0,0.0,0.0,0.0,0.0,0.0,0.0,0.0,0.0,0.0,0.0,0.0,0.0,0.0,0.0,0.0,0.0,0.0,0.0
2021,nwsl::Football_Player::f0b65e91132d452792a90bd80e377f0f,E. Stevens,e stevens,Gotham FC,Forward,57.0,5,0.0,5.0,5.0,0.0,0,0,0.0,1,0,11.4,0.0,0.0,1.0,0.08363771929824562,0.0,0.0,1.5789473684210527,0.0,0.0,0.0,0.0,0.0,0.0,0.0,0.0,0.0,0.09647368421052632
2021,nwsl::Football_Player::f1674817643d4409ae98e3f26ec72dc4,M. Freeman,m freeman,Gotham FC,Defender,733.0,11,8.0,11.0,3.0,1.0,0,0,0.0,0,0,66.63636363636364,91.625,0.7272727272727273,0.2727272727272727,0.6448510101010101,0.0,0.0,0.0,0.0,0.0,0.0,0.0,0.0,0.0,0.0,0.0,0.0,0.3331818181818182
2021,nwsl::Football_Player::f6f72f9ad8aa456882f186b05e95380d,G. Lewandowski,g lewandowski,Gotham FC,Defender,1836.0,21,21.0,21.0,0.0,2.0,0,0,0.0,10,3,87.42857142857143,87.42857142857143,1.0,0.0,0.9102668067226891,0.0,0.0,0.4901960784313726,0.14705882352941177,0.0,0.0,0.0,0.0,0.0,0.0,0.0,0.0,0.4493977591036415
2021,nwsl::Football_Player::f77539c151be429e954ed8f1a2a7aa3d,Jéssica Silva,jessica silva,Gotham FC,Forward,548.0,14,5.0,14.0,9.0,5.0,0,2,0.0,9,4,39.142857142857146,109.6,0.35714285714285715,0.6428571428571429,0.41960906905341216,0.3284671532846716,0.0,1.478102189781022,0.6569343065693432,0.0,0.0,0.0,0.0,0.0,0.0,0.0,0.0,0.30109749739311786
2021,nwsl::Football_Player::f8682c257fa14a7c862ecccc4b892332,M. Betos,m betos,Gotham FC,Goalkeeper,1800.0,20,20.0,20.0,0.0,0.0,0,0,0.0,0,0,90.0,90.0,1.0,0.0,0.9175,0.0,0.0,0.0,0.0,0.0,0.0,0.0,0.0,0.0,0.0,0.0,0.0,0.45
2021,nwsl::Football_Player::fdc322f486b94e3a9043aee47c3daf93,N. Martin,n martin,Gotham FC,Defender,1291.0,18,13.0,18.0,5.0,5.0,0,0,0.0,3,1,71.72222222222223,99.3076923076923,0.7222222222222222,0.2777777777777778,0.7138043374836236,0.0,0.0,0.209140201394268,0.069713400464756,0.0,0.0,0.0,0.0,0.0,0.0,0.0,0.0,0.3638396161459679
2021,nwsl::Football_Player::fed95d382879402f971b73910f1a8e2a,K. Stengel,k stengel,Gotham FC,Forward,8.0,1,0.0,1.0,1.0,0.0,0,0,0.0,0,0,8.0,0.0,0.0,1.0,0.035722222222222225,0.0,0.0,0.0,0.0,0.0,0.0,0.0,0.0,0.0,0.0,0.0,0.0,0.04
2021,nwsl::Football_Player::0191bff1cf67427faad8dc220df83b06,M. George,m george,Houston Dash,Defender,9.0,2,0.0,2.0,2.0,0.0,0,0,0.0,0,0,4.5,0.0,0.0,1.0,0.030875,0.0,0.0,0.0,0.0,0.0,0.0,0.0,0.0,0.0,0.0,0.0,0.0,0.022500000000000003
2021,nwsl::Football_Player::090a30db5372486db8345147ef78c636,C. Privett,c privett,Houston Dash,Midfielder,10.0,1,0.0,1.0,1.0,0.0,0,0,0.0,0,0,10.0,0.0,0.0,1.0,0.042777777777777776,0.0,0.0,0.0,0.0,0.0,0.0,0.0,0.0,0.0,0.0,0.0,0.0,0.049999999999999996
2021,nwsl::Football_Player::0bb3c16212754939b111d70c83644b8e,D. Colaprico,d colaprico,Houston Dash,Midfielder,1058.0,17,10.0,17.0,7.0,6.0,0,0,0.0,2,1,62.23529411764706,105.8,0.5882352941176471,0.4117647058823529,0.6123961661539221,0.0,0.0,0.17013232514177692,0.08506616257088846,0.0,0.0,0.0,0.0,0.0,0.0,0.0,0.0,0.3154297787167797
2021,nwsl::Football_Player::0bc0d986844b458592417f6157d1aeb4,C. Westphal,c westphal,Houston Dash,Defender,786.0,15,10.0,15.0,5.0,7.0,0,0,0.0,1,0,52.4,78.6,0.6666666666666666,0.3333333333333333,0.5977849448685326,0.0,0.0,0.11450381679389314,0.0,0.0,0.0,0.0,0.0,0.0,0.0,0.0,0.0,0.26486259541984736
2021,nwsl::Football_Player::13966c8ec3cb453391ba34ddef7df31c,K. Watt,k watt,Houston Dash,Forward,2018.0,26,24.0,26.0,2.0,14.0,5,4,0.0,55,32,77.61538461538461,84.08333333333333,0.9230769230769231,0.07692307692307693,0.8609362680321551,0.4013875123885035,0.0,2.4529236868186324,1.427155599603568,0.0,0.0,0.0,0.0,0.0,0.0,0.0,0.0,0.5330224136616605
2021,nwsl::Football_Player::14b6513128d645b99e909fd6b2691ef1,E. McLeod,e mcleod,Houston Dash,Goalkeeper,473.0,6,5.0,6.0,1.0,0.0,0,0,0.0,0,0,78.83333333333333,94.6,0.8333333333333334,0.16666666666666666,0.6981064814814815,0.0,0.0,0.0,0.0,0.0,0.0,0.0,0.0,0.0,0.0,0.0,0.0,0.39416666666666667
2021,nwsl::Football_Player::27adde6bc4e540c5959718f7e27a1c5e,J. McDonald,j mcdonald,Houston Dash,Forward,1683.0,22,20.0,22.0,2.0,13.0,4,3,0.0,47,23,76.5,84.15,0.9090909090909091,0.09090909090909091,0.8500889037433155,0.37433155080213903,0.0,2.5133689839572195,1.2299465240641712,0.0,0.0,0.0,0.0,0.0,0.0,0.0,0.0,0.5233199643493761
2021,nwsl::Football_Player::37c762eb698644fa88b9cb94cf4f0940,P. Nielsen,p nielsen,Houston Dash,Defender,1055.0,19,13.0,19.0,6.0,6.0,1,0,0.0,5,1,55.526315789473685,81.15384615384616,0.6842105263157895,0.3157894736842105,0.6505446426096837,0.08530805687203792,0.0,0.4265402843601896,0.08530805687203792,0.0,0.0,0.0,0.0,0.0,0.0,0.0,0.0,0.30606759790471444
2021,nwsl::Football_Player::3b2af41fd8ff4bea9566c8fed09b8dd0,E. Salmon,e salmon,Houston Dash,Forward,1243.0,20,14.0,20.0,6.0,11.0,6,2,0.0,27,14,62.15,88.78571428571429,0.7,0.3,0.709683810449629,0.5792437650844731,0.0,1.9549477071600965,1.0136765888978279,0.0,0.0,0.0,0.0,0.0,0.0,0.0,0.0,0.48029947707160103
2021,nwsl::Football_Player::43b7c1df7a5a46108466db625ab2d7c4,B. Visalli,b visalli,Houston Dash,Midfielder,733.0,16,9.0,16.0,7.0,10.0,2,1,0.0,11,4,45.8125,81.44444444444444,0.5625,0.4375,0.5513170356790965,0.3683492496589359,0.0,1.3506139154160983,0.4911323328785812,0.0,0.0,0.0,0.0,0.0,0.0,0.0,0.0,0.3395672748976808
2021,nwsl::Football_Player::468b3391112747989aa7469d291a283d,H. Diaz,h diaz,Houston Dash,Forward,46.0,2,0.0,2.0,2.0,0.0,0,0,0.0,1,0,23.0,0.0,0.0,1.0,0.10347584541062801,0.0,0.0,1.956521739130435,0.0,0.0,0.0,0.0,0.0,0.0,0.0,0.0,0.0,0.16391304347826086
2021,nwsl::Football_Player::4ef17a90c8144861a3862385e6f3ca88,J. Ashley,j ashley,Houston Dash,Defender,648.0,15,6.0,15.0,9.0,3.0,0,0,0.0,0,0,43.2,108.0,0.4,0.6,0.4449,0.0,0.0,0.0,0.0,0.0,0.0,0.0,0.0,0.0,0.0,0.0,0.0,0.216
2021,nwsl::Football_Player::525eddaeca1b426cbf40c831fd3c4c30,A. Dennis,a dennis,Houston Dash,Goalkeeper,90.0,1,1.0,1.0,0.0,0.0,0,0,0.0,0,0,90.0,90.0,1.0,0.0,0.7749999999999999,0.0,0.0,0.0,0.0,0.0,0.0,0.0,0.0,0.0,0.0,0.0,0.0,0.45
2021,nwsl::Football_Player::55c607b8f8ea48efa308facc28601331,S. Schmidt,s schmidt,Houston Dash,Midfielder,1405.0,18,17.0,18.0,1.0,7.0,0,2,0.0,8,2,78.05555555555556,82.6470588235294,0.9444444444444444,0.05555555555555555,0.8412879212249023,0.12811387900355872,0.0,0.5124555160142349,0.12811387900355872,0.0,0.0,0.0,0.0,0.0,0.0,0.0,0.0,0.4297795571372084
2021,nwsl::Football_Player::5f6a0a88d86040cb88836e22eed4f631,M. Rosa,m rosa,Houston Dash,Midfielder,109.0,4,2.0,4.0,2.0,2.0,0,0,0.0,1,0,27.25,54.5,0.5,0.5,0.3542282747196738,0.0,0.0,0.8256880733944955,0.0,0.0,0.0,0.0,0.0,0.0,0.0,0.0,0.0,0.15689220183486235
2021,nwsl::Football_Player::654b6278ad35440fbad0c80bbae2fe38,M. Gomera-Stevens,m gomera stevens,Houston Dash,Midfielder,421.0,13,4.0,13.0,9.0,4.0,0,1,0.0,1,0,32.38461538461539,105.25,0.3076923076923077,0.6923076923076923,0.3576894502304241,0.21377672209026127,0.0,0.21377672209026127,0.0,0.0,0.0,0.0,0.0,0.0,0.0,0.0,0.0,0.21180431207747122
2021,nwsl::Football_Player::65926eaa2f7f4b17833600561c0ed506,K. Lind,k lind,Houston Dash,Defender,2160.0,24,24.0,24.0,0.0,0.0,3,0,0.0,15,6,90.0,90.0,1.0,0.0,0.92375,0.125,0.0,0.625,0.25,0.0,0.0,0.0,0.0,0.0,0.0,0.0,0.0,0.4916666666666667
2021,nwsl::Football_Player::6b1cd96d32364642abda11e316e215ea,E. Dederick,e dederick,Houston Dash,Goalkeeper,111.0,3,1.0,3.0,2.0,0.0,0,0,0.0,0,0,37.0,111.0,0.3333333333333333,0.6666666666666666,0.3030277777777778,0.0,0.0,0.0,0.0,0.0,0.0,0.0,0.0,0.0,0.0,0.0,0.0,0.185
2021,nwsl::Football_Player::77cda28afad142fb946791d915dc225b,D. Kerr,d kerr,Houston Dash,Goalkeeper,0.0,0,0.0,0.0,0.0,0.0,0,0,0.0,0,0,0.0,0.0,0.0,0.0,0.0,0.0,0.0,0.0,0.0,0.0,0.0,0.0,0.0,0.0,0.0,0.0,0.0,0.0
2021,nwsl::Football_Player::7b95e77ca5184ed39abbd7481af81fee,A. Chapman,a chapman,Houston Dash,Defender,1409.0,16,16.0,16.0,0.0,2.0,0,1,0.0,4,1,88.0625,88.0625,1.0,0.0,0.8836191534086428,0.063875088715401,0.0,0.255500354861604,0.063875088715401,0.0,0.0,0.0,0.0,0.0,0.0,0.0,0.0,0.46000731902058195
2021,nwsl::Football_Player::8772001989134074a48629a1110d6b62,M. Alozie,m alozie,Houston Dash,Forward,114.0,4,0.0,4.0,4.0,0.0,0,0,0.0,0,0,28.5,0.0,0.0,1.0,0.13054166666666667,0.0,0.0,0.0,0.0,0.0,0.0,0.0,0.0,0.0,0.0,0.0,0.0,0.1425
2021,nwsl::Football_Player::989bad2146034993b95111ac086931b3,M. Abam,m abam,Houston Dash,Forward,62.0,7,0.0,7.0,7.0,0.0,1,0,0.0,3,3,8.857142857142858,0.0,0.0,1.0,0.13624603174603173,1.4516129032258065,0.0,4.354838709677419,4.354838709677419,0.0,0.0,0.0,0.0,0.0,0.0,0.0,0.0,0.39428571428571424
2021,nwsl::Football_Player::98dcb1c31ca44fd195fa3302144a6140,N. Jacobs,n jacobs,Houston Dash,Defender,167.0,4,1.0,4.0,3.0,0.0,0,1,0.0,3,2,41.75,167.0,0.25,0.75,0.31268891383898867,0.5389221556886228,0.0,1.6167664670658681,1.0778443113772456,0.0,0.0,0.0,0.0,0.0,0.0,0.0,0.0,0.36144461077844314
2021,nwsl::Football_Player::9eb176a8817c468fb9250455e25912a0,A. Marshall,a marshall,Houston Dash,Midfielder,0.0,0,0.0,0.0,0.0,0.0,0,0,0.0,0,0,0.0,0.0,0.0,0.0,0.0,0.0,0.0,0.0,0.0,0.0,0.0,0.0,0.0,0.0,0.0,0.0,0.0,0.0
2021,nwsl::Football_Player::a508823d48c24d818a9b76c99106c143,J. Campbell,j campbell,Houston Dash,Goalkeeper,1620.0,18,18.0,18.0,0.0,0.0,0,0,0.0,0,0,90.0,90.0,1.0,0.0,0.9025,0.0,0.0,0.0,0.0,0.0,0.0,0.0,0.0,0.0,0.0,0.0,0.0,0.45
2021,nwsl::Football_Player::a924a083c6c140ff9de24dd0e3b2498b,A. Hauksdóttir,a hauksdottir,Houston Dash,Midfielder,9.0,1,0.0,1.0,1.0,0.0,0,0,0.0,0,0,9.0,0.0,0.0,1.0,0.03925,0.0,0.0,0.0,0.0,0.0,0.0,0.0,0.0,0.0,0.0,0.0,0.0,0.045000000000000005
2021,nwsl::Football_Player::ab82ac10b47843f498bd62f0cf827821,K. Hedge,k hedge,Houston Dash,Midfielder,38.0,2,0.0,2.0,2.0,0.0,0,0,0.0,0,0,19.0,0.0,0.0,1.0,0.08202777777777777,0.0,0.0,0.0,0.0,0.0,0.0,0.0,0.0,0.0,0.0,0.0,0.0,0.095
2021,nwsl::Football_Player::b2a4b276c1ba4048ad03a994e5722e94,D. Blackwood,d blackwood,Houston Dash,Defender,6.0,1,0.0,1.0,1.0,0.0,0,0,0.0,0,0,6.0,0.0,0.0,1.0,0.028666666666666667,0.0,0.0,0.0,0.0,0.0,0.0,0.0,0.0,0.0,0.0,0.0,0.0,0.03
2021,nwsl::Football_Player::be8d34625b5244f1b34e61df67be171a,Y. Nagasato,y nagasato,Houston Dash,Forward,1655.0,21,18.0,21.0,3.0,8.0,2,2,0.0,6,3,78.80952380952381,91.94444444444444,0.8571428571428571,0.14285714285714285,0.8217579205230263,0.2175226586102719,0.0,0.32628398791540786,0.16314199395770393,0.0,0.0,0.0,0.0,0.0,0.0,0.0,0.0,0.44752193928931094
2021,nwsl::Football_Player::c0076f9d59514192ab6a1107bfc8493a,A. Smith,a smith,Houston Dash,Goalkeeper,530.0,6,6.0,6.0,0.0,1.0,0,0,0.0,1,0,88.33333333333333,88.33333333333333,1.0,0.0,0.8072571628232006,0.0,0.0,0.16981132075471697,0.0,0.0,0.0,0.0,0.0,0.0,0.0,0.0,0.0,0.44591194968553466
2021,nwsl::Football_Player::c4415406f03b42e99259ae1a2729d22f,R. Daly,r daly,Houston Dash,Forward,1350.0,15,15.0,15.0,0.0,0.0,9,0,0.0,42,18,90.0,90.0,1.0,0.0,0.90925,0.6,0.0,2.8,1.2,0.0,0.0,0.0,0.0,0.0,0.0,0.0,0.0,0.6449999999999999
2021,nwsl::Football_Player::c883183ca8884f259e9f0558d7cce52b,A. Nick,a nick,Houston Dash,Midfielder,0.0,0,0.0,0.0,0.0,0.0,0,0,0.0,0,0,0.0,0.0,0.0,0.0,0.0,0.0,0.0,0.0,0.0,0.0,0.0,0.0,0.0,0.0,0.0,0.0,0.0,0.0
2021,nwsl::Football_Player::d455b7789c0b4fc7bf652f2ad768083f,G. Seiler,g seiler,Houston Dash,Midfielder,1455.0,24,15.0,24.0,9.0,4.0,2,0,0.0,15,8,60.625,97.0,0.625,0.375,0.6524668886025201,0.12371134020618556,0.0,0.9278350515463917,0.49484536082474223,0.0,0.0,0.0,0.0,0.0,0.0,0.0,0.0,0.3520940721649485
2021,nwsl::Football_Player::d677a076327a4cc48fcb049018fc5b94,C. Lloyd,c lloyd,Houston Dash,Forward,1330.0,15,15.0,15.0,0.0,2.0,4,1,0.0,37,12,88.66666666666667,88.66666666666667,1.0,0.0,0.8952587023113339,0.3383458646616541,0.0,2.5037593984962405,0.8120300751879699,0.0,0.0,0.0,0.0,0.0,0.0,0.0,0.0,0.5764160401002506
2021,nwsl::Football_Player::d814c62705514d3ab343c0798bb924ba,Y. Ryan,y ryan,Houston Dash,Forward,363.0,11,2.0,11.0,9.0,1.0,0,0,0.0,4,0,33.0,181.5,0.18181818181818182,0.8181818181818182,0.2844538567493113,0.0,0.0,0.9917355371900827,0.0,0.0,0.0,0.0,0.0,0.0,0.0,0.0,0.0,0.18979338842975205
2021,nwsl::Football_Player::d8ec8d19bba0421ba68a5e9980cc4a3e,E. Curran,e curran,Houston Dash,Midfielder,475.0,8,5.0,8.0,3.0,3.0,0,0,0.0,0,0,59.375,95.0,0.625,0.375,0.5507118055555557,0.0,0.0,0.0,0.0,0.0,0.0,0.0,0.0,0.0,0.0,0.0,0.0,0.296875
2021,nwsl::Football_Player::e03d1965093b4a96b068ea2112bdd6ea,H. Solaun,h solaun,Houston Dash,Midfielder,1250.0,19,14.0,19.0,5.0,7.0,1,0,0.0,8,3,65.78947368421052,89.28571428571429,0.7368421052631579,0.2631578947368421,0.7105795906432748,0.072,0.0,0.576,0.216,0.0,0.0,0.0,0.0,0.0,0.0,0.0,0.0,0.3583473684210527
2021,nwsl::Football_Player::ec556416f45b48879e56409269f13dcb,D. Sheehan,d sheehan,Houston Dash,Midfielder,257.0,6,2.0,6.0,4.0,1.0,0,1,0.0,2,0,42.833333333333336,128.5,0.3333333333333333,0.6666666666666666,0.35967652039198733,0.35019455252918286,0.0,0.7003891050583657,0.0,0.0,0.0,0.0,0.0,0.0,0.0,0.0,0.0,0.3046335927367056
2021,nwsl::Football_Player::f5d8bcd5937c402c91e054d0fe383c71,A. Prisock,a prisock,Houston Dash,Defender,385.0,6,5.0,6.0,1.0,4.0,0,0,0.0,0,0,64.16666666666667,77.0,0.8333333333333334,0.16666666666666666,0.6463657407407407,0.0,0.0,0.0,0.0,0.0,0.0,0.0,0.0,0.0,0.0,0.0,0.0,0.3208333333333333
2021,nwsl::Football_Player::11b445f1ef114839a220a412de020d92,E. Johnson,e johnson,NC Courage,Defender,1753.0,20,19.0,20.0,1.0,2.0,0,1,0.0,0,0,87.65,92.26315789473684,0.95,0.05,0.8883141146922735,0.0513405590416429,0.0,0.0,0.0,0.0,0.0,0.0,0.0,0.0,0.0,0.0,0.0,0.4489459498003423
2021,nwsl::Football_Player::1276f005480e4a24b7bbf77e97b09fd4,L. Agnew,l agnew,NC Courage,Forward,5.0,1,0.0,1.0,1.0,0.0,0,0,0.0,0,0,5.0,0.0,0.0,1.0,0.025138888888888888,0.0,0.0,0.0,0.0,0.0,0.0,0.0,0.0,0.0,0.0,0.0,0.0,0.024999999999999998
2021,nwsl::Football_Player::336dc7bf1e5642c1a7a4a9fd8973f2a9,B. Pinto,b pinto,NC Courage,Midfielder,195.0,10,0.0,10.0,10.0,0.0,0,0,0.0,5,1,19.5,0.0,0.0,1.0,0.1524455128205128,0.0,0.0,2.307692307692308,0.46153846153846156,0.0,0.0,0.0,0.0,0.0,0.0,0.0,0.0,0.1551923076923077
2021,nwsl::Football_Player::3eec828b0b624895819419d1e1bc9564,E. Fox,e fox,NC Courage,Defender,1856.0,23,22.0,23.0,1.0,5.0,0,0,0.0,4,2,80.69565217391305,84.36363636363636,0.9565217391304348,0.043478260869565216,0.8658384818007663,0.0,0.0,0.1939655172413793,0.09698275862068965,0.0,0.0,0.0,0.0,0.0,0.0,0.0,0.0,0.4083273988005997
2021,nwsl::Football_Player::405bbcc7f91848b4a28e72f45ffb7d55,D. Weatherholt,d weatherholt,NC Courage,Midfielder,1040.0,20,11.0,20.0,9.0,5.0,0,1,0.0,3,2,52.0,94.54545454545455,0.55,0.45,0.584622329059829,0.08653846153846154,0.0,0.25961538461538464,0.17307692307692307,0.0,0.0,0.0,0.0,0.0,0.0,0.0,0.0,0.28451923076923075
2021,nwsl::Football_Player::572ca1acdb37419a843dafa8e828be66,C. Murphy,c murphy,NC Courage,Goalkeeper,2190.0,24,24.0,24.0,0.0,0.0,0,0,0.0,0,0,91.25,91.25,1.0,0.0,0.9175,0.0,0.0,0.0,0.0,0.0,0.0,0.0,0.0,0.0,0.0,0.0,0.0,0.45
2021,nwsl::Football_Player::5f4fe6c4f4a548cc845fce123513d52f,R. Baisden,r baisden,NC Courage,Forward,34.0,3,0.0,3.0,3.0,0.0,0,0,0.0,0,0,11.333333333333334,0.0,0.0,1.0,0.062481481481481485,0.0,0.0,0.0,0.0,0.0,0.0,0.0,0.0,0.0,0.0,0.0,0.0,0.056666666666666664
2021,nwsl::Football_Player::6431423e7b7943269a34a45f41035bb1,D. Caldwell,d caldwell,NC Courage,Defender,603.0,7,7.0,7.0,0.0,1.0,0,0,0.0,0,0,86.14285714285714,86.14285714285714,1.0,0.0,0.8063928571428571,0.0,0.0,0.0,0.0,0.0,0.0,0.0,0.0,0.0,0.0,0.0,0.0,0.4307142857142857
2021,nwsl::Football_Player::6540a183ac9e459bb80f4744d7cc1aa4,C. Lordemann,c lordemann,NC Courage,Midfielder,0.0,0,0.0,0.0,0.0,0.0,0,0,0.0,0,0,0.0,0.0,0.0,0.0,0.0,0.0,0.0,0.0,0.0,0.0,0.0,0.0,0.0,0.0,0.0,0.0,0.0,0.0
2021,nwsl::Football_Player::7060e45bfd8b40f3bcb110081bd6cc94,J. Baucom,j baucom,NC Courage,Forward,401.0,12,3.0,12.0,9.0,2.0,0,0,0.0,5,0,33.416666666666664,133.66666666666666,0.25,0.75,0.324594803500508,0.0,0.0,1.1221945137157108,0.0,0.0,0.0,0.0,0.0,0.0,0.0,0.0,0.0,0.1951381961762261
2021,nwsl::Football_Player::75dea69f305343a2b59c44bcf763445e,T. Lussi,t lussi,NC Courage,Forward,153.0,10,1.0,10.0,9.0,1.0,1,0,0.0,5,2,15.3,153.0,0.1,0.9,0.20338676470588235,0.5882352941176471,0.0,2.9411764705882355,1.1764705882352942,0.0,0.0,0.0,0.0,0.0,0.0,0.0,0.0,0.27257843137254906
2021,nwsl::Football_Player::81f566b89fa04830b4b1657453e4f818,R. Williams,r williams,NC Courage,Defender,342.0,18,2.0,18.0,16.0,1.0,0,2,0.0,0,0,19.0,171.0,0.1111111111111111,0.8888888888888888,0.2684751461988304,0.5263157894736842,0.0,0.0,0.0,0.0,0.0,0.0,0.0,0.0,0.0,0.0,0.0,0.20464912280701753
2021,nwsl::Football_Player::83d3777d26e04325b8daf10f0741cdce,S. Leshnak Murphy,s leshnak murphy,NC Courage,Goalkeeper,0.0,0,0.0,0.0,0.0,0.0,0,0,0.0,0,0,0.0,0.0,0.0,0.0,0.0,0.0,0.0,0.0,0.0,0.0,0.0,0.0,0.0,0.0,0.0,0.0,0.0,0.0
2021,nwsl::Football_Player::85399e003cd149ec991da7c3853143ad,K. Kurtz,k kurtz,NC Courage,Defender,2010.0,22,22.0,22.0,0.0,0.0,0,1,0.0,8,1,91.36363636363636,91.36363636363636,1.0,0.0,0.9202425373134329,0.04477611940298508,0.0,0.35820895522388063,0.04477611940298508,0.0,0.0,0.0,0.0,0.0,0.0,0.0,0.0,0.46828358208955223
2021,nwsl::Football_Player::87932cfc9c3d4927a1b04436bf6ceb4a,K. Bowen,k bowen,NC Courage,Defender,1195.0,17,14.0,17.0,3.0,8.0,0,2,0.0,4,0,70.29411764705883,85.35714285714286,0.8235294117647058,0.17647058823529413,0.7519070815215905,0.1506276150627615,0.0,0.301255230125523,0.0,0.0,0.0,0.0,0.0,0.0,0.0,0.0,0.0,0.39038272212650754
2021,nwsl::Football_Player::8bc2b0ed38a346f2a782d7236d278aa3,D. O'Sullivan,d o sullivan,NC Courage,Midfielder,2085.0,24,24.0,24.0,0.0,8.0,0,0,0.0,0,0,86.875,86.875,1.0,0.0,0.9064756944444445,0.0,0.0,0.0,0.0,0.0,0.0,0.0,0.0,0.0,0.0,0.0,0.0,0.434375
2021,nwsl::Football_Player::93a4a0415aad424a9ee97fe93d7ac61a,V. Pickett,v pickett,NC Courage,Midfielder,1503.0,19,16.0,19.0,3.0,4.0,1,1,0.0,11,3,79.10526315789474,93.9375,0.8421052631578947,0.15789473684210525,0.8067257327450362,0.11976047904191617,0.0,0.6586826347305389,0.17964071856287425,0.0,0.0,0.0,0.0,0.0,0.0,0.0,0.0,0.43694348145813633
2021,nwsl::Football_Player::93ab29167bcd49b1a9d06e29f2cfb3c2,H. Betfort,h betfort,NC Courage,Forward,1.0,1,0.0,1.0,1.0,0.0,0,0,0.0,0,0,1.0,0.0,0.0,1.0,0.011027777777777779,0.0,0.0,0.0,0.0,0.0,0.0,0.0,0.0,0.0,0.0,0.0,0.0,0.005
2021,nwsl::Football_Player::bdf738f813074378b10e977e449699eb,M. Speck,m speck,NC Courage,Midfielder,887.0,19,8.0,19.0,11.0,6.0,2,1,0.0,11,2,46.68421052631579,110.875,0.42105263157894735,0.5789473684210527,0.5103630626265023,0.30439684329199546,0.0,1.1161217587373167,0.2029312288613303,0.0,0.0,0.0,0.0,0.0,0.0,0.0,0.0,0.3247401056191776
2021,nwsl::Football_Player::e34aed71f6b14e9e8d2db9b44e9000c1,S. DeBree,s debree,NC Courage,Defender,13.0,2,0.0,2.0,2.0,0.0,0,0,0.0,0,0,6.5,0.0,0.0,1.0,0.03793055555555555,0.0,0.0,0.0,0.0,0.0,0.0,0.0,0.0,0.0,0.0,0.0,0.0,0.0325
2021,nwsl::Football_Player::ed7ee4eca97044dd97750b29c3850769,A. Sanchez,a sanchez,NC Courage,Midfielder,2072.0,25,24.0,25.0,1.0,14.0,5,0,0.0,46,27,82.88,86.33333333333333,0.96,0.04,0.8886619036894038,0.2171814671814672,0.0,1.9980694980694982,1.1727799227799227,0.0,0.0,0.0,0.0,0.0,0.0,0.0,0.0,0.5095978764478765
2021,nwsl::Football_Player::0985755c89aa4497af12c057a181319e,P. Roberts,p roberts,Orlando Pride,Midfielder,22.0,2,0.0,2.0,2.0,0.0,0,0,0.0,0,0,11.0,0.0,0.0,1.0,0.05380555555555556,0.0,0.0,0.0,0.0,0.0,0.0,0.0,0.0,0.0,0.0,0.0,0.0,0.055
2021,nwsl::Football_Player::291911cc9bee4a458a8ae94f9b2a9c97,A. Watt,a watt,Orlando Pride,Forward,35.0,5,0.0,5.0,5.0,0.0,0,0,0.0,1,0,7.0,0.0,0.0,1.0,0.07183730158730159,0.0,0.0,2.571428571428571,0.0,0.0,0.0,0.0,0.0,0.0,0.0,0.0,0.0,0.09928571428571428
2021,nwsl::Football_Player::2d5220ee0bf441808654b13a78437aec,M. Montefusco,m montefusco,Orlando Pride,Defender,1554.0,21,17.0,21.0,4.0,2.0,0,1,0.0,1,1,74.0,91.41176470588235,0.8095238095238095,0.19047619047619047,0.7773682968682969,0.05791505791505792,0.0,0.05791505791505792,0.05791505791505792,0.0,0.0,0.0,0.0,0.0,0.0,0.0,0.0,0.38351351351351354
2021,nwsl::Football_Player::3e2eb110d0184ec68a46afee4f2f085e,G. Jónsdóttir,g jonsdottir,Orlando Pride,Midfielder,2068.0,24,24.0,24.0,0.0,4.0,1,2,0.0,12,5,86.16666666666667,86.16666666666667,1.0,0.0,0.9100152947918906,0.13056092843326886,0.0,0.5222437137330754,0.21760154738878143,0.0,0.0,0.0,0.0,0.0,0.0,0.0,0.0,0.4710896196002579
2021,nwsl::Football_Player::3fa6c6b9fff049ddb7e32f7ea04d33ca,Angelina,angelina,Orlando Pride,Midfielder,474.0,16,4.0,16.0,12.0,4.0,0,0,0.0,10,6,29.625,118.5,0.25,0.75,0.34413066983122365,0.0,0.0,1.89873417721519,1.139240506329114,0.0,0.0,0.0,0.0,0.0,0.0,0.0,0.0,0.19559335443037976
2021,nwsl::Football_Player::417b9c031c7145eaa41276c98302848d,M. Larroquette,m larroquette,Orlando Pride,Forward,651.0,19,8.0,19.0,11.0,8.0,2,1,0.0,19,11,34.26315789473684,81.375,0.42105263157894735,0.5789473684210527,0.4756575511359043,0.4147465437788018,0.0,2.6267281105990783,1.5207373271889402,0.0,0.0,0.0,0.0,0.0,0.0,0.0,0.0,0.32338952219257827
2021,nwsl::Football_Player::4816242807f44287857af27ce8b3b8f7,J. Listro,j listro,Orlando Pride,Midfielder,222.0,7,1.0,7.0,6.0,1.0,0,0,0.0,1,0,31.714285714285715,222.0,0.14285714285714285,0.8571428571428571,0.23018693693693695,0.0,0.0,0.4054054054054054,0.0,0.0,0.0,0.0,0.0,0.0,0.0,0.0,0.0,0.16870656370656373
2021,nwsl::Football_Player::4858150a233349bebb55741b933369d0,C. Lawrence,c lawrence,Orlando Pride,Defender,0.0,0,0.0,0.0,0.0,0.0,0,0,0.0,0,0,0.0,0.0,0.0,0.0,0.0,0.0,0.0,0.0,0.0,0.0,0.0,0.0,0.0,0.0,0.0,0.0,0.0,0.0
2021,nwsl::Football_Player::49cfbd00847f4bf28fb8b13409387838,D. Jenkins,d jenkins,Orlando Pride,Forward,1431.0,22,18.0,22.0,4.0,10.0,3,0,0.0,29,13,65.04545454545455,79.5,0.8181818181818182,0.18181818181818182,0.7603835763293312,0.18867924528301885,0.0,1.8238993710691824,0.8176100628930817,0.0,0.0,0.0,0.0,0.0,0.0,0.0,0.0,0.4101329331046312
2021,nwsl::Football_Player::514d945291b44c78adaabb4dfbf7ba03,Marta,marta,Orlando Pride,Forward,1587.0,19,17.0,19.0,2.0,5.0,4,3,0.0,24,14,83.52631578947368,93.3529411764706,0.8947368421052632,0.10526315789473684,0.857303311444964,0.39697542533081287,0.0,1.3610586011342156,0.7939508506616257,0.0,0.0,0.0,0.0,0.0,0.0,0.0,0.0,0.5343612575863098
2021,nwsl::Football_Player::521bad7c3a2f49a185c968f9206da5b8,H. McCutcheon,h mccutcheon,Orlando Pride,Defender,1860.0,22,21.0,22.0,1.0,5.0,0,1,0.0,5,0,84.54545454545455,88.57142857142857,0.9545454545454546,0.045454545454545456,0.88022238514174,0.04838709677419355,0.0,0.24193548387096772,0.0,0.0,0.0,0.0,0.0,0.0,0.0,0.0,0.0,0.4388563049853373
2021,nwsl::Football_Player::55de55bb79c04dcc926f00a261949cfd,A. Kim,a kim,Orlando Pride,Forward,147.0,6,1.0,6.0,5.0,1.0,0,1,0.0,0,0,24.5,147.0,0.16666666666666666,0.8333333333333334,0.22556320861678003,0.6122448979591837,0.0,0.0,0.0,0.0,0.0,0.0,0.0,0.0,0.0,0.0,0.0,0.2500510204081633
2021,nwsl::Football_Player::5fc1b3b61f604e8fb3ca8fe5a154cde9,K. Nadaner,k nadaner,Orlando Pride,Defender,350.0,9,4.0,9.0,5.0,3.0,0,0,0.0,2,1,38.888888888888886,87.5,0.4444444444444444,0.5555555555555556,0.4066199294532628,0.0,0.0,0.5142857142857143,0.2571428571428572,0.0,0.0,0.0,0.0,0.0,0.0,0.0,0.0,0.20730158730158732
2021,nwsl::Football_Player::64bdac4359a44e78b9e30d140eb05842,C. Thomas,c thomas,Orlando Pride,Forward,305.0,9,3.0,9.0,6.0,3.0,0,0,0.0,4,2,33.888888888888886,101.66666666666667,0.3333333333333333,0.6666666666666666,0.3414786986439992,0.0,0.0,1.180327868852459,0.5901639344262295,0.0,0.0,0.0,0.0,0.0,0.0,0.0,0.0,0.19895264116575592
2021,nwsl::Football_Player::6f1a3b3b9e0447f0aaffa25a360d29ee,C. Pickett,c pickett,Orlando Pride,Defender,2267.0,25,25.0,25.0,0.0,2.0,0,5,0.0,10,3,90.68,90.68,1.0,0.0,0.9251918835465373,0.1985002205558006,0.0,0.3970004411116012,0.11910013233348037,0.0,0.0,0.0,0.0,0.0,0.0,0.0,0.0,0.5012792236435819
2021,nwsl::Football_Player::7fca0d7cb5264436ae9901f19559d28b,A. Haran,a haran,Orlando Pride,Defender,17.0,2,0.0,2.0,2.0,0.0,0,0,0.0,0,0,8.5,0.0,0.0,1.0,0.04498611111111111,0.0,0.0,0.0,0.0,0.0,0.0,0.0,0.0,0.0,0.0,0.0,0.0,0.0425
2021,nwsl::Football_Player::8094c154313e47feae1e6aba09c98400,S. Charley,s charley,Orlando Pride,Forward,987.0,20,11.0,20.0,9.0,10.0,5,0,0.0,35,18,49.35,89.72727272727273,0.55,0.45,0.597811638804458,0.45592705167173253,0.0,3.1914893617021276,1.641337386018237,0.0,0.0,0.0,0.0,0.0,0.0,0.0,0.0,0.4215220364741641
2021,nwsl::Football_Player::b6fa7d6f42794339b3b4395d7459816f,A. James-Turner,a james turner,Orlando Pride,Defender,1104.0,14,12.0,14.0,2.0,1.0,0,0,0.0,0,0,78.85714285714286,92.0,0.8571428571428571,0.14285714285714285,0.7689047619047619,0.0,0.0,0.0,0.0,0.0,0.0,0.0,0.0,0.0,0.0,0.0,0.0,0.3942857142857143
2021,nwsl::Football_Player::cc76c8c96a69431cb684d431be6c8390,K. Plummer,k plummer,Orlando Pride,Midfielder,52.0,3,0.0,3.0,3.0,0.0,0,0,0.0,0,0,17.333333333333332,0.0,0.0,1.0,0.08364814814814815,0.0,0.0,0.0,0.0,0.0,0.0,0.0,0.0,0.0,0.0,0.0,0.0,0.08666666666666667
2021,nwsl::Football_Player::e5a3db641a464aeb80ec6400acc540ef,Celia Jiménez,celia jimenez,Orlando Pride,Defender,707.0,12,9.0,12.0,3.0,6.0,0,1,0.0,7,1,58.916666666666664,78.55555555555556,0.75,0.25,0.6426645679448897,0.1272984441301273,0.0,0.8910891089108911,0.1272984441301273,0.0,0.0,0.0,0.0,0.0,0.0,0.0,0.0,0.3433810702498822
2021,nwsl::Football_Player::e7d608ea026a4809b719fea7605cef8b,C. Washington,c washington,Orlando Pride,Forward,206.0,10,2.0,10.0,8.0,1.0,0,1,0.0,1,0,20.6,103.0,0.2,0.8,0.25296348435814453,0.4368932038834952,0.0,0.4368932038834952,0.0,0.0,0.0,0.0,0.0,0.0,0.0,0.0,0.0,0.20494174757281555
2021,nwsl::Football_Player::efc089fa637d4b5eab9d21203782242e,L. Pruitt,l pruitt,Orlando Pride,Forward,342.0,11,3.0,11.0,8.0,3.0,0,0,0.0,8,4,31.09090909090909,114.0,0.2727272727272727,0.7272727272727273,0.3228038277511962,0.0,0.0,2.1052631578947367,1.0526315789473684,0.0,0.0,0.0,0.0,0.0,0.0,0.0,0.0,0.20808612440191387
2021,nwsl::Football_Player::f3a1675054684f099f9675ac9cf04f19,M. Gautrat,m gautrat,Orlando Pride,Midfielder,2107.0,24,24.0,24.0,0.0,5.0,2,2,0.0,23,11,87.79166666666667,87.79166666666667,1.0,0.0,0.9187329838589182,0.170859041290935,0.0,0.9824394874228761,0.46986236355007116,0.0,0.0,0.0,0.0,0.0,0.0,0.0,0.0,0.4991149541211834
2021,nwsl::Football_Player::1fdefec504924f1c80369e7f6328cd2c,L. Horan,l horan,Portland Thorns,Midfielder,1157.0,14,14.0,14.0,0.0,5.0,2,3,0.0,38,15,82.64285714285714,82.64285714285714,1.0,0.0,0.8697846150416375,0.38893690579083834,0.0,2.9559204840103717,1.166810717372515,0.0,0.0,0.0,0.0,0.0,0.0,0.0,0.0,0.568140819854303
2021,nwsl::Football_Player::2257efccf0f246d7a3943fdf31185577,M. Weaver,m weaver,Portland Thorns,Midfielder,1176.0,20,13.0,20.0,7.0,11.0,1,3,0.0,35,17,58.8,90.46153846153847,0.65,0.35,0.6695443027210884,0.30612244897959184,0.0,2.678571428571429,1.3010204081632653,0.0,0.0,0.0,0.0,0.0,0.0,0.0,0.0,0.4247397959183673
2021,nwsl::Football_Player::40a07c6e4fd74acd864ee7f812351843,S. Wilson,s wilson,Portland Thorns,Forward,1532.0,22,17.0,22.0,5.0,11.0,7,1,0.0,78,38,69.63636363636364,90.11764705882354,0.7727272727272727,0.22727272727272727,0.773075572961996,0.4699738903394256,0.0,4.582245430809399,2.2323759791122715,0.0,0.0,0.0,0.0,0.0,0.0,0.0,0.0,0.5460930453358652
2021,nwsl::Football_Player::5a6f7e6db998474394142dcde118b954,C. Sinclair,c sinclair,Portland Thorns,Forward,1329.0,16,16.0,16.0,0.0,5.0,5,1,0.0,39,17,83.0625,83.0625,1.0,0.0,0.8856276218021069,0.4063205417607223,0.0,2.641083521444695,1.1512415349887133,0.0,0.0,0.0,0.0,0.0,0.0,0.0,0.0,0.5659897009029345
2021,nwsl::Football_Player::6945a821258043e19d2c0eafadc8eef9,R. Strom-Okimoto,r strom okimoto,Portland Thorns,Forward,1.0,1,0.0,1.0,1.0,0.0,0,0,0.0,0,0,1.0,0.0,0.0,1.0,0.011027777777777779,0.0,0.0,0.0,0.0,0.0,0.0,0.0,0.0,0.0,0.0,0.0,0.0,0.005
2021,nwsl::Football_Player::695ab088a8604af487b49740a9a3c99b,C. Boureille,c boureille,Portland Thorns,Midfielder,647.0,12,7.0,12.0,5.0,2.0,0,0,0.0,10,4,53.916666666666664,92.42857142857143,0.5833333333333334,0.4166666666666667,0.5479224018260919,0.0,0.0,1.3910355486862442,0.5564142194744977,0.0,0.0,0.0,0.0,0.0,0.0,0.0,0.0,0.30435922205048943
2021,nwsl::Football_Player::75b2aac187ab4582adffc92012a56c2f,T. McGrady,t mcgrady,Portland Thorns,Defender,967.0,16,11.0,16.0,5.0,8.0,0,0,0.0,1,0,60.4375,87.9090909090909,0.6875,0.3125,0.6429340870245892,0.0,0.0,0.09307135470527406,0.0,0.0,0.0,0.0,0.0,0.0,0.0,0.0,0.0,0.30451428386763185
2021,nwsl::Football_Player::77813063ee734e79bf875d773ad08fca,T. Porter,t porter,Portland Thorns,Midfielder,1.0,1,0.0,1.0,1.0,0.0,0,0,0.0,0,0,1.0,0.0,0.0,1.0,0.011027777777777779,0.0,0.0,0.0,0.0,0.0,0.0,0.0,0.0,0.0,0.0,0.0,0.0,0.005
2021,nwsl::Football_Player::8287dc28b989436084eaab69021236b8,M. Everett,m everett,Portland Thorns,Forward,525.0,10,6.0,10.0,4.0,5.0,2,0,0.0,5,3,52.5,87.5,0.6,0.4,0.5441369047619048,0.34285714285714286,0.0,0.8571428571428572,0.5142857142857143,0.0,0.0,0.0,0.0,0.0,0.0,0.0,0.0,0.35535714285714287
2021,nwsl::Football_Player::846a35edb5f1464c9dcbc780ee1aade9,M. Nally,m nally,Portland Thorns,Defender,19.0,3,0.0,3.0,3.0,0.0,0,0,0.0,1,0,6.333333333333333,0.0,0.0,1.0,0.059842592592592586,0.0,0.0,4.7368421052631575,0.0,0.0,0.0,0.0,0.0,0.0,0.0,0.0,0.0,0.13166666666666668
2021,nwsl::Football_Player::84b30914edbb45ddb082f69074fb818a,B. Bixby,b bixby,Portland Thorns,Goalkeeper,1530.0,17,17.0,17.0,0.0,0.0,0,0,0.0,0,0,90.0,90.0,1.0,0.0,0.8949999999999999,0.0,0.0,0.0,0.0,0.0,0.0,0.0,0.0,0.0,0.0,0.0,0.0,0.45
2021,nwsl::Football_Player::862f82d43a1943c0b7eba7d7983a2c73,B. Sauerbrunn,b sauerbrunn,Portland Thorns,Defender,1416.0,17,16.0,17.0,1.0,1.0,0,0,0.0,5,2,83.29411764705883,88.5,0.9411764705882353,0.058823529411764705,0.8460642863077434,0.0,0.0,0.31779661016949157,0.1271186440677966,0.0,0.0,0.0,0.0,0.0,0.0,0.0,0.0,0.42441550348953144
2021,nwsl::Football_Player::96cc9fe3c23b49cf9fa5125c50781437,M. Klingenberg,m klingenberg,Portland Thorns,Defender,1747.0,23,21.0,23.0,2.0,15.0,0,3,0.0,6,3,75.95652173913044,83.19047619047619,0.9130434782608695,0.08695652173913043,0.8348161326940041,0.15455065827132228,0.0,0.30910131654264456,0.15455065827132228,0.0,0.0,0.0,0.0,0.0,0.0,0.0,0.0,0.4197081954157437
2021,nwsl::Football_Player::aa256aeb38a8454589438798a521ae12,S. Hiatt,s hiatt,Portland Thorns,Defender,731.0,9,9.0,9.0,0.0,3.0,0,0,0.0,0,0,81.22222222222223,81.22222222222223,1.0,0.0,0.804033950617284,0.0,0.0,0.0,0.0,0.0,0.0,0.0,0.0,0.0,0.0,0.0,0.0,0.4061111111111111
2021,nwsl::Football_Player::ca703e646b954f44826d8c51078d5fc1,L. Harris,l harris,Portland Thorns,Goalkeeper,450.0,5,5.0,5.0,0.0,0.0,0,0,0.0,0,0,90.0,90.0,1.0,0.0,0.8049999999999999,0.0,0.0,0.0,0.0,0.0,0.0,0.0,0.0,0.0,0.0,0.0,0.0,0.45
2021,nwsl::Football_Player::e36d5228fd7541d394bb2df04fded14f,O. Moultrie,o moultrie,Portland Thorns,Midfielder,264.0,9,3.0,9.0,6.0,3.0,0,1,0.0,2,1,29.333333333333332,88.0,0.3333333333333333,0.6666666666666666,0.3341917087542087,0.34090909090909094,0.0,0.6818181818181819,0.34090909090909094,0.0,0.0,0.0,0.0,0.0,0.0,0.0,0.0,0.23473484848484852
2021,nwsl::Football_Player::e41827bc3890453f9e388e03bf59892a,J. Taylor,j taylor,Portland Thorns,Forward,960.0,13,13.0,13.0,0.0,10.0,3,1,0.0,10,6,73.84615384615384,73.84615384615384,1.0,0.0,0.8232471955128206,0.375,0.0,0.9375,0.5625,0.0,0.0,0.0,0.0,0.0,0.0,0.0,0.0,0.47079326923076925
2021,nwsl::Football_Player::018e0ad4b78043549b7c99083513334c,B. Hendrix,b hendrix,Racing Louisville,Defender,553.0,7,6.0,7.0,1.0,1.0,0,0,0.0,1,0,79.0,92.16666666666667,0.8571428571428571,0.14285714285714285,0.717519037572835,0.0,0.0,0.162748643761302,0.0,0.0,0.0,0.0,0.0,0.0,0.0,0.0,0.0,0.39906871609403255
2021,nwsl::Football_Player::133304d476e84b6cbc5409243d94af4a,T. Flint,t flint,Racing Louisville,Midfielder,1293.0,22,13.0,22.0,9.0,7.0,2,3,0.0,36,12,58.77272727272727,99.46153846153847,0.5909090909090909,0.4090909090909091,0.643518833930957,0.3480278422273782,0.0,2.5058004640371228,0.8352668213457076,0.0,0.0,0.0,0.0,0.0,0.0,0.0,0.0,0.4290144484286016
2021,nwsl::Football_Player::179c4f3ba6b844a6b1a7baabb09972bb,T. Aylmer,t aylmer,Racing Louisville,Midfielder,319.0,10,2.0,10.0,8.0,1.0,1,1,0.0,2,2,31.9,159.5,0.2,0.8,0.29728532741205155,0.5642633228840126,0.0,0.5642633228840126,0.5642633228840126,0.0,0.0,0.0,0.0,0.0,0.0,0.0,0.0,0.29116144200626964
2021,nwsl::Football_Player::23ce38b9dd0049b59a8ac2321fb8710f,M. DiGrande,m digrande,Racing Louisville,Midfielder,1233.0,21,14.0,21.0,7.0,10.0,1,0,0.0,7,3,58.714285714285715,88.07142857142857,0.6666666666666666,0.3333333333333333,0.6613280326729233,0.07299270072992702,0.0,0.5109489051094891,0.21897810218978103,0.0,0.0,0.0,0.0,0.0,0.0,0.0,0.0,0.32155196385123397
2021,nwsl::Football_Player::2b1dd3812dc04c7c8f3cdd0b7bae1d4f,L. Milliet,l milliet,Racing Louisville,Midfielder,1463.0,24,19.0,24.0,5.0,16.0,0,0,0.0,13,3,60.958333333333336,77.0,0.7916666666666666,0.20833333333333334,0.7242964284132047,0.0,0.0,0.7997265892002734,0.1845522898154477,0.0,0.0,0.0,0.0,0.0,0.0,0.0,0.0,0.3247848313966735
2021,nwsl::Football_Player::5640284cd7064de397b0d098ed6a001b,V. Kara,v kara,Racing Louisville,Forward,4.0,1,0.0,1.0,1.0,0.0,0,0,0.0,0,0,4.0,0.0,0.0,1.0,0.021611111111111112,0.0,0.0,0.0,0.0,0.0,0.0,0.0,0.0,0.0,0.0,0.0,0.0,0.02
2021,nwsl::Football_Player::57112ee5aa504eba997663b3d7562ffc,E. Simon,e simon,Racing Louisville,Defender,1352.0,21,18.0,21.0,3.0,15.0,0,0,0.0,1,0,64.38095238095238,75.11111111111111,0.8571428571428571,0.14285714285714285,0.7630856090134935,0.0,0.0,0.06656804733727811,0.0,0.0,0.0,0.0,0.0,0.0,0.0,0.0,0.0,0.3235689630881939
2021,nwsl::Football_Player::57cabe53d1ed4d218308d32c6a2c73b6,G. Bonner,g bonner,Racing Louisville,Defender,1156.0,13,13.0,13.0,0.0,1.0,0,0,0.0,5,2,88.92307692307692,88.92307692307692,1.0,0.0,0.8626606297873599,0.0,0.0,0.38927335640138405,0.15570934256055363,0.0,0.0,0.0,0.0,0.0,0.0,0.0,0.0,0.45434721852541926
2021,nwsl::Football_Player::5c1e1c261d6a4a349b24573eaed3bf49,C. Petersen,c petersen,Racing Louisville,Defender,1877.0,22,21.0,22.0,1.0,4.0,1,2,0.0,11,4,85.31818181818181,89.38095238095238,0.9545454545454546,0.045454545454545456,0.8870021357689845,0.14384656366542356,0.0,0.527437400106553,0.19179541822056476,0.0,0.0,0.0,0.0,0.0,0.0,0.0,0.0,0.46974487819053623
2021,nwsl::Football_Player::719fc1e321cd42968438642bf3e17856,S. Money,s money,Racing Louisville,Goalkeeper,0.0,0,0.0,0.0,0.0,0.0,0,0,0.0,0,0,0.0,0.0,0.0,0.0,0.0,0.0,0.0,0.0,0.0,0.0,0.0,0.0,0.0,0.0,0.0,0.0,0.0,0.0
2021,nwsl::Football_Player::7cf959e060cf44b9afda98c1b3c893d9,K. Lund,k lund,Racing Louisville,Goalkeeper,360.0,4,4.0,4.0,0.0,0.0,0,0,0.0,0,0,90.0,90.0,1.0,0.0,0.7975,0.0,0.0,0.0,0.0,0.0,0.0,0.0,0.0,0.0,0.0,0.0,0.0,0.45
2021,nwsl::Football_Player::8c442b941ba34f2aafda44ad2fad00b4,K. McClure,k mcclure,Racing Louisville,Forward,555.0,15,6.0,15.0,9.0,6.0,1,1,0.0,6,2,37.0,92.5,0.4,0.6,0.4368115615615616,0.3243243243243243,0.0,0.9729729729729729,0.3243243243243243,0.0,0.0,0.0,0.0,0.0,0.0,0.0,0.0,0.2768918918918919
2021,nwsl::Football_Player::c8f586c97f85472ca4b5d4fd0a9687ed,F. Olofsson,f olofsson,Racing Louisville,Midfielder,1711.0,22,20.0,22.0,2.0,6.0,0,0,0.0,6,2,77.77272727272727,85.55,0.9090909090909091,0.09090909090909091,0.8346393264910944,0.0,0.0,0.3156049094097019,0.10520163646990063,0.0,0.0,0.0,0.0,0.0,0.0,0.0,0.0,0.3967537590988789
2021,nwsl::Football_Player::c8f867ab54e845239e4bf43547443cdc,J. Baggett,j baggett,Racing Louisville,Midfielder,73.0,3,0.0,3.0,3.0,0.0,0,0,0.0,0,0,24.333333333333332,0.0,0.0,1.0,0.10834259259259259,0.0,0.0,0.0,0.0,0.0,0.0,0.0,0.0,0.0,0.0,0.0,0.0,0.12166666666666667
2021,nwsl::Football_Player::ca7d4b1ca032426197a0113cbc931fc5,A. Erceg,a erceg,Racing Louisville,Defender,1920.0,21,21.0,21.0,0.0,0.0,1,0,0.0,15,6,91.42857142857143,91.42857142857143,1.0,0.0,0.9216015625,0.046875,0.0,0.703125,0.28125,0.0,0.0,0.0,0.0,0.0,0.0,0.0,0.0,0.47734375
2021,nwsl::Football_Player::df60b4341c11492ab396c85a121dd302,A. Wright,a wright,Racing Louisville,Defender,1870.0,23,22.0,23.0,1.0,6.0,0,2,0.0,13,2,81.30434782608695,85.0,0.9565217391304348,0.043478260869565216,0.8726127321811465,0.0962566844919786,0.0,0.6256684491978609,0.0962566844919786,0.0,0.0,0.0,0.0,0.0,0.0,0.0,0.0,0.44221692629621023
2021,nwsl::Football_Player::e0a407a396b94362806b642667a930cc,E. Ekić,e ekic,Racing Louisville,Forward,419.0,15,3.0,15.0,12.0,3.0,1,1,0.0,6,3,27.933333333333334,139.66666666666666,0.2,0.8,0.3193003491558384,0.4295942720763723,0.0,1.2887828162291168,0.6443914081145584,0.0,0.0,0.0,0.0,0.0,0.0,0.0,0.0,0.2613850437549721
2021,nwsl::Football_Player::ffba3a1b23c24750805ee8ef67bccd4c,B. Balcer,b balcer,Racing Louisville,Forward,1210.0,24,13.0,24.0,11.0,11.0,9,0,0.0,40,22,50.416666666666664,93.07692307692308,0.5416666666666666,0.4583333333333333,0.6036852425772881,0.6694214876033058,0.0,2.975206611570248,1.6363636363636362,0.0,0.0,0.0,0.0,0.0,0.0,0.0,0.0,0.465926308539945
2021,nwsl::Football_Player::0b7dc204715446a4840b8b7ab0656d94,V. Latsko,v latsko,Reign,Forward,1275.0,22,14.0,22.0,8.0,6.0,3,2,0.0,27,11,57.95454545454545,91.07142857142857,0.6363636363636364,0.36363636363636365,0.6589908645276293,0.35294117647058826,0.0,1.9058823529411766,0.7764705882352941,0.0,0.0,0.0,0.0,0.0,0.0,0.0,0.0,0.4109491978609626
2021,nwsl::Football_Player::150201d532494a90821b9c20b7cee76c,S. Miramontez,s miramontez,Reign,Defender,352.0,14,2.0,14.0,12.0,1.0,0,0,0.0,0,0,25.142857142857142,176.0,0.14285714285714285,0.8571428571428571,0.257984126984127,0.0,0.0,0.0,0.0,0.0,0.0,0.0,0.0,0.0,0.0,0.0,0.0,0.12571428571428572
2021,nwsl::Football_Player::173d0482f17e4cbc93b5505bf0b94184,K. Fletcher,k fletcher,Reign,Defender,2.0,1,0.0,1.0,1.0,0.0,0,0,0.0,0,0,2.0,0.0,0.0,1.0,0.014555555555555556,0.0,0.0,0.0,0.0,0.0,0.0,0.0,0.0,0.0,0.0,0.0,0.0,0.01
2021,nwsl::Football_Player::18131df4ae534c689959f1719bb561e6,R. White,r white,Reign,Midfielder,45.0,1,1.0,1.0,0.0,1.0,0,0,0.0,0,0,45.0,45.0,1.0,0.0,0.61625,0.0,0.0,0.0,0.0,0.0,0.0,0.0,0.0,0.0,0.0,0.0,0.0,0.225
2021,nwsl::Football_Player::1ba6539b8bae4c74add5dcd2b9be47aa,M. Rapinoe,m rapinoe,Reign,Forward,816.0,12,9.0,12.0,3.0,5.0,6,3,0.0,34,13,68.0,90.66666666666667,0.75,0.25,0.7124716094771242,0.9926470588235294,0.0,3.75,1.4338235294117647,0.0,0.0,0.0,0.0,0.0,0.0,0.0,0.0,0.6405514705882354
2021,nwsl::Football_Player::20ec1cd834f148eb9be7772f6c5f8877,Y. Momiki,y momiki,Reign,Midfielder,0.0,0,0.0,0.0,0.0,0.0,0,0,0.0,0,0,0.0,0.0,0.0,0.0,0.0,0.0,0.0,0.0,0.0,0.0,0.0,0.0,0.0,0.0,0.0,0.0,0.0,0.0
2021,nwsl::Football_Player::2db377b4881246c0acb0d3bc1b8c4696,Quinn,quinn,Reign,Midfielder,789.0,13,9.0,13.0,4.0,5.0,0,0,0.0,4,3,60.69230769230769,87.66666666666667,0.6923076923076923,0.3076923076923077,0.6248584625134055,0.0,0.0,0.4562737642585551,0.34220532319391633,0.0,0.0,0.0,0.0,0.0,0.0,0.0,0.0,0.31486838256800237
2021,nwsl::Football_Player::2e46f0ae8d6e46119d927dd1244d079f,C. Morché,c morche,Reign,Goalkeeper,0.0,0,0.0,0.0,0.0,0.0,0,0,0.0,0,0,0.0,0.0,0.0,0.0,0.0,0.0,0.0,0.0,0.0,0.0,0.0,0.0,0.0,0.0,0.0,0.0,0.0,0.0
2021,nwsl::Football_Player::3d7fa6dd511f4628bc8d8784ab7574fd,C. Miller,c miller,Reign,Goalkeeper,1650.0,18,18.0,18.0,0.0,0.0,0,0,0.0,0,0,91.66666666666667,91.66666666666667,1.0,0.0,0.9025,0.0,0.0,0.0,0.0,0.0,0.0,0.0,0.0,0.0,0.0,0.0,0.0,0.45
2021,nwsl::Football_Player::3df00ff5e4ba4c27a69c171add9c8302,S. Bouhaddi,s bouhaddi,Reign,Goalkeeper,1779.0,20,20.0,20.0,0.0,1.0,0,0,0.0,0,0,88.95,88.95,1.0,0.0,0.9137958333333334,0.0,0.0,0.0,0.0,0.0,0.0,0.0,0.0,0.0,0.0,0.0,0.0,0.44475
2021,nwsl::Football_Player::460c7379ede448e598b41c9df32704f1,T. King,t king,Reign,Forward,649.0,15,7.0,15.0,8.0,7.0,1,1,0.0,19,10,43.266666666666666,92.71428571428571,0.4666666666666667,0.5333333333333333,0.4936829509787137,0.2773497688751926,0.0,2.6348228043143296,1.386748844375963,0.0,0.0,0.0,0.0,0.0,0.0,0.0,0.0,0.33998510529019005
2021,nwsl::Football_Player::47a580b9d9a64b508d4edde164580fb4,P. McClernon,p mcclernon,Reign,Defender,1416.0,21,15.0,21.0,6.0,6.0,0,1,0.0,0,0,67.42857142857143,94.4,0.7142857142857143,0.2857142857142857,0.7112878161151466,0.0635593220338983,0.0,0.0,0.0,0.0,0.0,0.0,0.0,0.0,0.0,0.0,0.0,0.35038438256658594
2021,nwsl::Football_Player::4bd84fd5cceb4538a556a4b9eb250841,S. Huerta,s huerta,Reign,Defender,2106.0,24,23.0,24.0,1.0,2.0,1,6,0.0,25,11,87.75,91.56521739130434,0.9583333333333334,0.041666666666666664,0.9041672008547009,0.29914529914529914,0.0,1.0683760683760684,0.47008547008547014,0.0,0.0,0.0,0.0,0.0,0.0,0.0,0.0,0.5277813390313391
2021,nwsl::Football_Player::5ae4cbaf5a2f45eaa9c280ff2b6cec7f,L. Barnes,l barnes,Reign,Defender,1876.0,22,21.0,22.0,1.0,4.0,0,0,0.0,1,0,85.27272727272727,89.33333333333333,0.9545454545454546,0.045454545454545456,0.8805485909198595,0.0,0.0,0.04797441364605544,0.0,0.0,0.0,0.0,0.0,0.0,0.0,0.0,0.0,0.42756299670478776
2021,nwsl::Football_Player::5d76f50c58f34b00a7bd574b12c70c94,J. Fishlock,j fishlock,Reign,Midfielder,1880.0,24,22.0,24.0,2.0,12.0,5,4,0.0,44,16,78.33333333333333,85.45454545454545,0.9166666666666666,0.08333333333333333,0.8602056245074862,0.4308510638297872,0.0,2.106382978723404,0.7659574468085106,0.0,0.0,0.0,0.0,0.0,0.0,0.0,0.0,0.5340868794326241
2021,nwsl::Football_Player::6ab00989545c40c7a9821442b499aa8a,N. Stanton,n stanton,Reign,Midfielder,167.0,14,1.0,14.0,13.0,0.0,0,0,0.0,0,0,11.928571428571429,167.0,0.07142857142857142,0.9285714285714286,0.17922420634920633,0.0,0.0,0.0,0.0,0.0,0.0,0.0,0.0,0.0,0.0,0.0,0.0,0.05964285714285714
2021,nwsl::Football_Player::6fb9670bc42945219248aa14eea6fbc7,E. Le Sommer,e le sommer,Reign,Forward,1307.0,18,16.0,18.0,2.0,10.0,8,3,0.0,54,24,72.61111111111111,81.6875,0.8888888888888888,0.1111111111111111,0.8287706308386938,0.7574598316755929,0.0,3.7184391736801836,1.6526396327467483,0.0,0.0,0.0,0.0,0.0,0.0,0.0,0.0,0.6138206664966421
2021,nwsl::Football_Player::8083c4e65c1541cfbabe18c6e9808c0c,K. Bardsley,k bardsley,Reign,Goalkeeper,266.0,3,3.0,3.0,0.0,1.0,0,0,0.0,0,0,88.66666666666667,88.66666666666667,1.0,0.0,0.7852962962962963,0.0,0.0,0.0,0.0,0.0,0.0,0.0,0.0,0.0,0.0,0.0,0.0,0.44333333333333336
2021,nwsl::Football_Player::95fc5444983945819b7196cc46aa554c,R. Corsie,r corsie,Reign,Defender,1442.0,18,17.0,18.0,1.0,2.0,0,0,0.0,10,4,80.11111111111111,84.82352941176471,0.9444444444444444,0.05555555555555555,0.8449546968373829,0.0,0.0,0.6241331484049931,0.24965325936199723,0.0,0.0,0.0,0.0,0.0,0.0,0.0,0.0,0.41615888426568043
2021,nwsl::Football_Player::a823871ba9b1461596cac43bf95502ed,P. Tullis-Joyce,p tullis joyce,Reign,Goalkeeper,1.0,1,0.0,1.0,1.0,0.0,0,0,0.0,0,0,1.0,0.0,0.0,1.0,0.011027777777777779,0.0,0.0,0.0,0.0,0.0,0.0,0.0,0.0,0.0,0.0,0.0,0.0,0.005
2021,nwsl::Football_Player::b68fd24e78864e3eaf290cbd9c056f9f,D. Marozsán,d marozsan,Reign,Midfielder,1483.0,20,17.0,20.0,3.0,12.0,0,3,0.0,17,10,74.15,87.23529411764706,0.85,0.15,0.8036430499363154,0.1820633850303439,0.0,1.0316925151719487,0.6068779501011463,0.0,0.0,0.0,0.0,0.0,0.0,0.0,0.0,0.4344721847606204
2021,nwsl::Football_Player::bffd31e61cc9498ba53594b14d549710,S. Cruz,s cruz,Reign,Midfielder,427.0,12,5.0,12.0,7.0,5.0,2,0,0.0,8,4,35.583333333333336,85.4,0.4166666666666667,0.5833333333333334,0.42252657971203056,0.4215456674473068,0.0,1.6861826697892273,0.8430913348946136,0.0,0.0,0.0,0.0,0.0,0.0,0.0,0.0,0.30789324746291963
2021,nwsl::Football_Player::e150ac29f14d4a2c9561e9b7e82cf7fa,J. López,j lopez,Reign,Defender,9.0,2,0.0,2.0,2.0,0.0,0,0,0.0,0,0,4.5,0.0,0.0,1.0,0.030875,0.0,0.0,0.0,0.0,0.0,0.0,0.0,0.0,0.0,0.0,0.0,0.0,0.022500000000000003
2021,nwsl::Football_Player::e7904513b0494b90b7811b45343f6262,S. Cox,s cox,Reign,Defender,135.0,3,1.0,3.0,2.0,1.0,0,0,0.0,0,0,45.0,135.0,0.3333333333333333,0.6666666666666666,0.33125000000000004,0.0,0.0,0.0,0.0,0.0,0.0,0.0,0.0,0.0,0.0,0.0,0.0,0.225
2021,nwsl::Football_Player::f3e1a521ef4f4f24bd0ee3fb985ec265,L. Biyendolo,l biyendolo,Reign,Forward,1608.0,18,18.0,18.0,0.0,4.0,7,2,0.0,59,30,89.33333333333333,89.33333333333333,1.0,0.0,0.9282731481481482,0.503731343283582,0.0,3.3022388059701493,1.6791044776119401,0.0,0.0,0.0,0.0,0.0,0.0,0.0,0.0,0.6341666666666667
2021,nwsl::Football_Player::fc2865906ac34d6abfa98c9a8dc14f52,A. James-Turner,a james turner,Reign,Midfielder,827.0,17,10.0,17.0,7.0,6.0,1,0,0.0,6,4,48.64705882352941,82.7,0.5882352941176471,0.4117647058823529,0.5696713512894074,0.10882708585247884,0.0,0.6529625151148731,0.43530834340991537,0.0,0.0,0.0,0.0,0.0,0.0,0.0,0.0,0.2822316665481186
2021,nwsl::Football_Player::28fc705601404c39bf14420caeec6668,T. McKeown,t mckeown,Washington Spirit,Defender,1154.0,23,13.0,23.0,10.0,12.0,1,2,0.0,24,10,50.17391304347826,88.76923076923077,0.5652173913043478,0.43478260869565216,0.5956808308006597,0.2339688041594454,0.0,1.8717504332755632,0.779896013864818,0.0,0.0,0.0,0.0,0.0,0.0,0.0,0.0,0.34640682691583147
2021,nwsl::Football_Player::2e67f16c924649e9b5584a1a25552589,C. Krueger,c krueger,Washington Spirit,Defender,1440.0,16,16.0,16.0,0.0,0.0,1,0,0.0,6,1,90.0,90.0,1.0,0.0,0.890859375,0.0625,0.0,0.375,0.0625,0.0,0.0,0.0,0.0,0.0,0.0,0.0,0.0,0.47239583333333335
2021,nwsl::Football_Player::36afc3325fd2400082af4c5ffa989747,C. Asher,c asher,Washington Spirit,Midfielder,72.0,2,1.0,2.0,1.0,1.0,0,0,0.0,0,0,36.0,72.0,0.5,0.5,0.36700000000000005,0.0,0.0,0.0,0.0,0.0,0.0,0.0,0.0,0.0,0.0,0.0,0.0,0.18000000000000002
2021,nwsl::Football_Player::37c2e18e52eb4315b305a3ab921f613e,M. Speckmaier,m speckmaier,Washington Spirit,Midfielder,95.0,3,0.0,3.0,3.0,0.0,0,0,0.0,1,0,31.666666666666668,0.0,0.0,1.0,0.13776559454191034,0.0,0.0,0.9473684210526315,0.0,0.0,0.0,0.0,0.0,0.0,0.0,0.0,0.0,0.18201754385964913
2021,nwsl::Football_Player::38533cb4693048bb8dfce55130bd4eaa,A. Brooks,a brooks,Washington Spirit,Defender,321.0,11,2.0,11.0,9.0,0.0,0,0,0.0,2,0,29.181818181818183,160.5,0.18181818181818182,0.8181818181818182,0.2693679552534693,0.0,0.0,0.5607476635514018,0.0,0.0,0.0,0.0,0.0,0.0,0.0,0.0,0.0,0.15992778249787595
2021,nwsl::Football_Player::563dd6b70ed74a0c9b30dc29b51c8364,A. Harris,a harris,Washington Spirit,Goalkeeper,1687.0,19,19.0,19.0,0.0,1.0,0,0,0.0,0,0,88.78947368421052,88.78947368421052,1.0,0.0,0.9057295321637426,0.0,0.0,0.0,0.0,0.0,0.0,0.0,0.0,0.0,0.0,0.0,0.0,0.44394736842105265
2021,nwsl::Football_Player::738125313bdc48eda09c29b610520e26,T. Rodman,t rodman,Washington Spirit,Forward,2054.0,25,22.0,25.0,3.0,8.0,7,7,0.0,68,36,82.16,93.36363636363636,0.88,0.12,0.8661854549388727,0.6134371957156767,0.0,2.979552093476144,1.5774099318403116,0.0,0.0,0.0,0.0,0.0,0.0,0.0,0.0,0.6130882181110029
2021,nwsl::Football_Player::75a1f211b7f04ffebe4cdd67cd838239,A. Sullivan,a sullivan,Washington Spirit,Midfielder,1972.0,22,22.0,22.0,0.0,1.0,3,3,0.0,25,9,89.63636363636364,89.63636363636364,1.0,0.0,0.9290531250640277,0.2738336713995943,0.0,1.140973630831643,0.4107505070993915,0.0,0.0,0.0,0.0,0.0,0.0,0.0,0.0,0.5337548404941913
2021,nwsl::Football_Player::94de57f74c554630b9abe7bc1bd588f9,B. Ratcliffe,b ratcliffe,Washington Spirit,Forward,253.0,12,2.0,12.0,10.0,2.0,1,0,0.0,8,3,21.083333333333332,126.5,0.16666666666666666,0.8333333333333334,0.2611658523642219,0.3557312252964427,0.0,2.8458498023715415,1.0671936758893281,0.0,0.0,0.0,0.0,0.0,0.0,0.0,0.0,0.2506735836627141
2021,nwsl::Football_Player::a86e9ba2f4c44ce789c593b2b5bf9bcb,A. Kingsbury,a kingsbury,Washington Spirit,Goalkeeper,2310.0,25,25.0,25.0,0.0,0.0,0,0,0.0,0,0,92.4,92.4,1.0,0.0,0.9175,0.0,0.0,0.0,0.0,0.0,0.0,0.0,0.0,0.0,0.0,0.0,0.0,0.45
2021,nwsl::Football_Player::ab874a3ca2884b618bda80b4fea7d28a,G. Vincent,g vincent,Washington Spirit,Midfielder,975.0,16,11.0,16.0,5.0,4.0,0,0,0.0,12,4,60.9375,88.63636363636364,0.6875,0.3125,0.6485028044871795,0.0,0.0,1.1076923076923075,0.3692307692307692,0.0,0.0,0.0,0.0,0.0,0.0,0.0,0.0,0.3323798076923077
2021,nwsl::Football_Player::abeb601d6607464c97a61249ee93bbe6,J. Roddar,j roddar,Washington Spirit,Defender,826.0,17,8.0,17.0,9.0,8.0,1,1,0.0,8,4,48.588235294117645,103.25,0.47058823529411764,0.5294117647058824,0.5207518951083258,0.21791767554479421,0.0,0.8716707021791769,0.43583535108958843,0.0,0.0,0.0,0.0,0.0,0.0,0.0,0.0,0.31013245976356646
2021,nwsl::Football_Player::c281f4077abb41a6a90c9dd309f3fb20,K. Collins,k collins,Washington Spirit,Goalkeeper,0.0,0,0.0,0.0,0.0,0.0,0,0,0.0,0,0,0.0,0.0,0.0,0.0,0.0,0.0,0.0,0.0,0.0,0.0,0.0,0.0,0.0,0.0,0.0,0.0,0.0,0.0
2021,nwsl::Football_Player::c413ab13b4b2411b8255f868ec263843,A. Hatch,a hatch,Washington Spirit,Forward,1890.0,23,21.0,23.0,2.0,10.0,11,0,0.0,46,27,82.17391304347827,90.0,0.9130434782608695,0.08695652173913043,0.8753442028985507,0.5238095238095238,0.0,2.1904761904761907,1.2857142857142858,0.0,0.0,0.0,0.0,0.0,0.0,0.0,0.0,0.5747584541062802
2021,nwsl::Football_Player::c5b8273288fb45cd9144b1589ba45e28,M. Goff,m goff,Washington Spirit,Defender,0.0,0,0.0,0.0,0.0,0.0,0,0,0.0,0,0,0.0,0.0,0.0,0.0,0.0,0.0,0.0,0.0,0.0,0.0,0.0,0.0,0.0,0.0,0.0,0.0,0.0,0.0
2021,nwsl::Football_Player::c78a57f425bc49a4b20f936d22cdb37e,C. Nairn,c nairn,Washington Spirit,Midfielder,65.0,5,0.0,5.0,5.0,0.0,0,0,0.0,0,0,13.0,0.0,0.0,1.0,0.0833611111111111,0.0,0.0,0.0,0.0,0.0,0.0,0.0,0.0,0.0,0.0,0.0,0.0,0.065
2021,nwsl::Football_Player::d14268671393435c9c3e376871891eed,T. Huster,t huster,Washington Spirit,Midfielder,1413.0,21,15.0,21.0,6.0,6.0,1,2,0.0,11,4,67.28571428571429,94.2,0.7142857142857143,0.2857142857142857,0.7173963451622688,0.1910828025477707,0.0,0.7006369426751593,0.25477707006369427,0.0,0.0,0.0,0.0,0.0,0.0,0.0,0.0,0.39375341219290266
2021,nwsl::Football_Player::d6e1e8c351d6439fb6bd35f97e521537,A. Heilferty,a heilferty,Washington Spirit,Defender,893.0,22,8.0,22.0,14.0,4.0,0,0,0.0,1,0,40.59090909090909,111.625,0.36363636363636365,0.6363636363636364,0.457210010236746,0.0,0.0,0.10078387458006718,0.0,0.0,0.0,0.0,0.0,0.0,0.0,0.0,0.0,0.20547414231904715
2021,nwsl::Football_Player::e51b4111833f48188a8a8ccd3eccef3e,A. Salem,a salem,Washington Spirit,Midfielder,1869.0,24,22.0,24.0,2.0,9.0,2,1,0.0,12,4,77.875,84.95454545454545,0.9166666666666666,0.08333333333333333,0.8439070748617798,0.14446227929373998,0.0,0.5778491171749599,0.1926163723916533,0.0,0.0,0.0,0.0,0.0,0.0,0.0,0.0,0.4339175361155699
2021,nwsl::Football_Player::e5c6a8b9367d4351a2e8b0d158855703,S. Takarada,s takarada,Washington Spirit,Midfielder,398.0,10,6.0,10.0,4.0,4.0,0,0,0.0,3,1,39.8,66.33333333333333,0.6,0.4,0.4879495254048018,0.0,0.0,0.6783919597989949,0.22613065326633164,0.0,0.0,0.0,0.0,0.0,0.0,0.0,0.0,0.2159597989949749
2021,nwsl::Football_Player::fbfe7392b0744bb6a8d7826010fe0a6e,N. Barnhart,n barnhart,Washington Spirit,Goalkeeper,460.0,6,5.0,6.0,1.0,0.0,0,0,0.0,0,0,76.66666666666667,92.0,0.8333333333333334,0.16666666666666666,0.6904629629629631,0.0,0.0,0.0,0.0,0.0,0.0,0.0,0.0,0.0,0.0,0.0,0.0,0.38333333333333336
2022,nwsl::Football_Player::0d98c78643334eb8a9d4494c8a354343,K. Johnson,k johnson,Angel City FC,Forward,522.0,15,6.0,15.0,9.0,5.0,0,3,0.0,12,4,34.8,87.0,0.4,0.6,0.4391890804597701,0.5172413793103449,0.0,2.0689655172413794,0.6896551724137931,0.0,0.0,0.0,0.0,0.0,0.0,0.0,0.0,0.33348275862068966
2022,nwsl::Football_Player::17ddeb23a8bd43d9bf46f7370e5eb5bf,E. Eddy,e eddy,Angel City FC,Defender,606.0,14,7.0,14.0,7.0,5.0,2,0,0.0,3,2,43.285714285714285,86.57142857142857,0.5,0.5,0.4936553512494106,0.297029702970297,0.0,0.44554455445544555,0.297029702970297,0.0,0.0,0.0,0.0,0.0,0.0,0.0,0.0,0.2894483734087695
2022,nwsl::Football_Player::18c67f4b722c49a799e8b57c4ba4a0f0,M. Dougherty Howard,m dougherty howard,Angel City FC,Midfielder,1043.0,15,13.0,15.0,2.0,10.0,3,2,0.0,18,12,69.53333333333333,80.23076923076923,0.8666666666666667,0.13333333333333333,0.7671054348212067,0.4314477468839885,0.0,1.5532118887823587,1.0354745925215725,0.0,0.0,0.0,0.0,0.0,0.0,0.0,0.0,0.4763819111537233
2022,nwsl::Football_Player::1fc7ad5223db424084377f3fd812ba38,K. Cousins,k cousins,Angel City FC,Midfielder,1.0,1,0.0,1.0,1.0,0.0,0,0,0.0,0,0,1.0,0.0,0.0,1.0,0.011027777777777779,0.0,0.0,0.0,0.0,0.0,0.0,0.0,0.0,0.0,0.0,0.0,0.0,0.005
2022,nwsl::Football_Player::22abab359f2f4f6398f9d7785cbd3f78,A. Riley,a riley,Angel City FC,Defender,1590.0,20,19.0,20.0,1.0,9.0,2,2,0.0,3,2,79.5,83.6842105263158,0.95,0.05,0.8656705974842768,0.22641509433962262,0.0,0.16981132075471697,0.11320754716981131,0.0,0.0,0.0,0.0,0.0,0.0,0.0,0.0,0.4489150943396227
2022,nwsl::Football_Player::2bb61a2d14a14fc6818575126a1e9b3c,B. Isenhour,b isenhour,Angel City FC,Goalkeeper,0.0,0,0.0,0.0,0.0,0.0,0,0,0.0,0,0,0.0,0.0,0.0,0.0,0.0,0.0,0.0,0.0,0.0,0.0,0.0,0.0,0.0,0.0,0.0,0.0,0.0,0.0
2022,nwsl::Football_Player::5734a1d06b154d64a4e13bde066b0e62,Stefany Ferrer,stefany ferrer,Angel City FC,Midfielder,19.0,2,0.0,2.0,2.0,0.0,0,0,0.0,0,0,9.5,0.0,0.0,1.0,0.04851388888888889,0.0,0.0,0.0,0.0,0.0,0.0,0.0,0.0,0.0,0.0,0.0,0.0,0.0475
2022,nwsl::Football_Player::6506fdacaa3545e1bf2a0d29da9efeef,L. Nabet,l nabet,Angel City FC,Midfielder,205.0,10,2.0,10.0,8.0,2.0,0,0,0.0,1,1,20.5,102.5,0.2,0.8,0.23896578590785908,0.0,0.0,0.43902439024390244,0.43902439024390244,0.0,0.0,0.0,0.0,0.0,0.0,0.0,0.0,0.11347560975609755
2022,nwsl::Football_Player::8be53181b9fd46c4957f8cd6975a49f9,J. Endō,j endo,Angel City FC,Forward,1925.0,22,22.0,22.0,0.0,7.0,1,3,0.0,18,10,87.5,87.5,1.0,0.0,0.9176805555555556,0.18701298701298702,0.0,0.8415584415584415,0.4675324675324675,0.0,0.0,0.0,0.0,0.0,0.0,0.0,0.0,0.4975
2022,nwsl::Football_Player::8e0a1b9a4d43469b86adca8d94f57496,S. Leroux,s leroux,Angel City FC,Forward,1500.0,20,16.0,20.0,4.0,4.0,4,2,0.0,38,16,75.0,93.75,0.8,0.2,0.7943833333333333,0.36,0.0,2.28,0.96,0.0,0.0,0.0,0.0,0.0,0.0,0.0,0.0,0.507
2022,nwsl::Football_Player::93f4a41dd7c8434daea61038ecce5c90,C. Press,c press,Angel City FC,Forward,686.0,8,8.0,8.0,0.0,3.0,2,1,0.0,20,10,85.75,85.75,1.0,0.0,0.8346461572724327,0.3935860058309038,0.0,2.623906705539359,1.3119533527696794,0.0,0.0,0.0,0.0,0.0,0.0,0.0,0.0,0.5763447521865889
2022,nwsl::Football_Player::a2231c4b1a8641628282a057d3542e66,V. Gilles,v gilles,Angel City FC,Defender,604.0,7,7.0,7.0,0.0,1.0,1,1,0.0,9,3,86.28571428571429,86.28571428571429,1.0,0.0,0.8212387128140439,0.29801324503311255,0.0,1.3410596026490067,0.4470198675496689,0.0,0.0,0.0,0.0,0.0,0.0,0.0,0.0,0.5270411542100284
2022,nwsl::Football_Player::ac8071f0835f4683a80760d805640690,A. Swaby,a swaby,Angel City FC,Defender,21.0,2,0.0,2.0,2.0,0.0,0,0,0.0,0,0,10.5,0.0,0.0,1.0,0.05204166666666667,0.0,0.0,0.0,0.0,0.0,0.0,0.0,0.0,0.0,0.0,0.0,0.0,0.052500000000000005
2022,nwsl::Football_Player::ba1047bc0edb4afbb45cb133cce90df8,M. Taylor,m taylor,Angel City FC,Midfielder,342.0,11,5.0,11.0,6.0,5.0,0,0,0.0,3,2,31.09090909090909,68.4,0.45454545454545453,0.5454545454545454,0.39968779904306223,0.0,0.0,0.7894736842105263,0.5263157894736842,0.0,0.0,0.0,0.0,0.0,0.0,0.0,0.0,0.17519138755980862
2022,nwsl::Football_Player::bb2e756c53984f5ebf78cd343ec20b70,M. Reid,m reid,Angel City FC,Defender,1980.0,22,22.0,22.0,0.0,0.0,0,1,0.0,3,0,90.0,90.0,1.0,0.0,0.9194318181818182,0.045454545454545456,0.0,0.13636363636363635,0.0,0.0,0.0,0.0,0.0,0.0,0.0,0.0,0.0,0.4628787878787879
2022,nwsl::Football_Player::be29bb62a124438cab8fa1bf3ecf4c00,M. Mathias,m mathias,Angel City FC,Defender,1079.0,19,12.0,19.0,7.0,5.0,0,3,0.0,6,2,56.78947368421053,89.91666666666667,0.631578947368421,0.3684210526315789,0.636747647811218,0.25023169601482853,0.0,0.5004633920296571,0.16682113067655235,0.0,0.0,0.0,0.0,0.0,0.0,0.0,0.0,0.3485905565582167
2022,nwsl::Football_Player::c75e5a65dfaf42b588cbdf8ef5069537,M. Hammond,m hammond,Angel City FC,Midfielder,319.0,9,3.0,9.0,6.0,1.0,0,0,0.0,1,1,35.44444444444444,106.33333333333333,0.3333333333333333,0.6666666666666666,0.3435981171871976,0.0,0.0,0.2821316614420063,0.2821316614420063,0.0,0.0,0.0,0.0,0.0,0.0,0.0,0.0,0.1842755137582724
2022,nwsl::Football_Player::cd318859e1064a0f819c39909a40f8e7,C. Le Bihan,c le bihan,Angel City FC,Midfielder,1099.0,20,10.0,20.0,10.0,5.0,0,0,0.0,11,3,54.95,109.9,0.5,0.5,0.5722294598625013,0.0,0.0,0.9008189262966334,0.2456778889899909,0.0,0.0,0.0,0.0,0.0,0.0,0.0,0.0,0.29727047315741584
2022,nwsl::Football_Player::e08dcfa740f9458e8a4b17d0193064ed,J. Spencer,j spencer,Angel City FC,Defender,876.0,15,10.0,15.0,5.0,6.0,0,1,0.0,5,1,58.4,87.6,0.6666666666666666,0.3333333333333333,0.623659208523592,0.10273972602739727,0.0,0.5136986301369864,0.10273972602739727,0.0,0.0,0.0,0.0,0.0,0.0,0.0,0.0,0.32624657534246576
2022,nwsl::Football_Player::efa33936147948539e131def3f2df42a,M. A. Vignola,m a vignola,Angel City FC,Defender,17.0,2,0.0,2.0,2.0,0.0,0,0,0.0,0,0,8.5,0.0,0.0,1.0,0.04498611111111111,0.0,0.0,0.0,0.0,0.0,0.0,0.0,0.0,0.0,0.0,0.0,0.0,0.0425
2022,nwsl::Football_Player::fd08719793c4487c82b7d3aceba2ad0f,C. Emslie,c emslie,Angel City FC,Forward,783.0,10,9.0,10.0,1.0,4.0,3,0,0.0,16,12,78.3,87.0,0.9,0.1,0.7738974137931035,0.3448275862068966,0.0,1.8390804597701151,1.3793103448275863,0.0,0.0,0.0,0.0,0.0,0.0,0.0,0.0,0.509316091954023
2022,nwsl::Football_Player::09140d97bf314b7193afa990b5f36308,S. Staab,s staab,Chicago Stars,Defender,1980.0,22,22.0,22.0,0.0,0.0,1,1,0.0,5,3,90.0,90.0,1.0,0.0,0.9211931818181818,0.09090909090909091,0.0,0.22727272727272727,0.13636363636363635,0.0,0.0,0.0,0.0,0.0,0.0,0.0,0.0,0.4746212121212121
2022,nwsl::Football_Player::144dbd486f6847edb0164f392e656aac,T. Malham,t malham,Chicago Stars,Midfielder,43.0,4,0.0,4.0,4.0,0.0,0,0,0.0,1,0,10.75,0.0,0.0,1.0,0.07577244832041344,0.0,0.0,2.093023255813953,0.0,0.0,0.0,0.0,0.0,0.0,0.0,0.0,0.0,0.10607558139534884
2022,nwsl::Football_Player::316ed7e7e2a243949a4ab1ca573e2972,A. McCain,a mccain,Chicago Stars,Midfielder,231.0,10,3.0,10.0,7.0,3.0,0,0,0.0,3,2,23.1,77.0,0.3,0.7,0.2958747835497835,0.0,0.0,1.1688311688311688,0.7792207792207791,0.0,0.0,0.0,0.0,0.0,0.0,0.0,0.0,0.14472077922077922
2022,nwsl::Football_Player::48fbfdd7f8004d3cb8bd7ef56db89b4c,C. Biegalski,c biegalski,Chicago Stars,Defender,1257.0,17,13.0,17.0,4.0,5.0,0,0,0.0,0,0,73.94117647058823,96.6923076923077,0.7647058823529411,0.23529411764705882,0.7324656862745098,0.0,0.0,0.0,0.0,0.0,0.0,0.0,0.0,0.0,0.0,0.0,0.0,0.36970588235294116
2022,nwsl::Football_Player::4a2f22e74e874b8bbdf2f73dec08a844,C. Onwualu,c onwualu,Chicago Stars,Midfielder,1646.0,21,20.0,21.0,1.0,8.0,4,1,0.0,17,9,78.38095238095238,82.3,0.9523809523809523,0.047619047619047616,0.8671111721858988,0.2733900364520049,0.0,0.9295261239368166,0.49210206561360875,0.0,0.0,0.0,0.0,0.0,0.0,0.0,0.0,0.47209917259735
2022,nwsl::Football_Player::57fe0d4b80e74d1fa6fc56aab0db25ad,A. Naeher,a naeher,Chicago Stars,Goalkeeper,1830.0,20,20.0,20.0,0.0,0.0,0,0,0.0,0,0,91.5,91.5,1.0,0.0,0.9175,0.0,0.0,0.0,0.0,0.0,0.0,0.0,0.0,0.0,0.0,0.0,0.0,0.45
2022,nwsl::Football_Player::5b003e58e30f477083526968377e7031,S. Griffith,s griffith,Chicago Stars,Forward,625.0,20,6.0,20.0,14.0,6.0,2,1,0.0,13,6,31.25,104.16666666666667,0.3,0.7,0.41576305555555554,0.432,0.0,1.8719999999999999,0.864,0.0,0.0,0.0,0.0,0.0,0.0,0.0,0.0,0.29305
2022,nwsl::Football_Player::6f30dace721c470eb07b5164d1c32a7e,M. McManus,m mcmanus,Chicago Stars,Defender,1.0,1,0.0,1.0,1.0,0.0,0,0,0.0,0,0,1.0,0.0,0.0,1.0,0.011027777777777779,0.0,0.0,0.0,0.0,0.0,0.0,0.0,0.0,0.0,0.0,0.0,0.0,0.005
2022,nwsl::Football_Player::78fe6058bc1049be9f905c1d7b109833,N. Kuikka,n kuikka,Chicago Stars,Defender,1658.0,21,18.0,21.0,3.0,5.0,1,2,0.0,13,3,78.95238095238095,92.11111111111111,0.8571428571428571,0.14285714285714285,0.821975963901175,0.16284680337756335,0.0,0.7056694813027745,0.16284680337756335,0.0,0.0,0.0,0.0,0.0,0.0,0.0,0.0,0.44633005916479984
2022,nwsl::Football_Player::79062ba1d1a74487ab685ef29eccd98a,A. Kowalski,a kowalski,Chicago Stars,Defender,1168.0,17,12.0,17.0,5.0,3.0,3,0,0.0,5,3,68.70588235294117,97.33333333333333,0.7058823529411765,0.29411764705882354,0.6961948081744113,0.23116438356164384,0.0,0.3852739726027397,0.23116438356164384,0.0,0.0,0.0,0.0,0.0,0.0,0.0,0.0,0.40132050765511684
2022,nwsl::Football_Player::97eca0cd84904d96a9891ef2909271aa,C. Curran,c curran,Chicago Stars,Midfielder,368.0,17,1.0,17.0,16.0,1.0,0,0,0.0,5,2,21.647058823529413,368.0,0.058823529411764705,0.9411764705882353,0.2349221991332765,0.0,0.0,1.2228260869565217,0.48913043478260876,0.0,0.0,0.0,0.0,0.0,0.0,0.0,0.0,0.13880594629156012
2022,nwsl::Football_Player::9bf1c42cb428498d9fc8a67d3be2d2bc,E. Garnier,e garnier,Chicago Stars,Defender,0.0,0,0.0,0.0,0.0,0.0,0,0,0.0,0,0,0.0,0.0,0.0,0.0,0.0,0.0,0.0,0.0,0.0,0.0,0.0,0.0,0.0,0.0,0.0,0.0,0.0,0.0
2022,nwsl::Football_Player::adae15537ca64e0abdaf8cf50786adfd,C. Dawber,c dawber,Chicago Stars,Forward,84.0,4,1.0,4.0,3.0,1.0,0,0,0.0,1,0,21.0,84.0,0.25,0.75,0.22060119047619048,0.0,0.0,1.0714285714285714,0.0,0.0,0.0,0.0,0.0,0.0,0.0,0.0,0.0,0.13178571428571428
2022,nwsl::Football_Player::b681c3174ebd4a309fcbfccafc7930be,A. Cook,a cook,Chicago Stars,Forward,951.0,19,9.0,19.0,10.0,8.0,2,3,0.0,26,12,50.05263157894737,105.66666666666667,0.47368421052631576,0.5263157894736842,0.556246651723947,0.47318611987381703,0.0,2.460567823343849,1.135646687697161,0.0,0.0,0.0,0.0,0.0,0.0,0.0,0.0,0.4103577951187116
2022,nwsl::Football_Player::badbf997458d485caabfecfba5bb76f1,J. Bike,j bike,Chicago Stars,Forward,228.0,9,1.0,9.0,8.0,1.0,0,0,0.0,1,1,25.333333333333332,228.0,0.1111111111111111,0.8888888888888888,0.2083506335282651,0.0,0.0,0.39473684210526316,0.39473684210526316,0.0,0.0,0.0,0.0,0.0,0.0,0.0,0.0,0.13653508771929826
2022,nwsl::Football_Player::bed414a91b8143088aed85421e424533,S. Schneider,s schneider,Chicago Stars,Goalkeeper,0.0,0,0.0,0.0,0.0,0.0,0,0,0.0,0,0,0.0,0.0,0.0,0.0,0.0,0.0,0.0,0.0,0.0,0.0,0.0,0.0,0.0,0.0,0.0,0.0,0.0,0.0
2022,nwsl::Football_Player::bf34255e27f44fa380961950723a9003,A. Mautz,a mautz,Chicago Stars,Midfielder,196.0,8,1.0,8.0,7.0,1.0,0,0,0.0,1,1,24.5,196.0,0.125,0.875,0.20440249433106575,0.0,0.0,0.4591836734693878,0.4591836734693878,0.0,0.0,0.0,0.0,0.0,0.0,0.0,0.0,0.1339795918367347
2022,nwsl::Football_Player::c3d7a6e82b7a40a5b185335dac6cb8f7,S. Fisher,s fisher,Chicago Stars,Midfielder,357.0,13,5.0,13.0,8.0,5.0,1,1,0.0,5,1,27.46153846153846,71.4,0.38461538461538464,0.6153846153846154,0.3879383214824392,0.5042016806722689,0.0,1.2605042016806722,0.25210084033613445,0.0,0.0,0.0,0.0,0.0,0.0,0.0,0.0,0.2738623141564318
2022,nwsl::Football_Player::c5ab6add4ef243f8aa8a491ef9861f2a,E. Boyd,e boyd,Chicago Stars,Goalkeeper,270.0,3,3.0,3.0,0.0,0.0,0,0,0.0,0,0,90.0,90.0,1.0,0.0,0.7899999999999999,0.0,0.0,0.0,0.0,0.0,0.0,0.0,0.0,0.0,0.0,0.0,0.0,0.45
2022,nwsl::Football_Player::c73ed6197e5645fd96f9870c2f5a1664,Z. Morse,z morse,Chicago Stars,Defender,2009.0,22,22.0,22.0,0.0,0.0,0,1,0.0,0,0,91.31818181818181,91.31818181818181,1.0,0.0,0.9188999502239921,0.04479840716774514,0.0,0.0,0.0,0.0,0.0,0.0,0.0,0.0,0.0,0.0,0.0,0.45933300149328027
2022,nwsl::Football_Player::d7d29fcbb1374eb4bda584df8d928547,M. Swanson,m swanson,Chicago Stars,Forward,1367.0,17,14.0,17.0,3.0,6.0,11,6,0.0,53,33,80.41176470588235,97.64285714285714,0.8235294117647058,0.17647058823529413,0.8298245203226378,1.1192392099487931,0.0,3.489392831016825,2.1726408193123627,0.0,0.0,0.0,0.0,0.0,0.0,0.0,0.0,0.7224684797108311
2022,nwsl::Football_Player::d982a00f0e6148779bfe0269f4c23bc4,B. Skiba,b skiba,Chicago Stars,Goalkeeper,0.0,0,0.0,0.0,0.0,0.0,0,0,0.0,0,0,0.0,0.0,0.0,0.0,0.0,0.0,0.0,0.0,0.0,0.0,0.0,0.0,0.0,0.0,0.0,0.0,0.0,0.0
2022,nwsl::Football_Player::dd552139607f4e219cab7864188eef47,S. Groom,s groom,Chicago Stars,Midfielder,1227.0,21,14.0,21.0,7.0,11.0,1,4,0.0,19,9,58.42857142857143,87.64285714285714,0.6666666666666666,0.3333333333333333,0.6728100574378081,0.36674816625916873,0.0,1.3936430317848412,0.6601466992665037,0.0,0.0,0.0,0.0,0.0,0.0,0.0,0.0,0.40338980090813836
2022,nwsl::Football_Player::efaa0c20d96943f882538315ed8ad52c,C. Foster,c foster,Chicago Stars,Midfielder,1.0,1,0.0,1.0,1.0,0.0,0,0,0.0,0,0,1.0,0.0,0.0,1.0,0.011027777777777779,0.0,0.0,0.0,0.0,0.0,0.0,0.0,0.0,0.0,0.0,0.0,0.0,0.005
2022,nwsl::Football_Player::f2fdba1986f143f4beabd3ef7ae81955,K. Dossey,k dossey,Chicago Stars,Goalkeeper,0.0,0,0.0,0.0,0.0,0.0,0,0,0.0,0,0,0.0,0.0,0.0,0.0,0.0,0.0,0.0,0.0,0.0,0.0,0.0,0.0,0.0,0.0,0.0,0.0,0.0,0.0
2022,nwsl::Football_Player::04a1aad603eb46dd9c349c2ba91d2322,I. Rodriguez,i rodriguez,Current,Defender,353.0,19,1.0,19.0,18.0,0.0,0,1,0.0,3,1,18.57894736842105,353.0,0.05263157894736842,0.9473684210526315,0.242562302238126,0.254957507082153,0.0,0.764872521246459,0.254957507082153,0.0,0.0,0.0,0.0,0.0,0.0,0.0,0.0,0.16513269718204862
2022,nwsl::Football_Player::1084e260eb4a464380aa818f0061c67d,C. Logarzo,c logarzo,Current,Midfielder,0.0,0,0.0,0.0,0.0,0.0,0,0,0.0,0,0,0.0,0.0,0.0,0.0,0.0,0.0,0.0,0.0,0.0,0.0,0.0,0.0,0.0,0.0,0.0,0.0,0.0,0.0
2022,nwsl::Football_Player::3385fcf1a34441189ee3e454b3de1baa,M. Weber,m weber,Current,Defender,19.0,1,1.0,1.0,0.0,1.0,0,0,0.0,0,0,19.0,19.0,1.0,0.0,0.5245277777777777,0.0,0.0,0.0,0.0,0.0,0.0,0.0,0.0,0.0,0.0,0.0,0.0,0.095
2022,nwsl::Football_Player::3f534dc858514b2580d31c23e0241f37,L. Ivory,l ivory,Current,Goalkeeper,0.0,0,0.0,0.0,0.0,0.0,0,0,0.0,0,0,0.0,0.0,0.0,0.0,0.0,0.0,0.0,0.0,0.0,0.0,0.0,0.0,0.0,0.0,0.0,0.0,0.0,0.0
2022,nwsl::Football_Player::3f841e6b66d94cdead98ab215e6e844b,B. Feist,b feist,Current,Midfielder,1227.0,22,12.0,22.0,10.0,5.0,0,1,0.0,17,5,55.77272727272727,102.25,0.5454545454545454,0.45454545454545453,0.5991765484922575,0.07334963325183375,0.0,1.2469437652811737,0.36674816625916873,0.0,0.0,0.0,0.0,0.0,0.0,0.0,0.0,0.32531840408979773
2022,nwsl::Football_Player::4e979e016c024767aa7fc21e21cced19,T. Leach,t leach,Current,Defender,572.0,18,7.0,18.0,11.0,3.0,0,0,0.0,3,1,31.77777777777778,81.71428571428571,0.3888888888888889,0.6111111111111112,0.4238750431667099,0.0,0.0,0.47202797202797203,0.15734265734265734,0.0,0.0,0.0,0.0,0.0,0.0,0.0,0.0,0.17068958818958818
2022,nwsl::Football_Player::4ed6cc093a1541039bc4faca26af2c3f,C. Lavogez,c lavogez,Current,Midfielder,657.0,10,8.0,10.0,2.0,8.0,2,1,0.0,24,18,65.7,82.125,0.8,0.2,0.6919462328767123,0.4109589041095891,0.0,3.2876712328767126,2.4657534246575343,0.0,0.0,0.0,0.0,0.0,0.0,0.0,0.0,0.4963082191780822
2022,nwsl::Football_Player::53377155ab4b4c08b6ff7a3c66865fe3,R. Rodríguez,r rodriguez,Current,Midfielder,1195.0,19,15.0,19.0,4.0,9.0,3,0,0.0,21,9,62.89473684210526,79.66666666666667,0.7894736842105263,0.21052631578947367,0.7326334446646602,0.22594142259414224,0.0,1.5815899581589956,0.6778242677824268,0.0,0.0,0.0,0.0,0.0,0.0,0.0,0.0,0.40108456287161415
2022,nwsl::Football_Player::6335b349527a432b89971d385d4defa3,D. Scott,d scott,Current,Midfielder,1762.0,21,20.0,21.0,1.0,5.0,0,0,0.0,3,1,83.9047619047619,88.1,0.9523809523809523,0.047619047619047616,0.8751434141698046,0.0,0.0,0.1532349602724177,0.0510783200908059,0.0,0.0,0.0,0.0,0.0,0.0,0.0,0.0,0.42335468353061995
2022,nwsl::Football_Player::7f73f631e24245718d0a02fa95a4d271,M. Nolf,m nolf,Current,Defender,136.0,3,2.0,3.0,1.0,2.0,0,0,0.0,0,0,45.333333333333336,68.0,0.6666666666666666,0.3333333333333333,0.4824259259259259,0.0,0.0,0.0,0.0,0.0,0.0,0.0,0.0,0.0,0.0,0.0,0.0,0.22666666666666666
2022,nwsl::Football_Player::810db7679a9d4660929f485ed49e1988,E. Ball,e ball,Current,Defender,1984.0,24,23.0,24.0,1.0,4.0,0,1,0.0,4,1,82.66666666666667,86.26086956521739,0.9583333333333334,0.041666666666666664,0.8749776639038233,0.04536290322580645,0.0,0.1814516129032258,0.04536290322580645,0.0,0.0,0.0,0.0,0.0,0.0,0.0,0.0,0.42732022849462364
2022,nwsl::Football_Player::85023bcbe613492da8caaa35221257ed,K. Sharples,k sharples,Current,Defender,653.0,8,8.0,8.0,0.0,1.0,0,0,0.0,0,0,81.625,81.625,1.0,0.0,0.797954861111111,0.0,0.0,0.0,0.0,0.0,0.0,0.0,0.0,0.0,0.0,0.0,0.0,0.408125
2022,nwsl::Football_Player::8d18be11237c447ea621fcde56944492,A. Franch,a franch,Current,Goalkeeper,2070.0,23,23.0,23.0,0.0,0.0,0,0,0.0,0,0,90.0,90.0,1.0,0.0,0.9175,0.0,0.0,0.0,0.0,0.0,0.0,0.0,0.0,0.0,0.0,0.0,0.0,0.45
2022,nwsl::Football_Player::9792e74df15347e7956b266647bfd2a6,A. Cook,a cook,Current,Defender,1800.0,20,20.0,20.0,0.0,0.0,0,0,0.0,5,2,90.0,90.0,1.0,0.0,0.9184375,0.0,0.0,0.25,0.1,0.0,0.0,0.0,0.0,0.0,0.0,0.0,0.0,0.45625
2022,nwsl::Football_Player::9ad8ef494aeb4e39b37e3f1dcabd9b78,K. Hamilton,k hamilton,Current,Forward,2098.0,25,24.0,25.0,1.0,4.0,7,2,0.0,39,25,83.92,87.41666666666667,0.96,0.04,0.8963900052960492,0.3860819828408008,0.0,1.67302192564347,1.0724499523355577,0.0,0.0,0.0,0.0,0.0,0.0,0.0,0.0,0.5418592945662536
2022,nwsl::Football_Player::9b7fd5c1259c48b1a87f1cc0c10f713c,L. LaBonta,l labonta,Current,Midfielder,1903.0,23,23.0,23.0,0.0,13.0,8,4,0.0,26,18,82.73913043478261,82.73913043478261,1.0,0.0,0.9142315610236571,0.5675249605885444,0.0,1.2296374146085127,0.8512874408828166,0.0,0.0,0.0,0.0,0.0,0.0,0.0,0.0,0.562670954328406
2022,nwsl::Football_Player::a58cdc45fc0448a28cbd965d9601aaf7,N. Prince,n prince,Current,Forward,1570.0,19,19.0,19.0,0.0,14.0,5,3,0.0,32,14,82.63157894736842,82.63157894736842,1.0,0.0,0.9052160390360189,0.45859872611464975,0.0,1.834394904458599,0.802547770700637,0.0,0.0,0.0,0.0,0.0,0.0,0.0,0.0,0.5545591686221925
2022,nwsl::Football_Player::a74c35267e4b4a689431f9d3be7522c6,Debinha,debinha,Current,Midfielder,1580.0,18,18.0,18.0,0.0,4.0,12,4,0.0,48,25,87.77777777777777,87.77777777777777,1.0,0.0,0.9333946710423503,0.9113924050632911,0.0,2.7341772151898733,1.4240506329113922,0.0,0.0,0.0,0.0,0.0,0.0,0.0,0.0,0.6971167369901548
2022,nwsl::Football_Player::c254fb644c6a41d4ad41226acbc54b48,J. Johnson,j johnson,Current,Forward,12.0,2,0.0,2.0,2.0,0.0,0,0,0.0,0,0,6.0,0.0,0.0,1.0,0.03616666666666666,0.0,0.0,0.0,0.0,0.0,0.0,0.0,0.0,0.0,0.0,0.0,0.0,0.03
2022,nwsl::Football_Player::c7c35bca896849439784a5cdee73a0b1,H. Mace,h mace,Current,Midfielder,1778.0,21,20.0,21.0,1.0,8.0,4,2,0.0,26,11,84.66666666666667,88.9,0.9523809523809523,0.047619047619047616,0.8916829354664001,0.30371203599550056,0.0,1.3160854893138356,0.5568053993250843,0.0,0.0,0.0,0.0,0.0,0.0,0.0,0.0,0.5195088113985752
2022,nwsl::Football_Player::c7febc9b323940738052b9bfe2fb8766,A. Schult,a schult,Current,Goalkeeper,90.0,1,1.0,1.0,0.0,0.0,0,0,0.0,0,0,90.0,90.0,1.0,0.0,0.7749999999999999,0.0,0.0,0.0,0.0,0.0,0.0,0.0,0.0,0.0,0.0,0.0,0.0,0.45
2022,nwsl::Football_Player::cac9bfef965b49f9a20bbc0deb15ccfa,V. DiBernardo,v dibernardo,Current,Midfielder,2017.0,23,23.0,23.0,0.0,4.0,1,2,0.0,17,8,87.69565217391305,87.69565217391305,1.0,0.0,0.9163985369528094,0.1338621715418939,0.0,0.7585523054040655,0.35696579077838375,0.0,0.0,0.0,0.0,0.0,0.0,0.0,0.0,0.48533002090922805
2022,nwsl::Football_Player::081da0eaabb64b9d878576f3bd19d971,T. Otto,t otto,Gotham FC,Defender,9.0,2,0.0,2.0,2.0,0.0,0,0,0.0,0,0,4.5,0.0,0.0,1.0,0.030875,0.0,0.0,0.0,0.0,0.0,0.0,0.0,0.0,0.0,0.0,0.0,0.0,0.022500000000000003
2022,nwsl::Football_Player::266288af33ed4b378e529b0cb8957ecf,E. Sonnett,e sonnett,Gotham FC,Defender,841.0,10,9.0,10.0,1.0,0.0,0,0,0.0,4,0,84.1,93.44444444444444,0.9,0.1,0.7782913429779363,0.0,0.0,0.4280618311533888,0.0,0.0,0.0,0.0,0.0,0.0,0.0,0.0,0.0,0.4312015457788347
2022,nwsl::Football_Player::3815419dc0a24232a66d55bdda6b8738,S. Flores,s flores,Gotham FC,Defender,1.0,1,0.0,1.0,1.0,0.0,0,0,0.0,0,0,1.0,0.0,0.0,1.0,0.011027777777777779,0.0,0.0,0.0,0.0,0.0,0.0,0.0,0.0,0.0,0.0,0.0,0.0,0.005
2022,nwsl::Football_Player::39fe0dbc3b0a49c0a46d405d30b7141d,M. Purce,m purce,Gotham FC,Forward,1249.0,16,14.0,16.0,2.0,3.0,3,3,0.0,26,9,78.0625,89.21428571428571,0.875,0.125,0.8096735819210924,0.4323458767013611,0.0,1.8734987990392313,0.6485188150520416,0.0,0.0,0.0,0.0,0.0,0.0,0.0,0.0,0.5272220276220977
2022,nwsl::Football_Player::3e154a3f17cf4dfaae292baf85f5f94c,A. Krieger,a krieger,Gotham FC,Defender,1540.0,18,17.0,18.0,1.0,2.0,0,0,0.0,9,1,85.55555555555556,90.58823529411765,0.9444444444444444,0.05555555555555555,0.8637933902517236,0.0,0.0,0.525974025974026,0.05844155844155844,0.0,0.0,0.0,0.0,0.0,0.0,0.0,0.0,0.44092712842712845
2022,nwsl::Football_Player::46c4d8f93d3c4ae585862889e43f2d57,N. Kawasumi,n kawasumi,Gotham FC,Midfielder,1117.0,20,11.0,20.0,9.0,7.0,1,2,0.0,6,5,55.85,101.54545454545455,0.55,0.45,0.6038929958718791,0.2417188898836168,0.0,0.4834377797672336,0.40286481647269473,0.0,0.0,0.0,0.0,0.0,0.0,0.0,0.0,0.3416940465532677
2022,nwsl::Football_Player::4932d40caf094edd88eb680559cffd38,K. Edmonds,k edmonds,Gotham FC,Defender,2029.0,24,23.0,24.0,1.0,5.0,0,1,0.0,1,0,84.54166666666667,88.21739130434783,0.9583333333333334,0.041666666666666664,0.8810467018737566,0.04435682602267127,0.0,0.04435682602267127,0.0,0.0,0.0,0.0,0.0,0.0,0.0,0.0,0.0,0.43305825940528997
2022,nwsl::Football_Player::6a8196684e034ab5855c3d2768858ae8,K. O'Hara,k o hara,Gotham FC,Defender,375.0,7,3.0,7.0,4.0,0.0,0,1,0.0,1,0,53.57142857142857,125.0,0.42857142857142855,0.5714285714285714,0.4427452380952381,0.24,0.0,0.24,0.0,0.0,0.0,0.0,0.0,0.0,0.0,0.0,0.0,0.32385714285714284
2022,nwsl::Football_Player::88c5b077207445b1bba6ff487212c2a2,N. Nadim,n nadim,Gotham FC,Forward,695.0,11,7.0,11.0,4.0,2.0,6,0,0.0,18,10,63.18181818181818,99.28571428571429,0.6363636363636364,0.36363636363636365,0.6247766332388635,0.776978417266187,0.0,2.3309352517985613,1.2949640287769784,0.0,0.0,0.0,0.0,0.0,0.0,0.0,0.0,0.5360529758011773
2022,nwsl::Football_Player::890aab36584c4278b8a8d11be569aeb4,C. Dunn,c dunn,Gotham FC,Midfielder,88.0,6,0.0,6.0,6.0,0.0,1,0,0.0,5,3,14.666666666666666,0.0,0.0,1.0,0.14370096801346802,1.0227272727272727,0.0,5.113636363636364,3.0681818181818183,0.0,0.0,0.0,0.0,0.0,0.0,0.0,0.0,0.3864015151515152
2022,nwsl::Football_Player::891ad63d168c42aebeaeaa7359ec1fb5,Bruninha,bruninha,Gotham FC,Defender,25.0,1,0.0,1.0,1.0,0.0,0,0,0.0,0,0,25.0,0.0,0.0,1.0,0.09569444444444446,0.0,0.0,0.0,0.0,0.0,0.0,0.0,0.0,0.0,0.0,0.0,0.0,0.125
2022,nwsl::Football_Player::89c6676ce8024165b737f1a59cecb3f0,T. Smith,t smith,Gotham FC,Forward,2524.0,36,30.0,36.0,6.0,16.0,4,4,0.0,32,20,70.11111111111111,84.13333333333334,0.8333333333333334,0.16666666666666666,0.7855297636516602,0.28526148969889065,0.0,1.1410459587955626,0.7131537242472267,0.0,0.0,0.0,0.0,0.0,0.0,0.0,0.0,0.4385111815460469
2022,nwsl::Football_Player::95d2c552a83342bc947134ce8db57d56,J. Howell,j howell,Gotham FC,Midfielder,1902.0,22,22.0,22.0,0.0,8.0,0,2,0.0,23,7,86.45454545454545,86.45454545454545,1.0,0.0,0.9120310677755473,0.09463722397476342,0.0,1.0883280757097793,0.3312302839116719,0.0,0.0,0.0,0.0,0.0,0.0,0.0,0.0,0.47919701749354743
2022,nwsl::Football_Player::9e740d72f2044c11bdca08c94843e982,N. Baxter,n baxter,Gotham FC,Midfielder,171.0,9,2.0,9.0,7.0,2.0,0,0,0.0,4,3,19.0,85.5,0.2222222222222222,0.7777777777777778,0.24242251461988304,0.0,0.0,2.1052631578947367,1.5789473684210527,0.0,0.0,0.0,0.0,0.0,0.0,0.0,0.0,0.14763157894736842
2022,nwsl::Football_Player::a424e8b41cfc4117836fca3554da2332,A. Visco,a visco,Gotham FC,Defender,0.0,0,0.0,0.0,0.0,0.0,0,0,0.0,0,0,0.0,0.0,0.0,0.0,0.0,0.0,0.0,0.0,0.0,0.0,0.0,0.0,0.0,0.0,0.0,0.0,0.0,0.0
2022,nwsl::Football_Player::b4a36a12718847a2b689f6ccc7907006,K. Yokoyama,k yokoyama,Gotham FC,Forward,203.0,8,2.0,8.0,6.0,2.0,0,0,0.0,2,0,25.375,101.5,0.25,0.75,0.2653424842638205,0.0,0.0,0.8866995073891626,0.0,0.0,0.0,0.0,0.0,0.0,0.0,0.0,0.0,0.14904248768472908
2022,nwsl::Football_Player::ba1bdfe55b8646738100a1f9c8b69e0d,T. Torres,t torres,Gotham FC,Midfielder,833.0,13,9.0,13.0,4.0,5.0,0,0,0.0,3,0,64.07692307692308,92.55555555555556,0.6923076923076923,0.3076923076923077,0.6363030930320847,0.0,0.0,0.3241296518607443,0.0,0.0,0.0,0.0,0.0,0.0,0.0,0.0,0.0,0.328487856681134
2022,nwsl::Football_Player::d1485dcbe6f34e4c9ba927371173260d,R. Lavelle,r lavelle,Gotham FC,Midfielder,1568.0,18,18.0,18.0,0.0,5.0,5,1,0.0,51,26,87.11111111111111,87.11111111111111,1.0,0.0,0.914048119016125,0.34438775510204084,0.0,2.927295918367347,1.4923469387755104,0.0,0.0,0.0,0.0,0.0,0.0,0.0,0.0,0.5804854024943311
2022,nwsl::Football_Player::d57f5651d5384c4e8ad42e411f6596e3,J. Cudjoe,j cudjoe,Gotham FC,Midfielder,298.0,6,3.0,6.0,3.0,2.0,0,0,0.0,2,1,49.666666666666664,99.33333333333333,0.5,0.5,0.44747806363410386,0.0,0.0,0.6040268456375839,0.30201342281879195,0.0,0.0,0.0,0.0,0.0,0.0,0.0,0.0,0.2634340044742729
2022,nwsl::Football_Player::d8991716e33c4d7382309a7866ae9d6c,M. Zerboni,m zerboni,Gotham FC,Midfielder,1773.0,21,21.0,21.0,0.0,8.0,3,0,0.0,10,4,84.42857142857143,84.42857142857143,1.0,0.0,0.9045076746434615,0.15228426395939088,0.0,0.5076142131979695,0.20304568527918782,0.0,0.0,0.0,0.0,0.0,0.0,0.0,0.0,0.4665591007976795
2022,nwsl::Football_Player::d9f63636eae141b9a9fccd6533df3a2b,S. Hogan,s hogan,Gotham FC,Goalkeeper,90.0,1,1.0,1.0,0.0,0.0,0,0,0.0,0,0,90.0,90.0,1.0,0.0,0.7749999999999999,0.0,0.0,0.0,0.0,0.0,0.0,0.0,0.0,0.0,0.0,0.0,0.0,0.45
2022,nwsl::Football_Player::f0b65e91132d452792a90bd80e377f0f,E. Stevens,e stevens,Gotham FC,Forward,783.0,20,10.0,20.0,10.0,10.0,4,2,0.0,15,7,39.15,78.3,0.5,0.5,0.5411297413793104,0.6896551724137931,0.0,1.7241379310344829,0.8045977011494253,0.0,0.0,0.0,0.0,0.0,0.0,0.0,0.0,0.3825316091954023
2022,nwsl::Football_Player::f1674817643d4409ae98e3f26ec72dc4,M. Freeman,m freeman,Gotham FC,Defender,1441.0,17,16.0,17.0,1.0,1.0,0,0,0.0,4,0,84.76470588235294,90.0625,0.9411764705882353,0.058823529411764705,0.8509973069264718,0.0,0.0,0.24982650936849407,0.0,0.0,0.0,0.0,0.0,0.0,0.0,0.0,0.0,0.43006919214597705
2022,nwsl::Football_Player::f6f72f9ad8aa456882f186b05e95380d,G. Lewandowski,g lewandowski,Gotham FC,Defender,100.0,4,1.0,4.0,3.0,1.0,0,0,0.0,1,1,25.0,100.0,0.25,0.75,0.23406944444444447,0.0,0.0,0.8999999999999999,0.8999999999999999,0.0,0.0,0.0,0.0,0.0,0.0,0.0,0.0,0.1475
2022,nwsl::Football_Player::f8682c257fa14a7c862ecccc4b892332,M. Betos,m betos,Gotham FC,Goalkeeper,1260.0,14,14.0,14.0,0.0,0.0,0,0,0.0,0,0,90.0,90.0,1.0,0.0,0.8724999999999999,0.0,0.0,0.0,0.0,0.0,0.0,0.0,0.0,0.0,0.0,0.0,0.0,0.45
2022,nwsl::Football_Player::fdc322f486b94e3a9043aee47c3daf93,N. Martin,n martin,Gotham FC,Defender,613.0,11,8.0,11.0,3.0,5.0,0,0,0.0,2,1,55.72727272727273,76.625,0.7272727272727273,0.2727272727272727,0.6074673035411209,0.0,0.0,0.2936378466557912,0.1468189233278956,0.0,0.0,0.0,0.0,0.0,0.0,0.0,0.0,0.28597730980275843
2022,nwsl::Football_Player::0191bff1cf67427faad8dc220df83b06,M. George,m george,Houston Dash,Defender,0.0,0,0.0,0.0,0.0,0.0,0,0,0.0,0,0,0.0,0.0,0.0,0.0,0.0,0.0,0.0,0.0,0.0,0.0,0.0,0.0,0.0,0.0,0.0,0.0,0.0,0.0
2022,nwsl::Football_Player::0441c191624b4049911e4bb7d6a3a4a1,D. Ordoñez,d ordonez,Houston Dash,Forward,1392.0,19,17.0,19.0,2.0,11.0,11,0,0.0,38,20,73.26315789473684,81.88235294117646,0.8947368421052632,0.10526315789473684,0.8350262968844524,0.7112068965517241,0.0,2.456896551724138,1.293103448275862,0.0,0.0,0.0,0.0,0.0,0.0,0.0,0.0,0.5759063067150635
2022,nwsl::Football_Player::0bb3c16212754939b111d70c83644b8e,D. Colaprico,d colaprico,Houston Dash,Midfielder,1952.0,23,20.0,23.0,3.0,1.0,1,3,0.0,11,5,84.8695652173913,97.6,0.8695652173913043,0.13043478260869565,0.8483705291735963,0.1844262295081967,0.0,0.507172131147541,0.2305327868852459,0.0,0.0,0.0,0.0,0.0,0.0,0.0,0.0,0.47544926051318603
2022,nwsl::Football_Player::0bc0d986844b458592417f6157d1aeb4,C. Westphal,c westphal,Houston Dash,Defender,1987.0,24,22.0,24.0,2.0,5.0,0,2,0.0,0,0,82.79166666666667,90.31818181818181,0.9166666666666666,0.08333333333333333,0.857401502707413,0.09058882737795672,0.0,0.0,0.0,0.0,0.0,0.0,0.0,0.0,0.0,0.0,0.0,0.43283100570374095
2022,nwsl::Football_Player::14b6513128d645b99e909fd6b2691ef1,E. McLeod,e mcleod,Houston Dash,Goalkeeper,1800.0,20,20.0,20.0,0.0,0.0,0,0,0.0,0,0,90.0,90.0,1.0,0.0,0.9175,0.0,0.0,0.0,0.0,0.0,0.0,0.0,0.0,0.0,0.0,0.0,0.0,0.45
2022,nwsl::Football_Player::22bdee5e6c5840a4891fc6d9abecfbb7,B. Briede,b briede,Houston Dash,Midfielder,1361.0,21,15.0,21.0,6.0,8.0,1,0,0.0,7,4,64.80952380952381,90.73333333333333,0.7142857142857143,0.2857142857142857,0.7038645205245132,0.06612784717119766,0.0,0.46289493019838357,0.2645113886847906,0.0,0.0,0.0,0.0,0.0,0.0,0.0,0.0,0.3493966271299115
2022,nwsl::Football_Player::27adde6bc4e540c5959718f7e27a1c5e,J. McDonald,j mcdonald,Houston Dash,Forward,1739.0,22,19.0,22.0,3.0,3.0,3,4,0.0,28,12,79.04545454545455,91.52631578947368,0.8636363636363636,0.13636363636363635,0.8342464807650979,0.3622771707878091,0.0,1.4491086831512363,0.621046578493387,0.0,0.0,0.0,0.0,0.0,0.0,0.0,0.0,0.5069294003868472
2022,nwsl::Football_Player::37c762eb698644fa88b9cb94cf4f0940,P. Nielsen,p nielsen,Houston Dash,Defender,1299.0,20,14.0,20.0,6.0,1.0,0,1,0.0,3,1,64.95,92.78571428571429,0.7,0.3,0.6970737394149346,0.06928406466512702,0.0,0.20785219399538105,0.06928406466512702,0.0,0.0,0.0,0.0,0.0,0.0,0.0,0.0,0.3443804849884527
2022,nwsl::Football_Player::3b2af41fd8ff4bea9566c8fed09b8dd0,E. Salmon,e salmon,Houston Dash,Forward,2252.0,36,26.0,36.0,10.0,22.0,18,0,0.0,82,48,62.55555555555556,86.61538461538461,0.7222222222222222,0.2777777777777778,0.7304511929039756,0.719360568383659,0.0,3.2770870337477795,1.9182948490230907,0.0,0.0,0.0,0.0,0.0,0.0,0.0,0.0,0.5445717387014013
2022,nwsl::Football_Player::43b7c1df7a5a46108466db625ab2d7c4,B. Visalli,b visalli,Houston Dash,Midfielder,460.0,16,4.0,16.0,12.0,2.0,1,0,0.0,3,3,28.75,115.0,0.25,0.75,0.34223882850241544,0.1956521739130435,0.0,0.5869565217391305,0.5869565217391305,0.0,0.0,0.0,0.0,0.0,0.0,0.0,0.0,0.19918478260869565
2022,nwsl::Football_Player::49aae4605ea74966a31f96dbe5fcb5ac,H. Breslin,h breslin,Houston Dash,Midfielder,77.0,8,0.0,8.0,8.0,0.0,0,0,0.0,2,0,9.625,0.0,0.0,1.0,0.10272109487734488,0.0,0.0,2.337662337662338,0.0,0.0,0.0,0.0,0.0,0.0,0.0,0.0,0.0,0.10656655844155846
2022,nwsl::Football_Player::4ef17a90c8144861a3862385e6f3ca88,J. Ashley,j ashley,Houston Dash,Defender,149.0,5,2.0,5.0,3.0,2.0,0,0,0.0,1,0,29.8,74.5,0.4,0.6,0.3248928784489187,0.0,0.0,0.6040268456375839,0.0,0.0,0.0,0.0,0.0,0.0,0.0,0.0,0.0,0.16410067114093962
2022,nwsl::Football_Player::55c607b8f8ea48efa308facc28601331,S. Schmidt,s schmidt,Houston Dash,Midfielder,1663.0,19,19.0,19.0,0.0,4.0,4,1,0.0,21,8,87.52631578947368,87.52631578947368,1.0,0.0,0.9139913713678866,0.27059530968129886,0.0,1.1365003006614551,0.4329524954900782,0.0,0.0,0.0,0.0,0.0,0.0,0.0,0.0,0.5224181093141754
2022,nwsl::Football_Player::5f6a0a88d86040cb88836e22eed4f631,M. Rosa,m rosa,Houston Dash,Midfielder,0.0,0,0.0,0.0,0.0,0.0,0,0,0.0,0,0,0.0,0.0,0.0,0.0,0.0,0.0,0.0,0.0,0.0,0.0,0.0,0.0,0.0,0.0,0.0,0.0,0.0,0.0
2022,nwsl::Football_Player::654b6278ad35440fbad0c80bbae2fe38,M. Gomera-Stevens,m gomera stevens,Houston Dash,Midfielder,34.0,3,0.0,3.0,3.0,1.0,0,0,0.0,0,0,11.333333333333334,0.0,0.0,1.0,0.062481481481481485,0.0,0.0,0.0,0.0,0.0,0.0,0.0,0.0,0.0,0.0,0.0,0.0,0.056666666666666664
2022,nwsl::Football_Player::65926eaa2f7f4b17833600561c0ed506,K. Lind,k lind,Houston Dash,Defender,2070.0,23,23.0,23.0,0.0,0.0,0,0,0.0,6,1,90.0,90.0,1.0,0.0,0.9184782608695652,0.0,0.0,0.2608695652173913,0.043478260869565216,0.0,0.0,0.0,0.0,0.0,0.0,0.0,0.0,0.4565217391304348
2022,nwsl::Football_Player::676004a629cb4668972a79f81ed48f2f,R. Gareis,r gareis,Houston Dash,Forward,621.0,15,6.0,15.0,9.0,5.0,0,2,0.0,7,4,41.4,103.5,0.4,0.6,0.45141231884057975,0.2898550724637681,0.0,1.0144927536231882,0.5797101449275363,0.0,0.0,0.0,0.0,0.0,0.0,0.0,0.0,0.2927487922705314
2022,nwsl::Football_Player::6b1cd96d32364642abda11e316e215ea,E. Dederick,e dederick,Houston Dash,Goalkeeper,0.0,0,0.0,0.0,0.0,0.0,0,0,0.0,0,0,0.0,0.0,0.0,0.0,0.0,0.0,0.0,0.0,0.0,0.0,0.0,0.0,0.0,0.0,0.0,0.0,0.0,0.0
2022,nwsl::Football_Player::77cda28afad142fb946791d915dc225b,D. Kerr,d kerr,Houston Dash,Goalkeeper,270.0,3,3.0,3.0,0.0,0.0,0,0,0.0,0,0,90.0,90.0,1.0,0.0,0.7899999999999999,0.0,0.0,0.0,0.0,0.0,0.0,0.0,0.0,0.0,0.0,0.0,0.0,0.45
2022,nwsl::Football_Player::7b95e77ca5184ed39abbd7481af81fee,A. Chapman,a chapman,Houston Dash,Defender,1122.0,14,14.0,14.0,0.0,5.0,0,0,0.0,0,0,80.14285714285714,80.14285714285714,1.0,0.0,0.8377261904761905,0.0,0.0,0.0,0.0,0.0,0.0,0.0,0.0,0.0,0.0,0.0,0.0,0.4007142857142857
2022,nwsl::Football_Player::8772001989134074a48629a1110d6b62,M. Alozie,m alozie,Houston Dash,Forward,343.0,11,2.0,11.0,9.0,1.0,2,0,0.0,13,6,31.181818181818183,171.5,0.18181818181818182,0.8181818181818182,0.30351166916983247,0.5247813411078718,0.0,3.4110787172011663,1.5743440233236152,0.0,0.0,0.0,0.0,0.0,0.0,0.0,0.0,0.35051550490326
2022,nwsl::Football_Player::989bad2146034993b95111ac086931b3,M. Abam,m abam,Houston Dash,Forward,268.0,12,3.0,12.0,9.0,3.0,0,0,0.0,9,2,22.333333333333332,89.33333333333333,0.25,0.75,0.2926209922609176,0.0,0.0,3.0223880597014925,0.6716417910447761,0.0,0.0,0.0,0.0,0.0,0.0,0.0,0.0,0.187226368159204
2022,nwsl::Football_Player::98dcb1c31ca44fd195fa3302144a6140,N. Jacobs,n jacobs,Houston Dash,Defender,837.0,15,10.0,15.0,5.0,5.0,0,3,0.0,2,0,55.8,83.7,0.6666666666666666,0.3333333333333333,0.6202370967741935,0.3225806451612903,0.0,0.2150537634408602,0.0,0.0,0.0,0.0,0.0,0.0,0.0,0.0,0.0,0.35158064516129034
2022,nwsl::Football_Player::a508823d48c24d818a9b76c99106c143,J. Campbell,j campbell,Houston Dash,Goalkeeper,1980.0,22,22.0,22.0,0.0,0.0,0,0,0.0,0,0,90.0,90.0,1.0,0.0,0.9175,0.0,0.0,0.0,0.0,0.0,0.0,0.0,0.0,0.0,0.0,0.0,0.0,0.45
2022,nwsl::Football_Player::ab82ac10b47843f498bd62f0cf827821,K. Hedge,k hedge,Houston Dash,Midfielder,160.0,3,2.0,3.0,1.0,2.0,0,0,0.0,1,0,53.333333333333336,80.0,0.6666666666666666,0.3333333333333333,0.5127575231481482,0.0,0.0,0.5625,0.0,0.0,0.0,0.0,0.0,0.0,0.0,0.0,0.0,0.28072916666666664
2022,nwsl::Football_Player::b84e9888c15f472fa74b57182a7f9d64,C. Farquharson,c farquharson,Houston Dash,Forward,62.0,6,0.0,6.0,6.0,0.0,0,1,0.0,1,0,10.333333333333334,0.0,0.0,1.0,0.12439725209080046,1.4516129032258065,0.0,1.4516129032258065,0.0,0.0,0.0,0.0,0.0,0.0,0.0,0.0,0.0,0.3379569892473118
2022,nwsl::Football_Player::be8d34625b5244f1b34e61df67be171a,Y. Nagasato,y nagasato,Houston Dash,Forward,1841.0,22,21.0,22.0,1.0,9.0,4,3,0.0,15,8,83.68181818181819,87.66666666666667,0.9545454545454546,0.045454545454545456,0.8882000936853599,0.34220532319391633,0.0,0.7332971211298207,0.3910917979359044,0.0,0.0,0.0,0.0,0.0,0.0,0.0,0.0,0.5080342946027357
2022,nwsl::Football_Player::c0076f9d59514192ab6a1107bfc8493a,A. Smith,a smith,Houston Dash,Goalkeeper,90.0,1,1.0,1.0,0.0,0.0,0,0,0.0,0,0,90.0,90.0,1.0,0.0,0.7749999999999999,0.0,0.0,0.0,0.0,0.0,0.0,0.0,0.0,0.0,0.0,0.0,0.0,0.45
2022,nwsl::Football_Player::c4415406f03b42e99259ae1a2729d22f,R. Daly,r daly,Houston Dash,Forward,539.0,6,6.0,6.0,0.0,1.0,4,1,0.0,14,9,89.83333333333333,89.83333333333333,1.0,0.0,0.8467682522503952,0.8348794063079777,0.0,2.3376623376623376,1.50278293135436,0.0,0.0,0.0,0.0,0.0,0.0,0.0,0.0,0.6815414347557204
2022,nwsl::Football_Player::c57f4bd01e3e4ee79453e74a9693d8df,P. Gramaglia,p gramaglia,Houston Dash,Forward,6.0,1,0.0,1.0,1.0,0.0,0,0,0.0,0,0,6.0,0.0,0.0,1.0,0.028666666666666667,0.0,0.0,0.0,0.0,0.0,0.0,0.0,0.0,0.0,0.0,0.0,0.0,0.03
2022,nwsl::Football_Player::d814c62705514d3ab343c0798bb924ba,Y. Ryan,y ryan,Houston Dash,Forward,1155.0,20,13.0,20.0,7.0,10.0,2,5,0.0,22,7,57.75,88.84615384615384,0.65,0.35,0.6697031926406928,0.5454545454545454,0.0,1.7142857142857142,0.5454545454545454,0.0,0.0,0.0,0.0,0.0,0.0,0.0,0.0,0.4452435064935065
2022,nwsl::Football_Player::d8ec8d19bba0421ba68a5e9980cc4a3e,E. Curran,e curran,Houston Dash,Midfielder,612.0,17,5.0,17.0,12.0,2.0,0,0,0.0,4,1,36.0,122.4,0.29411764705882354,0.7058823529411765,0.3890588235294118,0.0,0.0,0.5882352941176471,0.14705882352941177,0.0,0.0,0.0,0.0,0.0,0.0,0.0,0.0,0.1947058823529412
2022,nwsl::Football_Player::e03d1965093b4a96b068ea2112bdd6ea,H. Solaun,h solaun,Houston Dash,Midfielder,30.0,1,0.0,1.0,1.0,1.0,0,0,0.0,0,0,30.0,0.0,0.0,1.0,0.11333333333333331,0.0,0.0,0.0,0.0,0.0,0.0,0.0,0.0,0.0,0.0,0.0,0.0,0.15
2022,nwsl::Football_Player::e5201e3dad8b40dcb04b08484dac3217,K. Hamric,k hamric,Houston Dash,Forward,0.0,0,0.0,0.0,0.0,0.0,0,0,0.0,0,0,0.0,0.0,0.0,0.0,0.0,0.0,0.0,0.0,0.0,0.0,0.0,0.0,0.0,0.0,0.0,0.0,0.0,0.0
2022,nwsl::Football_Player::ec556416f45b48879e56409269f13dcb,D. Sheehan,d sheehan,Houston Dash,Midfielder,326.0,9,3.0,9.0,6.0,1.0,0,1,0.0,2,0,36.22222222222222,108.66666666666667,0.3333333333333333,0.6666666666666666,0.35598180337802016,0.27607361963190186,0.0,0.5521472392638037,0.0,0.0,0.0,0.0,0.0,0.0,0.0,0.0,0.0,0.25243012951601906
2022,nwsl::Football_Player::f5d8bcd5937c402c91e054d0fe383c71,A. Prisock,a prisock,Houston Dash,Defender,2063.0,23,23.0,23.0,0.0,1.0,0,0,0.0,6,1,89.69565217391305,89.69565217391305,1.0,0.0,0.9174079087253918,0.0,0.0,0.2617547261269995,0.043625787687833255,0.0,0.0,0.0,0.0,0.0,0.0,0.0,0.0,0.4550221290227402
2022,nwsl::Football_Player::f986a6e7778c4db482e81547fb97b29b,H. Berg,h berg,Houston Dash,Forward,0.0,0,0.0,0.0,0.0,0.0,0,0,0.0,0,0,0.0,0.0,0.0,0.0,0.0,0.0,0.0,0.0,0.0,0.0,0.0,0.0,0.0,0.0,0.0,0.0,0.0,0.0
2022,nwsl::Football_Player::11b445f1ef114839a220a412de020d92,E. Johnson,e johnson,NC Courage,Defender,1288.0,15,15.0,15.0,0.0,4.0,0,0,0.0,4,0,85.86666666666666,85.86666666666666,1.0,0.0,0.8664666551644813,0.0,0.0,0.2795031055900621,0.0,0.0,0.0,0.0,0.0,0.0,0.0,0.0,0.0,0.4363209109730849
2022,nwsl::Football_Player::1522f4de375a4ce8bd1a486097a10783,J. Walker,j walker,NC Courage,Defender,534.0,11,6.0,11.0,5.0,2.0,0,0,0.0,0,0,48.54545454545455,89.0,0.5454545454545454,0.45454545454545453,0.4992121212121212,0.0,0.0,0.0,0.0,0.0,0.0,0.0,0.0,0.0,0.0,0.0,0.0,0.24272727272727274
2022,nwsl::Football_Player::276e44ef02f7437d9f67b21fe024373e,H. Stackpole,h stackpole,NC Courage,Midfielder,0.0,0,0.0,0.0,0.0,0.0,0,0,0.0,0,0,0.0,0.0,0.0,0.0,0.0,0.0,0.0,0.0,0.0,0.0,0.0,0.0,0.0,0.0,0.0,0.0,0.0,0.0
2022,nwsl::Football_Player::336dc7bf1e5642c1a7a4a9fd8973f2a9,B. Pinto,b pinto,NC Courage,Midfielder,1453.0,22,17.0,22.0,5.0,14.0,1,2,0.0,19,8,66.04545454545455,85.47058823529412,0.7727272727272727,0.22727272727272727,0.7409411935945832,0.18582243633860976,0.0,1.1768754301445286,0.49552649690295936,0.0,0.0,0.0,0.0,0.0,0.0,0.0,0.0,0.39836216605142966
2022,nwsl::Football_Player::3eec828b0b624895819419d1e1bc9564,E. Fox,e fox,NC Courage,Defender,1473.0,17,17.0,17.0,0.0,2.0,1,1,0.0,6,5,86.6470588235294,86.6470588235294,1.0,0.0,0.888365051315842,0.12219959266802444,0.0,0.3665987780040733,0.30549898167006106,0.0,0.0,0.0,0.0,0.0,0.0,0.0,0.0,0.46785851204025397
2022,nwsl::Football_Player::405bbcc7f91848b4a28e72f45ffb7d55,D. Weatherholt,d weatherholt,NC Courage,Midfielder,1743.0,20,20.0,20.0,0.0,4.0,0,0,0.0,8,2,87.15,87.15,1.0,0.0,0.9089948866896157,0.0,0.0,0.41308089500860584,0.10327022375215146,0.0,0.0,0.0,0.0,0.0,0.0,0.0,0.0,0.4460770223752152
2022,nwsl::Football_Player::572ca1acdb37419a843dafa8e828be66,C. Murphy,c murphy,NC Courage,Goalkeeper,1620.0,18,18.0,18.0,0.0,0.0,0,0,0.0,0,0,90.0,90.0,1.0,0.0,0.9025,0.0,0.0,0.0,0.0,0.0,0.0,0.0,0.0,0.0,0.0,0.0,0.0,0.45
2022,nwsl::Football_Player::5f4fe6c4f4a548cc845fce123513d52f,R. Baisden,r baisden,NC Courage,Forward,199.0,9,1.0,9.0,8.0,1.0,1,0,0.0,2,1,22.11111111111111,199.0,0.1111111111111111,0.8888888888888888,0.2130282120478938,0.4522613065326633,0.0,0.9045226130653266,0.4522613065326633,0.0,0.0,0.0,0.0,0.0,0.0,0.0,0.0,0.2273897264098269
2022,nwsl::Football_Player::7060e45bfd8b40f3bcb110081bd6cc94,J. Baucom,j baucom,NC Courage,Forward,96.0,6,1.0,6.0,5.0,1.0,0,0,0.0,2,0,16.0,96.0,0.16666666666666666,0.8333333333333334,0.18347569444444445,0.0,0.0,1.875,0.0,0.0,0.0,0.0,0.0,0.0,0.0,0.0,0.0,0.12687500000000002
2022,nwsl::Football_Player::75dea69f305343a2b59c44bcf763445e,T. Lussi,t lussi,NC Courage,Forward,1460.0,20,16.0,20.0,4.0,5.0,0,0,0.0,16,7,73.0,91.25,0.8,0.2,0.7712264079147642,0.0,0.0,0.9863013698630138,0.4315068493150685,0.0,0.0,0.0,0.0,0.0,0.0,0.0,0.0,0.38965753424657534
2022,nwsl::Football_Player::81f566b89fa04830b4b1657453e4f818,R. Williams,r williams,NC Courage,Defender,988.0,18,10.0,18.0,8.0,1.0,0,3,0.0,1,0,54.888888888888886,98.8,0.5555555555555556,0.4444444444444444,0.5875173814165042,0.2732793522267207,0.0,0.09109311740890688,0.0,0.0,0.0,0.0,0.0,0.0,0.0,0.0,0.0,0.3336549707602339
2022,nwsl::Football_Player::83a63d95bb174112a29d6a1522912eff,R. Madsen,r madsen,NC Courage,Forward,123.0,4,1.0,4.0,3.0,1.0,0,0,0.0,0,0,30.75,123.0,0.25,0.75,0.2509791666666667,0.0,0.0,0.0,0.0,0.0,0.0,0.0,0.0,0.0,0.0,0.0,0.0,0.15375
2022,nwsl::Football_Player::85399e003cd149ec991da7c3853143ad,K. Kurtz,k kurtz,NC Courage,Defender,1980.0,22,22.0,22.0,0.0,0.0,3,1,0.0,15,4,90.0,90.0,1.0,0.0,0.9257386363636364,0.18181818181818182,0.0,0.6818181818181818,0.18181818181818182,0.0,0.0,0.0,0.0,0.0,0.0,0.0,0.0,0.5049242424242425
2022,nwsl::Football_Player::87932cfc9c3d4927a1b04436bf6ceb4a,K. Bowen,k bowen,NC Courage,Defender,91.0,2,1.0,2.0,1.0,0.0,0,0,0.0,0,0,45.5,91.0,0.5,0.5,0.4005138888888889,0.0,0.0,0.0,0.0,0.0,0.0,0.0,0.0,0.0,0.0,0.0,0.0,0.2275
2022,nwsl::Football_Player::8bc2b0ed38a346f2a782d7236d278aa3,D. O'Sullivan,d o sullivan,NC Courage,Midfielder,1583.0,19,18.0,19.0,1.0,3.0,1,2,0.0,4,3,83.3157894736842,87.94444444444444,0.9473684210526315,0.05263157894736842,0.8689182607234024,0.17056222362602652,0.0,0.22741629816803538,0.17056222362602652,0.0,0.0,0.0,0.0,0.0,0.0,0.0,0.0,0.4577981514113775
2022,nwsl::Football_Player::90778e5fd3a74d2f9ab2016dabf212df,F. Nagano,f nagano,NC Courage,Midfielder,824.0,11,10.0,11.0,1.0,8.0,2,1,0.0,5,5,74.9090909090909,82.4,0.9090909090909091,0.09090909090909091,0.7681411567127586,0.3276699029126214,0.0,0.5461165048543689,0.5461165048543689,0.0,0.0,0.0,0.0,0.0,0.0,0.0,0.0,0.4564629302736099
2022,nwsl::Football_Player::907a57b1c41046b08063e94229484b5e,M. Berkely,m berkely,NC Courage,Defender,942.0,16,11.0,16.0,5.0,7.0,0,0,0.0,4,1,58.875,85.63636363636364,0.6875,0.3125,0.638506037685775,0.0,0.0,0.38216560509554137,0.09554140127388534,0.0,0.0,0.0,0.0,0.0,0.0,0.0,0.0,0.30392914012738853
2022,nwsl::Football_Player::93a4a0415aad424a9ee97fe93d7ac61a,V. Pickett,v pickett,NC Courage,Midfielder,3000.0,46,38.0,46.0,8.0,26.0,0,0,0.0,14,4,65.21739130434783,78.94736842105263,0.8260869565217391,0.17391304347826086,0.7533865942028986,0.0,0.0,0.42,0.12,0.0,0.0,0.0,0.0,0.0,0.0,0.0,0.0,0.33658695652173914
2022,nwsl::Football_Player::93ab29167bcd49b1a9d06e29f2cfb3c2,H. Betfort,h betfort,NC Courage,Forward,140.0,7,1.0,7.0,6.0,2.0,1,0,0.0,4,1,20.0,140.0,0.14285714285714285,0.8571428571428571,0.21707341269841268,0.6428571428571428,0.0,2.571428571428571,0.6428571428571428,0.0,0.0,0.0,0.0,0.0,0.0,0.0,0.0,0.2982142857142857
2022,nwsl::Football_Player::9cf4be1012534c69ba6aca923a5b85d3,H. Hancuff,h hancuff,NC Courage,Goalkeeper,0.0,0,0.0,0.0,0.0,0.0,0,0,0.0,0,0,0.0,0.0,0.0,0.0,0.0,0.0,0.0,0.0,0.0,0.0,0.0,0.0,0.0,0.0,0.0,0.0,0.0,0.0
2022,nwsl::Football_Player::a1626364867445b3b33022e19cac46ff,M. Jordan,m jordan,NC Courage,Goalkeeper,0.0,0,0.0,0.0,0.0,0.0,0,0,0.0,0,0,0.0,0.0,0.0,0.0,0.0,0.0,0.0,0.0,0.0,0.0,0.0,0.0,0.0,0.0,0.0,0.0,0.0,0.0
2022,nwsl::Football_Player::bdb7b2cdedb141dd9ff5cb096ff6d21b,Kerolin,kerolin,NC Courage,Forward,1117.0,13,13.0,13.0,0.0,5.0,6,4,0.0,32,20,85.92307692307692,85.92307692307692,1.0,0.0,0.8854653279924095,0.8057296329453895,0.0,2.5783348254252463,1.611459265890779,0.0,0.0,0.0,0.0,0.0,0.0,0.0,0.0,0.661934095447972
2022,nwsl::Football_Player::bdf738f813074378b10e977e449699eb,M. Speck,m speck,NC Courage,Midfielder,909.0,19,9.0,19.0,10.0,4.0,1,2,0.0,5,4,47.8421052631579,101.0,0.47368421052631576,0.5263157894736842,0.5355728243877019,0.297029702970297,0.0,0.49504950495049505,0.39603960396039606,0.0,0.0,0.0,0.0,0.0,0.0,0.0,0.0,0.31346795205836375
2022,nwsl::Football_Player::d34c603875494308b83fc6a75c948837,J. Shaw,j shaw,NC Courage,Midfielder,378.0,7,6.0,7.0,1.0,6.0,3,0,0.0,8,6,54.0,63.0,0.8571428571428571,0.14285714285714285,0.6581785714285714,0.7142857142857143,0.0,1.9047619047619047,1.4285714285714286,0.0,0.0,0.0,0.0,0.0,0.0,0.0,0.0,0.46642857142857147
2022,nwsl::Football_Player::e8b700cbc6d9423f96e02372feba706c,V. Gauvin,v gauvin,NC Courage,Forward,66.0,3,0.0,3.0,3.0,0.0,0,0,0.0,4,2,22.0,0.0,0.0,1.0,0.11511111111111111,0.0,0.0,5.454545454545455,2.7272727272727275,0.0,0.0,0.0,0.0,0.0,0.0,0.0,0.0,0.21000000000000002
2022,nwsl::Football_Player::ed7ee4eca97044dd97750b29c3850769,A. Sanchez,a sanchez,NC Courage,Midfielder,1483.0,19,16.0,19.0,3.0,6.0,3,5,0.0,47,25,78.05263157894737,92.6875,0.8421052631578947,0.15789473684210525,0.8226678802254006,0.4855023600809171,0.0,2.852326365475388,1.517194875252866,0.0,0.0,0.0,0.0,0.0,0.0,0.0,0.0,0.5627176420484792
2022,nwsl::Football_Player::0059cd7b8bca47c387145cc443ffede0,C. Cosme,c cosme,Orlando Pride,Defender,0.0,0,0.0,0.0,0.0,0.0,0,0,0.0,0,0,0.0,0.0,0.0,0.0,0.0,0.0,0.0,0.0,0.0,0.0,0.0,0.0,0.0,0.0,0.0,0.0,0.0,0.0
2022,nwsl::Football_Player::093f3076a83a4b96814f40adea632c5a,K. Rowswell,k rowswell,Orlando Pride,Goalkeeper,0.0,0,0.0,0.0,0.0,0.0,0,0,0.0,0,0,0.0,0.0,0.0,0.0,0.0,0.0,0.0,0.0,0.0,0.0,0.0,0.0,0.0,0.0,0.0,0.0,0.0,0.0
2022,nwsl::Football_Player::0985755c89aa4497af12c057a181319e,P. Roberts,p roberts,Orlando Pride,Midfielder,14.0,1,0.0,1.0,1.0,0.0,0,0,0.0,0,0,14.0,0.0,0.0,1.0,0.05688888888888889,0.0,0.0,0.0,0.0,0.0,0.0,0.0,0.0,0.0,0.0,0.0,0.0,0.07
2022,nwsl::Football_Player::15cbd2b4b39042eeb04d03affb712899,A. Moorhouse,a moorhouse,Orlando Pride,Goalkeeper,180.0,2,2.0,2.0,0.0,0.0,0,0,0.0,0,0,90.0,90.0,1.0,0.0,0.7825,0.0,0.0,0.0,0.0,0.0,0.0,0.0,0.0,0.0,0.0,0.0,0.0,0.45
2022,nwsl::Football_Player::291911cc9bee4a458a8ae94f9b2a9c97,A. Watt,a watt,Orlando Pride,Forward,1232.0,40,8.0,40.0,32.0,8.0,2,0,0.0,36,18,30.8,154.0,0.2,0.8,0.36308331529581533,0.14610389610389612,0.0,2.62987012987013,1.314935064935065,0.0,0.0,0.0,0.0,0.0,0.0,0.0,0.0,0.250185064935065
2022,nwsl::Football_Player::2d5220ee0bf441808654b13a78437aec,M. Montefusco,m montefusco,Orlando Pride,Defender,1861.0,21,21.0,21.0,0.0,1.0,0,0,0.0,5,1,88.61904761904762,88.61904761904762,1.0,0.0,0.9135350774317729,0.0,0.0,0.2418054809242343,0.04836109618484686,0.0,0.0,0.0,0.0,0.0,0.0,0.0,0.0,0.449140375118344
2022,nwsl::Football_Player::3e2eb110d0184ec68a46afee4f2f085e,G. Jónsdóttir,g jonsdottir,Orlando Pride,Midfielder,981.0,16,11.0,16.0,5.0,6.0,2,0,0.0,5,2,61.3125,89.18181818181819,0.6875,0.3125,0.653126003440367,0.18348623853211007,0.0,0.4587155963302752,0.18348623853211007,0.0,0.0,0.0,0.0,0.0,0.0,0.0,0.0,0.3562566896024465
2022,nwsl::Football_Player::3fa6c6b9fff049ddb7e32f7ea04d33ca,Angelina,angelina,Orlando Pride,Midfielder,406.0,8,6.0,8.0,2.0,6.0,0,1,0.0,5,4,50.75,67.66666666666667,0.75,0.25,0.5876184660645868,0.22167487684729065,0.0,1.1083743842364533,0.8866995073891626,0.0,0.0,0.0,0.0,0.0,0.0,0.0,0.0,0.32764162561576354
2022,nwsl::Football_Player::4816242807f44287857af27ce8b3b8f7,J. Listro,j listro,Orlando Pride,Midfielder,1233.0,19,13.0,19.0,6.0,2.0,0,1,0.0,1,1,64.89473684210526,94.84615384615384,0.6842105263157895,0.3157894736842105,0.6818836918939685,0.07299270072992702,0.0,0.07299270072992702,0.07299270072992702,0.0,0.0,0.0,0.0,0.0,0.0,0.0,0.0,0.3415053143808427
2022,nwsl::Football_Player::4858150a233349bebb55741b933369d0,C. Lawrence,c lawrence,Orlando Pride,Defender,1114.0,14,12.0,14.0,2.0,1.0,0,0,0.0,2,0,79.57142857142857,92.83333333333333,0.8571428571428571,0.14285714285714285,0.7720305277706534,0.0,0.0,0.1615798922800718,0.0,0.0,0.0,0.0,0.0,0.0,0.0,0.0,0.0,0.40189664016414467
2022,nwsl::Football_Player::49cfbd00847f4bf28fb8b13409387838,D. Jenkins,d jenkins,Orlando Pride,Forward,1260.0,17,14.0,17.0,3.0,9.0,2,1,0.0,26,13,74.11764705882354,90.0,0.8235294117647058,0.17647058823529413,0.7732195378151262,0.21428571428571427,0.0,1.8571428571428572,0.9285714285714286,0.0,0.0,0.0,0.0,0.0,0.0,0.0,0.0,0.46165966386554624
2022,nwsl::Football_Player::4cb80ed654ff46e8916779187fb88553,J. Doyle,j doyle,Orlando Pride,Midfielder,690.0,15,9.0,15.0,6.0,9.0,2,0,0.0,4,3,46.0,76.66666666666667,0.6,0.4,0.5548864734299518,0.2608695652173913,0.0,0.5217391304347826,0.3913043478260869,0.0,0.0,0.0,0.0,0.0,0.0,0.0,0.0,0.29739130434782607
2022,nwsl::Football_Player::521bad7c3a2f49a185c968f9206da5b8,H. McCutcheon,h mccutcheon,Orlando Pride,Defender,2930.0,42,30.0,42.0,12.0,4.0,0,2,0.0,22,8,69.76190476190476,97.66666666666667,0.7142857142857143,0.2857142857142857,0.7219869936977446,0.06143344709897611,0.0,0.6757679180887372,0.24573378839590443,0.0,0.0,0.0,0.0,0.0,0.0,0.0,0.0,0.3785023565740289
2022,nwsl::Football_Player::55de55bb79c04dcc926f00a261949cfd,A. Kim,a kim,Orlando Pride,Forward,211.0,11,3.0,11.0,8.0,3.0,0,1,0.0,0,0,19.181818181818183,70.33333333333333,0.2727272727272727,0.7272727272727273,0.2862258485327206,0.42654028436018954,0.0,0.0,0.0,0.0,0.0,0.0,0.0,0.0,0.0,0.0,0.0,0.18477165015079708
2022,nwsl::Football_Player::5fc1b3b61f604e8fb3ca8fe5a154cde9,K. Nadaner,k nadaner,Orlando Pride,Defender,1296.0,18,14.0,18.0,4.0,4.0,1,0,0.0,4,2,72.0,92.57142857142857,0.7777777777777778,0.2222222222222222,0.7422118055555557,0.06944444444444445,0.0,0.2777777777777778,0.1388888888888889,0.0,0.0,0.0,0.0,0.0,0.0,0.0,0.0,0.3814120370370371
2022,nwsl::Football_Player::6f1a3b3b9e0447f0aaffa25a360d29ee,C. Pickett,c pickett,Orlando Pride,Defender,1731.0,20,19.0,20.0,1.0,4.0,1,6,0.0,17,7,86.55,91.10526315789474,0.95,0.05,0.8975172082611208,0.36395147313691506,0.0,0.8838821490467937,0.36395147313691506,0.0,0.0,0.0,0.0,0.0,0.0,0.0,0.0,0.5306702772963605
2022,nwsl::Football_Player::808933e0efb240da834c2ee39cb5ede4,V. Villacorta,v villacorta,Orlando Pride,Midfielder,1044.0,15,13.0,15.0,2.0,5.0,0,0,0.0,0,0,69.6,80.3076923076923,0.8666666666666667,0.13333333333333333,0.7480333333333333,0.0,0.0,0.0,0.0,0.0,0.0,0.0,0.0,0.0,0.0,0.0,0.0,0.348
2022,nwsl::Football_Player::8094c154313e47feae1e6aba09c98400,S. Charley,s charley,Orlando Pride,Forward,1074.0,20,10.0,20.0,10.0,6.0,2,0,0.0,21,11,53.7,107.4,0.5,0.5,0.5762782588454376,0.16759776536312848,0.0,1.759776536312849,0.9217877094972067,0.0,0.0,0.0,0.0,0.0,0.0,0.0,0.0,0.34741061452513966
2022,nwsl::Football_Player::a79161648fb0412187766de7176ab440,K. Abello,k abello,Orlando Pride,Defender,1041.0,21,12.0,21.0,9.0,11.0,0,0,0.0,14,5,49.57142857142857,86.75,0.5714285714285714,0.42857142857142855,0.5865587461689766,0.0,0.0,1.2103746397694524,0.43227665706051877,0.0,0.0,0.0,0.0,0.0,0.0,0.0,0.0,0.2781165088513792
2022,nwsl::Football_Player::b5693dcd2cea4a95869dd75c50ec0337,H. Bugeja,h bugeja,Orlando Pride,Forward,71.0,3,0.0,3.0,3.0,0.0,0,0,0.0,0,0,23.666666666666668,0.0,0.0,1.0,0.10599074074074073,0.0,0.0,0.0,0.0,0.0,0.0,0.0,0.0,0.0,0.0,0.0,0.0,0.11833333333333333
2022,nwsl::Football_Player::b6fa7d6f42794339b3b4395d7459816f,A. James-Turner,a james turner,Orlando Pride,Defender,45.0,1,0.0,1.0,1.0,0.0,1,0,0.0,1,1,45.0,0.0,0.0,1.0,0.21125,2.0,0.0,2.0,2.0,0.0,0.0,0.0,0.0,0.0,0.0,0.0,0.0,0.525
2022,nwsl::Football_Player::e5a3db641a464aeb80ec6400acc540ef,Celia Jiménez,celia jimenez,Orlando Pride,Defender,1287.0,18,17.0,18.0,1.0,10.0,2,0,0.0,5,3,71.5,75.70588235294117,0.9444444444444444,0.05555555555555555,0.8179179292929293,0.13986013986013984,0.0,0.34965034965034963,0.2097902097902098,0.0,0.0,0.0,0.0,0.0,0.0,0.0,0.0,0.3953787878787879
2022,nwsl::Football_Player::e7d608ea026a4809b719fea7605cef8b,C. Washington,c washington,Orlando Pride,Forward,36.0,1,0.0,1.0,1.0,0.0,0,0,0.0,1,1,36.0,0.0,0.0,1.0,0.14387500000000003,0.0,0.0,2.5,2.5,0.0,0.0,0.0,0.0,0.0,0.0,0.0,0.0,0.24250000000000002
2022,nwsl::Football_Player::efc089fa637d4b5eab9d21203782242e,L. Pruitt,l pruitt,Orlando Pride,Forward,749.0,13,9.0,13.0,4.0,7.0,1,1,0.0,10,2,57.61538461538461,83.22222222222223,0.6923076923076923,0.3076923076923077,0.6243087564045509,0.24032042723631508,0.0,1.2016021361815754,0.24032042723631508,0.0,0.0,0.0,0.0,0.0,0.0,0.0,0.0,0.3681837321556948
2022,nwsl::Football_Player::f3a1675054684f099f9675ac9cf04f19,M. Gautrat,m gautrat,Orlando Pride,Midfielder,319.0,6,3.0,6.0,3.0,3.0,0,0,0.0,3,0,53.166666666666664,106.33333333333333,0.5,0.5,0.46073416637640774,0.0,0.0,0.8463949843260189,0.0,0.0,0.0,0.0,0.0,0.0,0.0,0.0,0.0,0.28699320794148386
2022,nwsl::Football_Player::f6e70e78eafa4a1cad53d8dfad0bb0e6,Thais Reiss,thais reiss,Orlando Pride,Forward,152.0,5,2.0,5.0,3.0,2.0,0,0,0.0,2,2,30.4,76.0,0.4,0.6,0.32918523391812865,0.0,0.0,1.1842105263157894,1.1842105263157894,0.0,0.0,0.0,0.0,0.0,0.0,0.0,0.0,0.18160526315789474
2022,nwsl::Football_Player::188bf66872fd4aeb841ac7b90a7da5bf,T. Heath,t heath,Portland Thorns,Forward,104.0,5,0.0,5.0,5.0,0.0,1,0,0.0,3,2,20.8,0.0,0.0,1.0,0.14765662393162393,0.8653846153846154,0.0,2.5961538461538463,1.7307692307692308,0.0,0.0,0.0,0.0,0.0,0.0,0.0,0.0,0.3491923076923077
2022,nwsl::Football_Player::1d6b68a589b7447ba01db14007a7043b,M. Sheva,m sheva,Portland Thorns,Midfielder,302.0,8,3.0,8.0,5.0,1.0,0,0,0.0,1,0,37.75,100.66666666666667,0.375,0.625,0.36304116077998533,0.0,0.0,0.29801324503311255,0.0,0.0,0.0,0.0,0.0,0.0,0.0,0.0,0.0,0.19620033112582783
2022,nwsl::Football_Player::1e524e201dce43908965d637c8a6140f,B. Eckerstrom,b eckerstrom,Portland Thorns,Goalkeeper,0.0,0,0.0,0.0,0.0,0.0,0,0,0.0,0,0,0.0,0.0,0.0,0.0,0.0,0.0,0.0,0.0,0.0,0.0,0.0,0.0,0.0,0.0,0.0,0.0,0.0,0.0
2022,nwsl::Football_Player::2257efccf0f246d7a3943fdf31185577,M. Weaver,m weaver,Portland Thorns,Midfielder,1397.0,22,15.0,22.0,7.0,10.0,7,3,0.0,51,26,63.5,93.13333333333334,0.6818181818181818,0.3181818181818182,0.713285542432196,0.6442376521116678,0.0,3.285612025769506,1.6750178954903365,0.0,0.0,0.0,0.0,0.0,0.0,0.0,0.0,0.5338564781675018
2022,nwsl::Football_Player::40a07c6e4fd74acd864ee7f812351843,S. Wilson,s wilson,Portland Thorns,Forward,1631.0,20,18.0,20.0,2.0,7.0,15,3,0.0,84,54,81.55,90.61111111111111,0.9,0.1,0.8887295175080047,0.9932556713672592,0.0,4.63519313304721,2.979767014101778,0.0,0.0,0.0,0.0,0.0,0.0,0.0,0.0,0.714678264868179
2022,nwsl::Football_Player::5a6f7e6db998474394142dcde118b954,C. Sinclair,c sinclair,Portland Thorns,Forward,1064.0,16,13.0,16.0,3.0,9.0,5,0,0.0,21,14,66.5,81.84615384615384,0.8125,0.1875,0.7401000417710945,0.42293233082706766,0.0,1.776315789473684,1.1842105263157894,0.0,0.0,0.0,0.0,0.0,0.0,0.0,0.0,0.4650187969924812
2022,nwsl::Football_Player::63930b6af7c94ec3bd5980802a154971,H. Sugita,h sugita,Portland Thorns,Midfielder,1855.0,23,20.0,23.0,3.0,4.0,5,4,0.0,20,13,80.65217391304348,92.75,0.8695652173913043,0.13043478260869565,0.8431116612628098,0.4366576819407008,0.0,0.9703504043126685,0.6307277628032345,0.0,0.0,0.0,0.0,0.0,0.0,0.0,0.0,0.5184899800773468
2022,nwsl::Football_Player::75b2aac187ab4582adffc92012a56c2f,T. McGrady,t mcgrady,Portland Thorns,Defender,1680.0,32,20.0,32.0,12.0,12.0,0,0,0.0,6,2,52.5,84.0,0.625,0.375,0.6176636904761905,0.0,0.0,0.3214285714285714,0.10714285714285714,0.0,0.0,0.0,0.0,0.0,0.0,0.0,0.0,0.2705357142857143
2022,nwsl::Football_Player::77813063ee734e79bf875d773ad08fca,T. Porter,t porter,Portland Thorns,Midfielder,475.0,11,5.0,11.0,6.0,2.0,3,0,0.0,6,4,43.18181818181818,95.0,0.45454545454545453,0.5454545454545454,0.46140762892078685,0.5684210526315789,0.0,1.1368421052631579,0.7578947368421053,0.0,0.0,0.0,0.0,0.0,0.0,0.0,0.0,0.3627511961722488
2022,nwsl::Football_Player::8287dc28b989436084eaab69021236b8,M. Everett,m everett,Portland Thorns,Forward,345.0,10,4.0,10.0,6.0,4.0,1,0,0.0,7,4,34.5,86.25,0.4,0.6,0.3917083333333334,0.2608695652173913,0.0,1.826086956521739,1.0434782608695652,0.0,0.0,0.0,0.0,0.0,0.0,0.0,0.0,0.2725
2022,nwsl::Football_Player::8362f93fd2084af485ffb37a95c03456,K. Byrne,k byrne,Portland Thorns,Midfielder,0.0,0,0.0,0.0,0.0,0.0,0,0,0.0,0,0,0.0,0.0,0.0,0.0,0.0,0.0,0.0,0.0,0.0,0.0,0.0,0.0,0.0,0.0,0.0,0.0,0.0,0.0
2022,nwsl::Football_Player::846a35edb5f1464c9dcbc780ee1aade9,M. Nally,m nally,Portland Thorns,Defender,1017.0,12,11.0,12.0,1.0,2.0,0,0,0.0,5,2,84.75,92.45454545454545,0.9166666666666666,0.08333333333333333,0.8031384587020649,0.0,0.0,0.44247787610619466,0.17699115044247787,0.0,0.0,0.0,0.0,0.0,0.0,0.0,0.0,0.4348119469026549
2022,nwsl::Football_Player::84b30914edbb45ddb082f69074fb818a,B. Bixby,b bixby,Portland Thorns,Goalkeeper,1980.0,22,22.0,22.0,0.0,0.0,0,0,0.0,0,0,90.0,90.0,1.0,0.0,0.9175,0.0,0.0,0.0,0.0,0.0,0.0,0.0,0.0,0.0,0.0,0.0,0.0,0.45
2022,nwsl::Football_Player::862f82d43a1943c0b7eba7d7983a2c73,B. Sauerbrunn,b sauerbrunn,Portland Thorns,Defender,1504.0,19,18.0,19.0,1.0,5.0,1,1,0.0,2,2,79.15789473684211,83.55555555555556,0.9473684210526315,0.05263157894736842,0.8522560812492223,0.11968085106382978,0.0,0.11968085106382978,0.11968085106382978,0.0,0.0,0.0,0.0,0.0,0.0,0.0,0.0,0.42371500559910413
2022,nwsl::Football_Player::8db3e5d0e2ae49d393de38c15744f7b2,S. Coffey,s coffey,Portland Thorns,Midfielder,1754.0,21,20.0,21.0,1.0,5.0,1,2,0.0,15,8,83.52380952380952,87.7,0.9523809523809523,0.047619047619047616,0.8809215609973877,0.1539338654503991,0.0,0.7696693272519955,0.41049030786773094,0.0,0.0,0.0,0.0,0.0,0.0,0.0,0.0,0.468930336102514
2022,nwsl::Football_Player::96023ccc28b8407aaba446d305f51110,G. Provenzano,g provenzano,Portland Thorns,Midfielder,121.0,4,1.0,4.0,3.0,0.0,0,0,0.0,0,0,30.25,121.0,0.25,0.75,0.2492152777777778,0.0,0.0,0.0,0.0,0.0,0.0,0.0,0.0,0.0,0.0,0.0,0.0,0.15125000000000002
2022,nwsl::Football_Player::96cc9fe3c23b49cf9fa5125c50781437,M. Klingenberg,m klingenberg,Portland Thorns,Defender,1303.0,17,16.0,17.0,1.0,8.0,0,2,0.0,5,4,76.6470588235294,81.4375,0.9411764705882353,0.058823529411764705,0.8270352517318004,0.13814274750575595,0.0,0.34535686876438987,0.2762854950115119,0.0,0.0,0.0,0.0,0.0,0.0,0.0,0.0,0.420648954900456
2022,nwsl::Football_Player::9e8675e156584399ae5db62a90c9dd8b,N. Beckman,n beckman,Portland Thorns,Midfielder,161.0,5,1.0,5.0,4.0,0.0,0,0,0.0,1,0,32.2,161.0,0.2,0.8,0.24319071773636994,0.0,0.0,0.5590062111801242,0.0,0.0,0.0,0.0,0.0,0.0,0.0,0.0,0.0,0.1749751552795031
2022,nwsl::Football_Player::aa256aeb38a8454589438798a521ae12,S. Hiatt,s hiatt,Portland Thorns,Defender,1800.0,20,20.0,20.0,0.0,0.0,0,0,0.0,1,0,90.0,90.0,1.0,0.0,0.9176875,0.0,0.0,0.05,0.0,0.0,0.0,0.0,0.0,0.0,0.0,0.0,0.0,0.45125
2022,nwsl::Football_Player::ad4fa47899504437b18370b4f9023162,J. Talley,j talley,Portland Thorns,Forward,5.0,1,0.0,1.0,1.0,0.0,0,0,0.0,0,0,5.0,0.0,0.0,1.0,0.025138888888888888,0.0,0.0,0.0,0.0,0.0,0.0,0.0,0.0,0.0,0.0,0.0,0.0,0.024999999999999998
2022,nwsl::Football_Player::ca703e646b954f44826d8c51078d5fc1,L. Harris,l harris,Portland Thorns,Goalkeeper,90.0,1,1.0,1.0,0.0,0.0,0,0,0.0,0,0,90.0,90.0,1.0,0.0,0.7749999999999999,0.0,0.0,0.0,0.0,0.0,0.0,0.0,0.0,0.0,0.0,0.0,0.0,0.45
2022,nwsl::Football_Player::dd93b82c7596495ab2b31512392e1da3,S. French,s french,Portland Thorns,Defender,1.0,1,0.0,1.0,1.0,0.0,0,0,0.0,0,0,1.0,0.0,0.0,1.0,0.011027777777777779,0.0,0.0,0.0,0.0,0.0,0.0,0.0,0.0,0.0,0.0,0.0,0.0,0.005
2022,nwsl::Football_Player::e36d5228fd7541d394bb2df04fded14f,O. Moultrie,o moultrie,Portland Thorns,Midfielder,708.0,15,8.0,15.0,7.0,5.0,3,4,0.0,17,7,47.2,88.5,0.5333333333333333,0.4666666666666667,0.5549221280602636,0.8898305084745763,0.0,2.1610169491525424,0.8898305084745763,0.0,0.0,0.0,0.0,0.0,0.0,0.0,0.0,0.475406779661017
2022,nwsl::Football_Player::e41827bc3890453f9e388e03bf59892a,J. Taylor,j taylor,Portland Thorns,Forward,560.0,14,6.0,14.0,8.0,6.0,1,0,0.0,9,5,40.0,93.33333333333333,0.42857142857142855,0.5714285714285714,0.4494146825396825,0.1607142857142857,0.0,1.4464285714285714,0.8035714285714286,0.0,0.0,0.0,0.0,0.0,0.0,0.0,0.0,0.26964285714285713
2022,nwsl::Football_Player::07ac3b4737124589a9c92f64020c3507,P. Goins,p goins,Racing Louisville,Forward,84.0,7,0.0,7.0,7.0,0.0,0,0,0.0,0,0,12.0,0.0,0.0,1.0,0.09483333333333333,0.0,0.0,0.0,0.0,0.0,0.0,0.0,0.0,0.0,0.0,0.0,0.0,0.06
2022,nwsl::Football_Player::133304d476e84b6cbc5409243d94af4a,T. Flint,t flint,Racing Louisville,Midfielder,1558.0,20,19.0,20.0,1.0,12.0,4,3,0.0,39,19,77.9,82.0,0.95,0.05,0.8733986128940238,0.4043645699614891,0.0,2.252888318356868,1.0975609756097562,0.0,0.0,0.0,0.0,0.0,0.0,0.0,0.0,0.5300648267008986
2022,nwsl::Football_Player::179c4f3ba6b844a6b1a7baabb09972bb,T. Aylmer,t aylmer,Racing Louisville,Midfielder,737.0,15,8.0,15.0,7.0,5.0,0,0,0.0,8,1,49.13333333333333,92.125,0.5333333333333333,0.4666666666666667,0.5294949821599075,0.0,0.0,0.9769335142469472,0.1221166892808684,0.0,0.0,0.0,0.0,0.0,0.0,0.0,0.0,0.2700900045228404
2022,nwsl::Football_Player::23ce38b9dd0049b59a8ac2321fb8710f,M. DiGrande,m digrande,Racing Louisville,Midfielder,1676.0,21,19.0,21.0,2.0,10.0,2,2,0.0,12,5,79.80952380952381,88.21052631578948,0.9047619047619048,0.09523809523809523,0.8478219999747446,0.21479713603818615,0.0,0.6443914081145584,0.26849642004773266,0.0,0.0,0.0,0.0,0.0,0.0,0.0,0.0,0.45990680759177177
2022,nwsl::Football_Player::246a5773039447a9aa48ead166b1f174,S. DeMelo,s demelo,Racing Louisville,Midfielder,1957.0,22,22.0,22.0,0.0,5.0,4,2,0.0,23,11,88.95454545454545,88.95454545454545,1.0,0.0,0.9264012912724588,0.27593254982115484,0.0,1.0577414409810935,0.5058763413387839,0.0,0.0,0.0,0.0,0.0,0.0,0.0,0.0,0.5287022111766618
2022,nwsl::Football_Player::2b1dd3812dc04c7c8f3cdd0b7bae1d4f,L. Milliet,l milliet,Racing Louisville,Midfielder,1947.0,22,22.0,22.0,0.0,3.0,1,1,0.0,9,2,88.5,88.5,1.0,0.0,0.9166574858757062,0.09244992295839753,0.0,0.41602465331278893,0.09244992295839753,0.0,0.0,0.0,0.0,0.0,0.0,0.0,0.0,0.4721610169491526
2022,nwsl::Football_Player::319f1a2e10454f3c96302ee56ece8ca5,Wang Shuang,wang shuang,Racing Louisville,Midfielder,291.0,4,3.0,4.0,1.0,3.0,0,1,0.0,6,2,72.75,97.0,0.75,0.25,0.6407695446735395,0.30927835051546393,0.0,1.8556701030927836,0.6185567010309279,0.0,0.0,0.0,0.0,0.0,0.0,0.0,0.0,0.47457474226804125
2022,nwsl::Football_Player::37b2954c23e341edba7532f9a1dbfcd6,Z. Wyne,z wyne,Racing Louisville,Midfielder,297.0,8,3.0,8.0,5.0,2.0,0,0,0.0,1,0,37.125,99.0,0.375,0.625,0.3608551136363636,0.0,0.0,0.30303030303030304,0.0,0.0,0.0,0.0,0.0,0.0,0.0,0.0,0.0,0.19320075757575755
2022,nwsl::Football_Player::3b2230ee0bdb43efa9c4c47c7cf40269,A. Whitfield,a whitfield,Racing Louisville,Midfielder,0.0,0,0.0,0.0,0.0,0.0,0,0,0.0,0,0,0.0,0.0,0.0,0.0,0.0,0.0,0.0,0.0,0.0,0.0,0.0,0.0,0.0,0.0,0.0,0.0,0.0,0.0
2022,nwsl::Football_Player::3b960ea4fb40463695905d6c8a07383e,J. Bloomer,j bloomer,Racing Louisville,Goalkeeper,0.0,0,0.0,0.0,0.0,0.0,0,0,0.0,0,0,0.0,0.0,0.0,0.0,0.0,0.0,0.0,0.0,0.0,0.0,0.0,0.0,0.0,0.0,0.0,0.0,0.0,0.0
2022,nwsl::Football_Player::41bc212c8b704218a9bdd418e016cfe3,J. Sonis,j sonis,Racing Louisville,Forward,896.0,19,9.0,19.0,10.0,5.0,0,2,0.0,17,7,47.1578947368421,99.55555555555556,0.47368421052631576,0.5263157894736842,0.5347018294434002,0.20089285714285715,0.0,1.7075892857142856,0.703125,0.0,0.0,0.0,0.0,0.0,0.0,0.0,0.0,0.3203318843984963
2022,nwsl::Football_Player::515f2e2e205f4945af93df1b4f7d3a0c,K. Daugherty,k daugherty,Racing Louisville,Goalkeeper,0.0,0,0.0,0.0,0.0,0.0,0,0,0.0,0,0,0.0,0.0,0.0,0.0,0.0,0.0,0.0,0.0,0.0,0.0,0.0,0.0,0.0,0.0,0.0,0.0,0.0,0.0
2022,nwsl::Football_Player::57112ee5aa504eba997663b3d7562ffc,E. Simon,e simon,Racing Louisville,Defender,157.0,2,2.0,2.0,0.0,1.0,0,0,0.0,0,0,78.5,78.5,1.0,0.0,0.7419305555555556,0.0,0.0,0.0,0.0,0.0,0.0,0.0,0.0,0.0,0.0,0.0,0.0,0.3925
2022,nwsl::Football_Player::57cabe53d1ed4d218308d32c6a2c73b6,G. Bonner,g bonner,Racing Louisville,Defender,1800.0,20,20.0,20.0,0.0,0.0,1,0,0.0,9,2,90.0,90.0,1.0,0.0,0.92075,0.05,0.0,0.45,0.1,0.0,0.0,0.0,0.0,0.0,0.0,0.0,0.0,0.4716666666666667
2022,nwsl::Football_Player::5c1e1c261d6a4a349b24573eaed3bf49,C. Petersen,c petersen,Racing Louisville,Defender,1011.0,19,9.0,19.0,10.0,2.0,0,2,0.0,4,1,53.21052631578947,112.33333333333333,0.47368421052631576,0.5263157894736842,0.5502719168098287,0.17804154302670624,0.0,0.3560830860534125,0.08902077151335312,0.0,0.0,0.0,0.0,0.0,0.0,0.0,0.0,0.31204669686084646
2022,nwsl::Football_Player::65a0789d7a5348ab8d6aa8360c101530,H. Adler,h adler,Racing Louisville,Midfielder,0.0,0,0.0,0.0,0.0,0.0,0,0,0.0,0,0,0.0,0.0,0.0,0.0,0.0,0.0,0.0,0.0,0.0,0.0,0.0,0.0,0.0,0.0,0.0,0.0,0.0,0.0
2022,nwsl::Football_Player::7cf959e060cf44b9afda98c1b3c893d9,K. Lund,k lund,Racing Louisville,Goalkeeper,1980.0,22,22.0,22.0,0.0,0.0,0,0,0.0,0,0,90.0,90.0,1.0,0.0,0.9175,0.0,0.0,0.0,0.0,0.0,0.0,0.0,0.0,0.0,0.0,0.0,0.0,0.45
2022,nwsl::Football_Player::89fc194b815b47cfaa9e9fd9f5e0a583,A. Chidiac,a chidiac,Racing Louisville,Midfielder,959.0,18,14.0,18.0,4.0,12.0,2,0,0.0,10,6,53.27777777777778,68.5,0.7777777777777778,0.2222222222222222,0.6823369363019607,0.18769551616266947,0.0,0.9384775808133473,0.5630865484880083,0.0,0.0,0.0,0.0,0.0,0.0,0.0,0.0,0.3289540609431121
2022,nwsl::Football_Player::98099ed9a2914e1baaef075e557ea281,S. Murray,s murray,Racing Louisville,Defender,750.0,9,9.0,9.0,0.0,1.0,0,0,0.0,1,0,83.33333333333333,83.33333333333333,1.0,0.0,0.8119314814814815,0.0,0.0,0.12,0.0,0.0,0.0,0.0,0.0,0.0,0.0,0.0,0.0,0.4196666666666667
2022,nwsl::Football_Player::b7061dc8d2be430092a6ddcad6cfa15b,R. Holloway,r holloway,Racing Louisville,Defender,206.0,6,2.0,6.0,4.0,2.0,0,0,0.0,2,0,34.333333333333336,103.0,0.3333333333333333,0.6666666666666666,0.3193970693994966,0.0,0.0,0.8737864077669903,0.0,0.0,0.0,0.0,0.0,0.0,0.0,0.0,0.0,0.19351132686084144
2022,nwsl::Football_Player::bffaff3221e0434c85b91e1b35055d0c,K. Wright,k wright,Racing Louisville,Forward,886.0,18,10.0,18.0,8.0,10.0,2,1,0.0,22,9,49.22222222222222,88.6,0.5555555555555556,0.4444444444444444,0.5765485605997269,0.3047404063205417,0.0,2.234762979683973,0.9142212189616252,0.0,0.0,0.0,0.0,0.0,0.0,0.0,0.0,0.36546777025332333
2022,nwsl::Football_Player::c8f586c97f85472ca4b5d4fd0a9687ed,F. Olofsson,f olofsson,Racing Louisville,Midfielder,833.0,15,9.0,15.0,6.0,6.0,0,0,0.0,5,0,55.53333333333333,92.55555555555556,0.6,0.4,0.5804350695833889,0.0,0.0,0.5402160864345738,0.0,0.0,0.0,0.0,0.0,0.0,0.0,0.0,0.0,0.291172068827531
2022,nwsl::Football_Player::c8f867ab54e845239e4bf43547443cdc,J. Baggett,j baggett,Racing Louisville,Midfielder,480.0,9,6.0,9.0,3.0,6.0,1,1,0.0,7,4,53.333333333333336,80.0,0.6666666666666666,0.3333333333333333,0.5722887731481482,0.375,0.0,1.3125,0.75,0.0,0.0,0.0,0.0,0.0,0.0,0.0,0.0,0.3776041666666667
2022,nwsl::Football_Player::ca7d4b1ca032426197a0113cbc931fc5,A. Erceg,a erceg,Racing Louisville,Defender,1710.0,19,19.0,19.0,0.0,0.0,1,0,0.0,7,3,90.0,90.0,1.0,0.0,0.9130263157894736,0.05263157894736842,0.0,0.3684210526315789,0.15789473684210525,0.0,0.0,0.0,0.0,0.0,0.0,0.0,0.0,0.4701754385964912
2022,nwsl::Football_Player::d7d6def59d5141238df1ae638b2c8e56,I. Beletic,i beletic,Racing Louisville,Defender,0.0,0,0.0,0.0,0.0,0.0,0,0,0.0,0,0,0.0,0.0,0.0,0.0,0.0,0.0,0.0,0.0,0.0,0.0,0.0,0.0,0.0,0.0,0.0,0.0,0.0,0.0
2022,nwsl::Football_Player::df60b4341c11492ab396c85a121dd302,A. Wright,a wright,Racing Louisville,Defender,723.0,11,8.0,11.0,3.0,3.0,0,0,0.0,9,3,65.72727272727273,90.375,0.7272727272727273,0.2727272727272727,0.6458451842072175,0.0,0.0,1.120331950207469,0.37344398340248963,0.0,0.0,0.0,0.0,0.0,0.0,0.0,0.0,0.3566446623915504
2022,nwsl::Football_Player::e0a407a396b94362806b642667a930cc,E. Ekić,e ekic,Racing Louisville,Forward,672.0,19,5.0,19.0,14.0,5.0,2,0,0.0,21,12,35.36842105263158,134.4,0.2631578947368421,0.7368421052631579,0.404610393170426,0.26785714285714285,0.0,2.8125,1.6071428571428572,0.0,0.0,0.0,0.0,0.0,0.0,0.0,0.0,0.3029581766917293
2022,nwsl::Football_Player::f944dbf34fc14b0895cdfa68155404bb,E. Jean,e jean,Racing Louisville,Defender,655.0,17,5.0,17.0,12.0,2.0,0,1,0.0,0,0,38.529411764705884,131.0,0.29411764705882354,0.7058823529411765,0.40007003692062065,0.13740458015267176,0.0,0.0,0.0,0.0,0.0,0.0,0.0,0.0,0.0,0.0,0.0,0.22127301302200267
2022,nwsl::Football_Player::ff955af6b05f444fb573c8d6c4150216,S. Gordon,s gordon,Racing Louisville,Forward,83.0,4,0.0,4.0,4.0,0.0,0,0,0.0,2,1,20.75,0.0,0.0,1.0,0.11133391900937081,0.0,0.0,2.1686746987951806,1.0843373493975903,0.0,0.0,0.0,0.0,0.0,0.0,0.0,0.0,0.15796686746987953
2022,nwsl::Football_Player::ffba3a1b23c24750805ee8ef67bccd4c,B. Balcer,b balcer,Racing Louisville,Forward,1430.0,20,17.0,20.0,3.0,13.0,7,1,0.0,39,19,71.5,84.11764705882354,0.85,0.15,0.8096749222999223,0.5034965034965034,0.0,2.4545454545454546,1.1958041958041958,0.0,0.0,0.0,0.0,0.0,0.0,0.0,0.0,0.5237587412587412
2022,nwsl::Football_Player::0b7dc204715446a4840b8b7ab0656d94,V. Latsko,v latsko,Reign,Forward,734.0,20,9.0,20.0,11.0,7.0,1,0,0.0,13,4,36.7,81.55555555555556,0.45,0.55,0.49177870874962154,0.1226158038147139,0.0,1.5940054495912808,0.4904632152588556,0.0,0.0,0.0,0.0,0.0,0.0,0.0,0.0,0.24889509536784743
2022,nwsl::Football_Player::0f93689de469461794839aa64ece8f04,O. Van der Jagt,o van der jagt,Reign,Midfielder,1352.0,22,13.0,22.0,9.0,3.0,0,0,0.0,7,3,61.45454545454545,104.0,0.5909090909090909,0.4090909090909091,0.6344544819496742,0.0,0.0,0.46597633136094674,0.1997041420118343,0.0,0.0,0.0,0.0,0.0,0.0,0.0,0.0,0.3189221355567509
2022,nwsl::Football_Player::150201d532494a90821b9c20b7cee76c,S. Miramontez,s miramontez,Reign,Defender,271.0,4,3.0,4.0,1.0,1.0,0,0,0.0,0,0,67.75,90.33333333333333,0.75,0.25,0.6065069444444445,0.0,0.0,0.0,0.0,0.0,0.0,0.0,0.0,0.0,0.0,0.0,0.0,0.33875
2022,nwsl::Football_Player::1ba6539b8bae4c74add5dcd2b9be47aa,M. Rapinoe,m rapinoe,Reign,Forward,1021.0,15,10.0,15.0,5.0,9.0,7,4,0.0,35,15,68.06666666666666,102.1,0.6666666666666666,0.3333333333333333,0.6944947890593826,0.9696376101860921,0.0,3.085210577864838,1.3222331047992164,0.0,0.0,0.0,0.0,0.0,0.0,0.0,0.0,0.6194714332353901
2022,nwsl::Football_Player::2db377b4881246c0acb0d3bc1b8c4696,Quinn,quinn,Reign,Midfielder,1279.0,18,15.0,18.0,3.0,8.0,0,1,0.0,4,0,71.05555555555556,85.26666666666667,0.8333333333333334,0.16666666666666666,0.7639227055763086,0.07036747458952307,0.0,0.2814698983580923,0.0,0.0,0.0,0.0,0.0,0.0,0.0,0.0,0.0,0.3769744157762141
2022,nwsl::Football_Player::3bc373314f634a4aad24e6ecb5847dde,R. Brown,r brown,Reign,Defender,2.0,1,0.0,1.0,1.0,0.0,0,0,0.0,0,0,2.0,0.0,0.0,1.0,0.014555555555555556,0.0,0.0,0.0,0.0,0.0,0.0,0.0,0.0,0.0,0.0,0.0,0.0,0.01
2022,nwsl::Football_Player::3d7fa6dd511f4628bc8d8784ab7574fd,C. Miller,c miller,Reign,Goalkeeper,180.0,2,2.0,2.0,0.0,0.0,0,0,0.0,0,0,90.0,90.0,1.0,0.0,0.7825,0.0,0.0,0.0,0.0,0.0,0.0,0.0,0.0,0.0,0.0,0.0,0.0,0.45
2022,nwsl::Football_Player::460c7379ede448e598b41c9df32704f1,T. King,t king,Reign,Forward,511.0,16,7.0,16.0,9.0,7.0,2,1,0.0,18,10,31.9375,73.0,0.4375,0.5625,0.45794359847249405,0.5283757338551859,0.0,3.1702544031311155,1.761252446183953,0.0,0.0,0.0,0.0,0.0,0.0,0.0,0.0,0.349022137964775
2022,nwsl::Football_Player::47a580b9d9a64b508d4edde164580fb4,P. McClernon,p mcclernon,Reign,Defender,595.0,11,6.0,11.0,5.0,0.0,0,0,0.0,1,0,54.09090909090909,99.16666666666667,0.5454545454545454,0.45454545454545453,0.5193424794160089,0.0,0.0,0.1512605042016807,0.0,0.0,0.0,0.0,0.0,0.0,0.0,0.0,0.0,0.27423605805958745
2022,nwsl::Football_Player::47d26da5e82941548aeda0a9b8b498e2,K. Livingstone,k livingstone,Reign,Defender,0.0,0,0.0,0.0,0.0,0.0,0,0,0.0,0,0,0.0,0.0,0.0,0.0,0.0,0.0,0.0,0.0,0.0,0.0,0.0,0.0,0.0,0.0,0.0,0.0,0.0,0.0
2022,nwsl::Football_Player::4bd84fd5cceb4538a556a4b9eb250841,S. Huerta,s huerta,Reign,Defender,1740.0,20,19.0,20.0,1.0,0.0,1,4,0.0,14,7,87.0,91.57894736842105,0.95,0.05,0.8952140804597701,0.25862068965517243,0.0,0.7241379310344828,0.3620689655172414,0.0,0.0,0.0,0.0,0.0,0.0,0.0,0.0,0.5069827586206896
2022,nwsl::Football_Player::5ae4cbaf5a2f45eaa9c280ff2b6cec7f,L. Barnes,l barnes,Reign,Defender,1683.0,20,20.0,20.0,0.0,6.0,0,0,0.0,3,1,84.15,84.15,1.0,0.0,0.897464104278075,0.0,0.0,0.16042780748663102,0.053475935828877004,0.0,0.0,0.0,0.0,0.0,0.0,0.0,0.0,0.4247606951871658
2022,nwsl::Football_Player::5d76f50c58f34b00a7bd574b12c70c94,J. Fishlock,j fishlock,Reign,Midfielder,1645.0,20,19.0,20.0,1.0,8.0,4,2,0.0,37,21,82.25,86.57894736842105,0.95,0.05,0.8855092662951705,0.3282674772036474,0.0,2.024316109422492,1.1489361702127658,0.0,0.0,0.0,0.0,0.0,0.0,0.0,0.0,0.5302469604863221
2022,nwsl::Football_Player::5dce6757f8e74511b0e957b0771121b5,O. Athens,o athens,Reign,Midfielder,126.0,8,1.0,8.0,7.0,1.0,1,0,0.0,1,1,15.75,126.0,0.125,0.875,0.1968125,0.7142857142857143,0.0,0.7142857142857143,0.7142857142857143,0.0,0.0,0.0,0.0,0.0,0.0,0.0,0.0,0.24541666666666667
2022,nwsl::Football_Player::6ab00989545c40c7a9821442b499aa8a,N. Stanton,n stanton,Reign,Midfielder,402.0,14,3.0,14.0,11.0,3.0,0,0,0.0,0,0,28.714285714285715,134.0,0.21428571428571427,0.7857142857142857,0.3027261904761904,0.0,0.0,0.0,0.0,0.0,0.0,0.0,0.0,0.0,0.0,0.0,0.0,0.14357142857142857
2022,nwsl::Football_Player::72af8c4018b84dad9a4148ff1f920398,J. Huitema,j huitema,Reign,Forward,848.0,11,10.0,11.0,1.0,8.0,2,2,0.0,22,11,77.0909090909091,84.8,0.9090909090909091,0.09090909090909091,0.7855729107108824,0.4245283018867924,0.0,2.3349056603773586,1.1674528301886793,0.0,0.0,0.0,0.0,0.0,0.0,0.0,0.0,0.5322705831903946
2022,nwsl::Football_Player::a01169117e014aaf8ec00b2541159562,E. Burris,e burris,Reign,Defender,0.0,0,0.0,0.0,0.0,0.0,0,0,0.0,0,0,0.0,0.0,0.0,0.0,0.0,0.0,0.0,0.0,0.0,0.0,0.0,0.0,0.0,0.0,0.0,0.0,0.0,0.0
2022,nwsl::Football_Player::a505f94b288c42c1b3eec0541bd5063e,J. Lester,j lester,Reign,Defender,1554.0,20,17.0,20.0,3.0,1.0,0,0,0.0,2,2,77.7,91.41176470588235,0.85,0.15,0.8070426962676963,0.0,0.0,0.11583011583011583,0.11583011583011583,0.0,0.0,0.0,0.0,0.0,0.0,0.0,0.0,0.3913957528957529
2022,nwsl::Football_Player::a823871ba9b1461596cac43bf95502ed,P. Tullis-Joyce,p tullis joyce,Reign,Goalkeeper,2070.0,23,23.0,23.0,0.0,0.0,0,0,0.0,0,0,90.0,90.0,1.0,0.0,0.9175,0.0,0.0,0.0,0.0,0.0,0.0,0.0,0.0,0.0,0.0,0.0,0.0,0.45
2022,nwsl::Football_Player::d4a20bed054048978363761bf15b6edf,M. Canales,m canales,Reign,Midfielder,80.0,4,1.0,4.0,3.0,1.0,0,0,0.0,1,0,20.0,80.0,0.25,0.75,0.21727430555555557,0.0,0.0,1.125,0.0,0.0,0.0,0.0,0.0,0.0,0.0,0.0,0.0,0.128125
2022,nwsl::Football_Player::e150ac29f14d4a2c9561e9b7e82cf7fa,J. López,j lopez,Reign,Defender,411.0,7,4.0,7.0,3.0,2.0,0,0,0.0,1,1,58.714285714285715,102.75,0.5714285714285714,0.42857142857142855,0.5175949774070212,0.0,0.0,0.21897810218978103,0.21897810218978103,0.0,0.0,0.0,0.0,0.0,0.0,0.0,0.0,0.29904588112617314
2022,nwsl::Football_Player::e58cc03e05a54a28bf3133ec9c1a3632,C. Dickey,c dickey,Reign,Goalkeeper,0.0,0,0.0,0.0,0.0,0.0,0,0,0.0,0,0,0.0,0.0,0.0,0.0,0.0,0.0,0.0,0.0,0.0,0.0,0.0,0.0,0.0,0.0,0.0,0.0,0.0,0.0
2022,nwsl::Football_Player::f2e8851f104a4860b4192750a551f65c,M. Pérez,m perez,Reign,Goalkeeper,0.0,0,0.0,0.0,0.0,0.0,0,0,0.0,0,0,0.0,0.0,0.0,0.0,0.0,0.0,0.0,0.0,0.0,0.0,0.0,0.0,0.0,0.0,0.0,0.0,0.0,0.0
2022,nwsl::Football_Player::fc2865906ac34d6abfa98c9a8dc14f52,A. James-Turner,a james turner,Reign,Midfielder,354.0,6,3.0,6.0,3.0,1.0,0,0,0.0,1,1,59.0,118.0,0.5,0.5,0.47909227871939736,0.0,0.0,0.2542372881355932,0.2542372881355932,0.0,0.0,0.0,0.0,0.0,0.0,0.0,0.0,0.3013559322033898
2022,nwsl::Football_Player::fce643adc32e401cb2c1fff845fc016f,K. Little,k little,Reign,Midfielder,495.0,6,6.0,6.0,0.0,1.0,0,1,0.0,6,4,82.5,82.5,1.0,0.0,0.795814393939394,0.18181818181818182,0.0,1.0909090909090908,0.7272727272727273,0.0,0.0,0.0,0.0,0.0,0.0,0.0,0.0,0.47765151515151516
2022,nwsl::Football_Player::169fa964031141e98831884983375011,S. McCaskill,s mccaskill,SD Wave,Midfielder,1841.0,21,21.0,21.0,0.0,6.0,7,2,0.0,34,13,87.66666666666667,87.66666666666667,1.0,0.0,0.9292508650693062,0.43997827267789247,0.0,1.6621401412275938,0.6355241716458446,0.0,0.0,0.0,0.0,0.0,0.0,0.0,0.0,0.5715489770052509
2022,nwsl::Football_Player::178a1dd50fd64d08bd42ade5e5993923,S. Jakobsson,s jakobsson,SD Wave,Forward,1183.0,19,13.0,19.0,6.0,12.0,1,4,0.0,14,4,62.26315789473684,91.0,0.6842105263157895,0.3157894736842105,0.6859265557878919,0.3803888419273035,0.0,1.0650887573964498,0.3043110735418428,0.0,0.0,0.0,0.0,0.0,0.0,0.0,0.0,0.41719068381011704
2022,nwsl::Football_Player::1cbfc2f25b074b31bf83f7f7a16c07c4,C. Telford,c telford,SD Wave,Goalkeeper,360.0,4,4.0,4.0,0.0,0.0,0,0,0.0,0,0,90.0,90.0,1.0,0.0,0.7975,0.0,0.0,0.0,0.0,0.0,0.0,0.0,0.0,0.0,0.0,0.0,0.0,0.45
2022,nwsl::Football_Player::2c448e6ce8624c9c983fe177032cd791,M. Robbe,m robbe,SD Wave,Forward,736.0,18,5.0,18.0,13.0,3.0,3,2,0.0,18,10,40.888888888888886,147.2,0.2777777777777778,0.7222222222222222,0.4316076472758991,0.6114130434782609,0.0,2.2010869565217392,1.2228260869565217,0.0,0.0,0.0,0.0,0.0,0.0,0.0,0.0,0.3868493357487923
2022,nwsl::Football_Player::3064b8e2cdd84f38b8a80e191efb4b81,C. Shorts,c shorts,SD Wave,Defender,1.0,1,0.0,1.0,1.0,0.0,0,0,0.0,0,0,1.0,0.0,0.0,1.0,0.011027777777777779,0.0,0.0,0.0,0.0,0.0,0.0,0.0,0.0,0.0,0.0,0.0,0.0,0.005
2022,nwsl::Football_Player::311613d5456b41d093cd6b85568a8a54,S. Cummings,s cummings,SD Wave,Defender,0.0,0,0.0,0.0,0.0,0.0,0,0,0.0,0,0,0.0,0.0,0.0,0.0,0.0,0.0,0.0,0.0,0.0,0.0,0.0,0.0,0.0,0.0,0.0,0.0,0.0,0.0
2022,nwsl::Football_Player::4160ad80bc8b4391b514b0f26a7a1e9e,S. Sodoma,s sodoma,SD Wave,Forward,0.0,0,0.0,0.0,0.0,0.0,0,0,0.0,0,0,0.0,0.0,0.0,0.0,0.0,0.0,0.0,0.0,0.0,0.0,0.0,0.0,0.0,0.0,0.0,0.0,0.0,0.0
2022,nwsl::Football_Player::48396241af194827b6ecf96448925a00,A. Ali,a ali,SD Wave,Forward,559.0,20,4.0,20.0,16.0,4.0,2,1,0.0,13,11,27.95,139.75,0.2,0.8,0.361544143808388,0.48300536672629696,0.0,2.0930232558139537,1.7710196779964222,0.0,0.0,0.0,0.0,0.0,0.0,0.0,0.0,0.29270169946332736
2022,nwsl::Football_Player::4ed903dd15f94662aa0999f426849d22,E. van Egmond,e van egmond,SD Wave,Midfielder,2145.0,24,24.0,24.0,0.0,1.0,1,2,0.0,22,8,89.375,89.375,1.0,0.0,0.9226902437839939,0.1258741258741259,0.0,0.9230769230769231,0.3356643356643357,0.0,0.0,0.0,0.0,0.0,0.0,0.0,0.0,0.4961756993006994
2022,nwsl::Football_Player::50c9a46e9b1046f38b892507dfffd350,A. Morgan,a morgan,SD Wave,Forward,1647.0,19,18.0,19.0,1.0,6.0,16,3,0.0,49,27,86.6842105263158,91.5,0.9473684210526315,0.05263157894736842,0.9171047598504458,1.0382513661202186,0.0,2.6775956284153004,1.4754098360655736,0.0,0.0,0.0,0.0,0.0,0.0,0.0,0.0,0.7166633112836737
2022,nwsl::Football_Player::7a3d8828fb0941f88dd72a728f9f61e4,K. Sheridan,k sheridan,SD Wave,Goalkeeper,1829.0,20,20.0,20.0,0.0,0.0,0,1,0.0,0,0,91.45,91.45,1.0,0.0,0.9190377255330782,0.04920721705850191,0.0,0.0,0.0,0.0,0.0,0.0,0.0,0.0,0.0,0.0,0.0,0.4602515035538546
2022,nwsl::Football_Player::8b7f1c9204e34fc58010e0d9778c064d,M. Sánchez,m sanchez,SD Wave,Forward,1805.0,21,21.0,21.0,0.0,10.0,2,4,0.0,20,7,85.95238095238095,85.95238095238095,1.0,0.0,0.9163095421301793,0.29916897506925205,0.0,0.9972299168975068,0.3490304709141274,0.0,0.0,0.0,0.0,0.0,0.0,0.0,0.0,0.5170195224904366
2022,nwsl::Football_Player::8d8c7710934e4343afee2535ade55bd9,E. Bennett,e bennett,SD Wave,Forward,932.0,24,6.0,24.0,18.0,4.0,3,2,0.0,19,8,38.833333333333336,155.33333333333334,0.25,0.75,0.42146425449054203,0.48283261802575106,0.0,1.834763948497854,0.7725321888412017,0.0,0.0,0.0,0.0,0.0,0.0,0.0,0.0,0.34062589413447786
2022,nwsl::Football_Player::957c63dfb8e745338b593bc5c24b7639,M. Gyau,m gyau,SD Wave,Defender,137.0,5,0.0,5.0,5.0,0.0,0,0,0.0,0,0,27.4,0.0,0.0,1.0,0.13416111111111112,0.0,0.0,0.0,0.0,0.0,0.0,0.0,0.0,0.0,0.0,0.0,0.0,0.137
2022,nwsl::Football_Player::a6683a7902404976b29a742db197dfc1,N. Girma,n girma,SD Wave,Defender,1920.0,21,21.0,21.0,0.0,0.0,0,0,0.0,0,0,91.42857142857143,91.42857142857143,1.0,0.0,0.9175,0.0,0.0,0.0,0.0,0.0,0.0,0.0,0.0,0.0,0.0,0.0,0.0,0.45
2022,nwsl::Football_Player::b5d069a690754fa992a581b0f979c4b1,T. Hansen,t hansen,SD Wave,Defender,0.0,0,0.0,0.0,0.0,0.0,0,0,0.0,0,0,0.0,0.0,0.0,0.0,0.0,0.0,0.0,0.0,0.0,0.0,0.0,0.0,0.0,0.0,0.0,0.0,0.0,0.0
2022,nwsl::Football_Player::c459f301b9cd4029882ca93327a19c22,K. Turnbow,k turnbow,SD Wave,Midfielder,1250.0,23,15.0,23.0,8.0,14.0,0,2,0.0,19,4,54.34782608695652,83.33333333333333,0.6521739130434783,0.34782608695652173,0.6448353140096619,0.144,0.0,1.3679999999999999,0.288,0.0,0.0,0.0,0.0,0.0,0.0,0.0,0.0,0.33593913043478263
2022,nwsl::Football_Player::cafe0fb40c194bfd95bebea739443cd7,K. McNabb,k mcnabb,SD Wave,Defender,2123.0,24,23.0,24.0,1.0,0.0,2,0,0.0,20,5,88.45833333333333,92.30434782608695,0.9583333333333334,0.041666666666666664,0.8991403581366342,0.08478568064060292,0.0,0.8478568064060292,0.2119642016015073,0.0,0.0,0.0,0.0,0.0,0.0,0.0,0.0,0.48115177029360967
2022,nwsl::Football_Player::d26841a07c0347ab8f9860d93fa5c521,S. Pulver,s pulver,SD Wave,Midfielder,7.0,1,0.0,1.0,1.0,0.0,0,0,0.0,0,0,7.0,0.0,0.0,1.0,0.03219444444444444,0.0,0.0,0.0,0.0,0.0,0.0,0.0,0.0,0.0,0.0,0.0,0.0,0.035
2022,nwsl::Football_Player::d70a89d4bf9e47778923c4ab4ae9e679,H. Beall,h beall,SD Wave,Goalkeeper,0.0,0,0.0,0.0,0.0,0.0,0,0,0.0,0,0,0.0,0.0,0.0,0.0,0.0,0.0,0.0,0.0,0.0,0.0,0.0,0.0,0.0,0.0,0.0,0.0,0.0,0.0
2022,nwsl::Football_Player::d82f555a16d94fdbb8c645fe84c3943f,M. Schimmer,m schimmer,SD Wave,Forward,348.0,9,4.0,9.0,5.0,2.0,0,1,0.0,11,3,38.666666666666664,87.0,0.4444444444444444,0.5555555555555556,0.42265740740740737,0.25862068965517243,0.0,2.8448275862068964,0.7758620689655172,0.0,0.0,0.0,0.0,0.0,0.0,0.0,0.0,0.31833333333333336
2022,nwsl::Football_Player::e665f7e5a7664a58a79e3af29fd8263e,K. Bruster,k bruster,SD Wave,Defender,0.0,0,0.0,0.0,0.0,0.0,0,0,0.0,0,0,0.0,0.0,0.0,0.0,0.0,0.0,0.0,0.0,0.0,0.0,0.0,0.0,0.0,0.0,0.0,0.0,0.0,0.0
2022,nwsl::Football_Player::ecf8d72c11704bb49de0461fa77d8cae,D. Haračić,d haracic,SD Wave,Goalkeeper,1890.0,21,21.0,21.0,0.0,0.0,0,0,0.0,0,0,90.0,90.0,1.0,0.0,0.9175,0.0,0.0,0.0,0.0,0.0,0.0,0.0,0.0,0.0,0.0,0.0,0.0,0.45
2022,nwsl::Football_Player::28fc705601404c39bf14420caeec6668,T. McKeown,t mckeown,Washington Spirit,Defender,997.0,12,11.0,12.0,1.0,4.0,3,1,0.0,24,14,83.08333333333333,90.63636363636364,0.9166666666666666,0.08333333333333333,0.8150077617110589,0.36108324974924777,0.0,2.1664994984954866,1.2637913741223672,0.0,0.0,0.0,0.0,0.0,0.0,0.0,0.0,0.5448048311601471
2022,nwsl::Football_Player::3524a38bc7c5487aaf9d3deff35e8eec,A. Collins,a collins,Washington Spirit,Forward,16.0,2,0.0,2.0,2.0,0.0,0,0,0.0,1,0,8.0,0.0,0.0,1.0,0.05822222222222223,0.0,0.0,5.625,0.0,0.0,0.0,0.0,0.0,0.0,0.0,0.0,0.0,0.14
2022,nwsl::Football_Player::38533cb4693048bb8dfce55130bd4eaa,A. Brooks,a brooks,Washington Spirit,Defender,1032.0,16,11.0,16.0,5.0,3.0,2,0,0.0,7,4,64.5,93.81818181818181,0.6875,0.3125,0.664656492248062,0.1744186046511628,0.0,0.6104651162790697,0.3488372093023256,0.0,0.0,0.0,0.0,0.0,0.0,0.0,0.0,0.37409883720930237
2022,nwsl::Football_Player::563dd6b70ed74a0c9b30dc29b51c8364,A. Harris,a harris,Washington Spirit,Goalkeeper,720.0,8,8.0,8.0,0.0,0.0,0,0,0.0,0,0,90.0,90.0,1.0,0.0,0.8275,0.0,0.0,0.0,0.0,0.0,0.0,0.0,0.0,0.0,0.0,0.0,0.0,0.45
2022,nwsl::Football_Player::6035494d357f4ed6944f1626ca400398,J. Aguilera,j aguilera,Washington Spirit,Defender,611.0,18,5.0,18.0,13.0,4.0,0,0,0.0,4,2,33.94444444444444,122.2,0.2777777777777778,0.7222222222222222,0.381957949425148,0.0,0.0,0.5891980360065466,0.2945990180032733,0.0,0.0,0.0,0.0,0.0,0.0,0.0,0.0,0.18445217312238588
2022,nwsl::Football_Player::616ab8ecc47b4cd8b5931b2524997a50,K. Murray,k murray,Washington Spirit,Midfielder,0.0,0,0.0,0.0,0.0,0.0,0,0,0.0,0,0,0.0,0.0,0.0,0.0,0.0,0.0,0.0,0.0,0.0,0.0,0.0,0.0,0.0,0.0,0.0,0.0,0.0,0.0
2022,nwsl::Football_Player::738125313bdc48eda09c29b610520e26,T. Rodman,t rodman,Washington Spirit,Forward,1504.0,18,16.0,18.0,2.0,3.0,4,2,0.0,36,21,83.55555555555556,94.0,0.8888888888888888,0.1111111111111111,0.8490639693328079,0.35904255319148937,0.0,2.154255319148936,1.2566489361702127,0.0,0.0,0.0,0.0,0.0,0.0,0.0,0.0,0.5464346926713948
2022,nwsl::Football_Player::75a1f211b7f04ffebe4cdd67cd838239,A. Sullivan,a sullivan,Washington Spirit,Midfielder,752.0,12,10.0,12.0,2.0,6.0,1,1,0.0,3,2,62.666666666666664,75.2,0.8333333333333334,0.16666666666666666,0.6949005368400315,0.23936170212765956,0.0,0.35904255319148937,0.23936170212765956,0.0,0.0,0.0,0.0,0.0,0.0,0.0,0.0,0.37217641843971633
2022,nwsl::Football_Player::81ad3d0749db446c8f04621a1f7b59d0,A. Martin,a martin,Washington Spirit,Defender,0.0,0,0.0,0.0,0.0,0.0,0,0,0.0,0,0,0.0,0.0,0.0,0.0,0.0,0.0,0.0,0.0,0.0,0.0,0.0,0.0,0.0,0.0,0.0,0.0,0.0,0.0
2022,nwsl::Football_Player::8a1c8a0c9c32447eac23fe5818c7cb02,A. Harding,a harding,Washington Spirit,Forward,324.0,9,4.0,9.0,5.0,4.0,0,1,0.0,4,0,36.0,81.0,0.4444444444444444,0.5555555555555556,0.4073472222222222,0.2777777777777778,0.0,1.1111111111111112,0.0,0.0,0.0,0.0,0.0,0.0,0.0,0.0,0.0,0.2656481481481482
2022,nwsl::Football_Player::94de57f74c554630b9abe7bc1bd588f9,B. Ratcliffe,b ratcliffe,Washington Spirit,Forward,331.0,10,3.0,10.0,7.0,4.0,2,0,0.0,6,3,33.1,110.33333333333333,0.3,0.7,0.34988122692178586,0.5438066465256798,0.0,1.6314199395770395,0.8157099697885197,0.0,0.0,0.0,0.0,0.0,0.0,0.0,0.0,0.31957854984894263
2022,nwsl::Football_Player::a86e9ba2f4c44ce789c593b2b5bf9bcb,A. Kingsbury,a kingsbury,Washington Spirit,Goalkeeper,1710.0,19,19.0,19.0,0.0,0.0,0,0,0.0,0,0,90.0,90.0,1.0,0.0,0.9099999999999999,0.0,0.0,0.0,0.0,0.0,0.0,0.0,0.0,0.0,0.0,0.0,0.0,0.45
2022,nwsl::Football_Player::ab874a3ca2884b618bda80b4fea7d28a,G. Vincent,g vincent,Washington Spirit,Midfielder,23.0,1,0.0,1.0,1.0,0.0,0,0,0.0,0,0,23.0,0.0,0.0,1.0,0.08863888888888889,0.0,0.0,0.0,0.0,0.0,0.0,0.0,0.0,0.0,0.0,0.0,0.0,0.11499999999999999
2022,nwsl::Football_Player::abeb601d6607464c97a61249ee93bbe6,J. Roddar,j roddar,Washington Spirit,Defender,1276.0,17,17.0,17.0,0.0,9.0,0,0,0.0,5,2,75.05882352941177,75.05882352941177,1.0,0.0,0.8436133418362121,0.0,0.0,0.35266457680250785,0.14106583072100315,0.0,0.0,0.0,0.0,0.0,0.0,0.0,0.0,0.38411073206712154
2022,nwsl::Football_Player::c281f4077abb41a6a90c9dd309f3fb20,K. Collins,k collins,Washington Spirit,Goalkeeper,0.0,0,0.0,0.0,0.0,0.0,0,0,0.0,0,0,0.0,0.0,0.0,0.0,0.0,0.0,0.0,0.0,0.0,0.0,0.0,0.0,0.0,0.0,0.0,0.0,0.0,0.0
2022,nwsl::Football_Player::c413ab13b4b2411b8255f868ec263843,A. Hatch,a hatch,Washington Spirit,Forward,1472.0,18,16.0,18.0,2.0,4.0,9,0,0.0,36,19,81.77777777777777,92.0,0.8888888888888888,0.1111111111111111,0.8489438950952763,0.5502717391304348,0.0,2.2010869565217392,1.1616847826086958,0.0,0.0,0.0,0.0,0.0,0.0,0.0,0.0,0.5785560084541063
2022,nwsl::Football_Player::c5b8273288fb45cd9144b1589ba45e28,M. Goff,m goff,Washington Spirit,Defender,302.0,7,3.0,7.0,4.0,3.0,0,0,0.0,0,0,43.142857142857146,100.66666666666667,0.42857142857142855,0.5714285714285714,0.39755555555555555,0.0,0.0,0.0,0.0,0.0,0.0,0.0,0.0,0.0,0.0,0.0,0.0,0.21571428571428572
2022,nwsl::Football_Player::d6e1e8c351d6439fb6bd35f97e521537,A. Heilferty,a heilferty,Washington Spirit,Defender,1486.0,21,18.0,21.0,3.0,9.0,0,2,0.0,9,5,70.76190476190476,82.55555555555556,0.8571428571428571,0.14285714285714285,0.791175968652752,0.12113055181695827,0.0,0.5450874831763122,0.30282637954239566,0.0,0.0,0.0,0.0,0.0,0.0,0.0,0.0,0.3926722425174646
2022,nwsl::Football_Player::e0a336a0f061497bbedff977ec476321,M. Elwell,m elwell,Washington Spirit,Midfielder,301.0,10,4.0,10.0,6.0,4.0,1,0,0.0,5,1,30.1,75.25,0.4,0.6,0.37613627722406795,0.29900332225913623,0.0,1.495016611295681,0.29900332225913623,0.0,0.0,0.0,0.0,0.0,0.0,0.0,0.0,0.25016777408637875
2022,nwsl::Football_Player::fbfe7392b0744bb6a8d7826010fe0a6e,N. Barnhart,n barnhart,Washington Spirit,Goalkeeper,0.0,0,0.0,0.0,0.0,0.0,0,0,0.0,0,0,0.0,0.0,0.0,0.0,0.0,0.0,0.0,0.0,0.0,0.0,0.0,0.0,0.0,0.0,0.0,0.0,0.0,0.0
2023,nwsl::Football_Player::0d98c78643334eb8a9d4494c8a354343,K. Johnson,k johnson,Angel City FC,Forward,714.0,19,7.0,19.0,12.0,4.0,3,1,0.0,16,10,37.578947368421055,102.0,0.3684210526315789,0.631578947368421,0.46417897685389947,0.5042016806722689,0.0,2.0168067226890756,1.2605042016806722,0.0,0.0,0.0,0.0,0.0,0.0,0.0,0.0,0.34335692171605486
2023,nwsl::Football_Player::17ddeb23a8bd43d9bf46f7370e5eb5bf,E. Eddy,e eddy,Angel City FC,Defender,52.0,3,0.0,3.0,3.0,0.0,0,0,0.0,2,0,17.333333333333332,0.0,0.0,1.0,0.09662891737891739,0.0,0.0,3.4615384615384617,0.0,0.0,0.0,0.0,0.0,0.0,0.0,0.0,0.0,0.17320512820512823
2023,nwsl::Football_Player::18c67f4b722c49a799e8b57c4ba4a0f0,M. Dougherty Howard,m dougherty howard,Angel City FC,Midfielder,581.0,12,8.0,12.0,4.0,7.0,0,0,0.0,5,1,48.416666666666664,72.625,0.6666666666666666,0.3333333333333333,0.56370771578377,0.0,0.0,0.774526678141136,0.1549053356282272,0.0,0.0,0.0,0.0,0.0,0.0,0.0,0.0,0.2614465002868617
2023,nwsl::Football_Player::22abab359f2f4f6398f9d7785cbd3f78,A. Riley,a riley,Angel City FC,Defender,1326.0,19,15.0,19.0,4.0,8.0,1,0,0.0,3,2,69.78947368421052,88.4,0.7894736842105263,0.21052631578947367,0.746849527665317,0.06787330316742082,0.0,0.20361990950226244,0.13574660633484165,0.0,0.0,0.0,0.0,0.0,0.0,0.0,0.0,0.36817813765182184
2023,nwsl::Football_Player::2bb61a2d14a14fc6818575126a1e9b3c,B. Isenhour,b isenhour,Angel City FC,Goalkeeper,0.0,0,0.0,0.0,0.0,0.0,0,0,0.0,0,0,0.0,0.0,0.0,0.0,0.0,0.0,0.0,0.0,0.0,0.0,0.0,0.0,0.0,0.0,0.0,0.0,0.0,0.0
2023,nwsl::Football_Player::3f05c684ae06470b8460242b2d58c1c5,K. Hill,k hill,Angel City FC,Defender,0.0,0,0.0,0.0,0.0,0.0,0,0,0.0,0,0,0.0,0.0,0.0,0.0,0.0,0.0,0.0,0.0,0.0,0.0,0.0,0.0,0.0,0.0,0.0,0.0,0.0,0.0
2023,nwsl::Football_Player::4314e1fbd3924a09a365af62abcdb3b4,S. Gorden,s gorden,Angel City FC,Defender,2070.0,23,23.0,23.0,0.0,0.0,0,0,0.0,4,2,90.0,90.0,1.0,0.0,0.9181521739130435,0.0,0.0,0.17391304347826086,0.08695652173913043,0.0,0.0,0.0,0.0,0.0,0.0,0.0,0.0,0.4543478260869565
2023,nwsl::Football_Player::6506fdacaa3545e1bf2a0d29da9efeef,L. Nabet,l nabet,Angel City FC,Midfielder,410.0,11,5.0,11.0,6.0,5.0,0,0,0.0,2,0,37.27272727272727,82.0,0.45454545454545453,0.5454545454545454,0.4201816949987682,0.0,0.0,0.43902439024390244,0.0,0.0,0.0,0.0,0.0,0.0,0.0,0.0,0.0,0.19733924611973394
2023,nwsl::Football_Player::8be53181b9fd46c4957f8cd6975a49f9,J. Endō,j endo,Angel City FC,Forward,918.0,18,10.0,18.0,8.0,6.0,3,2,0.0,12,6,51.0,91.8,0.5555555555555556,0.4444444444444444,0.5846470588235294,0.4901960784313726,0.0,1.1764705882352942,0.5882352941176471,0.0,0.0,0.0,0.0,0.0,0.0,0.0,0.0,0.38653594771241834
2023,nwsl::Football_Player::8e0a1b9a4d43469b86adca8d94f57496,S. Leroux,s leroux,Angel City FC,Forward,599.0,14,6.0,14.0,8.0,5.0,2,1,0.0,12,10,42.785714285714285,99.83333333333333,0.42857142857142855,0.5714285714285714,0.4696428803296499,0.4507512520868113,0.0,1.8030050083472453,1.5025041736227045,0.0,0.0,0.0,0.0,0.0,0.0,0.0,0.0,0.3529102074886716
2023,nwsl::Football_Player::bb2e756c53984f5ebf78cd343ec20b70,M. Reid,m reid,Angel City FC,Defender,793.0,9,8.0,9.0,1.0,0.0,0,0,0.0,1,1,88.11111111111111,99.125,0.8888888888888888,0.1111111111111111,0.7787620187442591,0.0,0.0,0.11349306431273644,0.11349306431273644,0.0,0.0,0.0,0.0,0.0,0.0,0.0,0.0,0.44339288216337397
2023,nwsl::Football_Player::c75e5a65dfaf42b588cbdf8ef5069537,M. Hammond,m hammond,Angel City FC,Midfielder,1285.0,20,14.0,20.0,6.0,7.0,1,1,0.0,8,2,64.25,91.78571428571429,0.7,0.3,0.6981383214440121,0.14007782101167315,0.0,0.5603112840466926,0.14007782101167315,0.0,0.0,0.0,0.0,0.0,0.0,0.0,0.0,0.36444066147859927
2023,nwsl::Football_Player::cd318859e1064a0f819c39909a40f8e7,C. Le Bihan,c le bihan,Angel City FC,Midfielder,685.0,17,7.0,17.0,10.0,5.0,1,4,0.0,8,5,40.294117647058826,97.85714285714286,0.4117647058823529,0.5882352941176471,0.4794136133772244,0.6569343065693432,0.0,1.051094890510949,0.6569343065693432,0.0,0.0,0.0,0.0,0.0,0.0,0.0,0.0,0.364609274366681
2023,nwsl::Football_Player::e08dcfa740f9458e8a4b17d0193064ed,J. Spencer,j spencer,Angel City FC,Defender,729.0,18,7.0,18.0,11.0,5.0,1,0,0.0,6,2,40.5,104.14285714285714,0.3888888888888889,0.6111111111111112,0.45951080246913584,0.1234567901234568,0.0,0.7407407407407408,0.2469135802469136,0.0,0.0,0.0,0.0,0.0,0.0,0.0,0.0,0.24673868312757202
2023,nwsl::Football_Player::e34f1e30edef4493b1bc39d45873fc32,A. Thompson,a thompson,Angel City FC,Forward,1177.0,21,13.0,21.0,8.0,10.0,4,2,0.0,15,9,56.04761904761905,90.53846153846153,0.6190476190476191,0.38095238095238093,0.6449334612255173,0.45879354290569246,0.0,1.146983857264231,0.6881903143585387,0.0,0.0,0.0,0.0,0.0,0.0,0.0,0.0,0.4044946797750536
2023,nwsl::Football_Player::e4c0dd7de1294525a9f1635b7e210792,A. Anderson,a anderson,Angel City FC,Goalkeeper,450.0,5,5.0,5.0,0.0,0.0,0,0,0.0,0,0,90.0,90.0,1.0,0.0,0.8049999999999999,0.0,0.0,0.0,0.0,0.0,0.0,0.0,0.0,0.0,0.0,0.0,0.0,0.45
2023,nwsl::Football_Player::efa33936147948539e131def3f2df42a,M. A. Vignola,m a vignola,Angel City FC,Defender,1288.0,19,16.0,19.0,3.0,7.0,3,1,0.0,21,10,67.78947368421052,80.5,0.8421052631578947,0.15789473684210525,0.7748307566924557,0.2795031055900621,0.0,1.467391304347826,0.6987577639751552,0.0,0.0,0.0,0.0,0.0,0.0,0.0,0.0,0.43386196469434457
2023,nwsl::Football_Player::fd08719793c4487c82b7d3aceba2ad0f,C. Emslie,c emslie,Angel City FC,Forward,1347.0,20,17.0,20.0,3.0,12.0,3,5,0.0,23,10,67.35,79.23529411764706,0.85,0.15,0.7925624257609503,0.5345211581291759,0.0,1.5367483296213809,0.6681514476614699,0.0,0.0,0.0,0.0,0.0,0.0,0.0,0.0,0.4865272828507795
2023,nwsl::Football_Player::09140d97bf314b7193afa990b5f36308,S. Staab,s staab,Chicago Stars,Defender,1980.0,22,22.0,22.0,0.0,0.0,1,1,0.0,9,3,90.0,90.0,1.0,0.0,0.921875,0.09090909090909091,0.0,0.4090909090909091,0.13636363636363635,0.0,0.0,0.0,0.0,0.0,0.0,0.0,0.0,0.4791666666666667
2023,nwsl::Football_Player::144dbd486f6847edb0164f392e656aac,T. Malham,t malham,Chicago Stars,Midfielder,217.0,3,2.0,3.0,1.0,1.0,0,0,0.0,0,0,72.33333333333333,108.5,0.6666666666666666,0.3333333333333333,0.5776759259259259,0.0,0.0,0.0,0.0,0.0,0.0,0.0,0.0,0.0,0.0,0.0,0.0,0.3616666666666667
2023,nwsl::Football_Player::316ed7e7e2a243949a4ab1ca573e2972,A. McCain,a mccain,Chicago Stars,Midfielder,1.0,1,0.0,1.0,1.0,0.0,0,0,0.0,0,0,1.0,0.0,0.0,1.0,0.011027777777777779,0.0,0.0,0.0,0.0,0.0,0.0,0.0,0.0,0.0,0.0,0.0,0.0,0.005
2023,nwsl::Football_Player::44fe7d8481984aa2a8d44f5b674a177d,S. Starke,s starke,Chicago Stars,Forward,413.0,7,6.0,7.0,1.0,6.0,0,0,0.0,1,0,59.0,68.83333333333333,0.8571428571428571,0.14285714285714285,0.6471703658864675,0.0,0.0,0.21791767554479421,0.0,0.0,0.0,0.0,0.0,0.0,0.0,0.0,0.0,0.30044794188861984
2023,nwsl::Football_Player::48fbfdd7f8004d3cb8bd7ef56db89b4c,C. Biegalski,c biegalski,Chicago Stars,Defender,273.0,9,2.0,9.0,7.0,1.0,0,0,0.0,0,0,30.333333333333332,136.5,0.2222222222222222,0.7777777777777778,0.27450925925925923,0.0,0.0,0.0,0.0,0.0,0.0,0.0,0.0,0.0,0.0,0.0,0.0,0.15166666666666667
2023,nwsl::Football_Player::4a2f22e74e874b8bbdf2f73dec08a844,C. Onwualu,c onwualu,Chicago Stars,Midfielder,1830.0,21,21.0,21.0,0.0,3.0,1,0,0.0,6,3,87.14285714285714,87.14285714285714,1.0,0.0,0.9100640775435858,0.049180327868852465,0.0,0.29508196721311475,0.14754098360655737,0.0,0.0,0.0,0.0,0.0,0.0,0.0,0.0,0.45333723653395785
2023,nwsl::Football_Player::57fe0d4b80e74d1fa6fc56aab0db25ad,A. Naeher,a naeher,Chicago Stars,Goalkeeper,1800.0,20,20.0,20.0,0.0,0.0,0,0,0.0,0,0,90.0,90.0,1.0,0.0,0.9175,0.0,0.0,0.0,0.0,0.0,0.0,0.0,0.0,0.0,0.0,0.0,0.0,0.45
2023,nwsl::Football_Player::5b003e58e30f477083526968377e7031,S. Griffith,s griffith,Chicago Stars,Forward,260.0,6,3.0,6.0,3.0,3.0,0,1,0.0,5,2,43.333333333333336,86.66666666666667,0.5,0.5,0.4401780626780627,0.34615384615384615,0.0,1.7307692307692308,0.6923076923076923,0.0,0.0,0.0,0.0,0.0,0.0,0.0,0.0,0.33205128205128204
2023,nwsl::Football_Player::73d2d58e884c4af09534e7a45194980d,M. Wood,m wood,Chicago Stars,Goalkeeper,0.0,0,0.0,0.0,0.0,0.0,0,0,0.0,0,0,0.0,0.0,0.0,0.0,0.0,0.0,0.0,0.0,0.0,0.0,0.0,0.0,0.0,0.0,0.0,0.0,0.0,0.0
2023,nwsl::Football_Player::78fe6058bc1049be9f905c1d7b109833,N. Kuikka,n kuikka,Chicago Stars,Defender,1859.0,22,20.0,22.0,2.0,4.0,1,2,0.0,11,2,84.5,92.95,0.9090909090909091,0.09090909090909091,0.8637239032335186,0.14523937600860679,0.0,0.5325443786982249,0.09682625067240452,0.0,0.0,0.0,0.0,0.0,0.0,0.0,0.0,0.46607181280258203
2023,nwsl::Football_Player::79062ba1d1a74487ab685ef29eccd98a,A. Kowalski,a kowalski,Chicago Stars,Defender,52.0,2,0.0,2.0,2.0,0.0,0,0,0.0,0,0,26.0,0.0,0.0,1.0,0.10672222222222222,0.0,0.0,0.0,0.0,0.0,0.0,0.0,0.0,0.0,0.0,0.0,0.0,0.13
2023,nwsl::Football_Player::97eca0cd84904d96a9891ef2909271aa,C. Curran,c curran,Chicago Stars,Midfielder,304.0,13,3.0,13.0,10.0,3.0,0,0,0.0,3,2,23.384615384615383,101.33333333333333,0.23076923076923078,0.7692307692307693,0.2871724724471435,0.0,0.0,0.8881578947368421,0.5921052631578947,0.0,0.0,0.0,0.0,0.0,0.0,0.0,0.0,0.13912702429149798
2023,nwsl::Football_Player::a4526a59e23e4064b991916e58024563,S. Jones,s jones,Chicago Stars,Midfielder,0.0,0,0.0,0.0,0.0,0.0,0,0,0.0,0,0,0.0,0.0,0.0,0.0,0.0,0.0,0.0,0.0,0.0,0.0,0.0,0.0,0.0,0.0,0.0,0.0,0.0,0.0
2023,nwsl::Football_Player::ac45fd299e2b4d229273bf5f0f44d696,Júlia Bianchi,julia bianchi,Chicago Stars,Midfielder,1334.0,19,15.0,19.0,4.0,3.0,0,5,0.0,10,2,70.21052631578948,88.93333333333334,0.7894736842105263,0.21052631578947367,0.7585218816030581,0.3373313343328336,0.0,0.6746626686656672,0.13493253373313344,0.0,0.0,0.0,0.0,0.0,0.0,0.0,0.0,0.4381965596149293
2023,nwsl::Football_Player::ae2f3060f7e64256995ef3e985cdc37b,S. Feller,s feller,Chicago Stars,Midfielder,6.0,1,0.0,1.0,1.0,0.0,0,0,0.0,0,0,6.0,0.0,0.0,1.0,0.028666666666666667,0.0,0.0,0.0,0.0,0.0,0.0,0.0,0.0,0.0,0.0,0.0,0.0,0.03
2023,nwsl::Football_Player::b681c3174ebd4a309fcbfccafc7930be,A. Cook,a cook,Chicago Stars,Forward,961.0,20,10.0,20.0,10.0,8.0,3,0,0.0,13,4,48.05,96.1,0.5,0.5,0.5578551956873627,0.2809573361082206,0.0,1.2174817898022894,0.37460978147762747,0.0,0.0,0.0,0.0,0.0,0.0,0.0,0.0,0.32921982310093656
2023,nwsl::Football_Player::badbf997458d485caabfecfba5bb76f1,J. Bike,j bike,Chicago Stars,Forward,424.0,16,2.0,16.0,14.0,3.0,0,0,0.0,3,0,26.5,212.0,0.125,0.875,0.27212408280922434,0.0,0.0,0.6367924528301887,0.0,0.0,0.0,0.0,0.0,0.0,0.0,0.0,0.0,0.1484198113207547
2023,nwsl::Football_Player::bee0506c8e134de9bc8af601b1d28778,J. Ertz,j ertz,Chicago Stars,Midfielder,574.0,7,7.0,7.0,0.0,3.0,1,0,0.0,5,2,82.0,82.0,1.0,0.0,0.7996174990321332,0.156794425087108,0.0,0.7839721254355401,0.313588850174216,0.0,0.0,0.0,0.0,0.0,0.0,0.0,0.0,0.4622648083623693
2023,nwsl::Football_Player::c3d7a6e82b7a40a5b185335dac6cb8f7,S. Fisher,s fisher,Chicago Stars,Midfielder,152.0,5,1.0,5.0,4.0,1.0,0,0,0.0,0,0,30.4,152.0,0.2,0.8,0.23474444444444445,0.0,0.0,0.0,0.0,0.0,0.0,0.0,0.0,0.0,0.0,0.0,0.0,0.152
2023,nwsl::Football_Player::c5ab6add4ef243f8aa8a491ef9861f2a,E. Boyd,e boyd,Chicago Stars,Goalkeeper,180.0,2,2.0,2.0,0.0,0.0,0,0,0.0,0,0,90.0,90.0,1.0,0.0,0.7825,0.0,0.0,0.0,0.0,0.0,0.0,0.0,0.0,0.0,0.0,0.0,0.0,0.45
2023,nwsl::Football_Player::d24c806737e2498c980976b0695bfbe8,A. Schlegel,a schlegel,Chicago Stars,Forward,372.0,14,2.0,14.0,12.0,2.0,2,1,0.0,5,3,26.571428571428573,186.0,0.14285714285714285,0.8571428571428571,0.29024155145929337,0.7258064516129031,0.0,1.2096774193548385,0.7258064516129031,0.0,0.0,0.0,0.0,0.0,0.0,0.0,0.0,0.3143087557603686
2023,nwsl::Football_Player::d4dc068f7b7a4003a2ccda86198630ed,B. Lovera,b lovera,Chicago Stars,Forward,0.0,0,0.0,0.0,0.0,0.0,0,0,0.0,0,0,0.0,0.0,0.0,0.0,0.0,0.0,0.0,0.0,0.0,0.0,0.0,0.0,0.0,0.0,0.0,0.0,0.0,0.0
2023,nwsl::Football_Player::d7d29fcbb1374eb4bda584df8d928547,M. Swanson,m swanson,Chicago Stars,Forward,180.0,2,2.0,2.0,0.0,0.0,1,0,0.0,7,4,90.0,90.0,1.0,0.0,0.81125,0.5,0.0,3.5,2.0,0.0,0.0,0.0,0.0,0.0,0.0,0.0,0.0,0.6416666666666667
2023,nwsl::Football_Player::dd552139607f4e219cab7864188eef47,S. Groom,s groom,Chicago Stars,Midfielder,11.0,1,0.0,1.0,1.0,0.0,0,0,0.0,0,0,11.0,0.0,0.0,1.0,0.04630555555555555,0.0,0.0,0.0,0.0,0.0,0.0,0.0,0.0,0.0,0.0,0.0,0.0,0.055
2023,nwsl::Football_Player::fb71a19cd7524e63bdb58f0686fbd97e,Maitane López,maitane lopez,Chicago Stars,Midfielder,939.0,11,10.0,11.0,1.0,2.0,1,0,0.0,3,2,85.36363636363636,93.9,0.9090909090909091,0.09090909090909091,0.7968083309129635,0.09584664536741214,0.0,0.28753993610223644,0.19169329073482427,0.0,0.0,0.0,0.0,0.0,0.0,0.0,0.0,0.4539747313389486
2023,nwsl::Football_Player::045874838df24109b02903b0638a877e,R. Childers,r childers,Current,Midfielder,16.0,4,0.0,4.0,4.0,0.0,0,0,0.0,0,0,4.0,0.0,0.0,1.0,0.044111111111111115,0.0,0.0,0.0,0.0,0.0,0.0,0.0,0.0,0.0,0.0,0.0,0.0,0.02
2023,nwsl::Football_Player::04a1aad603eb46dd9c349c2ba91d2322,I. Rodriguez,i rodriguez,Current,Defender,1250.0,22,11.0,22.0,11.0,3.0,3,2,0.0,8,4,56.81818181818182,113.63636363636364,0.5,0.5,0.5888519191919193,0.36,0.0,0.576,0.288,0.0,0.0,0.0,0.0,0.0,0.0,0.0,0.0,0.3734909090909091
2023,nwsl::Football_Player::27615fa77e0f4bc78e0365f58a4df924,G. Robinson,g robinson,Current,Defender,1701.0,20,19.0,20.0,1.0,2.0,0,0,0.0,2,1,85.05,89.52631578947368,0.95,0.05,0.8779343253968254,0.0,0.0,0.10582010582010583,0.052910052910052914,0.0,0.0,0.0,0.0,0.0,0.0,0.0,0.0,0.42789550264550263
2023,nwsl::Football_Player::2897d5d3ff7a4d74bc52904518af9d91,Lauren Leal,lauren leal,Current,Defender,91.0,2,1.0,2.0,1.0,0.0,0,0,0.0,0,0,45.5,91.0,0.5,0.5,0.4005138888888889,0.0,0.0,0.0,0.0,0.0,0.0,0.0,0.0,0.0,0.0,0.0,0.0,0.2275
2023,nwsl::Football_Player::3385fcf1a34441189ee3e454b3de1baa,M. Weber,m weber,Current,Defender,0.0,0,0.0,0.0,0.0,0.0,0,0,0.0,0,0,0.0,0.0,0.0,0.0,0.0,0.0,0.0,0.0,0.0,0.0,0.0,0.0,0.0,0.0,0.0,0.0,0.0,0.0
2023,nwsl::Football_Player::3e718f382e0d475dabf2d284f1f2541d,A. Long,a long,Current,Midfielder,1280.0,19,13.0,19.0,6.0,1.0,2,0,0.0,5,2,67.36842105263158,98.46153846153847,0.6842105263157895,0.3157894736842105,0.6937684461805556,0.140625,0.0,0.3515625,0.140625,0.0,0.0,0.0,0.0,0.0,0.0,0.0,0.0,0.3749280427631579
2023,nwsl::Football_Player::3f534dc858514b2580d31c23e0241f37,L. Ivory,l ivory,Current,Goalkeeper,0.0,0,0.0,0.0,0.0,0.0,0,0,0.0,0,0,0.0,0.0,0.0,0.0,0.0,0.0,0.0,0.0,0.0,0.0,0.0,0.0,0.0,0.0,0.0,0.0,0.0,0.0
2023,nwsl::Football_Player::3f841e6b66d94cdead98ab215e6e844b,B. Feist,b feist,Current,Midfielder,176.0,4,2.0,4.0,2.0,2.0,0,0,0.0,0,0,44.0,88.0,0.5,0.5,0.41022222222222227,0.0,0.0,0.0,0.0,0.0,0.0,0.0,0.0,0.0,0.0,0.0,0.0,0.22
2023,nwsl::Football_Player::4ed6cc093a1541039bc4faca26af2c3f,C. Lavogez,c lavogez,Current,Midfielder,54.0,4,0.0,4.0,4.0,0.0,0,0,0.0,1,1,13.5,0.0,0.0,1.0,0.083875,0.0,0.0,1.6666666666666667,1.6666666666666667,0.0,0.0,0.0,0.0,0.0,0.0,0.0,0.0,0.10916666666666668
2023,nwsl::Football_Player::53377155ab4b4c08b6ff7a3c66865fe3,R. Rodríguez,r rodriguez,Current,Midfielder,658.0,14,8.0,14.0,6.0,8.0,1,0,0.0,6,2,47.0,82.25,0.5714285714285714,0.42857142857142855,0.5353002364066193,0.13677811550151975,0.0,0.8206686930091186,0.2735562310030395,0.0,0.0,0.0,0.0,0.0,0.0,0.0,0.0,0.28401215805471125
2023,nwsl::Football_Player::6eb214e42ba44ea59f98afee41a268d0,M. Cooper,m cooper,Current,Forward,1634.0,21,17.0,21.0,4.0,7.0,3,1,0.0,32,16,77.80952380952381,96.11764705882354,0.8095238095238095,0.19047619047619047,0.802274915324487,0.22031823745410037,0.0,1.762545899632803,0.8812729498164015,0.0,0.0,0.0,0.0,0.0,0.0,0.0,0.0,0.4790108993413767
2023,nwsl::Football_Player::71ee6c157ae84796b7c39bd65ef86823,S. Ballisager Pedersen,s ballisager pedersen,Current,Defender,225.0,3,2.0,3.0,1.0,0.0,0,0,0.0,0,0,75.0,112.5,0.6666666666666666,0.3333333333333333,0.5870833333333333,0.0,0.0,0.0,0.0,0.0,0.0,0.0,0.0,0.0,0.0,0.0,0.0,0.375
2023,nwsl::Football_Player::810db7679a9d4660929f485ed49e1988,E. Ball,e ball,Current,Defender,963.0,13,12.0,13.0,1.0,5.0,0,0,0.0,5,2,74.07692307692308,80.25,0.9230769230769231,0.07692307692307693,0.7759638749101366,0.0,0.0,0.4672897196261683,0.1869158878504673,0.0,0.0,0.0,0.0,0.0,0.0,0.0,0.0,0.38206685837526955
2023,nwsl::Football_Player::85023bcbe613492da8caaa35221257ed,K. Sharples,k sharples,Current,Defender,695.0,11,8.0,11.0,3.0,2.0,1,0,0.0,4,2,63.18181818181818,86.875,0.7272727272727273,0.2727272727272727,0.6386533500472349,0.12949640287769784,0.0,0.5179856115107914,0.2589928057553957,0.0,0.0,0.0,0.0,0.0,0.0,0.0,0.0,0.35583714846304776
2023,nwsl::Football_Player::8d18be11237c447ea621fcde56944492,A. Franch,a franch,Current,Goalkeeper,1080.0,12,12.0,12.0,0.0,0.0,0,0,0.0,0,0,90.0,90.0,1.0,0.0,0.8574999999999999,0.0,0.0,0.0,0.0,0.0,0.0,0.0,0.0,0.0,0.0,0.0,0.0,0.45
2023,nwsl::Football_Player::8d41348804cc41019ff9526cce1a29e9,M. Larsson,m larsson,Current,Forward,587.0,20,5.0,20.0,15.0,5.0,2,2,0.0,11,4,29.35,117.4,0.25,0.75,0.39153005631270116,0.6132879045996593,0.0,1.686541737649063,0.6132879045996593,0.0,0.0,0.0,0.0,0.0,0.0,0.0,0.0,0.31668185689948897
2023,nwsl::Football_Player::9792e74df15347e7956b266647bfd2a6,A. Cook,a cook,Current,Defender,1845.0,21,21.0,21.0,0.0,0.0,0,2,0.0,2,0,87.85714285714286,87.85714285714286,1.0,0.0,0.9133551103368176,0.0975609756097561,0.0,0.0975609756097561,0.0,0.0,0.0,0.0,0.0,0.0,0.0,0.0,0.0,0.4620499419279907
2023,nwsl::Football_Player::9ad8ef494aeb4e39b37e3f1dcabd9b78,K. Hamilton,k hamilton,Current,Forward,861.0,14,12.0,14.0,2.0,10.0,2,0,0.0,13,8,61.5,71.75,0.8571428571428571,0.14285714285714285,0.7193015389082462,0.20905923344947736,0.0,1.3588850174216027,0.8362369337979094,0.0,0.0,0.0,0.0,0.0,0.0,0.0,0.0,0.38502613240418115
2023,nwsl::Football_Player::9b7fd5c1259c48b1a87f1cc0c10f713c,L. LaBonta,l labonta,Current,Midfielder,1448.0,17,16.0,17.0,1.0,3.0,2,1,0.0,16,6,85.17647058823529,90.5,0.9411764705882353,0.058823529411764705,0.8610693564258116,0.18646408839779005,0.0,0.994475138121547,0.3729281767955801,0.0,0.0,0.0,0.0,0.0,0.0,0.0,0.0,0.4895909164770881
2023,nwsl::Football_Player::a58cdc45fc0448a28cbd965d9601aaf7,N. Prince,n prince,Current,Forward,396.0,7,5.0,7.0,2.0,5.0,0,2,0.0,7,4,56.57142857142857,79.2,0.7142857142857143,0.2857142857142857,0.5936704545454546,0.45454545454545453,0.0,1.5909090909090908,0.9090909090909091,0.0,0.0,0.0,0.0,0.0,0.0,0.0,0.0,0.4173268398268398
2023,nwsl::Football_Player::a74c35267e4b4a689431f9d3be7522c6,Debinha,debinha,Current,Midfielder,1526.0,18,17.0,18.0,1.0,6.0,9,2,0.0,31,17,84.77777777777777,89.76470588235294,0.9444444444444444,0.05555555555555555,0.8862069114767891,0.6487549148099607,0.0,1.8283093053735255,1.0026212319790302,0.0,0.0,0.0,0.0,0.0,0.0,0.0,0.0,0.6047538954419689
2023,nwsl::Football_Player::c7c35bca896849439784a5cdee73a0b1,H. Mace,h mace,Current,Midfielder,1432.0,18,17.0,18.0,1.0,7.0,0,2,0.0,13,6,79.55555555555556,84.23529411764706,0.9444444444444444,0.05555555555555555,0.8476462902613974,0.12569832402234637,0.0,0.8170391061452513,0.3770949720670391,0.0,0.0,0.0,0.0,0.0,0.0,0.0,0.0,0.4443909062693979
2023,nwsl::Football_Player::cac9bfef965b49f9a20bbc0deb15ccfa,V. DiBernardo,v dibernardo,Current,Midfielder,961.0,11,11.0,11.0,0.0,2.0,0,2,0.0,13,7,87.36363636363636,87.36363636363636,1.0,0.0,0.8511183294968414,0.18730489073881373,0.0,1.2174817898022894,0.6555671175858481,0.0,0.0,0.0,0.0,0.0,0.0,0.0,0.0,0.5062770788004919
2023,nwsl::Football_Player::f82ac82c607145468005f6b2e5da5b72,H. Hopkins,h hopkins,Current,Forward,453.0,14,4.0,14.0,10.0,3.0,1,1,0.0,10,5,32.357142857142854,113.25,0.2857142857142857,0.7142857142857143,0.3675877877641123,0.3973509933774835,0.0,1.9867549668874174,0.9933774834437087,0.0,0.0,0.0,0.0,0.0,0.0,0.0,0.0,0.29423604541154214
2023,nwsl::Football_Player::081da0eaabb64b9d878576f3bd19d971,T. Otto,t otto,Gotham FC,Defender,0.0,0,0.0,0.0,0.0,0.0,0,0,0.0,0,0,0.0,0.0,0.0,0.0,0.0,0.0,0.0,0.0,0.0,0.0,0.0,0.0,0.0,0.0,0.0,0.0,0.0,0.0
2023,nwsl::Football_Player::266288af33ed4b378e529b0cb8957ecf,E. Sonnett,e sonnett,Gotham FC,Defender,1947.0,22,22.0,22.0,0.0,3.0,0,1,0.0,8,2,88.5,88.5,1.0,0.0,0.9150396122239343,0.046224961479198766,0.0,0.3697996918335901,0.09244992295839753,0.0,0.0,0.0,0.0,0.0,0.0,0.0,0.0,0.46137519260400617
2023,nwsl::Football_Player::3815419dc0a24232a66d55bdda6b8738,S. Flores,s flores,Gotham FC,Defender,1.0,1,0.0,1.0,1.0,0.0,0,0,0.0,0,0,1.0,0.0,0.0,1.0,0.011027777777777779,0.0,0.0,0.0,0.0,0.0,0.0,0.0,0.0,0.0,0.0,0.0,0.0,0.005
2023,nwsl::Football_Player::39fe0dbc3b0a49c0a46d405d30b7141d,M. Purce,m purce,Gotham FC,Forward,977.0,15,11.0,15.0,4.0,7.0,4,4,0.0,27,17,65.13333333333334,88.81818181818181,0.7333333333333333,0.26666666666666666,0.7046326301224458,0.7369498464687819,0.0,2.487205731832139,1.5660184237461616,0.0,0.0,0.0,0.0,0.0,0.0,0.0,0.0,0.5413780279767998
2023,nwsl::Football_Player::3e154a3f17cf4dfaae292baf85f5f94c,A. Krieger,a krieger,Gotham FC,Defender,1634.0,20,20.0,20.0,0.0,4.0,0,0,0.0,3,1,81.7,81.7,1.0,0.0,0.8888390894872842,0.0,0.0,0.16523867809057527,0.05507955936352509,0.0,0.0,0.0,0.0,0.0,0.0,0.0,0.0,0.4126309669522644
2023,nwsl::Football_Player::46c4d8f93d3c4ae585862889e43f2d57,N. Kawasumi,n kawasumi,Gotham FC,Midfielder,19.0,4,0.0,4.0,4.0,0.0,0,0,0.0,0,0,4.75,0.0,0.0,1.0,0.04675694444444445,0.0,0.0,0.0,0.0,0.0,0.0,0.0,0.0,0.0,0.0,0.0,0.0,0.02375
2023,nwsl::Football_Player::4932d40caf094edd88eb680559cffd38,K. Edmonds,k edmonds,Gotham FC,Defender,1043.0,16,11.0,16.0,5.0,5.0,0,1,0.0,4,1,65.1875,94.81818181818181,0.6875,0.3125,0.6633329055475659,0.0862895493767977,0.0,0.3451581975071908,0.0862895493767977,0.0,0.0,0.0,0.0,0.0,0.0,0.0,0.0,0.3525434443911793
2023,nwsl::Football_Player::49ca2364454b4dcca0af07701eb25f37,M. Shim,m shim,Gotham FC,Midfielder,52.0,5,0.0,5.0,5.0,0.0,0,0,0.0,2,1,10.4,0.0,0.0,1.0,0.08716965811965811,0.0,0.0,3.4615384615384617,1.7307692307692308,0.0,0.0,0.0,0.0,0.0,0.0,0.0,0.0,0.13853846153846155
2023,nwsl::Football_Player::6a8196684e034ab5855c3d2768858ae8,K. O'Hara,k o hara,Gotham FC,Defender,652.0,15,8.0,15.0,7.0,6.0,0,0,0.0,6,2,43.46666666666667,81.5,0.5333333333333333,0.4666666666666667,0.5089465689615996,0.0,0.0,0.8282208588957055,0.27607361963190186,0.0,0.0,0.0,0.0,0.0,0.0,0.0,0.0,0.23803885480572598
2023,nwsl::Football_Player::76777967484049fe96e7d333f4ba7380,C. Hintzen,c hintzen,Gotham FC,Forward,0.0,0,0.0,0.0,0.0,0.0,0,0,0.0,0,0,0.0,0.0,0.0,0.0,0.0,0.0,0.0,0.0,0.0,0.0,0.0,0.0,0.0,0.0,0.0,0.0,0.0,0.0
2023,nwsl::Football_Player::79e6134fbc584f6d981cdd752b798dc8,S. Farrelly,s farrelly,Gotham FC,Midfielder,879.0,21,7.0,21.0,14.0,5.0,0,1,0.0,3,3,41.857142857142854,125.57142857142857,0.3333333333333333,0.6666666666666666,0.4520142342488759,0.10238907849829351,0.0,0.3071672354948805,0.3071672354948805,0.0,0.0,0.0,0.0,0.0,0.0,0.0,0.0,0.23829595319356414
2023,nwsl::Football_Player::88c5b077207445b1bba6ff487212c2a2,N. Nadim,n nadim,Gotham FC,Forward,351.0,6,5.0,6.0,1.0,5.0,1,0,0.0,12,6,58.5,70.2,0.8333333333333334,0.16666666666666666,0.6459262820512821,0.25641025641025644,0.0,3.076923076923077,1.5384615384615385,0.0,0.0,0.0,0.0,0.0,0.0,0.0,0.0,0.4228418803418804
2023,nwsl::Football_Player::890aab36584c4278b8a8d11be569aeb4,C. Dunn,c dunn,Gotham FC,Midfielder,1427.0,20,18.0,20.0,2.0,13.0,5,2,0.0,27,20,71.35,79.27777777777777,0.9,0.1,0.8268891448649069,0.4414856341976174,0.0,1.7028731604765242,1.2613875262789067,0.0,0.0,0.0,0.0,0.0,0.0,0.0,0.0,0.4912980028030834
2023,nwsl::Football_Player::891ad63d168c42aebeaeaa7359ec1fb5,Bruninha,bruninha,Gotham FC,Defender,1688.0,20,19.0,20.0,1.0,8.0,2,1,0.0,5,3,84.4,88.84210526315789,0.95,0.05,0.8812426671932596,0.15995260663507108,0.0,0.2665876777251185,0.15995260663507108,0.0,0.0,0.0,0.0,0.0,0.0,0.0,0.0,0.46198815165876783
2023,nwsl::Football_Player::89c6676ce8024165b737f1a59cecb3f0,T. Smith,t smith,Gotham FC,Forward,454.0,8,5.0,8.0,3.0,3.0,1,1,0.0,6,2,56.75,90.8,0.625,0.375,0.558301609153206,0.39647577092511016,0.0,1.1894273127753305,0.39647577092511016,0.0,0.0,0.0,0.0,0.0,0.0,0.0,0.0,0.3960848017621145
2023,nwsl::Football_Player::93a37c67eb684032a353f5855ab93ffc,M. Pluck,m pluck,Gotham FC,Forward,1.0,1,0.0,1.0,1.0,0.0,0,0,0.0,0,0,1.0,0.0,0.0,1.0,0.011027777777777779,0.0,0.0,0.0,0.0,0.0,0.0,0.0,0.0,0.0,0.0,0.0,0.0,0.005
2023,nwsl::Football_Player::95d2c552a83342bc947134ce8db57d56,J. Howell,j howell,Gotham FC,Midfielder,1304.0,16,14.0,16.0,2.0,1.0,0,0,0.0,15,7,81.5,93.14285714285714,0.875,0.125,0.8051461741649625,0.0,0.0,1.0352760736196318,0.4831288343558282,0.0,0.0,0.0,0.0,0.0,0.0,0.0,0.0,0.4333819018404908
2023,nwsl::Football_Player::9f01a50748384942b26d88af25d0803f,S. Guðmundsdóttir,s gumundsdottir,Gotham FC,Forward,151.0,5,2.0,5.0,3.0,2.0,0,0,0.0,0,0,30.2,75.5,0.4,0.6,0.3240388888888889,0.0,0.0,0.0,0.0,0.0,0.0,0.0,0.0,0.0,0.0,0.0,0.0,0.151
2023,nwsl::Football_Player::b75a67d243bf42b1bd2ab3b6114c4518,C. Matthews,c matthews,Gotham FC,Forward,389.0,14,3.0,14.0,11.0,3.0,1,1,0.0,5,2,27.785714285714285,129.66666666666666,0.21428571428571427,0.7857142857142857,0.31824859733953564,0.46272493573264784,0.0,1.1568123393316196,0.46272493573264784,0.0,0.0,0.0,0.0,0.0,0.0,0.0,0.0,0.2642499081894969
2023,nwsl::Football_Player::d1485dcbe6f34e4c9ba927371173260d,R. Lavelle,r lavelle,Gotham FC,Midfielder,552.0,7,6.0,7.0,1.0,3.0,1,2,0.0,10,7,78.85714285714286,92.0,0.8571428571428571,0.14285714285714285,0.737804218426501,0.48913043478260865,0.0,1.6304347826086956,1.141304347826087,0.0,0.0,0.0,0.0,0.0,0.0,0.0,0.0,0.5369487577639751
2023,nwsl::Football_Player::d8991716e33c4d7382309a7866ae9d6c,M. Zerboni,m zerboni,Gotham FC,Midfielder,484.0,16,5.0,16.0,11.0,5.0,0,0,0.0,4,1,30.25,96.8,0.3125,0.6875,0.3701295339761249,0.0,0.0,0.743801652892562,0.1859504132231405,0.0,0.0,0.0,0.0,0.0,0.0,0.0,0.0,0.16984504132231407
2023,nwsl::Football_Player::d8f389524b654b238b386797cb3b1216,Esther González,esther gonzalez,Gotham FC,Forward,592.0,8,6.0,8.0,2.0,3.0,3,0,0.0,14,11,74.0,98.66666666666667,0.75,0.25,0.6807895082582583,0.4560810810810811,0.0,2.1283783783783785,1.6722972972972974,0.0,0.0,0.0,0.0,0.0,0.0,0.0,0.0,0.5182263513513513
2023,nwsl::Football_Player::d9bb4ddad5e34f7b89ab4608dc8277d1,T. Davidson,t davidson,Gotham FC,Defender,1613.0,18,18.0,18.0,0.0,2.0,0,0,0.0,1,0,89.61111111111111,89.61111111111111,1.0,0.0,0.9013373238655064,0.0,0.0,0.05579665220086795,0.0,0.0,0.0,0.0,0.0,0.0,0.0,0.0,0.0,0.44945047186057724
2023,nwsl::Football_Player::d9f63636eae141b9a9fccd6533df3a2b,S. Hogan,s hogan,Gotham FC,Goalkeeper,210.0,2,2.0,2.0,0.0,0.0,0,0,0.0,0,0,105.0,105.0,1.0,0.0,0.7825,0.0,0.0,0.0,0.0,0.0,0.0,0.0,0.0,0.0,0.0,0.0,0.0,0.45
2023,nwsl::Football_Player::eec17bc7b169432bbe407d85c05d41f7,J. Nighswonger,j nighswonger,Gotham FC,Midfielder,1825.0,23,20.0,23.0,3.0,6.0,3,0,0.0,26,11,79.34782608695652,91.25,0.8695652173913043,0.13043478260869565,0.8306573522599431,0.14794520547945206,0.0,1.2821917808219176,0.5424657534246575,0.0,0.0,0.0,0.0,0.0,0.0,0.0,0.0,0.4596158427635498
2023,nwsl::Football_Player::f0b65e91132d452792a90bd80e377f0f,E. Stevens,e stevens,Gotham FC,Forward,1307.0,22,16.0,22.0,6.0,14.0,4,1,0.0,16,8,59.40909090909091,81.6875,0.7272727272727273,0.2727272727272727,0.7017457696706931,0.34429992348890587,0.0,1.1017597551644989,0.5508798775822494,0.0,0.0,0.0,0.0,0.0,0.0,0.0,0.0,0.3963185991514224
2023,nwsl::Football_Player::f1674817643d4409ae98e3f26ec72dc4,M. Freeman,m freeman,Gotham FC,Defender,516.0,10,6.0,10.0,4.0,2.0,0,0,0.0,0,0,51.6,86.0,0.6,0.4,0.5270333333333334,0.0,0.0,0.0,0.0,0.0,0.0,0.0,0.0,0.0,0.0,0.0,0.0,0.258
2023,nwsl::Football_Player::f8682c257fa14a7c862ecccc4b892332,M. Betos,m betos,Gotham FC,Goalkeeper,0.0,0,0.0,0.0,0.0,0.0,0,0,0.0,0,0,0.0,0.0,0.0,0.0,0.0,0.0,0.0,0.0,0.0,0.0,0.0,0.0,0.0,0.0,0.0,0.0,0.0,0.0
2023,nwsl::Football_Player::fdc322f486b94e3a9043aee47c3daf93,N. Martin,n martin,Gotham FC,Defender,1352.0,18,16.0,18.0,2.0,7.0,0,1,0.0,2,0,75.11111111111111,84.5,0.8888888888888888,0.1111111111111111,0.8025548204762948,0.06656804733727811,0.0,0.13313609467455623,0.0,0.0,0.0,0.0,0.0,0.0,0.0,0.0,0.0,0.3927523011176857
2023,nwsl::Football_Player::fed95d382879402f971b73910f1a8e2a,K. Stengel,k stengel,Gotham FC,Forward,441.0,10,5.0,10.0,5.0,2.0,3,0,0.0,6,5,44.1,88.2,0.5,0.5,0.4792994897959184,0.6122448979591836,0.0,1.2244897959183672,1.0204081632653061,0.0,0.0,0.0,0.0,0.0,0.0,0.0,0.0,0.37866326530612243
2023,nwsl::Football_Player::0441c191624b4049911e4bb7d6a3a4a1,D. Ordoñez,d ordonez,Houston Dash,Forward,1332.0,20,15.0,20.0,5.0,8.0,3,0,0.0,25,12,66.6,88.8,0.75,0.25,0.7351189189189189,0.2027027027027027,0.0,1.689189189189189,0.8108108108108107,0.0,0.0,0.0,0.0,0.0,0.0,0.0,0.0,0.41745945945945945
2023,nwsl::Football_Player::0bb3c16212754939b111d70c83644b8e,D. Colaprico,d colaprico,Houston Dash,Midfielder,1826.0,23,22.0,23.0,1.0,12.0,0,1,0.0,5,1,79.3913043478261,83.0,0.9565217391304348,0.043478260869565216,0.8629740649025616,0.04928806133625411,0.0,0.24644030668127054,0.04928806133625411,0.0,0.0,0.0,0.0,0.0,0.0,0.0,0.0,0.4133858755178818
2023,nwsl::Football_Player::0bc0d986844b458592417f6157d1aeb4,C. Westphal,c westphal,Houston Dash,Defender,2057.0,23,23.0,23.0,0.0,2.0,0,4,0.0,5,1,89.43478260869566,89.43478260869566,1.0,0.0,0.9217955379181256,0.1750121536217793,0.0,0.21876519202722414,0.043753038405444825,0.0,0.0,0.0,0.0,0.0,0.0,0.0,0.0,0.48910390818202953
2023,nwsl::Football_Player::22bdee5e6c5840a4891fc6d9abecfbb7,B. Briede,b briede,Houston Dash,Midfielder,253.0,7,2.0,7.0,5.0,2.0,1,0,0.0,3,3,36.142857142857146,126.5,0.2857142857142857,0.7142857142857143,0.32369397390049565,0.3557312252964427,0.0,1.0671936758893281,1.0671936758893281,0.0,0.0,0.0,0.0,0.0,0.0,0.0,0.0,0.28150479954827784
2023,nwsl::Football_Player::22cfe9222bf546a3a44ecd1079b331d1,L. Jennings,l jennings,Houston Dash,Defender,29.0,3,0.0,3.0,3.0,0.0,0,0,0.0,0,0,9.666666666666666,0.0,0.0,1.0,0.05660185185185185,0.0,0.0,0.0,0.0,0.0,0.0,0.0,0.0,0.0,0.0,0.0,0.0,0.04833333333333333
2023,nwsl::Football_Player::27adde6bc4e540c5959718f7e27a1c5e,J. McDonald,j mcdonald,Houston Dash,Forward,255.0,4,4.0,4.0,0.0,4.0,0,0,0.0,4,1,63.75,63.75,1.0,0.0,0.7101899509803922,0.0,0.0,1.4117647058823528,0.3529411764705882,0.0,0.0,0.0,0.0,0.0,0.0,0.0,0.0,0.35404411764705884
2023,nwsl::Football_Player::36b07020f4cf4e35943ba241ccbb8a7d,J. Harris,j harris,Houston Dash,Defender,7.0,1,0.0,1.0,1.0,0.0,0,0,0.0,0,0,7.0,0.0,0.0,1.0,0.03219444444444444,0.0,0.0,0.0,0.0,0.0,0.0,0.0,0.0,0.0,0.0,0.0,0.0,0.035
2023,nwsl::Football_Player::37c762eb698644fa88b9cb94cf4f0940,P. Nielsen,p nielsen,Houston Dash,Defender,1864.0,21,21.0,21.0,0.0,2.0,1,0,0.0,12,3,88.76190476190476,88.76190476190476,1.0,0.0,0.9168138738447216,0.048283261802575105,0.0,0.5793991416309012,0.1448497854077253,0.0,0.0,0.0,0.0,0.0,0.0,0.0,0.0,0.4683535152258328
2023,nwsl::Football_Player::381ab4ec053f477887ce2a052a5cb1e7,C. Soto,c soto,Houston Dash,Defender,741.0,12,8.0,12.0,4.0,1.0,0,0,0.0,1,1,61.75,92.625,0.6666666666666666,0.3333333333333333,0.6082957433648223,0.0,0.0,0.12145748987854252,0.12145748987854252,0.0,0.0,0.0,0.0,0.0,0.0,0.0,0.0,0.3117864372469636
2023,nwsl::Football_Player::3b2af41fd8ff4bea9566c8fed09b8dd0,E. Salmon,e salmon,Houston Dash,Forward,905.0,17,11.0,17.0,6.0,8.0,1,2,0.0,31,18,53.23529411764706,82.27272727272727,0.6470588235294118,0.35294117647058826,0.6273627360704871,0.2983425414364641,0.0,3.0828729281767955,1.7900552486187846,0.0,0.0,0.0,0.0,0.0,0.0,0.0,0.0,0.40540298992525187
2023,nwsl::Football_Player::49aae4605ea74966a31f96dbe5fcb5ac,H. Breslin,h breslin,Houston Dash,Midfielder,0.0,0,0.0,0.0,0.0,0.0,0,0,0.0,0,0,0.0,0.0,0.0,0.0,0.0,0.0,0.0,0.0,0.0,0.0,0.0,0.0,0.0,0.0,0.0,0.0,0.0,0.0
2023,nwsl::Football_Player::55c607b8f8ea48efa308facc28601331,S. Schmidt,s schmidt,Houston Dash,Midfielder,1720.0,20,20.0,20.0,0.0,4.0,0,0,0.0,16,5,86.0,86.0,1.0,0.0,0.9065284237726099,0.0,0.0,0.8372093023255814,0.2616279069767442,0.0,0.0,0.0,0.0,0.0,0.0,0.0,0.0,0.4509302325581396
2023,nwsl::Football_Player::65926eaa2f7f4b17833600561c0ed506,K. Lind,k lind,Houston Dash,Defender,1387.0,17,16.0,17.0,1.0,0.0,0,0,0.0,2,1,81.58823529411765,86.6875,0.9411764705882353,0.058823529411764705,0.8393412370235286,0.0,0.0,0.12977649603460706,0.06488824801730353,0.0,0.0,0.0,0.0,0.0,0.0,0.0,0.0,0.4111855888714534
2023,nwsl::Football_Player::676004a629cb4668972a79f81ed48f2f,R. Gareis,r gareis,Houston Dash,Forward,357.0,12,2.0,12.0,10.0,2.0,0,0,0.0,5,1,29.75,178.5,0.16666666666666666,0.8333333333333334,0.2746782796451914,0.0,0.0,1.2605042016806722,0.25210084033613445,0.0,0.0,0.0,0.0,0.0,0.0,0.0,0.0,0.1802626050420168
2023,nwsl::Football_Player::7b95e77ca5184ed39abbd7481af81fee,A. Chapman,a chapman,Houston Dash,Defender,989.0,12,11.0,12.0,1.0,1.0,0,0,0.0,2,1,82.41666666666667,89.9090909090909,0.9166666666666666,0.08333333333333333,0.7939301927686028,0.0,0.0,0.1820020222446916,0.0910010111223458,0.0,0.0,0.0,0.0,0.0,0.0,0.0,0.0,0.41663338388945065
2023,nwsl::Football_Player::8772001989134074a48629a1110d6b62,M. Alozie,m alozie,Houston Dash,Forward,1013.0,17,13.0,17.0,4.0,10.0,4,1,0.0,23,9,59.588235294117645,77.92307692307692,0.7647058823529411,0.23529411764705882,0.7033766154372245,0.4442250740375123,0.0,2.0434353405725565,0.7996051332675221,0.0,0.0,0.0,0.0,0.0,0.0,0.0,0.0,0.44157395040938385
2023,nwsl::Football_Player::98dcb1c31ca44fd195fa3302144a6140,N. Jacobs,n jacobs,Houston Dash,Defender,1689.0,20,20.0,20.0,0.0,2.0,0,0,0.0,3,0,84.45,84.45,1.0,0.0,0.898520300473653,0.0,0.0,0.15985790408525755,0.0,0.0,0.0,0.0,0.0,0.0,0.0,0.0,0.0,0.42624644760213143
2023,nwsl::Football_Player::9e98c713a7154c928697e3cf043fec63,S. Puntigam,s puntigam,Houston Dash,Midfielder,469.0,6,6.0,6.0,0.0,2.0,0,0,0.0,2,0,78.16666666666667,78.16666666666667,1.0,0.0,0.7721938620390113,0.0,0.0,0.3837953091684435,0.0,0.0,0.0,0.0,0.0,0.0,0.0,0.0,0.0,0.4004282160625444
2023,nwsl::Football_Player::a508823d48c24d818a9b76c99106c143,J. Campbell,j campbell,Houston Dash,Goalkeeper,1942.0,22,22.0,22.0,0.0,0.0,0,0,0.0,0,0,88.27272727272727,88.27272727272727,1.0,0.0,0.9114065656565656,0.0,0.0,0.0,0.0,0.0,0.0,0.0,0.0,0.0,0.0,0.0,0.0,0.44136363636363635
2023,nwsl::Football_Player::ab82ac10b47843f498bd62f0cf827821,K. Hedge,k hedge,Houston Dash,Midfielder,1.0,1,0.0,1.0,1.0,0.0,0,0,0.0,0,0,1.0,0.0,0.0,1.0,0.011027777777777779,0.0,0.0,0.0,0.0,0.0,0.0,0.0,0.0,0.0,0.0,0.0,0.0,0.005
2023,nwsl::Football_Player::b0fe6c1df4fc4afeabe923ab23915632,M. Bright,m bright,Houston Dash,Forward,1379.0,22,16.0,22.0,6.0,14.0,6,0,0.0,31,12,62.68181818181818,86.1875,0.7272727272727273,0.2727272727272727,0.7182244004585375,0.3915881073241479,0.0,2.023205221174764,0.7831762146482958,0.0,0.0,0.0,0.0,0.0,0.0,0.0,0.0,0.44557007713099084
2023,nwsl::Football_Player::b31098033cad49f0b4e19ced007afc4f,Andressa Alves,andressa alves,Houston Dash,Midfielder,309.0,5,4.0,5.0,1.0,4.0,1,0,0.0,9,3,61.8,77.25,0.8,0.2,0.6344487055016181,0.29126213592233013,0.0,2.621359223300971,0.8737864077669903,0.0,0.0,0.0,0.0,0.0,0.0,0.0,0.0,0.43521359223300976
2023,nwsl::Football_Player::be8d34625b5244f1b34e61df67be171a,Y. Nagasato,y nagasato,Houston Dash,Forward,1574.0,19,18.0,19.0,1.0,7.0,3,2,0.0,9,5,82.84210526315789,87.44444444444444,0.9473684210526315,0.05263157894736842,0.8719283681461171,0.2858958068614994,0.0,0.5146124523506989,0.2858958068614994,0.0,0.0,0.0,0.0,0.0,0.0,0.0,0.0,0.486637464054036
2023,nwsl::Football_Player::c0076f9d59514192ab6a1107bfc8493a,A. Smith,a smith,Houston Dash,Goalkeeper,1349.0,15,15.0,15.0,0.0,0.0,0,0,0.0,0,0,89.93333333333334,89.93333333333334,1.0,0.0,0.8797648148148149,0.0,0.0,0.0,0.0,0.0,0.0,0.0,0.0,0.0,0.0,0.0,0.0,0.4496666666666667
2023,nwsl::Football_Player::d05148ce37d348d987bb8f5fa9e20c42,M. Desiano,m desiano,Houston Dash,Defender,20.0,4,0.0,4.0,4.0,0.0,0,0,0.0,1,0,5.0,0.0,0.0,1.0,0.06263888888888888,0.0,0.0,4.5,0.0,0.0,0.0,0.0,0.0,0.0,0.0,0.0,0.0,0.125
2023,nwsl::Football_Player::d814c62705514d3ab343c0798bb924ba,Y. Ryan,y ryan,Houston Dash,Forward,1831.0,24,20.0,24.0,4.0,11.0,2,1,0.0,32,12,76.29166666666667,91.55,0.8333333333333334,0.16666666666666666,0.8046466000920364,0.1474604041507373,0.0,1.5729109776078645,0.5898416166029492,0.0,0.0,0.0,0.0,0.0,0.0,0.0,0.0,0.45150202530493355
2023,nwsl::Football_Player::e03d1965093b4a96b068ea2112bdd6ea,H. Solaun,h solaun,Houston Dash,Midfielder,186.0,9,1.0,9.0,8.0,1.0,0,0,0.0,0,0,20.666666666666668,186.0,0.1111111111111111,0.8888888888888888,0.19040740740740741,0.0,0.0,0.0,0.0,0.0,0.0,0.0,0.0,0.0,0.0,0.0,0.0,0.10333333333333333
2023,nwsl::Football_Player::ec556416f45b48879e56409269f13dcb,D. Sheehan,d sheehan,Houston Dash,Midfielder,1509.0,21,18.0,21.0,3.0,13.0,1,2,0.0,18,5,71.85714285714286,83.83333333333333,0.8571428571428571,0.14285714285714285,0.7988276136829814,0.17892644135188868,0.0,1.0735586481113322,0.29821073558648115,0.0,0.0,0.0,0.0,0.0,0.0,0.0,0.0,0.4234010224368078
2023,nwsl::Football_Player::f4fd1a8c9a7341149822262cb852f703,S. Madden,s madden,Houston Dash,Goalkeeper,0.0,0,0.0,0.0,0.0,0.0,0,0,0.0,0,0,0.0,0.0,0.0,0.0,0.0,0.0,0.0,0.0,0.0,0.0,0.0,0.0,0.0,0.0,0.0,0.0,0.0,0.0
2023,nwsl::Football_Player::f5d8bcd5937c402c91e054d0fe383c71,A. Prisock,a prisock,Houston Dash,Defender,793.0,9,9.0,9.0,0.0,1.0,1,0,0.0,1,1,88.11111111111111,88.11111111111111,1.0,0.0,0.8323086770040322,0.11349306431273644,0.0,0.11349306431273644,0.11349306431273644,0.0,0.0,0.0,0.0,0.0,0.0,0.0,0.0,0.46703727056186073
2023,nwsl::Football_Player::fbe120b3952b43e4a95a632f285ffe38,B. Olivieri,b olivieri,Houston Dash,Midfielder,171.0,7,1.0,7.0,6.0,1.0,0,0,0.0,3,1,24.428571428571427,171.0,0.14285714285714285,0.8571428571428571,0.20888533834586462,0.0,0.0,1.5789473684210527,0.5263157894736842,0.0,0.0,0.0,0.0,0.0,0.0,0.0,0.0,0.16161654135338346
2023,nwsl::Football_Player::11b445f1ef114839a220a412de020d92,E. Johnson,e johnson,NC Courage,Defender,0.0,0,0.0,0.0,0.0,0.0,0,0,0.0,0,0,0.0,0.0,0.0,0.0,0.0,0.0,0.0,0.0,0.0,0.0,0.0,0.0,0.0,0.0,0.0,0.0,0.0,0.0
2023,nwsl::Football_Player::1522f4de375a4ce8bd1a486097a10783,J. Walker,j walker,NC Courage,Defender,440.0,8,5.0,8.0,3.0,2.0,0,0,0.0,1,0,55.0,88.0,0.625,0.375,0.5360448232323233,0.0,0.0,0.20454545454545453,0.0,0.0,0.0,0.0,0.0,0.0,0.0,0.0,0.0,0.2801136363636364
2023,nwsl::Football_Player::276e44ef02f7437d9f67b21fe024373e,H. Stackpole,h stackpole,NC Courage,Midfielder,0.0,0,0.0,0.0,0.0,0.0,0,0,0.0,0,0,0.0,0.0,0.0,0.0,0.0,0.0,0.0,0.0,0.0,0.0,0.0,0.0,0.0,0.0,0.0,0.0,0.0,0.0
2023,nwsl::Football_Player::2c37dfdeef2443cd9bd1e582e1b56a4b,S. Clark,s clark,NC Courage,Defender,0.0,0,0.0,0.0,0.0,0.0,0,0,0.0,0,0,0.0,0.0,0.0,0.0,0.0,0.0,0.0,0.0,0.0,0.0,0.0,0.0,0.0,0.0,0.0,0.0,0.0,0.0
2023,nwsl::Football_Player::336dc7bf1e5642c1a7a4a9fd8973f2a9,B. Pinto,b pinto,NC Courage,Midfielder,397.0,11,3.0,11.0,8.0,2.0,1,0,0.0,9,4,36.09090909090909,132.33333333333334,0.2727272727272727,0.7272727272727273,0.3472834961707758,0.22670025188916876,0.0,2.040302267002519,0.906801007556675,0.0,0.0,0.0,0.0,0.0,0.0,0.0,0.0,0.27869132127318524
2023,nwsl::Football_Player::3eec828b0b624895819419d1e1bc9564,E. Fox,e fox,NC Courage,Defender,1603.0,19,19.0,19.0,0.0,0.0,0,2,0.0,6,2,84.36842105263158,84.36842105263158,1.0,0.0,0.8949053428695465,0.11228945726762321,0.0,0.33686837180286966,0.11228945726762321,0.0,0.0,0.0,0.0,0.0,0.0,0.0,0.0,0.4536574514889845
2023,nwsl::Football_Player::405bbcc7f91848b4a28e72f45ffb7d55,D. Weatherholt,d weatherholt,NC Courage,Midfielder,1448.0,21,15.0,21.0,6.0,3.0,0,1,0.0,8,3,68.95238095238095,96.53333333333333,0.7142857142857143,0.2857142857142857,0.7184842238153702,0.062154696132596686,0.0,0.4972375690607735,0.18646408839779005,0.0,0.0,0.0,0.0,0.0,0.0,0.0,0.0,0.3701417390160484
2023,nwsl::Football_Player::4ad3b3ad9d90407181d76c98bb47e17a,S. Collins,s collins,NC Courage,Defender,194.0,4,2.0,4.0,2.0,0.0,0,0,0.0,0,0,48.5,97.0,0.5,0.5,0.4260972222222222,0.0,0.0,0.0,0.0,0.0,0.0,0.0,0.0,0.0,0.0,0.0,0.0,0.2425
2023,nwsl::Football_Player::572ca1acdb37419a843dafa8e828be66,C. Murphy,c murphy,NC Courage,Goalkeeper,1852.0,21,21.0,21.0,0.0,0.0,0,0,0.0,0,0,88.19047619047619,88.19047619047619,1.0,0.0,0.9111164021164022,0.0,0.0,0.0,0.0,0.0,0.0,0.0,0.0,0.0,0.0,0.0,0.0,0.440952380952381
2023,nwsl::Football_Player::75dd90b34f884be794d7d0a24f71d8d8,O. Wingate,o wingate,NC Courage,Forward,419.0,16,1.0,16.0,15.0,1.0,0,3,0.0,8,7,26.1875,419.0,0.0625,0.9375,0.2670898261402811,0.6443914081145584,0.0,1.7183770883054892,1.503579952267303,0.0,0.0,0.0,0.0,0.0,0.0,0.0,0.0,0.3081451372315036
2023,nwsl::Football_Player::75dea69f305343a2b59c44bcf763445e,T. Lussi,t lussi,NC Courage,Forward,1214.0,20,14.0,20.0,6.0,10.0,6,0,0.0,32,16,60.7,86.71428571428571,0.7,0.3,0.7019326514735493,0.44481054365733114,0.0,2.372322899505766,1.186161449752883,0.0,0.0,0.0,0.0,0.0,0.0,0.0,0.0,0.45547693574958814
2023,nwsl::Football_Player::7c6884c6ccbe4c769d45d5e88896d3f4,M. Gejl,m gejl,NC Courage,Forward,502.0,15,6.0,15.0,9.0,6.0,2,1,0.0,9,6,33.46666666666667,83.66666666666667,0.4,0.6,0.43342152870001477,0.5378486055776893,0.0,1.6135458167330679,1.0756972111553786,0.0,0.0,0.0,0.0,0.0,0.0,0.0,0.0,0.3197237715803454
2023,nwsl::Football_Player::7d02b89717f34590a6998929cdb820e7,N. Smith,n smith,NC Courage,Defender,0.0,0,0.0,0.0,0.0,0.0,0,0,0.0,0,0,0.0,0.0,0.0,0.0,0.0,0.0,0.0,0.0,0.0,0.0,0.0,0.0,0.0,0.0,0.0,0.0,0.0,0.0
2023,nwsl::Football_Player::7d714853d4fc4c0f85fb8bba78806245,C. Schilke,c schilke,NC Courage,Midfielder,91.0,2,1.0,2.0,1.0,1.0,0,0,0.0,2,1,45.5,91.0,0.5,0.5,0.4079314713064713,0.0,0.0,1.978021978021978,0.989010989010989,0.0,0.0,0.0,0.0,0.0,0.0,0.0,0.0,0.2769505494505495
2023,nwsl::Football_Player::81f566b89fa04830b4b1657453e4f818,R. Williams,r williams,NC Courage,Defender,2015.0,23,23.0,23.0,0.0,1.0,0,1,0.0,1,0,87.6086956521739,87.6086956521739,1.0,0.0,0.910627285096079,0.04466501240694789,0.0,0.04466501240694789,0.0,0.0,0.0,0.0,0.0,0.0,0.0,0.0,0.0,0.44846531448915744
2023,nwsl::Football_Player::83a63d95bb174112a29d6a1522912eff,R. Madsen,r madsen,NC Courage,Forward,642.0,17,7.0,17.0,10.0,6.0,1,1,0.0,5,2,37.76470588235294,91.71428571428571,0.4117647058823529,0.5882352941176471,0.45740979475902516,0.2803738317757009,0.0,0.7009345794392523,0.2803738317757009,0.0,0.0,0.0,0.0,0.0,0.0,0.0,0.0,0.2647581088510171
2023,nwsl::Football_Player::85399e003cd149ec991da7c3853143ad,K. Kurtz,k kurtz,NC Courage,Defender,2032.0,23,23.0,23.0,0.0,0.0,0,1,0.0,6,2,88.34782608695652,88.34782608695652,1.0,0.0,0.91405215703336,0.04429133858267716,0.0,0.26574803149606296,0.08858267716535433,0.0,0.0,0.0,0.0,0.0,0.0,0.0,0.0,0.4576101934269086
2023,nwsl::Football_Player::8bc2b0ed38a346f2a782d7236d278aa3,D. O'Sullivan,d o sullivan,NC Courage,Midfielder,1842.0,21,21.0,21.0,0.0,2.0,1,1,0.0,6,1,87.71428571428571,87.71428571428571,1.0,0.0,0.9135896023990486,0.09771986970684039,0.0,0.2931596091205212,0.048859934853420196,0.0,0.0,0.0,0.0,0.0,0.0,0.0,0.0,0.4662587249883667
2023,nwsl::Football_Player::907a57b1c41046b08063e94229484b5e,M. Berkely,m berkely,NC Courage,Defender,1563.0,18,18.0,18.0,0.0,1.0,0,0,0.0,3,2,86.83333333333333,86.83333333333333,1.0,0.0,0.8919764964100377,0.0,0.0,0.1727447216890595,0.11516314779270632,0.0,0.0,0.0,0.0,0.0,0.0,0.0,0.0,0.43848528470889314
2023,nwsl::Football_Player::93a4a0415aad424a9ee97fe93d7ac61a,V. Pickett,v pickett,NC Courage,Midfielder,360.0,13,3.0,13.0,10.0,3.0,1,0,0.0,3,2,27.692307692307693,120.0,0.23076923076923078,0.7692307692307693,0.3096634615384616,0.25,0.0,0.75,0.5,0.0,0.0,0.0,0.0,0.0,0.0,0.0,0.0,0.20929487179487183
2023,nwsl::Football_Player::93ab29167bcd49b1a9d06e29f2cfb3c2,H. Betfort,h betfort,NC Courage,Forward,479.0,11,4.0,11.0,7.0,4.0,2,0,0.0,13,6,43.54545454545455,119.75,0.36363636363636365,0.6363636363636364,0.4206579732607917,0.3757828810020877,0.0,2.44258872651357,1.1273486430062631,0.0,0.0,0.0,0.0,0.0,0.0,0.0,0.0,0.3570800910988803
2023,nwsl::Football_Player::a1626364867445b3b33022e19cac46ff,M. Jordan,m jordan,NC Courage,Goalkeeper,0.0,0,0.0,0.0,0.0,0.0,0,0,0.0,0,0,0.0,0.0,0.0,0.0,0.0,0.0,0.0,0.0,0.0,0.0,0.0,0.0,0.0,0.0,0.0,0.0,0.0,0.0
2023,nwsl::Football_Player::b9b17b0b7e0047048fdd3f970f6068a1,M. Farrow,m farrow,NC Courage,Forward,48.0,2,1.0,2.0,1.0,1.0,0,0,0.0,0,0,24.0,48.0,0.5,0.5,0.3246666666666667,0.0,0.0,0.0,0.0,0.0,0.0,0.0,0.0,0.0,0.0,0.0,0.0,0.12
2023,nwsl::Football_Player::bb0103a05e5f49418ff33df52b8b71b9,M. Matsukubo,m matsukubo,NC Courage,Midfielder,544.0,7,7.0,7.0,0.0,6.0,1,1,0.0,9,5,77.71428571428571,77.71428571428571,1.0,0.0,0.7925824433940243,0.33088235294117646,0.0,1.4889705882352942,0.8272058823529412,0.0,0.0,0.0,0.0,0.0,0.0,0.0,0.0,0.4947295168067227
2023,nwsl::Football_Player::bdb7b2cdedb141dd9ff5cb096ff6d21b,Kerolin,kerolin,NC Courage,Forward,1621.0,19,19.0,19.0,0.0,5.0,10,3,0.0,43,21,85.3157894736842,85.3157894736842,1.0,0.0,0.9249834743913041,0.7217766810610733,0.0,2.3874151758173965,1.165946946329426,0.0,0.0,0.0,0.0,0.0,0.0,0.0,0.0,0.6366344686515796
2023,nwsl::Football_Player::bdf738f813074378b10e977e449699eb,M. Speck,m speck,NC Courage,Midfielder,633.0,10,9.0,10.0,1.0,7.0,1,0,0.0,3,2,63.3,70.33333333333333,0.9,0.1,0.7093509873617693,0.14218009478672985,0.0,0.4265402843601896,0.2843601895734597,0.0,0.0,0.0,0.0,0.0,0.0,0.0,0.0,0.3567843601895735
2023,nwsl::Football_Player::d34c603875494308b83fc6a75c948837,J. Shaw,j shaw,NC Courage,Midfielder,1585.0,23,20.0,23.0,3.0,15.0,6,3,0.0,35,19,68.91304347826087,79.25,0.8695652173913043,0.13043478260869565,0.8078369641414834,0.5110410094637224,0.0,1.9873817034700316,1.0788643533123028,0.0,0.0,0.0,0.0,0.0,0.0,0.0,0.0,0.500716636949664
2023,nwsl::Football_Player::ed7ee4eca97044dd97750b29c3850769,A. Sanchez,a sanchez,NC Courage,Midfielder,1603.0,20,19.0,20.0,1.0,13.0,5,1,0.0,29,18,80.15,84.36842105263158,0.95,0.05,0.8768842647466556,0.33686837180286966,0.0,1.6281971303805367,1.0106051154086089,0.0,0.0,0.0,0.0,0.0,0.0,0.0,0.0,0.5116358390517779
2023,nwsl::Football_Player::0059cd7b8bca47c387145cc443ffede0,C. Cosme,c cosme,Orlando Pride,Defender,360.0,4,4.0,4.0,0.0,0.0,0,0,0.0,1,0,90.0,90.0,1.0,0.0,0.7984375,0.0,0.0,0.25,0.0,0.0,0.0,0.0,0.0,0.0,0.0,0.0,0.0,0.45625
2023,nwsl::Football_Player::021370e22b6846a48f5e988c6f4c9478,Rafaelle,rafaelle,Orlando Pride,Defender,610.0,7,7.0,7.0,0.0,1.0,1,0,0.0,7,4,87.14285714285714,87.14285714285714,1.0,0.0,0.8184042414780119,0.14754098360655737,0.0,1.0327868852459017,0.5901639344262295,0.0,0.0,0.0,0.0,0.0,0.0,0.0,0.0,0.49227166276346607
2023,nwsl::Football_Player::15cbd2b4b39042eeb04d03affb712899,A. Moorhouse,a moorhouse,Orlando Pride,Goalkeeper,1623.0,19,19.0,19.0,0.0,0.0,0,0,0.0,0,0,85.42105263157895,85.42105263157895,1.0,0.0,0.8938464912280701,0.0,0.0,0.0,0.0,0.0,0.0,0.0,0.0,0.0,0.0,0.0,0.0,0.4271052631578947
2023,nwsl::Football_Player::291911cc9bee4a458a8ae94f9b2a9c97,A. Watt,a watt,Orlando Pride,Forward,735.0,19,6.0,19.0,13.0,5.0,1,1,0.0,22,12,38.68421052631579,122.5,0.3157894736842105,0.6842105263157895,0.4388296634443251,0.2448979591836735,0.0,2.6938775510204085,1.469387755102041,0.0,0.0,0.0,0.0,0.0,0.0,0.0,0.0,0.3117883995703545
2023,nwsl::Football_Player::2d5220ee0bf441808654b13a78437aec,M. Montefusco,m montefusco,Orlando Pride,Defender,1102.0,15,12.0,15.0,3.0,0.0,0,0,0.0,2,1,73.46666666666667,91.83333333333333,0.8,0.2,0.7322865967600997,0.0,0.0,0.1633393829401089,0.08166969147005446,0.0,0.0,0.0,0.0,0.0,0.0,0.0,0.0,0.37141681790683606
2023,nwsl::Football_Player::31373d31d5854cffa04d497ba5978cc2,T. Hansen,t hansen,Orlando Pride,Defender,0.0,0,0.0,0.0,0.0,0.0,0,0,0.0,0,0,0.0,0.0,0.0,0.0,0.0,0.0,0.0,0.0,0.0,0.0,0.0,0.0,0.0,0.0,0.0,0.0,0.0,0.0
2023,nwsl::Football_Player::3fa6c6b9fff049ddb7e32f7ea04d33ca,Angelina,angelina,Orlando Pride,Midfielder,33.0,4,0.0,4.0,4.0,0.0,0,0,0.0,0,0,8.25,0.0,0.0,1.0,0.059104166666666666,0.0,0.0,0.0,0.0,0.0,0.0,0.0,0.0,0.0,0.0,0.0,0.0,0.041249999999999995
2023,nwsl::Football_Player::417b9c031c7145eaa41276c98302848d,M. Larroquette,m larroquette,Orlando Pride,Forward,85.0,5,0.0,5.0,5.0,0.0,1,0,0.0,3,1,17.0,0.0,0.0,1.0,0.14247222222222222,1.0588235294117647,0.0,3.1764705882352944,1.0588235294117647,0.0,0.0,0.0,0.0,0.0,0.0,0.0,0.0,0.385
2023,nwsl::Football_Player::45f2625c676148e39a473a33273d0919,Adriana,adriana,Orlando Pride,Forward,1645.0,19,19.0,19.0,0.0,5.0,6,4,0.0,41,25,86.57894736842105,86.57894736842105,1.0,0.0,0.923440405090741,0.547112462006079,0.0,2.243161094224924,1.3677811550151975,0.0,0.0,0.0,0.0,0.0,0.0,0.0,0.0,0.6029555271156615
2023,nwsl::Football_Player::4816242807f44287857af27ce8b3b8f7,J. Listro,j listro,Orlando Pride,Midfielder,561.0,15,7.0,15.0,8.0,6.0,0,0,0.0,1,1,37.4,80.14285714285714,0.4666666666666667,0.5333333333333333,0.4550404931669637,0.0,0.0,0.16042780748663102,0.16042780748663102,0.0,0.0,0.0,0.0,0.0,0.0,0.0,0.0,0.19101069518716576
2023,nwsl::Football_Player::4cb80ed654ff46e8916779187fb88553,J. Doyle,j doyle,Orlando Pride,Midfielder,832.0,16,11.0,16.0,5.0,9.0,2,3,0.0,16,6,52.0,75.63636363636364,0.6875,0.3125,0.6362118723290598,0.5408653846153847,0.0,1.7307692307692308,0.6490384615384616,0.0,0.0,0.0,0.0,0.0,0.0,0.0,0.0,0.4159495192307693
2023,nwsl::Football_Player::514d945291b44c78adaabb4dfbf7ba03,Marta,marta,Orlando Pride,Forward,1445.0,18,17.0,18.0,1.0,8.0,4,4,0.0,21,15,80.27777777777777,85.0,0.9444444444444444,0.05555555555555555,0.8636779390405399,0.4982698961937716,0.0,1.3079584775086504,0.9342560553633217,0.0,0.0,0.0,0.0,0.0,0.0,0.0,0.0,0.5378940792003076
2023,nwsl::Football_Player::521bad7c3a2f49a185c968f9206da5b8,H. McCutcheon,h mccutcheon,Orlando Pride,Defender,1955.0,22,22.0,22.0,0.0,2.0,1,0,0.0,10,4,88.86363636363636,88.86363636363636,1.0,0.0,0.9166561232529903,0.04603580562659847,0.0,0.4603580562659847,0.18414322250639387,0.0,0.0,0.0,0.0,0.0,0.0,0.0,0.0,0.46541792606370613
2023,nwsl::Football_Player::5fc1b3b61f604e8fb3ca8fe5a154cde9,K. Nadaner,k nadaner,Orlando Pride,Defender,1967.0,22,22.0,22.0,0.0,2.0,1,1,0.0,6,1,89.4090909090909,89.4090909090909,1.0,0.0,0.9193045753672978,0.09150991357397052,0.0,0.27452974072191155,0.04575495678698526,0.0,0.0,0.0,0.0,0.0,0.0,0.0,0.0,0.4729732633914129
2023,nwsl::Football_Player::6f1a3b3b9e0447f0aaffa25a360d29ee,C. Pickett,c pickett,Orlando Pride,Defender,1693.0,20,19.0,20.0,1.0,1.0,0,0,0.0,10,5,84.65,89.10526315789474,0.95,0.05,0.8781198915468924,0.0,0.0,0.5316007088009451,0.26580035440047256,0.0,0.0,0.0,0.0,0.0,0.0,0.0,0.0,0.43654001772002365
2023,nwsl::Football_Player::808933e0efb240da834c2ee39cb5ede4,V. Villacorta,v villacorta,Orlando Pride,Midfielder,1106.0,16,13.0,16.0,3.0,5.0,0,1,0.0,2,0,69.125,85.07692307692308,0.8125,0.1875,0.7326358938617641,0.081374321880651,0.0,0.162748643761302,0.0,0.0,0.0,0.0,0.0,0.0,0.0,0.0,0.0,0.3666466998191682
2023,nwsl::Football_Player::8094c154313e47feae1e6aba09c98400,S. Charley,s charley,Orlando Pride,Forward,57.0,2,0.0,2.0,2.0,1.0,0,0,0.0,1,0,28.5,0.0,0.0,1.0,0.1214627192982456,0.0,0.0,1.5789473684210527,0.0,0.0,0.0,0.0,0.0,0.0,0.0,0.0,0.0,0.18197368421052632
2023,nwsl::Football_Player::954ee6ec5efb4fbdb3bbff6fed8efe0c,B. Martinez,b martinez,Orlando Pride,Defender,49.0,8,0.0,8.0,8.0,0.0,0,0,0.0,0,0,6.125,0.0,0.0,1.0,0.08160763888888888,0.0,0.0,0.0,0.0,0.0,0.0,0.0,0.0,0.0,0.0,0.0,0.0,0.030625
2023,nwsl::Football_Player::a0afe0dd22bc4b4eb895446288d523c8,A. Allen,a allen,Orlando Pride,Forward,9.0,3,0.0,3.0,3.0,0.0,0,0,0.0,0,0,3.0,0.0,0.0,1.0,0.03308333333333333,0.0,0.0,0.0,0.0,0.0,0.0,0.0,0.0,0.0,0.0,0.0,0.0,0.015
2023,nwsl::Football_Player::a79161648fb0412187766de7176ab440,K. Abello,k abello,Orlando Pride,Defender,1256.0,20,14.0,20.0,6.0,8.0,1,0,0.0,22,12,62.8,89.71428571428571,0.7,0.3,0.6946953202406229,0.07165605095541401,0.0,1.5764331210191083,0.8598726114649682,0.0,0.0,0.0,0.0,0.0,0.0,0.0,0.0,0.3683391719745224
2023,nwsl::Football_Player::b5693dcd2cea4a95869dd75c50ec0337,H. Bugeja,h bugeja,Orlando Pride,Forward,23.0,1,0.0,1.0,1.0,0.0,0,0,0.0,0,0,23.0,0.0,0.0,1.0,0.08863888888888889,0.0,0.0,0.0,0.0,0.0,0.0,0.0,0.0,0.0,0.0,0.0,0.0,0.11499999999999999
2023,nwsl::Football_Player::df726efdf4734dd78215814f4aa32805,M. Morris,m morris,Orlando Pride,Forward,0.0,0,0.0,0.0,0.0,0.0,0,0,0.0,0,0,0.0,0.0,0.0,0.0,0.0,0.0,0.0,0.0,0.0,0.0,0.0,0.0,0.0,0.0,0.0,0.0,0.0,0.0
2023,nwsl::Football_Player::e5a3db641a464aeb80ec6400acc540ef,Celia Jiménez,celia jimenez,Orlando Pride,Defender,193.0,8,1.0,8.0,7.0,1.0,0,0,0.0,1,1,24.125,193.0,0.125,0.875,0.20310634355210133,0.0,0.0,0.46632124352331605,0.46632124352331605,0.0,0.0,0.0,0.0,0.0,0.0,0.0,0.0,0.1322830310880829
2023,nwsl::Football_Player::f225dce81f0f4e28ae0ba7e09bb1e601,S. Yates,s yates,Orlando Pride,Forward,108.0,10,0.0,10.0,10.0,0.0,0,0,0.0,3,0,10.8,0.0,0.0,1.0,0.122475,0.0,0.0,2.5,0.0,0.0,0.0,0.0,0.0,0.0,0.0,0.0,0.0,0.11649999999999999
2023,nwsl::Football_Player::f3a1675054684f099f9675ac9cf04f19,M. Gautrat,m gautrat,Orlando Pride,Midfielder,239.0,5,4.0,5.0,1.0,4.0,0,0,0.0,2,0,47.8,59.75,0.8,0.2,0.5689520455602046,0.0,0.0,0.7531380753138076,0.0,0.0,0.0,0.0,0.0,0.0,0.0,0.0,0.0,0.2578284518828452
2023,nwsl::Football_Player::f3c52a160fb64cba878971b93e178183,M. Crone,m crone,Orlando Pride,Goalkeeper,0.0,0,0.0,0.0,0.0,0.0,0,0,0.0,0,0,0.0,0.0,0.0,0.0,0.0,0.0,0.0,0.0,0.0,0.0,0.0,0.0,0.0,0.0,0.0,0.0,0.0,0.0
2023,nwsl::Football_Player::f6e70e78eafa4a1cad53d8dfad0bb0e6,Thais Reiss,thais reiss,Orlando Pride,Forward,0.0,0,0.0,0.0,0.0,0.0,0,0,0.0,0,0,0.0,0.0,0.0,0.0,0.0,0.0,0.0,0.0,0.0,0.0,0.0,0.0,0.0,0.0,0.0,0.0,0.0,0.0
2023,nwsl::Football_Player::ff16e70c73b943e38662bc6d895edb92,E. Sams,e sams,Orlando Pride,Defender,1977.0,22,22.0,22.0,0.0,1.0,0,0,0.0,1,0,89.86363636363636,89.86363636363636,1.0,0.0,0.9171896525957604,0.0,0.0,0.045523520485584223,0.0,0.0,0.0,0.0,0.0,0.0,0.0,0.0,0.0,0.45045626983032144
2023,nwsl::Football_Player::1d6b68a589b7447ba01db14007a7043b,M. Sheva,m sheva,Portland Thorns,Midfielder,264.0,10,2.0,10.0,8.0,3.0,0,0,0.0,0,0,26.4,132.0,0.2,0.8,0.2581333333333333,0.0,0.0,0.0,0.0,0.0,0.0,0.0,0.0,0.0,0.0,0.0,0.0,0.132
2023,nwsl::Football_Player::2257efccf0f246d7a3943fdf31185577,M. Weaver,m weaver,Portland Thorns,Midfielder,1905.0,23,23.0,23.0,0.0,12.0,7,4,0.0,49,25,82.82608695652173,82.82608695652173,1.0,0.0,0.9171132888280269,0.5196850393700787,0.0,2.3149606299212597,1.1811023622047243,0.0,0.0,0.0,0.0,0.0,0.0,0.0,0.0,0.5802721670660733
2023,nwsl::Football_Player::3b2ed4629dc04872a822d4ab9b86ed54,I. Dehakiz,i dehakiz,Portland Thorns,Midfielder,0.0,0,0.0,0.0,0.0,0.0,0,0,0.0,0,0,0.0,0.0,0.0,0.0,0.0,0.0,0.0,0.0,0.0,0.0,0.0,0.0,0.0,0.0,0.0,0.0,0.0,0.0
2023,nwsl::Football_Player::40a07c6e4fd74acd864ee7f812351843,S. Wilson,s wilson,Portland Thorns,Forward,1283.0,18,14.0,18.0,4.0,5.0,11,5,0.0,60,39,71.27777777777777,91.64285714285714,0.7777777777777778,0.2222222222222222,0.7865262057003743,1.1223694466095089,0.0,4.208885424785659,2.735775526110678,0.0,0.0,0.0,0.0,0.0,0.0,0.0,0.0,0.6902158569325365
2023,nwsl::Football_Player::568564ac8f3547abaa1771d92b41e021,E. Alvarado,e alvarado,Portland Thorns,Goalkeeper,0.0,0,0.0,0.0,0.0,0.0,0,0,0.0,0,0,0.0,0.0,0.0,0.0,0.0,0.0,0.0,0.0,0.0,0.0,0.0,0.0,0.0,0.0,0.0,0.0,0.0,0.0
2023,nwsl::Football_Player::5a6f7e6db998474394142dcde118b954,C. Sinclair,c sinclair,Portland Thorns,Forward,1037.0,20,13.0,20.0,7.0,11.0,3,1,0.0,20,10,51.85,79.76923076923077,0.65,0.35,0.6427730405550199,0.3471552555448409,0.0,1.7357762777242045,0.8678881388621023,0.0,0.0,0.0,0.0,0.0,0.0,0.0,0.0,0.374968418514947
2023,nwsl::Football_Player::63930b6af7c94ec3bd5980802a154971,H. Sugita,h sugita,Portland Thorns,Midfielder,1372.0,19,16.0,19.0,3.0,9.0,6,3,0.0,24,12,72.21052631578948,85.75,0.8421052631578947,0.15789473684210525,0.8005431925903194,0.5903790087463557,0.0,1.5743440233236152,0.7871720116618076,0.0,0.0,0.0,0.0,0.0,0.0,0.0,0.0,0.5234068589841951
2023,nwsl::Football_Player::75b2aac187ab4582adffc92012a56c2f,T. McGrady,t mcgrady,Portland Thorns,Defender,0.0,0,0.0,0.0,0.0,0.0,0,0,0.0,0,0,0.0,0.0,0.0,0.0,0.0,0.0,0.0,0.0,0.0,0.0,0.0,0.0,0.0,0.0,0.0,0.0,0.0,0.0
2023,nwsl::Football_Player::77813063ee734e79bf875d773ad08fca,T. Porter,t porter,Portland Thorns,Midfielder,195.0,7,1.0,7.0,6.0,1.0,0,0,0.0,2,0,27.857142857142858,195.0,0.14285714285714285,0.8571428571428571,0.21852106227106227,0.0,0.0,0.9230769230769231,0.0,0.0,0.0,0.0,0.0,0.0,0.0,0.0,0.0,0.16236263736263737
2023,nwsl::Football_Player::846a35edb5f1464c9dcbc780ee1aade9,M. Nally,m nally,Portland Thorns,Defender,415.0,9,3.0,9.0,6.0,1.0,0,0,0.0,1,0,46.111111111111114,138.33333333333334,0.3333333333333333,0.6666666666666666,0.38098300609846797,0.0,0.0,0.2168674698795181,0.0,0.0,0.0,0.0,0.0,0.0,0.0,0.0,0.0,0.23597724230254355
2023,nwsl::Football_Player::84b30914edbb45ddb082f69074fb818a,B. Bixby,b bixby,Portland Thorns,Goalkeeper,1890.0,21,21.0,21.0,0.0,0.0,1,0,0.0,1,1,90.0,90.0,1.0,0.0,0.9191666666666667,0.047619047619047616,0.0,0.047619047619047616,0.047619047619047616,0.0,0.0,0.0,0.0,0.0,0.0,0.0,0.0,0.46111111111111114
2023,nwsl::Football_Player::862f82d43a1943c0b7eba7d7983a2c73,B. Sauerbrunn,b sauerbrunn,Portland Thorns,Defender,671.0,10,9.0,10.0,1.0,6.0,0,0,0.0,3,0,67.1,74.55555555555556,0.9,0.1,0.7182228307666833,0.0,0.0,0.40238450074515647,0.0,0.0,0.0,0.0,0.0,0.0,0.0,0.0,0.0,0.34555961251862893
2023,nwsl::Football_Player::8db3e5d0e2ae49d393de38c15744f7b2,S. Coffey,s coffey,Portland Thorns,Midfielder,2080.0,23,23.0,23.0,0.0,1.0,0,8,0.0,8,2,90.43478260869566,90.43478260869566,1.0,0.0,0.9296153846153846,0.34615384615384615,0.0,0.34615384615384615,0.08653846153846154,0.0,0.0,0.0,0.0,0.0,0.0,0.0,0.0,0.5307692307692308
2023,nwsl::Football_Player::96023ccc28b8407aaba446d305f51110,G. Provenzano,g provenzano,Portland Thorns,Midfielder,0.0,0,0.0,0.0,0.0,0.0,0,0,0.0,0,0,0.0,0.0,0.0,0.0,0.0,0.0,0.0,0.0,0.0,0.0,0.0,0.0,0.0,0.0,0.0,0.0,0.0,0.0
2023,nwsl::Football_Player::96cc9fe3c23b49cf9fa5125c50781437,M. Klingenberg,m klingenberg,Portland Thorns,Defender,1714.0,21,21.0,21.0,0.0,10.0,0,3,0.0,7,2,81.61904761904762,81.61904761904762,1.0,0.0,0.8942349126088917,0.15752625437572929,0.0,0.367561260210035,0.10501750291715287,0.0,0.0,0.0,0.0,0.0,0.0,0.0,0.0,0.4501022392620992
2023,nwsl::Football_Player::9e8675e156584399ae5db62a90c9dd8b,N. Beckman,n beckman,Portland Thorns,Midfielder,12.0,1,0.0,1.0,1.0,0.0,0,0,0.0,0,0,12.0,0.0,0.0,1.0,0.049833333333333334,0.0,0.0,0.0,0.0,0.0,0.0,0.0,0.0,0.0,0.0,0.0,0.0,0.06
2023,nwsl::Football_Player::aa256aeb38a8454589438798a521ae12,S. Hiatt,s hiatt,Portland Thorns,Defender,1391.0,16,16.0,16.0,0.0,2.0,0,0,0.0,4,1,86.9375,86.9375,1.0,0.0,0.8776667053578562,0.0,0.0,0.2588066139468009,0.06470165348670022,0.0,0.0,0.0,0.0,0.0,0.0,0.0,0.0,0.44115766534867
2023,nwsl::Football_Player::b3694f662f1d4c5cb26167b52c151b3a,L. Kozal,l kozal,Portland Thorns,Goalkeeper,0.0,0,0.0,0.0,0.0,0.0,0,0,0.0,0,0,0.0,0.0,0.0,0.0,0.0,0.0,0.0,0.0,0.0,0.0,0.0,0.0,0.0,0.0,0.0,0.0,0.0,0.0
2023,nwsl::Football_Player::b936d03963c947e7a137521ff4f578b3,R. Reyes,r reyes,Portland Thorns,Defender,765.0,20,6.0,20.0,14.0,2.0,1,0,0.0,3,2,38.25,127.5,0.3,0.7,0.42493749999999997,0.11764705882352941,0.0,0.35294117647058826,0.23529411764705882,0.0,0.0,0.0,0.0,0.0,0.0,0.0,0.0,0.22458333333333333
2023,nwsl::Football_Player::c65ff845898c4647b33d0f1aea37cde1,I. D'Aquila,i d aquila,Portland Thorns,Forward,336.0,15,2.0,15.0,13.0,1.0,0,0,0.0,12,4,22.4,168.0,0.13333333333333333,0.8666666666666667,0.26357579365079364,0.0,0.0,3.2142857142857144,1.0714285714285714,0.0,0.0,0.0,0.0,0.0,0.0,0.0,0.0,0.19235714285714287
2023,nwsl::Football_Player::d3604565414e47e4a33ee030ee97ea87,K. Morrison,k morrison,Portland Thorns,Defender,0.0,0,0.0,0.0,0.0,0.0,0,0,0.0,0,0,0.0,0.0,0.0,0.0,0.0,0.0,0.0,0.0,0.0,0.0,0.0,0.0,0.0,0.0,0.0,0.0,0.0,0.0
2023,nwsl::Football_Player::d5c841dcdea54696979eda5b6d0fbdb6,A. Spaanstra,a spaanstra,Portland Thorns,Forward,529.0,15,5.0,15.0,10.0,5.0,2,1,0.0,10,5,35.266666666666666,105.8,0.3333333333333333,0.6666666666666666,0.4092428306378212,0.5103969754253308,0.0,1.7013232514177692,0.8506616257088846,0.0,0.0,0.0,0.0,0.0,0.0,0.0,0.0,0.3251991178323882
2023,nwsl::Football_Player::e36d5228fd7541d394bb2df04fded14f,O. Moultrie,o moultrie,Portland Thorns,Midfielder,1205.0,22,12.0,22.0,10.0,8.0,2,3,0.0,24,13,54.77272727272727,100.41666666666667,0.5454545454545454,0.45454545454545453,0.6070726717381282,0.37344398340248963,0.0,1.79253112033195,0.970954356846473,0.0,0.0,0.0,0.0,0.0,0.0,0.0,0.0,0.3964777442474538
2023,nwsl::Football_Player::faf778a5cecc4e5e995574a0ba47a808,S. Hirst,s hirst,Portland Thorns,Midfielder,632.0,12,8.0,12.0,4.0,6.0,1,0,0.0,2,2,52.666666666666664,79.0,0.6666666666666666,0.3333333333333333,0.5813144924988279,0.14240506329113925,0.0,0.2848101265822785,0.2848101265822785,0.0,0.0,0.0,0.0,0.0,0.0,0.0,0.0,0.3001213080168776
2023,nwsl::Football_Player::07ac3b4737124589a9c92f64020c3507,P. Goins,p goins,Racing Louisville,Forward,131.0,10,0.0,10.0,10.0,0.0,1,0,0.0,4,2,13.1,0.0,0.0,1.0,0.15298869804919424,0.6870229007633588,0.0,2.7480916030534353,1.3740458015267176,0.0,0.0,0.0,0.0,0.0,0.0,0.0,0.0,0.27733206106870234
2023,nwsl::Football_Player::133304d476e84b6cbc5409243d94af4a,T. Flint,t flint,Racing Louisville,Midfielder,678.0,17,6.0,17.0,11.0,5.0,1,0,0.0,17,8,39.88235294117647,113.0,0.35294117647058826,0.6470588235294118,0.43963022731216383,0.13274336283185842,0.0,2.256637168141593,1.0619469026548674,0.0,0.0,0.0,0.0,0.0,0.0,0.0,0.0,0.28348256116605935
2023,nwsl::Football_Player::179c4f3ba6b844a6b1a7baabb09972bb,T. Aylmer,t aylmer,Racing Louisville,Midfielder,93.0,2,1.0,2.0,1.0,0.0,0,0,0.0,0,0,46.5,93.0,0.5,0.5,0.4040416666666667,0.0,0.0,0.0,0.0,0.0,0.0,0.0,0.0,0.0,0.0,0.0,0.0,0.23250000000000004
2023,nwsl::Football_Player::23ce38b9dd0049b59a8ac2321fb8710f,M. DiGrande,m digrande,Racing Louisville,Midfielder,1306.0,20,14.0,20.0,6.0,5.0,0,0,0.0,15,6,65.3,93.28571428571429,0.7,0.3,0.699240228858261,0.0,0.0,1.0336906584992342,0.41347626339969373,0.0,0.0,0.0,0.0,0.0,0.0,0.0,0.0,0.35234226646248085
2023,nwsl::Football_Player::246a5773039447a9aa48ead166b1f174,S. DeMelo,s demelo,Racing Louisville,Midfielder,1588.0,18,18.0,18.0,0.0,4.0,5,2,0.0,37,14,88.22222222222223,88.22222222222223,1.0,0.0,0.9164897300743229,0.3967254408060453,0.0,2.096977329974811,0.7934508816120907,0.0,0.0,0.0,0.0,0.0,0.0,0.0,0.0,0.5761866778617408
2023,nwsl::Football_Player::2b1dd3812dc04c7c8f3cdd0b7bae1d4f,L. Milliet,l milliet,Racing Louisville,Midfielder,1980.0,22,22.0,22.0,0.0,0.0,0,2,0.0,3,3,90.0,90.0,1.0,0.0,0.9208522727272727,0.09090909090909091,0.0,0.13636363636363635,0.13636363636363635,0.0,0.0,0.0,0.0,0.0,0.0,0.0,0.0,0.47234848484848485
2023,nwsl::Football_Player::319f1a2e10454f3c96302ee56ece8ca5,Wang Shuang,wang shuang,Racing Louisville,Midfielder,1311.0,18,17.0,18.0,1.0,16.0,2,2,0.0,18,9,72.83333333333333,77.11764705882354,0.9444444444444444,0.05555555555555555,0.8301549177896431,0.2745995423340961,0.0,1.2356979405034325,0.6178489702517163,0.0,0.0,0.0,0.0,0.0,0.0,0.0,0.0,0.45226735316552247
2023,nwsl::Football_Player::37b2954c23e341edba7532f9a1dbfcd6,Z. Wyne,z wyne,Racing Louisville,Midfielder,11.0,1,0.0,1.0,1.0,0.0,0,0,0.0,0,0,11.0,0.0,0.0,1.0,0.04630555555555555,0.0,0.0,0.0,0.0,0.0,0.0,0.0,0.0,0.0,0.0,0.0,0.0,0.055
2023,nwsl::Football_Player::3b960ea4fb40463695905d6c8a07383e,J. Bloomer,j bloomer,Racing Louisville,Goalkeeper,0.0,0,0.0,0.0,0.0,0.0,0,0,0.0,0,0,0.0,0.0,0.0,0.0,0.0,0.0,0.0,0.0,0.0,0.0,0.0,0.0,0.0,0.0,0.0,0.0,0.0,0.0
2023,nwsl::Football_Player::3ffa26b77f1e4a37a7d57eae2c3dde41,R. Parker,r parker,Racing Louisville,Forward,0.0,0,0.0,0.0,0.0,0.0,0,0,0.0,0,0,0.0,0.0,0.0,0.0,0.0,0.0,0.0,0.0,0.0,0.0,0.0,0.0,0.0,0.0,0.0,0.0,0.0,0.0
2023,nwsl::Football_Player::5c1e1c261d6a4a349b24573eaed3bf49,C. Petersen,c petersen,Racing Louisville,Defender,562.0,13,6.0,13.0,7.0,3.0,0,0,0.0,3,0,43.23076923076923,93.66666666666667,0.46153846153846156,0.5384615384615384,0.4595024561243422,0.0,0.0,0.4804270462633452,0.0,0.0,0.0,0.0,0.0,0.0,0.0,0.0,0.0,0.2281645223104298
2023,nwsl::Football_Player::76cb19f0876b4ae7b1bcd2cc804d8709,O. Sekany,o sekany,Racing Louisville,Goalkeeper,0.0,0,0.0,0.0,0.0,0.0,0,0,0.0,0,0,0.0,0.0,0.0,0.0,0.0,0.0,0.0,0.0,0.0,0.0,0.0,0.0,0.0,0.0,0.0,0.0,0.0,0.0
2023,nwsl::Football_Player::7cf959e060cf44b9afda98c1b3c893d9,K. Lund,k lund,Racing Louisville,Goalkeeper,1980.0,22,22.0,22.0,0.0,0.0,0,0,0.0,0,0,90.0,90.0,1.0,0.0,0.9175,0.0,0.0,0.0,0.0,0.0,0.0,0.0,0.0,0.0,0.0,0.0,0.0,0.45
2023,nwsl::Football_Player::80578bb876844892bf7fa6822bdb89b3,K. Fischer,k fischer,Racing Louisville,Midfielder,460.0,10,5.0,10.0,5.0,4.0,0,1,0.0,10,3,46.0,92.0,0.5,0.5,0.4757288647342995,0.1956521739130435,0.0,1.956521739130435,0.5869565217391305,0.0,0.0,0.0,0.0,0.0,0.0,0.0,0.0,0.31967391304347825
2023,nwsl::Football_Player::881ea4450d764030a914d1ebbd6bcdd0,E. Pikkujämsä,e pikkujamsa,Racing Louisville,Defender,1242.0,18,15.0,18.0,3.0,5.0,1,0,0.0,4,2,69.0,82.8,0.8333333333333334,0.16666666666666666,0.756768115942029,0.07246376811594203,0.0,0.2898550724637681,0.14492753623188406,0.0,0.0,0.0,0.0,0.0,0.0,0.0,0.0,0.36734299516908214
2023,nwsl::Football_Player::89fc194b815b47cfaa9e9fd9f5e0a583,A. Chidiac,a chidiac,Racing Louisville,Midfielder,133.0,8,0.0,8.0,8.0,0.0,0,0,0.0,1,1,16.625,0.0,0.0,1.0,0.12118689954051796,0.0,0.0,0.6766917293233082,0.6766917293233082,0.0,0.0,0.0,0.0,0.0,0.0,0.0,0.0,0.10004229323308271
2023,nwsl::Football_Player::8f646310f20a489f84c92d5c4b831d1b,Ary Borges,ary borges,Racing Louisville,Midfielder,1459.0,18,17.0,18.0,1.0,6.0,1,0,0.0,23,10,81.05555555555556,85.82352941176471,0.9444444444444444,0.05555555555555555,0.8531941028016823,0.0616860863605209,0.0,1.4187799862919808,0.616860863605209,0.0,0.0,0.0,0.0,0.0,0.0,0.0,0.0,0.45359854542685246
2023,nwsl::Football_Player::98099ed9a2914e1baaef075e557ea281,S. Murray,s murray,Racing Louisville,Defender,0.0,0,0.0,0.0,0.0,0.0,0,0,0.0,0,0,0.0,0.0,0.0,0.0,0.0,0.0,0.0,0.0,0.0,0.0,0.0,0.0,0.0,0.0,0.0,0.0,0.0,0.0
2023,nwsl::Football_Player::9f1259fd8ae04a44832edee67142bc05,M. Pokorny,m pokorny,Racing Louisville,Midfielder,246.0,8,1.0,8.0,7.0,1.0,0,1,0.0,5,2,30.75,246.0,0.125,0.875,0.24302184959349593,0.36585365853658536,0.0,1.829268292682927,0.7317073170731707,0.0,0.0,0.0,0.0,0.0,0.0,0.0,0.0,0.2757012195121951
2023,nwsl::Football_Player::b7061dc8d2be430092a6ddcad6cfa15b,R. Holloway,r holloway,Racing Louisville,Defender,578.0,9,5.0,9.0,4.0,1.0,0,1,0.0,0,0,64.22222222222223,115.6,0.5555555555555556,0.4444444444444444,0.5489276453500791,0.15570934256055363,0.0,0.0,0.0,0.0,0.0,0.0,0.0,0.0,0.0,0.0,0.0,0.35355055747789316
2023,nwsl::Football_Player::bffaff3221e0434c85b91e1b35055d0c,K. Wright,k wright,Racing Louisville,Forward,1212.0,21,15.0,21.0,6.0,15.0,4,1,0.0,27,13,57.714285714285715,80.8,0.7142857142857143,0.2857142857142857,0.694153033160459,0.3712871287128713,0.0,2.004950495049505,0.9653465346534653,0.0,0.0,0.0,0.0,0.0,0.0,0.0,0.0,0.41604667609618107
2023,nwsl::Football_Player::c8f867ab54e845239e4bf43547443cdc,J. Baggett,j baggett,Racing Louisville,Midfielder,246.0,11,2.0,11.0,9.0,0.0,1,0,0.0,1,1,22.363636363636363,123.0,0.18181818181818182,0.8181818181818182,0.2560169992609017,0.36585365853658536,0.0,0.36585365853658536,0.36585365853658536,0.0,0.0,0.0,0.0,0.0,0.0,0.0,0.0,0.19718403547671842
2023,nwsl::Football_Player::ca7d4b1ca032426197a0113cbc931fc5,A. Erceg,a erceg,Racing Louisville,Defender,1980.0,22,22.0,22.0,0.0,0.0,2,0,0.0,13,7,90.0,90.0,1.0,0.0,0.9225568181818181,0.09090909090909091,0.0,0.5909090909090909,0.3181818181818182,0.0,0.0,0.0,0.0,0.0,0.0,0.0,0.0,0.4837121212121212
2023,nwsl::Football_Player::d8d8b016d3be4e678ab517c128baefbf,U. Kanu,u kanu,Racing Louisville,Forward,486.0,16,4.0,16.0,12.0,4.0,0,0,0.0,13,6,30.375,121.5,0.25,0.75,0.3486840277777778,0.0,0.0,2.4074074074074074,1.111111111111111,0.0,0.0,0.0,0.0,0.0,0.0,0.0,0.0,0.2120601851851852
2023,nwsl::Football_Player::df60b4341c11492ab396c85a121dd302,A. Wright,a wright,Racing Louisville,Defender,1588.0,20,19.0,20.0,1.0,5.0,1,0,0.0,9,4,79.4,83.57894736842105,0.95,0.05,0.8612894346487546,0.05667506297229219,0.0,0.5100755667506297,0.22670025188916876,0.0,0.0,0.0,0.0,0.0,0.0,0.0,0.0,0.42155919395465996
2023,nwsl::Football_Player::e0a407a396b94362806b642667a930cc,E. Ekić,e ekic,Racing Louisville,Forward,4.0,4,0.0,4.0,4.0,0.0,0,0,0.0,1,0,1.0,0.0,0.0,1.0,0.048527777777777774,0.0,0.0,22.5,0.0,0.0,0.0,0.0,0.0,0.0,0.0,0.0,0.0,0.10500000000000001
2023,nwsl::Football_Player::f944dbf34fc14b0895cdfa68155404bb,E. Jean,e jean,Racing Louisville,Defender,958.0,16,10.0,16.0,6.0,4.0,0,0,0.0,0,0,59.875,95.8,0.625,0.375,0.6124756944444445,0.0,0.0,0.0,0.0,0.0,0.0,0.0,0.0,0.0,0.0,0.0,0.0,0.299375
2023,nwsl::Football_Player::ffba3a1b23c24750805ee8ef67bccd4c,B. Balcer,b balcer,Racing Louisville,Forward,1522.0,25,19.0,25.0,6.0,15.0,6,2,0.0,32,15,60.88,80.10526315789474,0.76,0.24,0.7286502175500074,0.47306176084099866,0.0,1.8922470433639946,0.8869908015768725,0.0,0.0,0.0,0.0,0.0,0.0,0.0,0.0,0.45026070959264125
2023,nwsl::Football_Player::0b7dc204715446a4840b8b7ab0656d94,V. Latsko,v latsko,Reign,Forward,1307.0,21,13.0,21.0,8.0,8.0,6,2,0.0,20,10,62.23809523809524,100.53846153846153,0.6190476190476191,0.38095238095238093,0.6705130929103768,0.5508798775822494,0.0,1.3771996939556235,0.6885998469778117,0.0,0.0,0.0,0.0,0.0,0.0,0.0,0.0,0.46038710970233543
2023,nwsl::Football_Player::0f93689de469461794839aa64ece8f04,O. Van der Jagt,o van der jagt,Reign,Midfielder,1086.0,19,12.0,19.0,7.0,6.0,1,0,0.0,5,3,57.1578947368421,90.5,0.631578947368421,0.3684210526315789,0.6324945236018222,0.08287292817679558,0.0,0.4143646408839779,0.24861878453038674,0.0,0.0,0.0,0.0,0.0,0.0,0.0,0.0,0.3134137830764757
2023,nwsl::Football_Player::11d46d5467b34e508066d1752bd39845,N. Viggiano,n viggiano,Reign,Forward,0.0,0,0.0,0.0,0.0,0.0,0,0,0.0,0,0,0.0,0.0,0.0,0.0,0.0,0.0,0.0,0.0,0.0,0.0,0.0,0.0,0.0,0.0,0.0,0.0,0.0,0.0
2023,nwsl::Football_Player::18da373c52cb493c82f75b92dbb2299d,Luany,luany,Reign,Forward,0.0,0,0.0,0.0,0.0,0.0,0,0,0.0,0,0,0.0,0.0,0.0,0.0,0.0,0.0,0.0,0.0,0.0,0.0,0.0,0.0,0.0,0.0,0.0,0.0,0.0,0.0
2023,nwsl::Football_Player::1ba6539b8bae4c74add5dcd2b9be47aa,M. Rapinoe,m rapinoe,Reign,Forward,1195.0,18,15.0,18.0,3.0,10.0,4,5,0.0,33,18,66.38888888888889,79.66666666666667,0.8333333333333334,0.16666666666666666,0.7747073389637894,0.6778242677824268,0.0,2.4853556485355646,1.3556485355648535,0.0,0.0,0.0,0.0,0.0,0.0,0.0,0.0,0.5352917247791724
2023,nwsl::Football_Player::2db377b4881246c0acb0d3bc1b8c4696,Quinn,quinn,Reign,Midfielder,875.0,18,10.0,18.0,8.0,8.0,1,2,0.0,3,1,48.611111111111114,87.5,0.5555555555555556,0.4444444444444444,0.5672891975308642,0.3085714285714286,0.0,0.3085714285714286,0.10285714285714287,0.0,0.0,0.0,0.0,0.0,0.0,0.0,0.0,0.3150555555555556
2023,nwsl::Football_Player::3bc373314f634a4aad24e6ecb5847dde,R. Brown,r brown,Reign,Defender,334.0,11,4.0,11.0,7.0,4.0,0,0,0.0,0,0,30.363636363636363,83.5,0.36363636363636365,0.6363636363636364,0.35325252525252526,0.0,0.0,0.0,0.0,0.0,0.0,0.0,0.0,0.0,0.0,0.0,0.0,0.15181818181818182
2023,nwsl::Football_Player::3d7fa6dd511f4628bc8d8784ab7574fd,C. Miller,c miller,Reign,Goalkeeper,900.0,10,10.0,10.0,0.0,0.0,0,0,0.0,0,0,90.0,90.0,1.0,0.0,0.8424999999999999,0.0,0.0,0.0,0.0,0.0,0.0,0.0,0.0,0.0,0.0,0.0,0.0,0.45
2023,nwsl::Football_Player::443cefb274fa4bf8858e26051786d10e,S. Holmes,s holmes,Reign,Defender,222.0,5,2.0,5.0,3.0,1.0,0,0,0.0,1,0,44.4,111.0,0.4,0.6,0.3756536036036036,0.0,0.0,0.4054054054054054,0.0,0.0,0.0,0.0,0.0,0.0,0.0,0.0,0.0,0.23213513513513515
2023,nwsl::Football_Player::460c7379ede448e598b41c9df32704f1,T. King,t king,Reign,Forward,664.0,14,9.0,14.0,5.0,9.0,0,0,0.0,8,3,47.42857142857143,73.77777777777777,0.6428571428571429,0.35714285714285715,0.5656694396634157,0.0,0.0,1.0843373493975903,0.40662650602409633,0.0,0.0,0.0,0.0,0.0,0.0,0.0,0.0,0.2642512908777969
2023,nwsl::Football_Player::47a580b9d9a64b508d4edde164580fb4,P. McClernon,p mcclernon,Reign,Defender,974.0,12,11.0,12.0,1.0,3.0,0,1,0.0,1,0,81.16666666666667,88.54545454545455,0.9166666666666666,0.08333333333333333,0.7920720492052628,0.09240246406570841,0.0,0.09240246406570841,0.0,0.0,0.0,0.0,0.0,0.0,0.0,0.0,0.0,0.4273939082819987
2023,nwsl::Football_Player::4bd84fd5cceb4538a556a4b9eb250841,S. Huerta,s huerta,Reign,Defender,1727.0,20,19.0,20.0,1.0,3.0,1,2,0.0,10,5,86.35,90.89473684210526,0.95,0.05,0.8889635068841278,0.15634047481181237,0.0,0.5211349160393746,0.2605674580196873,0.0,0.0,0.0,0.0,0.0,0.0,0.0,0.0,0.4773493051534453
2023,nwsl::Football_Player::5ae4cbaf5a2f45eaa9c280ff2b6cec7f,L. Barnes,l barnes,Reign,Defender,2199.0,25,25.0,25.0,0.0,4.0,0,1,0.0,1,0,87.96,87.96,1.0,0.0,0.9117358026375626,0.04092769440654843,0.0,0.04092769440654843,0.0,0.0,0.0,0.0,0.0,0.0,0.0,0.0,0.0,0.449349795361528
2023,nwsl::Football_Player::5d76f50c58f34b00a7bd574b12c70c94,J. Fishlock,j fishlock,Reign,Midfielder,1565.0,20,19.0,20.0,1.0,8.0,4,1,0.0,32,13,78.25,82.36842105263158,0.95,0.05,0.8694351925807597,0.28753993610223644,0.0,1.840255591054313,0.7476038338658146,0.0,0.0,0.0,0.0,0.0,0.0,0.0,0.0,0.4971605431309905
2023,nwsl::Football_Player::5dce6757f8e74511b0e957b0771121b5,O. Athens,o athens,Reign,Midfielder,126.0,6,1.0,6.0,5.0,1.0,0,0,0.0,0,0,21.0,126.0,0.16666666666666666,0.8333333333333334,0.19408333333333333,0.0,0.0,0.0,0.0,0.0,0.0,0.0,0.0,0.0,0.0,0.0,0.0,0.10500000000000001
2023,nwsl::Football_Player::67327d005ecb4c359643265da8b531b5,M. Weinert,m weinert,Reign,Forward,45.0,2,0.0,2.0,2.0,0.0,0,0,0.0,1,1,22.5,0.0,0.0,1.0,0.101875,0.0,0.0,2.0,2.0,0.0,0.0,0.0,0.0,0.0,0.0,0.0,0.0,0.1625
2023,nwsl::Football_Player::6ab00989545c40c7a9821442b499aa8a,N. Stanton,n stanton,Reign,Midfielder,433.0,16,2.0,16.0,14.0,0.0,0,2,0.0,1,1,27.0625,216.5,0.125,0.875,0.2854906939633051,0.41570438799076215,0.0,0.20785219399538107,0.20785219399538107,0.0,0.0,0.0,0.0,0.0,0.0,0.0,0.0,0.22711388568129331
2023,nwsl::Football_Player::72af8c4018b84dad9a4148ff1f920398,J. Huitema,j huitema,Reign,Forward,1663.0,23,17.0,23.0,6.0,10.0,5,0,0.0,27,16,72.30434782608695,97.82352941176471,0.7391304347826086,0.2608695652173913,0.7516180255983453,0.27059530968129886,0.0,1.4612146722790138,0.8659049909801564,0.0,0.0,0.0,0.0,0.0,0.0,0.0,0.0,0.45442612878768074
2023,nwsl::Football_Player::a505f94b288c42c1b3eec0541bd5063e,J. Lester,j lester,Reign,Defender,1120.0,13,13.0,13.0,0.0,3.0,0,0,0.0,1,0,86.15384615384616,86.15384615384616,1.0,0.0,0.8517329632173383,0.0,0.0,0.08035714285714285,0.0,0.0,0.0,0.0,0.0,0.0,0.0,0.0,0.0,0.4327781593406594
2023,nwsl::Football_Player::a823871ba9b1461596cac43bf95502ed,P. Tullis-Joyce,p tullis joyce,Reign,Goalkeeper,1440.0,16,16.0,16.0,0.0,0.0,0,0,0.0,0,0,90.0,90.0,1.0,0.0,0.8875,0.0,0.0,0.0,0.0,0.0,0.0,0.0,0.0,0.0,0.0,0.0,0.0,0.45
2023,nwsl::Football_Player::b1a4bf5cb8dd4faea70f15d982fc1628,J. Edwards,j edwards,Reign,Forward,0.0,0,0.0,0.0,0.0,0.0,0,0,0.0,0,0,0.0,0.0,0.0,0.0,0.0,0.0,0.0,0.0,0.0,0.0,0.0,0.0,0.0,0.0,0.0,0.0,0.0,0.0
2023,nwsl::Football_Player::d4a20bed054048978363761bf15b6edf,M. Canales,m canales,Reign,Midfielder,3.0,2,0.0,2.0,2.0,0.0,0,0,0.0,0,0,1.5,0.0,0.0,1.0,0.020291666666666666,0.0,0.0,0.0,0.0,0.0,0.0,0.0,0.0,0.0,0.0,0.0,0.0,0.0075
2023,nwsl::Football_Player::e58cc03e05a54a28bf3133ec9c1a3632,C. Dickey,c dickey,Reign,Goalkeeper,810.0,9,9.0,9.0,0.0,0.0,0,0,0.0,0,0,90.0,90.0,1.0,0.0,0.835,0.0,0.0,0.0,0.0,0.0,0.0,0.0,0.0,0.0,0.0,0.0,0.0,0.45
2023,nwsl::Football_Player::f3e1a521ef4f4f24bd0ee3fb985ec265,L. Biyendolo,l biyendolo,Reign,Forward,1951.0,22,21.0,22.0,1.0,2.0,8,3,0.0,67,37,88.68181818181819,92.9047619047619,0.9545454545454546,0.045454545454545456,0.9198426648597715,0.5074320861096874,0.0,3.0907227063044593,1.706817016914403,0.0,0.0,0.0,0.0,0.0,0.0,0.0,0.0,0.6263921765062207
2023,nwsl::Football_Player::00701d6b059e42b48514d52289461670,S. Yáñez,s yanez,SD Wave,Goalkeeper,271.0,4,3.0,4.0,1.0,0.0,0,0,0.0,0,0,67.75,90.33333333333333,0.75,0.25,0.6065069444444445,0.0,0.0,0.0,0.0,0.0,0.0,0.0,0.0,0.0,0.0,0.0,0.0,0.33875
2023,nwsl::Football_Player::0110920699df4ef499d8bf6c5fe078cd,L. Brzykcy,l brzykcy,SD Wave,Goalkeeper,0.0,0,0.0,0.0,0.0,0.0,0,0,0.0,0,0,0.0,0.0,0.0,0.0,0.0,0.0,0.0,0.0,0.0,0.0,0.0,0.0,0.0,0.0,0.0,0.0,0.0,0.0
2023,nwsl::Football_Player::169fa964031141e98831884983375011,S. McCaskill,s mccaskill,SD Wave,Midfielder,1962.0,23,23.0,23.0,0.0,7.0,4,3,0.0,34,18,85.30434782608695,85.30434782608695,1.0,0.0,0.9168178101316314,0.3211009174311926,0.0,1.5596330275229358,0.8256880733944953,0.0,0.0,0.0,0.0,0.0,0.0,0.0,0.0,0.53240858928334
2023,nwsl::Football_Player::178a1dd50fd64d08bd42ade5e5993923,S. Jakobsson,s jakobsson,SD Wave,Forward,873.0,17,8.0,17.0,9.0,5.0,2,1,0.0,10,7,51.35294117647059,109.125,0.47058823529411764,0.5294117647058824,0.5339573984232868,0.30927835051546393,0.0,1.0309278350515465,0.7216494845360826,0.0,0.0,0.0,0.0,0.0,0.0,0.0,0.0,0.3469708914493633
2023,nwsl::Football_Player::1a4ec43915a1425c9ec91be3d3cbd132,S. Conn­ors,s connors,SD Wave,Forward,1.0,1,0.0,1.0,1.0,0.0,0,0,0.0,0,0,1.0,0.0,0.0,1.0,0.011027777777777779,0.0,0.0,0.0,0.0,0.0,0.0,0.0,0.0,0.0,0.0,0.0,0.0,0.005
2023,nwsl::Football_Player::2c448e6ce8624c9c983fe177032cd791,M. Robbe,m robbe,SD Wave,Forward,1205.0,22,12.0,22.0,10.0,9.0,3,2,0.0,25,15,54.77272727272727,100.41666666666667,0.5454545454545454,0.45454545454545453,0.6073527547256801,0.37344398340248963,0.0,1.8672199170124482,1.120331950207469,0.0,0.0,0.0,0.0,0.0,0.0,0.0,0.0,0.39834496416446624
2023,nwsl::Football_Player::3064b8e2cdd84f38b8a80e191efb4b81,C. Shorts,c shorts,SD Wave,Defender,180.0,2,2.0,2.0,0.0,0.0,1,0,0.0,1,1,90.0,90.0,1.0,0.0,0.7999999999999999,0.5,0.0,0.5,0.5,0.0,0.0,0.0,0.0,0.0,0.0,0.0,0.0,0.5666666666666667
2023,nwsl::Football_Player::48396241af194827b6ecf96448925a00,A. Ali,a ali,SD Wave,Forward,467.0,17,5.0,17.0,12.0,5.0,2,0,0.0,13,6,27.470588235294116,93.4,0.29411764705882354,0.7058823529411765,0.37820311472197726,0.38543897216274087,0.0,2.5053533190578157,1.1563169164882225,0.0,0.0,0.0,0.0,0.0,0.0,0.0,0.0,0.2802865600201537
2023,nwsl::Football_Player::4ed903dd15f94662aa0999f426849d22,E. van Egmond,e van egmond,SD Wave,Midfielder,856.0,11,10.0,11.0,1.0,2.0,0,0,0.0,9,4,77.81818181818181,85.6,0.9090909090909091,0.09090909090909091,0.7696646429245728,0.0,0.0,0.9462616822429907,0.4205607476635514,0.0,0.0,0.0,0.0,0.0,0.0,0.0,0.0,0.41274745114698386
2023,nwsl::Football_Player::50c9a46e9b1046f38b892507dfffd350,A. Morgan,a morgan,SD Wave,Forward,1629.0,19,19.0,19.0,0.0,5.0,7,5,0.0,49,29,85.73684210526316,85.73684210526316,1.0,0.0,0.9258306920616457,0.6629834254143646,0.0,2.707182320441989,1.6022099447513811,0.0,0.0,0.0,0.0,0.0,0.0,0.0,0.0,0.6344853154986915
2023,nwsl::Football_Player::5fd684bb09c24a2d9336de2dd3a3dbca,C. Cortez,c cortez,SD Wave,Defender,66.0,2,1.0,2.0,1.0,1.0,0,0,0.0,0,0,33.0,66.0,0.5,0.5,0.35641666666666666,0.0,0.0,0.0,0.0,0.0,0.0,0.0,0.0,0.0,0.0,0.0,0.0,0.16499999999999998
2023,nwsl::Football_Player::7a3d8828fb0941f88dd72a728f9f61e4,K. Sheridan,k sheridan,SD Wave,Goalkeeper,1799.0,20,20.0,20.0,0.0,0.0,0,0,0.0,0,0,89.95,89.95,1.0,0.0,0.9173236111111112,0.0,0.0,0.0,0.0,0.0,0.0,0.0,0.0,0.0,0.0,0.0,0.0,0.44975000000000004
2023,nwsl::Football_Player::8b7f1c9204e34fc58010e0d9778c064d,M. Sánchez,m sanchez,SD Wave,Forward,1742.0,22,21.0,22.0,1.0,11.0,4,4,0.0,25,12,79.18181818181819,82.95238095238095,0.9545454545454546,0.045454545454545456,0.8766410720291318,0.4133180252583238,0.0,1.2916188289322619,0.6199770378874857,0.0,0.0,0.0,0.0,0.0,0.0,0.0,0.0,0.5143074835612149
2023,nwsl::Football_Player::8d8c7710934e4343afee2535ade55bd9,E. Bennett,e bennett,SD Wave,Forward,693.0,22,7.0,22.0,15.0,5.0,2,2,0.0,18,10,31.5,99.0,0.3181818181818182,0.6818181818181818,0.42930681818181815,0.5194805194805194,0.0,2.3376623376623376,1.2987012987012987,0.0,0.0,0.0,0.0,0.0,0.0,0.0,0.0,0.32416666666666666
2023,nwsl::Football_Player::957c63dfb8e745338b593bc5c24b7639,M. Gyau,m gyau,SD Wave,Defender,1.0,1,0.0,1.0,1.0,0.0,0,0,0.0,0,0,1.0,0.0,0.0,1.0,0.011027777777777779,0.0,0.0,0.0,0.0,0.0,0.0,0.0,0.0,0.0,0.0,0.0,0.0,0.005
2023,nwsl::Football_Player::a6683a7902404976b29a742db197dfc1,N. Girma,n girma,SD Wave,Defender,1800.0,20,20.0,20.0,0.0,0.0,0,0,0.0,0,0,90.0,90.0,1.0,0.0,0.9175,0.0,0.0,0.0,0.0,0.0,0.0,0.0,0.0,0.0,0.0,0.0,0.0,0.45
2023,nwsl::Football_Player::ad9acd5fa5cf475a87d9a92b99e682fd,M. Barcenas,m barcenas,SD Wave,Forward,116.0,7,0.0,7.0,7.0,0.0,0,1,0.0,6,4,16.571428571428573,0.0,0.0,1.0,0.15020600711548987,0.7758620689655172,0.0,4.655172413793103,3.103448275862069,0.0,0.0,0.0,0.0,0.0,0.0,0.0,0.0,0.3444950738916256
2023,nwsl::Football_Player::afa88f0c0ec840f38096c040ebe83e08,K. Carusa,k carusa,SD Wave,Forward,344.0,8,4.0,8.0,4.0,4.0,2,0,0.0,7,5,43.0,86.0,0.5,0.5,0.4599139211886305,0.5232558139534883,0.0,1.8313953488372092,1.3081395348837208,0.0,0.0,0.0,0.0,0.0,0.0,0.0,0.0,0.36979651162790694
2023,nwsl::Football_Player::c19129f8bc8543cd9dbbd899b1fd4208,G. DeMarco,g demarco,SD Wave,Midfielder,0.0,0,0.0,0.0,0.0,0.0,0,0,0.0,0,0,0.0,0.0,0.0,0.0,0.0,0.0,0.0,0.0,0.0,0.0,0.0,0.0,0.0,0.0,0.0,0.0,0.0,0.0
2023,nwsl::Football_Player::c459f301b9cd4029882ca93327a19c22,K. Turnbow,k turnbow,SD Wave,Midfielder,145.0,7,0.0,7.0,7.0,0.0,0,1,0.0,1,0,20.714285714285715,0.0,0.0,1.0,0.14729953475643132,0.6206896551724138,0.0,0.6206896551724138,0.0,0.0,0.0,0.0,0.0,0.0,0.0,0.0,0.0,0.24839901477832513
2023,nwsl::Football_Player::cafe0fb40c194bfd95bebea739443cd7,K. McNabb,k mcnabb,SD Wave,Defender,1170.0,14,13.0,14.0,1.0,1.0,1,0,0.0,4,1,83.57142857142857,90.0,0.9285714285714286,0.07142857142857142,0.8212362637362638,0.07692307692307693,0.0,0.3076923076923077,0.07692307692307693,0.0,0.0,0.0,0.0,0.0,0.0,0.0,0.0,0.44157509157509156
2023,nwsl::Football_Player::d70a89d4bf9e47778923c4ab4ae9e679,H. Beall,h beall,SD Wave,Goalkeeper,0.0,0,0.0,0.0,0.0,0.0,0,0,0.0,0,0,0.0,0.0,0.0,0.0,0.0,0.0,0.0,0.0,0.0,0.0,0.0,0.0,0.0,0.0,0.0,0.0,0.0,0.0
2023,nwsl::Football_Player::ecf8d72c11704bb49de0461fa77d8cae,D. Haračić,d haracic,SD Wave,Goalkeeper,1620.0,18,18.0,18.0,0.0,0.0,0,0,0.0,0,0,90.0,90.0,1.0,0.0,0.9025,0.0,0.0,0.0,0.0,0.0,0.0,0.0,0.0,0.0,0.0,0.0,0.0,0.45
2023,nwsl::Football_Player::f707ff55f8104c069f1cae572925ef4a,A. Leon,a leon,SD Wave,Forward,76.0,5,0.0,5.0,5.0,0.0,0,0,0.0,1,0,15.2,0.0,0.0,1.0,0.09556301169590643,0.0,0.0,1.1842105263157894,0.0,0.0,0.0,0.0,0.0,0.0,0.0,0.0,0.0,0.10560526315789473
2023,nwsl::Football_Player::fc8de163d5904bf494c2fb1ef97d9313,S. Enge,s enge,SD Wave,Midfielder,696.0,10,7.0,10.0,3.0,1.0,2,0,0.0,3,2,69.6,99.42857142857143,0.7,0.3,0.6450699712643677,0.25862068965517243,0.0,0.3879310344827586,0.25862068965517243,0.0,0.0,0.0,0.0,0.0,0.0,0.0,0.0,0.4115775862068965
2023,nwsl::Football_Player::15908c182dd94c57ae45736055f42e68,C. Ricketts,c ricketts,Washington Spirit,Midfielder,288.0,11,2.0,11.0,9.0,2.0,0,0,0.0,3,1,26.181818181818183,144.0,0.18181818181818182,0.8181818181818182,0.2601974431818182,0.0,0.0,0.9375,0.3125,0.0,0.0,0.0,0.0,0.0,0.0,0.0,0.0,0.15434659090909092
2023,nwsl::Football_Player::1fda40b34644438cb7bb75b22dd63ce5,N. Douglas,n douglas,Washington Spirit,Midfielder,154.0,10,1.0,10.0,9.0,1.0,0,0,0.0,3,1,15.4,154.0,0.1,0.9,0.18090245310245312,0.0,0.0,1.7532467532467533,0.5844155844155845,0.0,0.0,0.0,0.0,0.0,0.0,0.0,0.0,0.12083116883116883
2023,nwsl::Football_Player::28fc705601404c39bf14420caeec6668,T. McKeown,t mckeown,Washington Spirit,Defender,1833.0,21,21.0,21.0,0.0,2.0,1,1,0.0,15,3,87.28571428571429,87.28571428571429,1.0,0.0,0.9137552087392513,0.09819967266775777,0.0,0.7364975450081833,0.14729950900163666,0.0,0.0,0.0,0.0,0.0,0.0,0.0,0.0,0.4752992751928922
2023,nwsl::Football_Player::2bb05acef63c4c7ca9a453f486c12508,O. Sarr,o sarr,Washington Spirit,Forward,443.0,7,5.0,7.0,2.0,5.0,1,1,0.0,7,3,63.285714285714285,88.6,0.7142857142857143,0.2857142857142857,0.61521698197714,0.4063205417607223,0.0,1.4221218961625282,0.6094808126410834,0.0,0.0,0.0,0.0,0.0,0.0,0.0,0.0,0.4366317316994518
2023,nwsl::Football_Player::2e67f16c924649e9b5584a1a25552589,C. Krueger,c krueger,Washington Spirit,Defender,1711.0,20,20.0,20.0,0.0,2.0,0,2,0.0,4,2,85.55,85.55,1.0,0.0,0.9058779523020976,0.10520163646990063,0.0,0.21040327293980127,0.10520163646990063,0.0,0.0,0.0,0.0,0.0,0.0,0.0,0.0,0.454927089421391
2023,nwsl::Football_Player::37c2e18e52eb4315b305a3ab921f613e,M. Speckmaier,m speckmaier,Washington Spirit,Midfielder,2.0,2,0.0,2.0,2.0,0.0,0,0,0.0,0,0,1.0,0.0,0.0,1.0,0.01852777777777778,0.0,0.0,0.0,0.0,0.0,0.0,0.0,0.0,0.0,0.0,0.0,0.0,0.005
2023,nwsl::Football_Player::38533cb4693048bb8dfce55130bd4eaa,A. Brooks,a brooks,Washington Spirit,Defender,610.0,13,6.0,13.0,7.0,3.0,0,0,0.0,2,0,46.92307692307692,101.66666666666667,0.46153846153846156,0.5384615384615384,0.47183305310354495,0.0,0.0,0.29508196721311475,0.0,0.0,0.0,0.0,0.0,0.0,0.0,0.0,0.0,0.2419924337957125
2023,nwsl::Football_Player::407c05f9d79548b49cd8d6815f170305,L. Jessee,l jessee,Washington Spirit,Goalkeeper,0.0,0,0.0,0.0,0.0,0.0,0,0,0.0,0,0,0.0,0.0,0.0,0.0,0.0,0.0,0.0,0.0,0.0,0.0,0.0,0.0,0.0,0.0,0.0,0.0,0.0,0.0
2023,nwsl::Football_Player::410c51409b9e460186b07d3adaf031b5,R. Tanner,r tanner,Washington Spirit,Forward,0.0,0,0.0,0.0,0.0,0.0,0,0,0.0,0,0,0.0,0.0,0.0,0.0,0.0,0.0,0.0,0.0,0.0,0.0,0.0,0.0,0.0,0.0,0.0,0.0,0.0,0.0
2023,nwsl::Football_Player::6035494d357f4ed6944f1626ca400398,J. Aguilera,j aguilera,Washington Spirit,Defender,176.0,11,1.0,11.0,10.0,1.0,0,0,0.0,4,0,16.0,176.0,0.09090909090909091,0.9090909090909091,0.1875239898989899,0.0,0.0,2.0454545454545454,0.0,0.0,0.0,0.0,0.0,0.0,0.0,0.0,0.0,0.13113636363636363
2023,nwsl::Football_Player::6c1b4516ce30494fa9d533b5df69fe4f,A. Butel,a butel,Washington Spirit,Defender,463.0,7,5.0,7.0,2.0,2.0,0,0,0.0,1,0,66.14285714285714,92.6,0.7142857142857143,0.2857142857142857,0.6079948147005382,0.0,0.0,0.19438444924406045,0.0,0.0,0.0,0.0,0.0,0.0,0.0,0.0,0.0,0.33557389694538725
2023,nwsl::Football_Player::738125313bdc48eda09c29b610520e26,T. Rodman,t rodman,Washington Spirit,Forward,1635.0,19,19.0,19.0,0.0,4.0,5,2,0.0,51,31,86.05263157894737,86.05263157894737,1.0,0.0,0.9186433687429583,0.38532110091743116,0.0,2.807339449541284,1.7064220183486238,0.0,0.0,0.0,0.0,0.0,0.0,0.0,0.0,0.5807218734910671
2023,nwsl::Football_Player::74867918bd824a7aa3c2cc39ba8a9347,C. Kuhlmann,c kuhlmann,Washington Spirit,Forward,72.0,7,0.0,7.0,7.0,1.0,0,0,0.0,3,2,10.285714285714286,0.0,0.0,1.0,0.10284821428571428,0.0,0.0,3.75,2.5,0.0,0.0,0.0,0.0,0.0,0.0,0.0,0.0,0.14517857142857143
2023,nwsl::Football_Player::75a1f211b7f04ffebe4cdd67cd838239,A. Sullivan,a sullivan,Washington Spirit,Midfielder,1706.0,19,19.0,19.0,0.0,1.0,0,0,0.0,14,3,89.78947368421052,89.78947368421052,1.0,0.0,0.9120269465183083,0.0,0.0,0.738569753810082,0.15826494724501758,0.0,0.0,0.0,0.0,0.0,0.0,0.0,0.0,0.4674116122663046
2023,nwsl::Football_Player::8d53fd381b8940b79d0a2700091bfea2,L. Silano,l silano,Washington Spirit,Forward,303.0,12,3.0,12.0,9.0,3.0,0,1,0.0,5,1,25.25,101.0,0.25,0.75,0.30642787403740374,0.297029702970297,0.0,1.4851485148514851,0.297029702970297,0.0,0.0,0.0,0.0,0.0,0.0,0.0,0.0,0.22525990099009902
2023,nwsl::Football_Player::9088cd3919ae4facb366b7f4cf1ca493,N. Miura,n miura,Washington Spirit,Midfielder,1976.0,23,23.0,23.0,0.0,8.0,1,3,0.0,14,6,85.91304347826087,85.91304347826087,1.0,0.0,0.9111666397739053,0.18218623481781376,0.0,0.6376518218623481,0.2732793522267207,0.0,0.0,0.0,0.0,0.0,0.0,0.0,0.0,0.4834619785249076
2023,nwsl::Football_Player::94de57f74c554630b9abe7bc1bd588f9,B. Ratcliffe,b ratcliffe,Washington Spirit,Forward,431.0,9,5.0,9.0,4.0,3.0,0,0,0.0,5,4,47.888888888888886,86.2,0.5555555555555556,0.4444444444444444,0.49035667124974935,0.0,0.0,1.0440835266821347,0.8352668213457077,0.0,0.0,0.0,0.0,0.0,0.0,0.0,0.0,0.26554653261149785
2023,nwsl::Football_Player::a86e9ba2f4c44ce789c593b2b5bf9bcb,A. Kingsbury,a kingsbury,Washington Spirit,Goalkeeper,1799.0,20,20.0,20.0,0.0,1.0,0,0,0.0,0,0,89.95,89.95,1.0,0.0,0.9173236111111112,0.0,0.0,0.0,0.0,0.0,0.0,0.0,0.0,0.0,0.0,0.0,0.0,0.44975000000000004
2023,nwsl::Football_Player::c281f4077abb41a6a90c9dd309f3fb20,K. Collins,k collins,Washington Spirit,Goalkeeper,90.0,1,1.0,1.0,0.0,0.0,0,0,0.0,0,0,90.0,90.0,1.0,0.0,0.7749999999999999,0.0,0.0,0.0,0.0,0.0,0.0,0.0,0.0,0.0,0.0,0.0,0.0,0.45
2023,nwsl::Football_Player::c413ab13b4b2411b8255f868ec263843,A. Hatch,a hatch,Washington Spirit,Forward,1838.0,22,22.0,22.0,0.0,12.0,9,2,0.0,49,26,83.54545454545455,83.54545454545455,1.0,0.0,0.9205595041821919,0.5386289445048966,0.0,2.3993471164309033,1.2731229597388467,0.0,0.0,0.0,0.0,0.0,0.0,0.0,0.0,0.5899253140765655
2023,nwsl::Football_Player::d07feb8cd7c94d03b741e2326515241f,P. Metayer,p metayer,Washington Spirit,Midfielder,1847.0,21,21.0,21.0,0.0,6.0,3,1,0.0,15,7,87.95238095238095,87.95238095238095,1.0,0.0,0.9191083445770777,0.19491066594477532,0.0,0.7309149972929074,0.3410936654033568,0.0,0.0,0.0,0.0,0.0,0.0,0.0,0.0,0.4986411684327223
2023,nwsl::Football_Player::d14268671393435c9c3e376871891eed,T. Huster,t huster,Washington Spirit,Midfielder,19.0,1,0.0,1.0,1.0,0.0,0,0,0.0,0,0,19.0,0.0,0.0,1.0,0.07452777777777778,0.0,0.0,0.0,0.0,0.0,0.0,0.0,0.0,0.0,0.0,0.0,0.0,0.095
2023,nwsl::Football_Player::d822fc8e607549baaf81ebf887cb305f,I. Jaurena,i jaurena,Washington Spirit,Midfielder,916.0,13,12.0,13.0,1.0,10.0,0,1,0.0,4,1,70.46153846153847,76.33333333333333,0.9230769230769231,0.07692307692307693,0.7660014789310642,0.09825327510917031,0.0,0.39301310043668125,0.09825327510917031,0.0,0.0,0.0,0.0,0.0,0.0,0.0,0.0,0.38260245213301985
2023,nwsl::Football_Player::e0a336a0f061497bbedff977ec476321,M. Elwell,m elwell,Washington Spirit,Midfielder,133.0,4,1.0,4.0,3.0,0.0,0,0,0.0,0,0,33.25,133.0,0.25,0.75,0.25979861111111113,0.0,0.0,0.0,0.0,0.0,0.0,0.0,0.0,0.0,0.0,0.0,0.0,0.16625
2023,nwsl::Football_Player::ebadefdb2cd142aa92580387d5fde3b8,G. Carle,g carle,Washington Spirit,Defender,1899.0,22,22.0,22.0,0.0,5.0,0,1,0.0,2,0,86.31818181818181,86.31818181818181,1.0,0.0,0.9063478565273588,0.04739336492890995,0.0,0.0947867298578199,0.0,0.0,0.0,0.0,0.0,0.0,0.0,0.0,0.0,0.4438341950308775
2023,nwsl::Football_Player::fbfe7392b0744bb6a8d7826010fe0a6e,N. Barnhart,n barnhart,Washington Spirit,Goalkeeper,181.0,3,2.0,3.0,1.0,0.0,0,0,0.0,0,0,60.333333333333336,90.5,0.6666666666666666,0.3333333333333333,0.5353425925925925,0.0,0.0,0.0,0.0,0.0,0.0,0.0,0.0,0.0,0.0,0.0,0.0,0.3016666666666667
2023,nwsl::Football_Player::fd13d75849894caf973772cd254e2c18,J. Thompson,j thompson,Washington Spirit,Defender,0.0,0,0.0,0.0,0.0,0.0,0,0,0.0,0,0,0.0,0.0,0.0,0.0,0.0,0.0,0.0,0.0,0.0,0.0,0.0,0.0,0.0,0.0,0.0,0.0,0.0,0.0
2024,nwsl::Football_Player::0d98c78643334eb8a9d4494c8a354343,K. Johnson,k johnson,Angel City FC,Forward,85.0,5,0.0,5.0,5.0,0.0,0,0,0.0,0,0,17.0,0.0,0.0,1.0,0.09747222222222222,0.0,0.0,0.0,0.0,0.0,0.0,0.0,0.0,0.0,0.0,0.0,0.0,0.085
2024,nwsl::Football_Player::17ddeb23a8bd43d9bf46f7370e5eb5bf,E. Eddy,e eddy,Angel City FC,Defender,29.0,3,0.0,3.0,3.0,0.0,0,0,0.0,0,0,9.666666666666666,0.0,0.0,1.0,0.05660185185185185,0.0,0.0,0.0,0.0,0.0,0.0,0.0,0.0,0.0,0.0,0.0,0.0,0.04833333333333333
2024,nwsl::Football_Player::18c67f4b722c49a799e8b57c4ba4a0f0,M. Dougherty Howard,m dougherty howard,Angel City FC,Midfielder,1171.0,18,14.0,18.0,4.0,10.0,1,3,0.0,13,10,65.05555555555556,83.64285714285714,0.7777777777777778,0.2222222222222222,0.7278555141748637,0.3074295473953886,0.0,0.9991460290350128,0.7685738684884714,0.0,0.0,0.0,0.0,0.0,0.0,0.0,0.0,0.4143042508776924
2024,nwsl::Football_Player::22abab359f2f4f6398f9d7785cbd3f78,A. Riley,a riley,Angel City FC,Defender,262.0,5,3.0,5.0,2.0,3.0,0,0,0.0,0,0,52.4,87.33333333333333,0.6,0.4,0.49235555555555555,0.0,0.0,0.0,0.0,0.0,0.0,0.0,0.0,0.0,0.0,0.0,0.0,0.262
2024,nwsl::Football_Player::2dd5ec59c3f2437889edf68c10fad31e,H. Stambaugh,h stambaugh,Angel City FC,Goalkeeper,0.0,0,0.0,0.0,0.0,0.0,0,0,0.0,0,0,0.0,0.0,0.0,0.0,0.0,0.0,0.0,0.0,0.0,0.0,0.0,0.0,0.0,0.0,0.0,0.0,0.0,0.0
2024,nwsl::Football_Player::3803e24414b54df58dfb21fd3304ef62,S. King,s king,Angel City FC,Defender,1109.0,18,12.0,18.0,6.0,8.0,0,2,0.0,2,1,61.611111111111114,92.41666666666667,0.6666666666666666,0.3333333333333333,0.6580311021496399,0.1623083859332732,0.0,0.1623083859332732,0.0811541929666366,0.0,0.0,0.0,0.0,0.0,0.0,0.0,0.0,0.34592751227331936
2024,nwsl::Football_Player::4314e1fbd3924a09a365af62abcdb3b4,S. Gorden,s gorden,Angel City FC,Defender,2058.0,24,24.0,24.0,0.0,2.0,0,0,0.0,1,1,85.75,85.75,1.0,0.0,0.9026709386135406,0.0,0.0,0.043731778425655975,0.043731778425655975,0.0,0.0,0.0,0.0,0.0,0.0,0.0,0.0,0.42984329446064135
2024,nwsl::Football_Player::6506fdacaa3545e1bf2a0d29da9efeef,L. Nabet,l nabet,Angel City FC,Midfielder,706.0,13,8.0,13.0,5.0,6.0,0,0,0.0,2,1,54.30769230769231,88.25,0.6153846153846154,0.38461538461538464,0.5669646376601052,0.0,0.0,0.254957507082153,0.1274787535410765,0.0,0.0,0.0,0.0,0.0,0.0,0.0,0.0,0.2779123992155153
2024,nwsl::Football_Player::6c46721d5109405395df45ddfd680316,Casey Phair,casey phair,Angel City FC,Forward,0.0,0,0.0,0.0,0.0,0.0,0,0,0.0,0,0,0.0,0.0,0.0,0.0,0.0,0.0,0.0,0.0,0.0,0.0,0.0,0.0,0.0,0.0,0.0,0.0,0.0,0.0
2024,nwsl::Football_Player::8e0a1b9a4d43469b86adca8d94f57496,S. Leroux,s leroux,Angel City FC,Forward,1743.0,25,19.0,25.0,6.0,8.0,7,1,0.0,23,14,69.72,91.73684210526316,0.76,0.24,0.7553189730349972,0.41308089500860584,0.0,1.1876075731497417,0.7228915662650602,0.0,0.0,0.0,0.0,0.0,0.0,0.0,0.0,0.46434870912220305
2024,nwsl::Football_Player::93f4a41dd7c8434daea61038ecce5c90,C. Press,c press,Angel City FC,Forward,196.0,9,1.0,9.0,8.0,1.0,1,0,0.0,5,3,21.77777777777778,196.0,0.1111111111111111,0.8888888888888888,0.21728634416729656,0.4591836734693878,0.0,2.295918367346939,1.3775510204081634,0.0,0.0,0.0,0.0,0.0,0.0,0.0,0.0,0.26195011337868485
2024,nwsl::Football_Player::bb2e756c53984f5ebf78cd343ec20b70,M. Reid,m reid,Angel City FC,Defender,1793.0,23,19.0,23.0,4.0,0.0,0,0,0.0,8,3,77.95652173913044,94.36842105263158,0.8260869565217391,0.17391304347826086,0.7982582715660204,0.0,0.0,0.4015616285554936,0.1505856107083101,0.0,0.0,0.0,0.0,0.0,0.0,0.0,0.0,0.3998216494095395
2024,nwsl::Football_Player::be29bb62a124438cab8fa1bf3ecf4c00,M. Mathias,m mathias,Angel City FC,Defender,364.0,13,3.0,13.0,10.0,3.0,0,0,0.0,1,1,28.0,121.33333333333333,0.23076923076923078,0.7692307692307693,0.3010511294261295,0.0,0.0,0.24725274725274726,0.24725274725274726,0.0,0.0,0.0,0.0,0.0,0.0,0.0,0.0,0.1461813186813187
2024,nwsl::Football_Player::c75e5a65dfaf42b588cbdf8ef5069537,M. Hammond,m hammond,Angel City FC,Midfielder,1381.0,23,15.0,23.0,8.0,7.0,0,0,0.0,6,2,60.04347826086956,92.06666666666666,0.6521739130434783,0.34782608695652173,0.6567646379260286,0.0,0.0,0.391020999275887,0.13034033309196233,0.0,0.0,0.0,0.0,0.0,0.0,0.0,0.0,0.309992916286245
2024,nwsl::Football_Player::cd318859e1064a0f819c39909a40f8e7,C. Le Bihan,c le bihan,Angel City FC,Midfielder,490.0,10,6.0,10.0,4.0,5.0,1,0,0.0,4,2,49.0,81.66666666666667,0.6,0.4,0.5263560090702948,0.18367346938775508,0.0,0.7346938775510203,0.36734693877551017,0.0,0.0,0.0,0.0,0.0,0.0,0.0,0.0,0.3016326530612245
2024,nwsl::Football_Player::d05274ce6faa42d48bec0325f29568e2,K. Fuller,k fuller,Angel City FC,Midfielder,975.0,19,10.0,19.0,9.0,6.0,1,0,0.0,11,6,51.31578947368421,97.5,0.5263157894736842,0.47368421052631576,0.5670651147098515,0.0923076923076923,0.0,1.0153846153846153,0.5538461538461538,0.0,0.0,0.0,0.0,0.0,0.0,0.0,0.0,0.3011943319838057
2024,nwsl::Football_Player::e08dcfa740f9458e8a4b17d0193064ed,J. Spencer,j spencer,Angel City FC,Defender,1625.0,24,16.0,24.0,8.0,5.0,0,0,0.0,7,5,67.70833333333333,101.5625,0.6666666666666666,0.3333333333333333,0.6903137998575498,0.0,0.0,0.38769230769230767,0.2769230769230769,0.0,0.0,0.0,0.0,0.0,0.0,0.0,0.0,0.3482339743589743
2024,nwsl::Football_Player::e34f1e30edef4493b1bc39d45873fc32,A. Thompson,a thompson,Angel City FC,Forward,2149.0,26,24.0,26.0,2.0,8.0,5,7,0.0,35,17,82.65384615384616,89.54166666666667,0.9230769230769231,0.07692307692307693,0.8781707388250548,0.5025593299208935,0.0,1.4657980456026058,0.7119590507212658,0.0,0.0,0.0,0.0,0.0,0.0,0.0,0.0,0.5546140423094821
2024,nwsl::Football_Player::e4c0dd7de1294525a9f1635b7e210792,A. Anderson,a anderson,Angel City FC,Goalkeeper,270.0,3,3.0,3.0,0.0,0.0,0,0,0.0,0,0,90.0,90.0,1.0,0.0,0.7899999999999999,0.0,0.0,0.0,0.0,0.0,0.0,0.0,0.0,0.0,0.0,0.0,0.0,0.45
2024,nwsl::Football_Player::efa33936147948539e131def3f2df42a,M. A. Vignola,m a vignola,Angel City FC,Defender,824.0,17,10.0,17.0,7.0,6.0,1,2,0.0,9,7,48.470588235294116,82.4,0.5882352941176471,0.4117647058823529,0.5771253172790153,0.3276699029126214,0.0,0.9830097087378641,0.7645631067961165,0.0,0.0,0.0,0.0,0.0,0.0,0.0,0.0,0.3351927470017133
2024,nwsl::Football_Player::f2d4c582b99447489d38209626bc26af,K. Zelem,k zelem,Angel City FC,Midfielder,746.0,10,8.0,10.0,2.0,3.0,0,1,0.0,8,1,74.6,93.25,0.8,0.2,0.7055616324098898,0.12064343163538872,0.0,0.9651474530831098,0.12064343163538872,0.0,0.0,0.0,0.0,0.0,0.0,0.0,0.0,0.4222627345844504
2024,nwsl::Football_Player::f737dfd0124341ddbdefdab7739f056f,G. Thompson,g thompson,Angel City FC,Defender,887.0,15,10.0,15.0,5.0,8.0,0,1,0.0,3,2,59.13333333333333,88.7,0.6666666666666666,0.3333333333333333,0.6254215478725624,0.10146561443066515,0.0,0.30439684329199546,0.2029312288613303,0.0,0.0,0.0,0.0,0.0,0.0,0.0,0.0,0.3244152574220218
2024,nwsl::Football_Player::fd08719793c4487c82b7d3aceba2ad0f,C. Emslie,c emslie,Angel City FC,Forward,1970.0,26,24.0,26.0,2.0,13.0,7,2,0.0,28,22,75.76923076923077,82.08333333333333,0.9230769230769231,0.07692307692307693,0.8503275630179183,0.41116751269035534,0.0,1.2791878172588833,1.0050761421319796,0.0,0.0,0.0,0.0,0.0,0.0,0.0,0.0,0.49648574775478327
2024,nwsl::Football_Player::0647eef6fb274236a6776c40e84d6eb3,A. Malonson,a malonson,Bay FC,Defender,1471.0,23,17.0,23.0,6.0,8.0,0,0,0.0,5,2,63.95652173913044,86.52941176470588,0.7391304347826086,0.2608695652173913,0.7093802705773784,0.0,0.0,0.30591434398368456,0.12236573759347383,0.0,0.0,0.0,0.0,0.0,0.0,0.0,0.0,0.3274304672952443
2024,nwsl::Football_Player::06897a454ecd4389a815a64dfb95ba2d,R. Kundananji,r kundananji,Bay FC,Forward,1944.0,22,21.0,22.0,1.0,3.0,5,4,0.0,59,29,88.36363636363636,92.57142857142857,0.9545454545454546,0.045454545454545456,0.9145366161616162,0.41666666666666663,0.0,2.7314814814814814,1.3425925925925926,0.0,0.0,0.0,0.0,0.0,0.0,0.0,0.0,0.5969107744107744
2024,nwsl::Football_Player::0b39e888cd6f4316b0765895dcfdf2fb,R. Hill,r hill,Bay FC,Forward,1179.0,19,13.0,19.0,6.0,5.0,1,2,0.0,21,11,62.05263157894737,90.6923076923077,0.6842105263157895,0.3157894736842105,0.6824705705102451,0.22900763358778625,0.0,1.6030534351145038,0.8396946564885497,0.0,0.0,0.0,0.0,0.0,0.0,0.0,0.0,0.39804941743672156
2024,nwsl::Football_Player::1a484328c45c46be9c0591b43aa838a9,A. Dahlkemper,a dahlkemper,Bay FC,Defender,2055.0,23,22.0,23.0,1.0,0.0,3,0,0.0,7,4,89.34782608695652,93.4090909090909,0.9565217391304348,0.043478260869565216,0.9008895324235693,0.13138686131386862,0.0,0.30656934306569344,0.17518248175182483,0.0,0.0,0.0,0.0,0.0,0.0,0.0,0.0,0.4817756267851475
2024,nwsl::Football_Player::259bb40fadfb464c8402cc186f30b85d,C. Dydasco,c dydasco,Bay FC,Defender,2145.0,26,23.0,26.0,3.0,2.0,0,0,0.0,3,0,82.5,93.26086956521739,0.8846153846153846,0.11538461538461539,0.8395906177156177,0.0,0.0,0.1258741258741259,0.0,0.0,0.0,0.0,0.0,0.0,0.0,0.0,0.0,0.4156468531468531
2024,nwsl::Football_Player::2b79fff663274280b57a60c00163ff51,P. Hocking,p hocking,Bay FC,Forward,1404.0,22,15.0,22.0,7.0,10.0,4,3,0.0,21,9,63.81818181818182,93.6,0.6818181818181818,0.3181818181818182,0.7010250582750583,0.44871794871794873,0.0,1.3461538461538463,0.576923076923077,0.0,0.0,0.0,0.0,0.0,0.0,0.0,0.0,0.4462276612276612
2024,nwsl::Football_Player::2c33ce7a2ae943b59375bad397bc0eaf,M. Doms,m doms,Bay FC,Midfielder,14.0,1,0.0,1.0,1.0,0.0,0,0,0.0,1,0,14.0,0.0,0.0,1.0,0.07188888888888889,0.0,0.0,6.428571428571429,0.0,0.0,0.0,0.0,0.0,0.0,0.0,0.0,0.0,0.17
2024,nwsl::Football_Player::31cb57cb8de1443d99cb20793354f1fe,J. Shepherd,j shepherd,Bay FC,Midfielder,156.0,2,2.0,2.0,0.0,1.0,0,0,0.0,0,0,78.0,78.0,1.0,0.0,0.7401666666666668,0.0,0.0,0.0,0.0,0.0,0.0,0.0,0.0,0.0,0.0,0.0,0.0,0.39
2024,nwsl::Football_Player::370b3d17ba144f99a7095208376ed769,A. Oshoala,a oshoala,Bay FC,Forward,1994.0,26,24.0,26.0,2.0,13.0,8,1,0.0,40,15,76.6923076923077,83.08333333333333,0.9230769230769231,0.07692307692307693,0.8554026781198296,0.40621865596790374,0.0,1.8054162487462388,0.6770310932798396,0.0,0.0,0.0,0.0,0.0,0.0,0.0,0.0,0.5132258313401744
2024,nwsl::Football_Player::3844bcc86e774516b80ee39f81db1de0,C. Paulson,c paulson,Bay FC,Midfielder,0.0,0,0.0,0.0,0.0,0.0,0,0,0.0,0,0,0.0,0.0,0.0,0.0,0.0,0.0,0.0,0.0,0.0,0.0,0.0,0.0,0.0,0.0,0.0,0.0,0.0,0.0
2024,nwsl::Football_Player::3a05f90ee4774e9e9cc460fef290f3c4,J. Silkowitz,j silkowitz,Bay FC,Goalkeeper,0.0,0,0.0,0.0,0.0,0.0,0,0,0.0,0,0,0.0,0.0,0.0,0.0,0.0,0.0,0.0,0.0,0.0,0.0,0.0,0.0,0.0,0.0,0.0,0.0,0.0,0.0
2024,nwsl::Football_Player::41d808ba1d594189a87747d836e7b693,P. Marfo,p marfo,Bay FC,Forward,240.0,9,2.0,9.0,7.0,2.0,0,0,0.0,10,3,26.666666666666668,120.0,0.2222222222222222,0.7777777777777778,0.27563657407407405,0.0,0.0,3.75,1.125,0.0,0.0,0.0,0.0,0.0,0.0,0.0,0.0,0.22708333333333333
2024,nwsl::Football_Player::42d1f71176374dc680884bcf95cfaefd,P. Marfo,p marfo,Bay FC,Forward,238.0,8,2.0,8.0,6.0,2.0,0,0,0.0,9,3,29.75,119.0,0.25,0.75,0.29021399393090574,0.0,0.0,3.403361344537815,1.134453781512605,0.0,0.0,0.0,0.0,0.0,0.0,0.0,0.0,0.23383403361344537
2024,nwsl::Football_Player::4b281c71242c4738abb687a332286be0,M. Moreau,m moreau,Bay FC,Defender,260.0,12,2.0,12.0,10.0,0.0,0,0,0.0,2,1,21.666666666666668,130.0,0.16666666666666666,0.8333333333333334,0.24403133903133903,0.0,0.0,0.6923076923076923,0.34615384615384615,0.0,0.0,0.0,0.0,0.0,0.0,0.0,0.0,0.12564102564102564
2024,nwsl::Football_Player::5b323a71e8e540ba84438f01fc6037bb,L. Proulx,l proulx,Bay FC,Goalkeeper,540.0,6,6.0,6.0,0.0,0.0,0,0,0.0,0,0,90.0,90.0,1.0,0.0,0.8125,0.0,0.0,0.0,0.0,0.0,0.0,0.0,0.0,0.0,0.0,0.0,0.0,0.45
2024,nwsl::Football_Player::5d2cb33aa42c45bfa6bc18ca077f164f,K. Rowland,k rowland,Bay FC,Goalkeeper,1920.0,21,21.0,21.0,0.0,0.0,0,0,0.0,0,0,91.42857142857143,91.42857142857143,1.0,0.0,0.9175,0.0,0.0,0.0,0.0,0.0,0.0,0.0,0.0,0.0,0.0,0.0,0.0,0.45
2024,nwsl::Football_Player::6b0e5dcb240e49f09c20a2930221fbb5,S. Camberos,s camberos,Bay FC,Forward,697.0,10,8.0,10.0,2.0,7.0,1,0,0.0,4,2,69.7,87.125,0.8,0.2,0.6868581340666348,0.1291248206599713,0.0,0.5164992826398852,0.2582496413199426,0.0,0.0,0.0,0.0,0.0,0.0,0.0,0.0,0.3883134863701579
2024,nwsl::Football_Player::75a5b73882ba47c29448e3a36c691717,K. Pickett,k pickett,Bay FC,Defender,1768.0,21,19.0,21.0,2.0,1.0,1,1,0.0,10,4,84.19047619047619,93.05263157894737,0.9047619047619048,0.09523809523809523,0.8592386458857048,0.10180995475113122,0.0,0.5090497737556561,0.20361990950226244,0.0,0.0,0.0,0.0,0.0,0.0,0.0,0.0,0.45488903253609136
2024,nwsl::Football_Player::77bd41e2c3954f40bc52b5efe805f890,E. Menges,e menges,Bay FC,Defender,2389.0,27,26.0,27.0,1.0,1.0,0,2,0.0,1,1,88.48148148148148,91.88461538461539,0.9629629629629629,0.037037037037037035,0.8979721515967387,0.07534533277521976,0.0,0.03767266638760988,0.03767266638760988,0.0,0.0,0.0,0.0,0.0,0.0,0.0,0.0,0.4590461683952684
2024,nwsl::Football_Player::7faa87293bb743178194507021b7f326,J. Brewster,j brewster,Bay FC,Defender,9.0,1,0.0,1.0,1.0,0.0,0,0,0.0,0,0,9.0,0.0,0.0,1.0,0.03925,0.0,0.0,0.0,0.0,0.0,0.0,0.0,0.0,0.0,0.0,0.0,0.0,0.045000000000000005
2024,nwsl::Football_Player::963846c568d34a539e360dcd93046ebd,E. Allen,e allen,Bay FC,Goalkeeper,0.0,0,0.0,0.0,0.0,0.0,0,0,0.0,0,0,0.0,0.0,0.0,0.0,0.0,0.0,0.0,0.0,0.0,0.0,0.0,0.0,0.0,0.0,0.0,0.0,0.0,0.0
2024,nwsl::Football_Player::ad338528a3ad42769bc70668109da114,T. Boade,t boade,Bay FC,Forward,2169.0,26,24.0,26.0,2.0,8.0,3,2,0.0,23,16,83.42307692307692,90.375,0.9230769230769231,0.07692307692307693,0.8697449329715927,0.20746887966804978,0.0,0.954356846473029,0.6639004149377593,0.0,0.0,0.0,0.0,0.0,0.0,0.0,0.0,0.4841969890413874
2024,nwsl::Football_Player::c4fc1cb8c79542f096bb1b2098f20289,J. Beattie,j beattie,Bay FC,Defender,415.0,8,6.0,8.0,2.0,6.0,0,0,0.0,1,1,51.875,69.16666666666667,0.75,0.25,0.5813167252342705,0.0,0.0,0.2168674698795181,0.2168674698795181,0.0,0.0,0.0,0.0,0.0,0.0,0.0,0.0,0.2647966867469879
2024,nwsl::Football_Player::dd0a7a6f7ee5446e9ef8c0a20ed56e97,J. Anderson,j anderson,Bay FC,Midfielder,915.0,17,10.0,17.0,7.0,6.0,3,2,0.0,10,5,53.8235294117647,91.5,0.5882352941176471,0.4117647058823529,0.6011407103825137,0.49180327868852464,0.0,0.9836065573770493,0.49180327868852464,0.0,0.0,0.0,0.0,0.0,0.0,0.0,0.0,0.3961668273866924
2024,nwsl::Football_Player::f9aafcad554041328a5420822e10d5a0,K. Hubly,k hubly,Bay FC,Defender,1809.0,21,20.0,21.0,1.0,2.0,0,2,0.0,3,0,86.14285714285714,90.45,0.9523809523809523,0.047619047619047616,0.8861334399431414,0.09950248756218905,0.0,0.14925373134328357,0.0,0.0,0.0,0.0,0.0,0.0,0.0,0.0,0.0,0.4551753139066572
2024,nwsl::Football_Player::fa5ea5a9ad7d4694b932641bbe257de1,D. Bailey,d bailey,Bay FC,Midfielder,1778.0,27,19.0,27.0,8.0,8.0,1,2,0.0,18,5,65.85185185185185,93.57894736842105,0.7037037037037037,0.2962962962962963,0.7071396272225231,0.15185601799775028,0.0,0.9111361079865017,0.25309336332958376,0.0,0.0,0.0,0.0,0.0,0.0,0.0,0.0,0.38367433237511983
2024,nwsl::Football_Player::fc271855025e4ff3a5bb2ff67c569709,C. Conti,c conti,Bay FC,Forward,97.0,8,1.0,8.0,7.0,1.0,0,0,0.0,0,0,12.125,97.0,0.125,0.875,0.15902430555555558,0.0,0.0,0.0,0.0,0.0,0.0,0.0,0.0,0.0,0.0,0.0,0.0,0.060625
2024,nwsl::Football_Player::09140d97bf314b7193afa990b5f36308,S. Staab,s staab,Chicago Stars,Defender,1440.0,16,16.0,16.0,0.0,0.0,1,2,0.0,9,4,90.0,90.0,1.0,0.0,0.8954687499999999,0.1875,0.0,0.5625,0.25,0.0,0.0,0.0,0.0,0.0,0.0,0.0,0.0,0.503125
2024,nwsl::Football_Player::0fd2f43637c941a58f9944a3f2649538,Nádia Gomes,nadia gomes,Chicago Stars,Forward,231.0,9,3.0,9.0,6.0,3.0,0,0,0.0,3,1,25.666666666666668,77.0,0.3333333333333333,0.6666666666666666,0.3124294131794132,0.0,0.0,1.1688311688311688,0.3896103896103896,0.0,0.0,0.0,0.0,0.0,0.0,0.0,0.0,0.15755411255411259
2024,nwsl::Football_Player::144dbd486f6847edb0164f392e656aac,T. Malham,t malham,Chicago Stars,Midfielder,1527.0,20,17.0,20.0,3.0,4.0,0,2,0.0,2,1,76.35,89.82352941176471,0.85,0.15,0.8059715700720367,0.11787819253438116,0.0,0.11787819253438116,0.05893909626719058,0.0,0.0,0.0,0.0,0.0,0.0,0.0,0.0,0.4092549115913557
2024,nwsl::Football_Player::48fbfdd7f8004d3cb8bd7ef56db89b4c,C. Biegalski,c biegalski,Chicago Stars,Defender,420.0,8,3.0,8.0,5.0,1.0,0,0,0.0,1,0,52.5,140.0,0.375,0.625,0.4147619047619048,0.0,0.0,0.21428571428571427,0.0,0.0,0.0,0.0,0.0,0.0,0.0,0.0,0.0,0.26785714285714285
2024,nwsl::Football_Player::4a2f22e74e874b8bbdf2f73dec08a844,C. Onwualu,c onwualu,Chicago Stars,Midfielder,2403.0,27,27.0,27.0,0.0,2.0,0,0,0.0,5,1,89.0,89.0,1.0,0.0,0.9146744694132335,0.0,0.0,0.18726591760299627,0.03745318352059925,0.0,0.0,0.0,0.0,0.0,0.0,0.0,0.0,0.4496816479400749
2024,nwsl::Football_Player::57fe0d4b80e74d1fa6fc56aab0db25ad,A. Naeher,a naeher,Chicago Stars,Goalkeeper,2222.0,25,25.0,25.0,0.0,1.0,0,0,0.0,0,0,88.88,88.88,1.0,0.0,0.913548888888889,0.0,0.0,0.0,0.0,0.0,0.0,0.0,0.0,0.0,0.0,0.0,0.0,0.4444
2024,nwsl::Football_Player::5b003e58e30f477083526968377e7031,S. Griffith,s griffith,Chicago Stars,Forward,190.0,7,3.0,7.0,4.0,3.0,0,1,0.0,1,0,27.142857142857142,63.333333333333336,0.42857142857142855,0.5714285714285714,0.35769005847953217,0.47368421052631576,0.0,0.47368421052631576,0.0,0.0,0.0,0.0,0.0,0.0,0.0,0.0,0.0,0.2462406015037594
2024,nwsl::Football_Player::73d2d58e884c4af09534e7a45194980d,M. Wood,m wood,Chicago Stars,Goalkeeper,208.0,3,2.0,3.0,1.0,0.0,0,0,0.0,0,0,69.33333333333333,104.0,0.6666666666666666,0.3333333333333333,0.5670925925925926,0.0,0.0,0.0,0.0,0.0,0.0,0.0,0.0,0.0,0.0,0.0,0.0,0.3466666666666667
2024,nwsl::Football_Player::78fe6058bc1049be9f905c1d7b109833,N. Kuikka,n kuikka,Chicago Stars,Defender,2152.0,26,26.0,26.0,0.0,5.0,0,1,0.0,6,2,82.76923076923077,82.76923076923077,1.0,0.0,0.8942393619133862,0.041821561338289966,0.0,0.25092936802973975,0.08364312267657993,0.0,0.0,0.0,0.0,0.0,0.0,0.0,0.0,0.4288322133257077
2024,nwsl::Football_Player::84e65c9b042d400492b5088a8f3d3c6a,B. Franklin,b franklin,Chicago Stars,Midfielder,1156.0,17,13.0,17.0,4.0,4.0,1,0,0.0,4,1,68.0,88.92307692307692,0.7647058823529411,0.23529411764705882,0.7151073144944253,0.07785467128027682,0.0,0.31141868512110726,0.07785467128027682,0.0,0.0,0.0,0.0,0.0,0.0,0.0,0.0,0.3640051903114187
2024,nwsl::Football_Player::8ee297731dc942c09b80041a59066895,R. Ayane,r ayane,Chicago Stars,Forward,45.0,1,1.0,1.0,0.0,1.0,0,0,0.0,0,0,45.0,45.0,1.0,0.0,0.61625,0.0,0.0,0.0,0.0,0.0,0.0,0.0,0.0,0.0,0.0,0.0,0.0,0.225
2024,nwsl::Football_Player::920f2b3f71554778a0f38f3ada7405ad,J. Grosso,j grosso,Chicago Stars,Midfielder,939.0,11,11.0,11.0,0.0,7.0,0,0,0.0,4,0,85.36363636363636,85.36363636363636,1.0,0.0,0.8350816390744507,0.0,0.0,0.38338658146964855,0.0,0.0,0.0,0.0,0.0,0.0,0.0,0.0,0.0,0.43640284635492305
2024,nwsl::Football_Player::97eca0cd84904d96a9891ef2909271aa,C. Curran,c curran,Chicago Stars,Midfielder,233.0,11,0.0,11.0,11.0,0.0,0,0,0.0,5,2,21.181818181818183,0.0,0.0,1.0,0.16446723674513375,0.0,0.0,1.9313304721030042,0.7725321888412017,0.0,0.0,0.0,0.0,0.0,0.0,0.0,0.0,0.15419235271166604
2024,nwsl::Football_Player::ac45fd299e2b4d229273bf5f0f44d696,Júlia Bianchi,julia bianchi,Chicago Stars,Midfielder,791.0,18,9.0,18.0,9.0,7.0,1,0,0.0,3,1,43.94444444444444,87.88888888888889,0.5,0.5,0.5198618856424904,0.11378002528445005,0.0,0.34134007585335013,0.11378002528445005,0.0,0.0,0.0,0.0,0.0,0.0,0.0,0.0,0.2519598960528164
2024,nwsl::Football_Player::b681c3174ebd4a309fcbfccafc7930be,A. Cook,a cook,Chicago Stars,Forward,95.0,3,0.0,3.0,3.0,0.0,1,0,0.0,3,2,31.666666666666668,0.0,0.0,1.0,0.1744761208576998,0.9473684210526315,0.0,2.8421052631578947,1.894736842105263,0.0,0.0,0.0,0.0,0.0,0.0,0.0,0.0,0.42675438596491233
2024,nwsl::Football_Player::badbf997458d485caabfecfba5bb76f1,J. Bike,j bike,Chicago Stars,Forward,1377.0,24,15.0,24.0,9.0,10.0,1,2,0.0,18,6,57.375,91.8,0.625,0.375,0.6441954656862745,0.19607843137254902,0.0,1.1764705882352942,0.39215686274509803,0.0,0.0,0.0,0.0,0.0,0.0,0.0,0.0,0.35713643790849675
2024,nwsl::Football_Player::bebc6af83c4342a38467774e2d6603ca,L. Nesbeth,l nesbeth,Chicago Stars,Midfielder,975.0,19,10.0,19.0,9.0,7.0,1,1,0.0,10,2,51.31578947368421,97.5,0.5263157894736842,0.47368421052631576,0.569603576248313,0.1846153846153846,0.0,0.923076923076923,0.1846153846153846,0.0,0.0,0.0,0.0,0.0,0.0,0.0,0.0,0.31811740890688256
2024,nwsl::Football_Player::bed414a91b8143088aed85421e424533,S. Schneider,s schneider,Chicago Stars,Goalkeeper,0.0,0,0.0,0.0,0.0,0.0,0,0,0.0,0,0,0.0,0.0,0.0,0.0,0.0,0.0,0.0,0.0,0.0,0.0,0.0,0.0,0.0,0.0,0.0,0.0,0.0,0.0
2024,nwsl::Football_Player::ca64614f15f447ffbad8df1731cf8af9,J. Joseph,j joseph,Chicago Stars,Midfielder,1128.0,24,10.0,24.0,14.0,11.0,3,2,0.0,18,11,47.0,112.8,0.4166666666666667,0.5833333333333334,0.5211579491725769,0.39893617021276595,0.0,1.4361702127659575,0.8776595744680851,0.0,0.0,0.0,0.0,0.0,0.0,0.0,0.0,0.3540159574468085
2024,nwsl::Football_Player::d24c806737e2498c980976b0695bfbe8,A. Schlegel,a schlegel,Chicago Stars,Forward,1340.0,23,20.0,23.0,3.0,19.0,7,0,0.0,15,9,58.26086956521739,67.0,0.8695652173913043,0.13043478260869565,0.7653058980460019,0.47014925373134325,0.0,1.007462686567164,0.6044776119402985,0.0,0.0,0.0,0.0,0.0,0.0,0.0,0.0,0.41443867618429586
2024,nwsl::Football_Player::d7d29fcbb1374eb4bda584df8d928547,M. Swanson,m swanson,Chicago Stars,Forward,2119.0,25,25.0,25.0,0.0,8.0,7,4,0.0,40,32,84.76,84.76,1.0,0.0,0.9199854213203293,0.4672015101462954,0.0,1.6989145823501652,1.3591316658801322,0.0,0.0,0.0,0.0,0.0,0.0,0.0,0.0,0.563606512505899
2024,nwsl::Football_Player::dd552139607f4e219cab7864188eef47,S. Groom,s groom,Chicago Stars,Midfielder,607.0,18,4.0,18.0,14.0,4.0,0,2,0.0,3,1,33.72222222222222,151.75,0.2222222222222222,0.7777777777777778,0.3648994320377489,0.29654036243822074,0.0,0.44481054365733114,0.14827018121911037,0.0,0.0,0.0,0.0,0.0,0.0,0.0,0.0,0.2415106168771737
2024,nwsl::Football_Player::e0e778409f6442b7b1f2e2d55a5a8565,Ludmila,ludmila,Chicago Stars,Forward,530.0,7,6.0,7.0,1.0,3.0,3,0,0.0,8,3,75.71428571428571,88.33333333333333,0.8571428571428571,0.14285714285714285,0.7263316112608564,0.5094339622641509,0.0,1.3584905660377358,0.5094339622641509,0.0,0.0,0.0,0.0,0.0,0.0,0.0,0.0,0.5186657681940701
2024,nwsl::Football_Player::e3079d8bbcf64f2e8c1abbc3fe72dea4,M. Rall,m rall,Chicago Stars,Defender,801.0,9,9.0,9.0,0.0,1.0,1,0,0.0,5,2,89.0,89.0,1.0,0.0,0.8370901997503121,0.11235955056179775,0.0,0.5617977528089887,0.2247191011235955,0.0,0.0,0.0,0.0,0.0,0.0,0.0,0.0,0.48245318352059924
2024,nwsl::Football_Player::ebfc177248a54a0e972527b41871071e,H. Anderson,h anderson,Chicago Stars,Defender,1449.0,17,16.0,17.0,1.0,0.0,0,1,0.0,2,1,85.23529411764706,90.5625,0.9411764705882353,0.058823529411764705,0.8541274205334308,0.06211180124223602,0.0,0.12422360248447203,0.06211180124223602,0.0,0.0,0.0,0.0,0.0,0.0,0.0,0.0,0.44222201924247956
2024,nwsl::Football_Player::fb71a19cd7524e63bdb58f0686fbd97e,Maitane López,maitane lopez,Chicago Stars,Midfielder,405.0,13,4.0,13.0,9.0,1.0,0,0,0.0,3,0,31.153846153846153,101.25,0.3076923076923077,0.6923076923076923,0.34836538461538463,0.0,0.0,0.6666666666666666,0.0,0.0,0.0,0.0,0.0,0.0,0.0,0.0,0.0,0.17243589743589743
2024,nwsl::Football_Player::ff4d4fa9eb8e4193a7d5a8497cd5464f,Ally Cook,ally cook,Chicago Stars,Forward,215.0,15,1.0,15.0,14.0,1.0,0,1,0.0,4,1,14.333333333333334,215.0,0.06666666666666667,0.9333333333333333,0.2124252799310939,0.4186046511627907,0.0,1.6744186046511629,0.4186046511627907,0.0,0.0,0.0,0.0,0.0,0.0,0.0,0.0,0.20073643410852715
2024,nwsl::Football_Player::01429efe66554be8bc7f86ee0a9fa184,E. Wheeler,e wheeler,Current,Defender,1601.0,25,16.0,25.0,9.0,1.0,1,0,0.0,9,5,64.04,100.0625,0.64,0.36,0.6675728551599696,0.05621486570893192,0.0,0.5059337913803873,0.2810743285446596,0.0,0.0,0.0,0.0,0.0,0.0,0.0,0.0,0.3445597751405372
2024,nwsl::Football_Player::04a1aad603eb46dd9c349c2ba91d2322,I. Rodriguez,i rodriguez,Current,Defender,1528.0,22,18.0,22.0,4.0,5.0,1,2,0.0,10,3,69.45454545454545,84.88888888888889,0.8181818181818182,0.18181818181818182,0.7709327139192977,0.17670157068062828,0.0,0.5890052356020943,0.17670157068062828,0.0,0.0,0.0,0.0,0.0,0.0,0.0,0.0,0.39881068538791054
2024,nwsl::Football_Player::27615fa77e0f4bc78e0365f58a4df924,G. Robinson,g robinson,Current,Defender,926.0,11,11.0,11.0,0.0,1.0,1,0,0.0,4,3,84.18181818181819,84.18181818181819,1.0,0.0,0.8339698878635164,0.09719222462203023,0.0,0.3887688984881209,0.2915766738660907,0.0,0.0,0.0,0.0,0.0,0.0,0.0,0.0,0.4508766935008836
2024,nwsl::Football_Player::2897d5d3ff7a4d74bc52904518af9d91,Lauren Leal,lauren leal,Current,Defender,78.0,3,1.0,3.0,2.0,1.0,1,0,0.0,4,2,26.0,78.0,0.3333333333333333,0.6666666666666666,0.3152799145299145,1.1538461538461537,0.0,4.615384615384615,2.3076923076923075,0.0,0.0,0.0,0.0,0.0,0.0,0.0,0.0,0.4703846153846154
2024,nwsl::Football_Player::3f534dc858514b2580d31c23e0241f37,L. Ivory,l ivory,Current,Goalkeeper,750.0,9,8.0,9.0,1.0,0.0,0,0,0.0,0,0,83.33333333333333,93.75,0.8888888888888888,0.1111111111111111,0.7614814814814814,0.0,0.0,0.0,0.0,0.0,0.0,0.0,0.0,0.0,0.0,0.0,0.0,0.4166666666666667
2024,nwsl::Football_Player::3f841e6b66d94cdead98ab215e6e844b,B. Feist,b feist,Current,Midfielder,576.0,18,6.0,18.0,12.0,3.0,1,0,0.0,13,5,32.0,96.0,0.3333333333333333,0.6666666666666666,0.41038888888888886,0.15625,0.0,2.03125,0.78125,0.0,0.0,0.0,0.0,0.0,0.0,0.0,0.0,0.24333333333333335
2024,nwsl::Football_Player::4068e4ff81594b0590e19d73118c26a7,H. Magaia,h magaia,Current,Forward,45.0,6,0.0,6.0,6.0,0.0,0,0,0.0,2,1,7.5,0.0,0.0,1.0,0.08645833333333333,0.0,0.0,4.0,2.0,0.0,0.0,0.0,0.0,0.0,0.0,0.0,0.0,0.1375
2024,nwsl::Football_Player::4a692cb23a95406a8fd703878d2f055b,M. Jereko,m jereko,Current,Forward,43.0,3,0.0,3.0,3.0,0.0,0,0,0.0,3,0,14.333333333333334,0.0,0.0,1.0,0.08806481481481482,0.0,0.0,6.27906976744186,0.0,0.0,0.0,0.0,0.0,0.0,0.0,0.0,0.0,0.1716666666666667
2024,nwsl::Football_Player::4ed6cc093a1541039bc4faca26af2c3f,C. Lavogez,c lavogez,Current,Midfielder,476.0,14,4.0,14.0,10.0,4.0,2,0,0.0,19,9,34.0,119.0,0.2857142857142857,0.7142857142857143,0.37880473856209146,0.37815126050420167,0.0,3.592436974789916,1.7016806722689075,0.0,0.0,0.0,0.0,0.0,0.0,0.0,0.0,0.3385924369747899
2024,nwsl::Football_Player::51d52da9f6724e00a97ec29e7fe459dc,C. Hutton,c hutton,Current,Midfielder,1827.0,24,21.0,24.0,3.0,11.0,0,1,0.0,24,10,76.125,87.0,0.875,0.125,0.8182749897372743,0.04926108374384236,0.0,1.1822660098522166,0.49261083743842365,0.0,0.0,0.0,0.0,0.0,0.0,0.0,0.0,0.4204443760262726
2024,nwsl::Football_Player::53377155ab4b4c08b6ff7a3c66865fe3,R. Rodríguez,r rodriguez,Current,Midfielder,1139.0,20,13.0,20.0,7.0,7.0,1,0,0.0,12,6,56.95,87.61538461538461,0.65,0.35,0.6494319663935226,0.07901668129938542,0.0,0.9482001755926251,0.4741000877963126,0.0,0.0,0.0,0.0,0.0,0.0,0.0,0.0,0.3249168129938543
2024,nwsl::Football_Player::6335b349527a432b89971d385d4defa3,D. Scott,d scott,Current,Midfielder,134.0,12,0.0,12.0,12.0,0.0,0,0,0.0,0,0,11.166666666666666,0.0,0.0,1.0,0.12939351851851852,0.0,0.0,0.0,0.0,0.0,0.0,0.0,0.0,0.0,0.0,0.0,0.0,0.05583333333333333
2024,nwsl::Football_Player::6eb214e42ba44ea59f98afee41a268d0,M. Cooper,m cooper,Current,Forward,1502.0,23,17.0,23.0,6.0,14.0,3,3,0.0,24,11,65.30434782608695,88.3529411764706,0.7391304347826086,0.2608695652173913,0.7296157522658999,0.3595206391478029,0.0,1.4380825565912116,0.659121171770972,0.0,0.0,0.0,0.0,0.0,0.0,0.0,0.0,0.43737393620100734
2024,nwsl::Football_Player::6fb7c24fe454404c899f51d0a7ea2e84,T. Chawinga,t chawinga,Current,Forward,2324.0,27,26.0,27.0,1.0,5.0,21,6,0.0,91,64,86.07407407407408,89.38461538461539,0.9629629629629629,0.037037037037037035,0.9328742447745125,1.0456110154905336,0.0,3.5240963855421685,2.478485370051635,0.0,0.0,0.0,0.0,0.0,0.0,0.0,0.0,0.7363084082361191
2024,nwsl::Football_Player::71ee6c157ae84796b7c39bd65ef86823,S. Ballisager Pedersen,s ballisager pedersen,Current,Defender,1063.0,19,11.0,19.0,8.0,0.0,1,0,0.0,2,1,55.94736842105263,96.63636363636364,0.5789473684210527,0.42105263157894735,0.6036770078614536,0.08466603951081843,0.0,0.16933207902163686,0.08466603951081843,0.0,0.0,0.0,0.0,0.0,0.0,0.0,0.0,0.30160890231222465
2024,nwsl::Football_Player::810db7679a9d4660929f485ed49e1988,E. Ball,e ball,Current,Defender,1216.0,19,12.0,19.0,7.0,2.0,1,3,0.0,3,2,64.0,101.33333333333333,0.631578947368421,0.3684210526315789,0.6625725968567251,0.29605263157894735,0.0,0.22203947368421054,0.14802631578947367,0.0,0.0,0.0,0.0,0.0,0.0,0.0,0.0,0.3872286184210526
2024,nwsl::Football_Player::85023bcbe613492da8caaa35221257ed,K. Sharples,k sharples,Current,Defender,1998.0,25,22.0,25.0,3.0,2.0,2,0,0.0,12,6,79.92,90.81818181818181,0.88,0.12,0.8327823423423424,0.0900900900900901,0.0,0.5405405405405406,0.2702702702702703,0.0,0.0,0.0,0.0,0.0,0.0,0.0,0.0,0.4318822822822823
2024,nwsl::Football_Player::8d18be11237c447ea621fcde56944492,A. Franch,a franch,Current,Goalkeeper,1530.0,17,17.0,17.0,0.0,0.0,0,0,0.0,0,0,90.0,90.0,1.0,0.0,0.8949999999999999,0.0,0.0,0.0,0.0,0.0,0.0,0.0,0.0,0.0,0.0,0.0,0.0,0.45
2024,nwsl::Football_Player::9792e74df15347e7956b266647bfd2a6,A. Cook,a cook,Current,Defender,1880.0,23,21.0,23.0,2.0,3.0,0,0,0.0,4,1,81.73913043478261,89.52380952380952,0.9130434782608695,0.08695652173913043,0.8499451382464795,0.0,0.0,0.19148936170212766,0.047872340425531915,0.0,0.0,0.0,0.0,0.0,0.0,0.0,0.0,0.4134828862164663
2024,nwsl::Football_Player::9ad8ef494aeb4e39b37e3f1dcabd9b78,K. Hamilton,k hamilton,Current,Forward,88.0,4,0.0,4.0,4.0,1.0,1,0,0.0,1,1,22.0,0.0,0.0,1.0,0.14340656565656565,1.0227272727272727,0.0,1.0227272727272727,1.0227272727272727,0.0,0.0,0.0,0.0,0.0,0.0,0.0,0.0,0.34863636363636363
2024,nwsl::Football_Player::9b7fd5c1259c48b1a87f1cc0c10f713c,L. LaBonta,l labonta,Current,Midfielder,2056.0,26,23.0,26.0,3.0,6.0,6,1,0.0,30,11,79.07692307692308,89.3913043478261,0.8846153846153846,0.11538461538461539,0.8415429782333965,0.306420233463035,0.0,1.3132295719844358,0.48151750972762647,0.0,0.0,0.0,0.0,0.0,0.0,0.0,0.0,0.49205290332235857
2024,nwsl::Football_Player::a58cdc45fc0448a28cbd965d9601aaf7,N. Prince,n prince,Current,Forward,794.0,15,9.0,15.0,6.0,7.0,2,2,0.0,17,8,52.93333333333333,88.22222222222223,0.6,0.4,0.5906318733090773,0.4534005037783375,0.0,1.9269521410579344,0.906801007556675,0.0,0.0,0.0,0.0,0.0,0.0,0.0,0.0,0.40729890848026873
2024,nwsl::Football_Player::a74c35267e4b4a689431f9d3be7522c6,Debinha,debinha,Current,Midfielder,1642.0,24,19.0,24.0,5.0,16.0,4,5,0.0,30,11,68.41666666666667,86.42105263157895,0.7916666666666666,0.20833333333333334,0.7691907085983669,0.4933008526187576,0.0,1.6443361753958587,0.6029232643118149,0.0,0.0,0.0,0.0,0.0,0.0,0.0,0.0,0.485962748680471
2024,nwsl::Football_Player::bbe59fb4163c4684aa943695e7845645,Bia Zaneratto,bia zaneratto,Current,Forward,868.0,16,11.0,16.0,5.0,10.0,5,4,0.0,25,10,54.25,78.9090909090909,0.6875,0.3125,0.6596394329237071,0.9331797235023042,0.0,2.5921658986175116,1.0368663594470047,0.0,0.0,0.0,0.0,0.0,0.0,0.0,0.0,0.5304665898617512
2024,nwsl::Football_Player::c7c35bca896849439784a5cdee73a0b1,H. Mace,h mace,Current,Midfielder,1984.0,25,22.0,25.0,3.0,7.0,0,1,0.0,7,2,79.36,90.18181818181819,0.88,0.12,0.8285728113799283,0.04536290322580645,0.0,0.3175403225806452,0.0907258064516129,0.0,0.0,0.0,0.0,0.0,0.0,0.0,0.0,0.4141891129032258
2024,nwsl::Football_Player::c7febc9b323940738052b9bfe2fb8766,A. Schult,a schult,Current,Goalkeeper,990.0,11,11.0,11.0,0.0,0.0,0,0,0.0,0,0,90.0,90.0,1.0,0.0,0.85,0.0,0.0,0.0,0.0,0.0,0.0,0.0,0.0,0.0,0.0,0.0,0.0,0.45
2024,nwsl::Football_Player::cac9bfef965b49f9a20bbc0deb15ccfa,V. DiBernardo,v dibernardo,Current,Midfielder,1726.0,25,22.0,25.0,3.0,20.0,6,6,0.0,28,10,69.04,78.45454545454545,0.88,0.12,0.8145867464915669,0.6257242178447278,0.0,1.4600231749710313,0.5214368482039398,0.0,0.0,0.0,0.0,0.0,0.0,0.0,0.0,0.5120597914252607
2024,nwsl::Football_Player::d2a57b08550c4387800c68e523058f38,R. Steigleder,r steigleder,Current,Defender,71.0,3,1.0,3.0,2.0,1.0,0,0,0.0,0,0,23.666666666666668,71.0,0.3333333333333333,0.6666666666666666,0.25599074074074074,0.0,0.0,0.0,0.0,0.0,0.0,0.0,0.0,0.0,0.0,0.0,0.0,0.11833333333333333
2024,nwsl::Football_Player::ddf39bec971144589ad9225221ee8f99,S. Braun,s braun,Current,Midfielder,0.0,0,0.0,0.0,0.0,0.0,0,0,0.0,0,0,0.0,0.0,0.0,0.0,0.0,0.0,0.0,0.0,0.0,0.0,0.0,0.0,0.0,0.0,0.0,0.0,0.0,0.0
2024,nwsl::Football_Player::e430381cd0da42f193b7801fc9f23009,A. Pfeiffer,a pfeiffer,Current,Forward,131.0,10,0.0,10.0,10.0,1.0,1,0,0.0,1,1,13.1,0.0,0.0,1.0,0.14525969041560644,0.6870229007633588,0.0,0.6870229007633588,0.6870229007633588,0.0,0.0,0.0,0.0,0.0,0.0,0.0,0.0,0.2258053435114504
2024,nwsl::Football_Player::f82ac82c607145468005f6b2e5da5b72,H. Hopkins,h hopkins,Current,Forward,1471.0,24,18.0,24.0,6.0,11.0,3,1,0.0,26,10,61.291666666666664,81.72222222222223,0.75,0.25,0.7173365679369036,0.24473147518694766,0.0,1.5907545887151597,0.6118286879673691,0.0,0.0,0.0,0.0,0.0,0.0,0.0,0.0,0.39721292204849307
2024,nwsl::Football_Player::266288af33ed4b378e529b0cb8957ecf,E. Sonnett,e sonnett,Gotham FC,Defender,2368.0,27,27.0,27.0,0.0,4.0,0,1,0.0,5,1,87.70370370370371,87.70370370370371,1.0,0.0,0.9112995147925704,0.03800675675675676,0.0,0.1900337837837838,0.03800675675675676,0.0,0.0,0.0,0.0,0.0,0.0,0.0,0.0,0.45118743743743744
2024,nwsl::Football_Player::39fe0dbc3b0a49c0a46d405d30b7141d,M. Purce,m purce,Gotham FC,Forward,45.0,1,1.0,1.0,0.0,1.0,0,0,0.0,1,1,45.0,45.0,1.0,0.0,0.6237499999999999,0.0,0.0,2.0,2.0,0.0,0.0,0.0,0.0,0.0,0.0,0.0,0.0,0.275
2024,nwsl::Football_Player::4932d40caf094edd88eb680559cffd38,K. Edmonds,k edmonds,Gotham FC,Defender,0.0,0,0.0,0.0,0.0,0.0,0,0,0.0,0,0,0.0,0.0,0.0,0.0,0.0,0.0,0.0,0.0,0.0,0.0,0.0,0.0,0.0,0.0,0.0,0.0,0.0,0.0
2024,nwsl::Football_Player::68b02adc0cac4f9280733b42cd06ddc2,J. Carter,j carter,Gotham FC,Defender,979.0,12,12.0,12.0,0.0,6.0,0,0,0.0,0,0,81.58333333333333,81.58333333333333,1.0,0.0,0.8278078703703703,0.0,0.0,0.0,0.0,0.0,0.0,0.0,0.0,0.0,0.0,0.0,0.0,0.40791666666666665
2024,nwsl::Football_Player::6a8196684e034ab5855c3d2768858ae8,K. O'Hara,k o hara,Gotham FC,Defender,81.0,3,1.0,3.0,2.0,1.0,0,0,0.0,0,0,27.0,81.0,0.3333333333333333,0.6666666666666666,0.26775,0.0,0.0,0.0,0.0,0.0,0.0,0.0,0.0,0.0,0.0,0.0,0.0,0.135
2024,nwsl::Football_Player::6bb4476d3ca34d72aaed6bfe3080bc8c,E. McKinney,e mckinney,Gotham FC,Goalkeeper,0.0,0,0.0,0.0,0.0,0.0,0,0,0.0,0,0,0.0,0.0,0.0,0.0,0.0,0.0,0.0,0.0,0.0,0.0,0.0,0.0,0.0,0.0,0.0,0.0,0.0,0.0
2024,nwsl::Football_Player::79e6134fbc584f6d981cdd752b798dc8,S. Farrelly,s farrelly,Gotham FC,Midfielder,1.0,1,0.0,1.0,1.0,0.0,0,0,0.0,0,0,1.0,0.0,0.0,1.0,0.011027777777777779,0.0,0.0,0.0,0.0,0.0,0.0,0.0,0.0,0.0,0.0,0.0,0.0,0.005
2024,nwsl::Football_Player::890aab36584c4278b8a8d11be569aeb4,C. Dunn,c dunn,Gotham FC,Midfielder,1059.0,20,12.0,20.0,8.0,11.0,1,2,0.0,12,9,52.95,88.25,0.6,0.4,0.6185876180358829,0.254957507082153,0.0,1.019830028328612,0.7648725212464589,0.0,0.0,0.0,0.0,0.0,0.0,0.0,0.0,0.34336189801699724
2024,nwsl::Football_Player::891ad63d168c42aebeaeaa7359ec1fb5,Bruninha,bruninha,Gotham FC,Defender,898.0,22,8.0,22.0,14.0,5.0,0,2,0.0,5,1,40.81818181818182,112.25,0.36363636363636365,0.6363636363636364,0.4657769341522126,0.20044543429844097,0.0,0.5011135857461024,0.10022271714922049,0.0,0.0,0.0,0.0,0.0,0.0,0.0,0.0,0.2583782142134035
2024,nwsl::Football_Player::95d2c552a83342bc947134ce8db57d56,J. Howell,j howell,Gotham FC,Midfielder,1177.0,20,13.0,20.0,7.0,5.0,0,1,0.0,11,2,58.85,90.53846153846153,0.65,0.35,0.6556534775323327,0.07646559048428207,0.0,0.8411214953271028,0.15293118096856415,0.0,0.0,0.0,0.0,0.0,0.0,0.0,0.0,0.33120836873406967
2024,nwsl::Football_Player::b7b10520cd77421e97f225c988f93e57,A. Berger,a berger,Gotham FC,Goalkeeper,2190.0,24,24.0,24.0,0.0,0.0,0,0,0.0,0,0,91.25,91.25,1.0,0.0,0.9175,0.0,0.0,0.0,0.0,0.0,0.0,0.0,0.0,0.0,0.0,0.0,0.0,0.45
2024,nwsl::Football_Player::ba1bdfe55b8646738100a1f9c8b69e0d,T. Torres,t torres,Gotham FC,Midfielder,159.0,12,1.0,12.0,11.0,1.0,0,0,0.0,1,0,13.25,159.0,0.08333333333333333,0.9166666666666666,0.1763656970649895,0.0,0.0,0.5660377358490566,0.0,0.0,0.0,0.0,0.0,0.0,0.0,0.0,0.0,0.08040094339622642
2024,nwsl::Football_Player::d1485dcbe6f34e4c9ba927371173260d,R. Lavelle,r lavelle,Gotham FC,Midfielder,1596.0,23,18.0,23.0,5.0,10.0,8,1,0.0,48,31,69.3913043478261,88.66666666666667,0.782608695652174,0.21739130434782608,0.7729813528386182,0.5075187969924811,0.0,2.706766917293233,1.7481203007518795,0.0,0.0,0.0,0.0,0.0,0.0,0.0,0.0,0.5203587773782281
2024,nwsl::Football_Player::d8991716e33c4d7382309a7866ae9d6c,M. Zerboni,m zerboni,Gotham FC,Midfielder,195.0,15,0.0,15.0,15.0,0.0,0,0,0.0,0,0,13.0,0.0,0.0,1.0,0.1583611111111111,0.0,0.0,0.0,0.0,0.0,0.0,0.0,0.0,0.0,0.0,0.0,0.0,0.065
2024,nwsl::Football_Player::d8f389524b654b238b386797cb3b1216,Esther González,esther gonzalez,Gotham FC,Forward,1791.0,23,20.0,23.0,3.0,10.0,10,4,0.0,45,23,77.8695652173913,89.55,0.8695652173913043,0.13043478260869565,0.8464756936858204,0.7035175879396985,0.0,2.261306532663317,1.155778894472362,0.0,0.0,0.0,0.0,0.0,0.0,0.0,0.0,0.5924466535576433
2024,nwsl::Football_Player::d9bb4ddad5e34f7b89ab4608dc8277d1,T. Davidson,t davidson,Gotham FC,Defender,1625.0,21,18.0,21.0,3.0,2.0,1,0,0.0,4,2,77.38095238095238,90.27777777777777,0.8571428571428571,0.14285714285714285,0.8112586284086285,0.05538461538461538,0.0,0.22153846153846152,0.11076923076923076,0.0,0.0,0.0,0.0,0.0,0.0,0.0,0.0,0.403981684981685
2024,nwsl::Football_Player::d9f63636eae141b9a9fccd6533df3a2b,S. Hogan,s hogan,Gotham FC,Goalkeeper,1980.0,22,22.0,22.0,0.0,0.0,0,0,0.0,0,0,90.0,90.0,1.0,0.0,0.9175,0.0,0.0,0.0,0.0,0.0,0.0,0.0,0.0,0.0,0.0,0.0,0.0,0.45
2024,nwsl::Football_Player::eec17bc7b169432bbe407d85c05d41f7,J. Nighswonger,j nighswonger,Gotham FC,Midfielder,2096.0,28,23.0,28.0,5.0,10.0,1,3,0.0,20,8,74.85714285714286,91.1304347826087,0.8214285714285714,0.17857142857142858,0.7923100084817642,0.1717557251908397,0.0,0.8587786259541985,0.3435114503816794,0.0,0.0,0.0,0.0,0.0,0.0,0.0,0.0,0.43153762268266094
2024,nwsl::Football_Player::f0b65e91132d452792a90bd80e377f0f,E. Stevens,e stevens,Gotham FC,Forward,1325.0,24,17.0,24.0,7.0,16.0,7,4,0.0,23,12,55.208333333333336,77.94117647058823,0.7083333333333334,0.2916666666666667,0.6927202786512928,0.7471698113207548,0.0,1.5622641509433963,0.8150943396226416,0.0,0.0,0.0,0.0,0.0,0.0,0.0,0.0,0.4707586477987422
2024,nwsl::Football_Player::f1674817643d4409ae98e3f26ec72dc4,M. Freeman,m freeman,Gotham FC,Defender,902.0,18,9.0,18.0,9.0,6.0,1,2,0.0,4,2,50.111111111111114,100.22222222222223,0.5,0.5,0.547631751115491,0.29933481152993346,0.0,0.3991130820399113,0.19955654101995565,0.0,0.0,0.0,0.0,0.0,0.0,0.0,0.0,0.3228948016752895
2024,nwsl::Football_Player::f77539c151be429e954ed8f1a2a7aa3d,Jéssica Silva,jessica silva,Gotham FC,Forward,89.0,4,0.0,4.0,4.0,1.0,0,1,0.0,0,0,22.25,0.0,0.0,1.0,0.14009417915106118,1.0112359550561798,0.0,0.0,0.0,0.0,0.0,0.0,0.0,0.0,0.0,0.0,0.0,0.3219241573033708
2024,nwsl::Football_Player::f8682c257fa14a7c862ecccc4b892332,M. Betos,m betos,Gotham FC,Goalkeeper,0.0,0,0.0,0.0,0.0,0.0,0,0,0.0,0,0,0.0,0.0,0.0,0.0,0.0,0.0,0.0,0.0,0.0,0.0,0.0,0.0,0.0,0.0,0.0,0.0,0.0,0.0
2024,nwsl::Football_Player::fdc322f486b94e3a9043aee47c3daf93,N. Martin,n martin,Gotham FC,Defender,2127.0,27,24.0,27.0,3.0,10.0,0,0,0.0,1,0,78.77777777777777,88.625,0.8888888888888888,0.1111111111111111,0.828069168016159,0.0,0.0,0.042313117066290554,0.0,0.0,0.0,0.0,0.0,0.0,0.0,0.0,0.0,0.39494671681554616
2024,nwsl::Football_Player::fed95d382879402f971b73910f1a8e2a,K. Stengel,k stengel,Gotham FC,Forward,829.0,15,8.0,15.0,7.0,5.0,0,1,0.0,26,15,55.266666666666666,103.625,0.5333333333333333,0.4666666666666667,0.5614462024750926,0.10856453558504223,0.0,2.822677925211098,1.6284680337756334,0.0,0.0,0.0,0.0,0.0,0.0,0.0,0.0,0.369517893043828
2024,nwsl::Football_Player::0441c191624b4049911e4bb7d6a3a4a1,D. Ordoñez,d ordonez,Houston Dash,Forward,1720.0,24,19.0,24.0,5.0,5.0,5,0,0.0,32,17,71.66666666666667,90.52631578947368,0.7916666666666666,0.20833333333333334,0.7735290159345393,0.2616279069767442,0.0,1.6744186046511629,0.8895348837209303,0.0,0.0,0.0,0.0,0.0,0.0,0.0,0.0,0.45469961240310075
2024,nwsl::Football_Player::077ea2ab10e8473d9224cd482d7970f0,A. West,a west,Houston Dash,Forward,727.0,16,6.0,16.0,10.0,5.0,1,1,0.0,9,6,45.4375,121.16666666666667,0.375,0.625,0.46095880855494425,0.24759284731774417,0.0,1.1141678129298487,0.7427785419532325,0.0,0.0,0.0,0.0,0.0,0.0,0.0,0.0,0.3066235385144429
2024,nwsl::Football_Player::0b073a65cdfc43f9923ca00ab1fc5fff,R. Bachmann,r bachmann,Houston Dash,Forward,840.0,12,10.0,12.0,2.0,9.0,2,0,0.0,5,3,70.0,84.0,0.8333333333333334,0.16666666666666666,0.7206498015873015,0.21428571428571427,0.0,0.5357142857142857,0.3214285714285714,0.0,0.0,0.0,0.0,0.0,0.0,0.0,0.0,0.40803571428571433
2024,nwsl::Football_Player::0bb3c16212754939b111d70c83644b8e,D. Colaprico,d colaprico,Houston Dash,Midfielder,1558.0,23,18.0,23.0,5.0,8.0,0,0,0.0,11,3,67.73913043478261,86.55555555555556,0.782608695652174,0.21739130434782608,0.7435253747217107,0.0,0.0,0.6354300385109115,0.17329910141206675,0.0,0.0,0.0,0.0,0.0,0.0,0.0,0.0,0.35458140313668585
2024,nwsl::Football_Player::0bc0d986844b458592417f6157d1aeb4,C. Westphal,c westphal,Houston Dash,Defender,725.0,15,8.0,15.0,7.0,3.0,0,0,0.0,0,0,48.333333333333336,90.625,0.5333333333333333,0.4666666666666667,0.5230092592592592,0.0,0.0,0.0,0.0,0.0,0.0,0.0,0.0,0.0,0.0,0.0,0.0,0.2416666666666667
2024,nwsl::Football_Player::22bdee5e6c5840a4891fc6d9abecfbb7,B. Briede,b briede,Houston Dash,Midfielder,359.0,17,2.0,17.0,15.0,2.0,0,0,0.0,3,1,21.11764705882353,179.5,0.11764705882352941,0.8823529411764706,0.25775987674549855,0.0,0.0,0.7520891364902507,0.25069637883008355,0.0,0.0,0.0,0.0,0.0,0.0,0.0,0.0,0.12439046370637391
2024,nwsl::Football_Player::36b07020f4cf4e35943ba241ccbb8a7d,J. Harris,j harris,Houston Dash,Defender,804.0,11,9.0,11.0,2.0,1.0,0,0,0.0,3,3,73.0909090909091,89.33333333333333,0.8181818181818182,0.18181818181818182,0.709789631388512,0.0,0.0,0.33582089552238803,0.33582089552238803,0.0,0.0,0.0,0.0,0.0,0.0,0.0,0.0,0.37385006784260516
2024,nwsl::Football_Player::37c762eb698644fa88b9cb94cf4f0940,P. Nielsen,p nielsen,Houston Dash,Defender,2159.0,24,24.0,24.0,0.0,1.0,1,0,0.0,12,2,89.95833333333333,89.95833333333333,1.0,0.0,0.9205315641457807,0.04168596572487263,0.0,0.5002315886984715,0.08337193144974527,0.0,0.0,0.0,0.0,0.0,0.0,0.0,0.0,0.47098203257681026
2024,nwsl::Football_Player::381ab4ec053f477887ce2a052a5cb1e7,C. Soto,c soto,Houston Dash,Defender,29.0,3,0.0,3.0,3.0,0.0,0,0,0.0,0,0,9.666666666666666,0.0,0.0,1.0,0.05660185185185185,0.0,0.0,0.0,0.0,0.0,0.0,0.0,0.0,0.0,0.0,0.0,0.0,0.04833333333333333
2024,nwsl::Football_Player::53d40cac5579412d9e258d7eddd20fd6,E. Rubensson,e rubensson,Houston Dash,Midfielder,1021.0,15,12.0,15.0,3.0,5.0,0,1,0.0,6,2,68.06666666666666,85.08333333333333,0.8,0.2,0.7173620760329379,0.0881488736532811,0.0,0.5288932419196866,0.1762977473065622,0.0,0.0,0.0,0.0,0.0,0.0,0.0,0.0,0.37192001305909234
2024,nwsl::Football_Player::55c607b8f8ea48efa308facc28601331,S. Schmidt,s schmidt,Houston Dash,Midfielder,1836.0,23,21.0,23.0,2.0,7.0,0,0,0.0,11,5,79.82608695652173,87.42857142857143,0.9130434782608695,0.08695652173913043,0.8445003196930947,0.0,0.0,0.5392156862745099,0.2450980392156863,0.0,0.0,0.0,0.0,0.0,0.0,0.0,0.0,0.41261082693947143
2024,nwsl::Football_Player::676004a629cb4668972a79f81ed48f2f,R. Gareis,r gareis,Houston Dash,Forward,328.0,7,5.0,7.0,2.0,5.0,0,0,0.0,3,3,46.857142857142854,65.6,0.7142857142857143,0.2857142857142857,0.5423170489740612,0.0,0.0,0.8231707317073171,0.8231707317073171,0.0,0.0,0.0,0.0,0.0,0.0,0.0,0.0,0.25486498257839724
2024,nwsl::Football_Player::6c9e533a1fca4ed0839072ce3c05d2cb,H. Hinz,h hinz,Houston Dash,Goalkeeper,90.0,1,1.0,1.0,0.0,0.0,0,0,0.0,0,0,90.0,90.0,1.0,0.0,0.7749999999999999,0.0,0.0,0.0,0.0,0.0,0.0,0.0,0.0,0.0,0.0,0.0,0.0,0.45
2024,nwsl::Football_Player::7b95e77ca5184ed39abbd7481af81fee,A. Chapman,a chapman,Houston Dash,Defender,542.0,8,6.0,8.0,2.0,2.0,0,0,0.0,1,0,67.75,90.33333333333333,0.75,0.25,0.6371296381713818,0.0,0.0,0.16605166051660517,0.0,0.0,0.0,0.0,0.0,0.0,0.0,0.0,0.0,0.34290129151291515
2024,nwsl::Football_Player::84f002f16ccb4505bf917530531d6e52,Tarciane,tarciane,Houston Dash,Defender,913.0,11,10.0,11.0,1.0,1.0,0,0,0.0,5,0,83.0,91.3,0.9090909090909091,0.09090909090909091,0.7862447669465741,0.0,0.0,0.4928806133625411,0.0,0.0,0.0,0.0,0.0,0.0,0.0,0.0,0.0,0.42732201533406355
2024,nwsl::Football_Player::8772001989134074a48629a1110d6b62,M. Alozie,m alozie,Houston Dash,Forward,1347.0,24,14.0,24.0,10.0,9.0,0,1,0.0,16,6,56.125,96.21428571428571,0.5833333333333334,0.4166666666666667,0.6165934097376887,0.06681514476614699,0.0,1.0690423162583518,0.40089086859688194,0.0,0.0,0.0,0.0,0.0,0.0,0.0,0.0,0.3212708797327394
2024,nwsl::Football_Player::98dcb1c31ca44fd195fa3302144a6140,N. Jacobs,n jacobs,Houston Dash,Defender,1239.0,16,14.0,16.0,2.0,2.0,1,1,0.0,5,3,77.4375,88.5,0.875,0.125,0.7928342287126715,0.14527845036319612,0.0,0.3631961259079903,0.2179176755447942,0.0,0.0,0.0,0.0,0.0,0.0,0.0,0.0,0.4265337469733656
2024,nwsl::Football_Player::9e98c713a7154c928697e3cf043fec63,S. Puntigam,s puntigam,Houston Dash,Midfielder,1589.0,23,18.0,23.0,5.0,8.0,0,2,0.0,12,4,69.08695652173913,88.27777777777777,0.782608695652174,0.21739130434782608,0.7519860780486618,0.11327879169288861,0.0,0.6796727501573316,0.22655758338577722,0.0,0.0,0.0,0.0,0.0,0.0,0.0,0.0,0.3860263496319808
2024,nwsl::Football_Player::a0605c4182a84b72808f4d5ee0e5be92,M. Ayson,m ayson,Houston Dash,Defender,8.0,1,0.0,1.0,1.0,0.0,0,0,0.0,0,0,8.0,0.0,0.0,1.0,0.035722222222222225,0.0,0.0,0.0,0.0,0.0,0.0,0.0,0.0,0.0,0.0,0.0,0.0,0.04
2024,nwsl::Football_Player::a508823d48c24d818a9b76c99106c143,J. Campbell,j campbell,Houston Dash,Goalkeeper,2250.0,25,25.0,25.0,0.0,0.0,0,0,0.0,0,0,90.0,90.0,1.0,0.0,0.9175,0.0,0.0,0.0,0.0,0.0,0.0,0.0,0.0,0.0,0.0,0.0,0.0,0.45
2024,nwsl::Football_Player::b0fe6c1df4fc4afeabe923ab23915632,M. Bright,m bright,Houston Dash,Forward,679.0,21,7.0,21.0,14.0,7.0,1,0,0.0,16,7,32.333333333333336,97.0,0.3333333333333333,0.6666666666666666,0.4261598074510446,0.1325478645066274,0.0,2.1207658321060383,0.9278350515463918,0.0,0.0,0.0,0.0,0.0,0.0,0.0,0.0,0.24229995090819836
2024,nwsl::Football_Player::b31098033cad49f0b4e19ced007afc4f,Andressa Alves,andressa alves,Houston Dash,Midfielder,1186.0,24,15.0,24.0,9.0,11.0,1,1,0.0,14,8,49.416666666666664,79.06666666666666,0.625,0.375,0.6143078313347075,0.15177065767284992,0.0,1.0623946037099494,0.6070826306913997,0.0,0.0,0.0,0.0,0.0,0.0,0.0,0.0,0.3052620854412591
2024,nwsl::Football_Player::be8d34625b5244f1b34e61df67be171a,Y. Nagasato,y nagasato,Houston Dash,Forward,1065.0,21,14.0,21.0,7.0,14.0,2,1,0.0,7,5,50.714285714285715,76.07142857142857,0.6666666666666666,0.3333333333333333,0.6390495752291527,0.2535211267605634,0.0,0.5915492957746479,0.4225352112676056,0.0,0.0,0.0,0.0,0.0,0.0,0.0,0.0,0.3211770623742454
2024,nwsl::Football_Player::c0076f9d59514192ab6a1107bfc8493a,A. Smith,a smith,Houston Dash,Goalkeeper,0.0,0,0.0,0.0,0.0,0.0,0,0,0.0,0,0,0.0,0.0,0.0,0.0,0.0,0.0,0.0,0.0,0.0,0.0,0.0,0.0,0.0,0.0,0.0,0.0,0.0,0.0
2024,nwsl::Football_Player::c950ace8df4042c89929ff968596cd92,G. Guillén,g guillen,Houston Dash,Defender,0.0,0,0.0,0.0,0.0,0.0,0,0,0.0,0,0,0.0,0.0,0.0,0.0,0.0,0.0,0.0,0.0,0.0,0.0,0.0,0.0,0.0,0.0,0.0,0.0,0.0,0.0
2024,nwsl::Football_Player::d19b2c8f459848858cd65bf39ae5aef3,Z. Matthews,z matthews,Houston Dash,Midfielder,7.0,2,0.0,2.0,2.0,0.0,0,0,0.0,0,0,3.5,0.0,0.0,1.0,0.02734722222222222,0.0,0.0,0.0,0.0,0.0,0.0,0.0,0.0,0.0,0.0,0.0,0.0,0.0175
2024,nwsl::Football_Player::d23d7e4bff8f4282b946c478b857105c,E. Duljan,e duljan,Houston Dash,Defender,174.0,8,1.0,8.0,7.0,1.0,0,0,0.0,0,0,21.75,174.0,0.125,0.875,0.19297916666666667,0.0,0.0,0.0,0.0,0.0,0.0,0.0,0.0,0.0,0.0,0.0,0.0,0.10875
2024,nwsl::Football_Player::d74598ef40bd40959bbf291c2d83bacb,G. Brian,g brian,Houston Dash,Midfielder,0.0,0,0.0,0.0,0.0,0.0,0,0,0.0,0,0,0.0,0.0,0.0,0.0,0.0,0.0,0.0,0.0,0.0,0.0,0.0,0.0,0.0,0.0,0.0,0.0,0.0,0.0
2024,nwsl::Football_Player::d814c62705514d3ab343c0798bb924ba,Y. Ryan,y ryan,Houston Dash,Forward,2126.0,27,25.0,27.0,2.0,9.0,5,6,0.0,37,20,78.74074074074075,85.04,0.9259259259259259,0.07407407407407407,0.8648721840895981,0.4656632173095014,0.0,1.566321730950141,0.8466603951081844,0.0,0.0,0.0,0.0,0.0,0.0,0.0,0.0,0.52987491725027
2024,nwsl::Football_Player::defa5ede49564c5c9b518c5c5281cf9a,K. van Zanten,k van zanten,Houston Dash,Midfielder,107.0,4,1.0,4.0,3.0,1.0,0,0,0.0,0,0,26.75,107.0,0.25,0.75,0.23686805555555557,0.0,0.0,0.0,0.0,0.0,0.0,0.0,0.0,0.0,0.0,0.0,0.0,0.13375
2024,nwsl::Football_Player::e03d1965093b4a96b068ea2112bdd6ea,H. Solaun,h solaun,Houston Dash,Midfielder,165.0,5,1.0,5.0,4.0,1.0,1,0,0.0,1,1,33.0,165.0,0.2,0.8,0.2630075757575758,0.5454545454545455,0.0,0.5454545454545455,0.5454545454545455,0.0,0.0,0.0,0.0,0.0,0.0,0.0,0.0,0.29227272727272724
2024,nwsl::Football_Player::e9488064a60149bebd3650cfc6bb8a5c,A. Patterson,a patterson,Houston Dash,Forward,2073.0,25,23.0,25.0,2.0,3.0,1,2,0.0,16,5,82.92,90.1304347826087,0.92,0.08,0.8631984418716837,0.13024602026049203,0.0,0.6946454413892909,0.2170767004341534,0.0,0.0,0.0,0.0,0.0,0.0,0.0,0.0,0.45910072358900145
2024,nwsl::Football_Player::ec556416f45b48879e56409269f13dcb,D. Sheehan,d sheehan,Houston Dash,Midfielder,2188.0,28,26.0,28.0,2.0,11.0,2,1,0.0,18,8,78.14285714285714,84.15384615384616,0.9285714285714286,0.07142857142857142,0.8501605474304286,0.12340036563071298,0.0,0.740402193784278,0.3290676416819013,0.0,0.0,0.0,0.0,0.0,0.0,0.0,0.0,0.4349327500652912
2024,nwsl::Football_Player::fbe120b3952b43e4a95a632f285ffe38,B. Olivieri,b olivieri,Houston Dash,Midfielder,1595.0,24,17.0,24.0,7.0,9.0,4,2,0.0,23,9,66.45833333333333,93.82352941176471,0.7083333333333334,0.2916666666666667,0.7186469399454314,0.3385579937304075,0.0,1.297805642633229,0.5078369905956113,0.0,0.0,0.0,0.0,0.0,0.0,0.0,0.0,0.43526972309299894
2024,nwsl::Football_Player::0be7d2ca8fe94e45894d705ef2a36ca0,C. Mclean,c mclean,NC Courage,Defender,0.0,0,0.0,0.0,0.0,0.0,0,0,0.0,0,0,0.0,0.0,0.0,0.0,0.0,0.0,0.0,0.0,0.0,0.0,0.0,0.0,0.0,0.0,0.0,0.0,0.0,0.0
2024,nwsl::Football_Player::1522f4de375a4ce8bd1a486097a10783,J. Walker,j walker,NC Courage,Defender,0.0,0,0.0,0.0,0.0,0.0,0,0,0.0,0,0,0.0,0.0,0.0,0.0,0.0,0.0,0.0,0.0,0.0,0.0,0.0,0.0,0.0,0.0,0.0,0.0,0.0,0.0
2024,nwsl::Football_Player::336dc7bf1e5642c1a7a4a9fd8973f2a9,B. Pinto,b pinto,NC Courage,Midfielder,764.0,20,9.0,20.0,11.0,9.0,3,2,0.0,14,9,38.2,84.88888888888889,0.45,0.55,0.5118520796974986,0.5890052356020943,0.0,1.649214659685864,1.0602094240837696,0.0,0.0,0.0,0.0,0.0,0.0,0.0,0.0,0.3549397905759163
2024,nwsl::Football_Player::3cecb0249577458d990f97ac429b76e7,Aline Gomes,aline gomes,NC Courage,Forward,461.0,8,6.0,8.0,2.0,5.0,1,0,0.0,7,2,57.625,76.83333333333333,0.75,0.25,0.6120137909737287,0.19522776572668116,0.0,1.366594360086768,0.3904555314533623,0.0,0.0,0.0,0.0,0.0,0.0,0.0,0.0,0.36296231019522773
2024,nwsl::Football_Player::3d88359f24cc42609f3402ab4c856674,N. Staude,n staude,NC Courage,Defender,0.0,0,0.0,0.0,0.0,0.0,0,0,0.0,0,0,0.0,0.0,0.0,0.0,0.0,0.0,0.0,0.0,0.0,0.0,0.0,0.0,0.0,0.0,0.0,0.0,0.0,0.0
2024,nwsl::Football_Player::405bbcc7f91848b4a28e72f45ffb7d55,D. Weatherholt,d weatherholt,NC Courage,Midfielder,835.0,21,8.0,21.0,13.0,5.0,1,0,0.0,2,1,39.76190476190476,104.375,0.38095238095238093,0.6190476190476191,0.46587638215632227,0.10778443113772454,0.0,0.21556886227544908,0.10778443113772454,0.0,0.0,0.0,0.0,0.0,0.0,0.0,0.0,0.22665383518676935
2024,nwsl::Football_Player::55bd66bfbc3240c7acf59ca32209868c,M. Bell,m bell,NC Courage,Defender,297.0,10,3.0,10.0,7.0,2.0,1,0,0.0,2,1,29.7,99.0,0.3,0.7,0.3265174242424243,0.30303030303030304,0.0,0.6060606060606061,0.30303030303030304,0.0,0.0,0.0,0.0,0.0,0.0,0.0,0.0,0.2267828282828283
2024,nwsl::Football_Player::572ca1acdb37419a843dafa8e828be66,C. Murphy,c murphy,NC Courage,Goalkeeper,2430.0,27,27.0,27.0,0.0,0.0,0,0,0.0,0,0,90.0,90.0,1.0,0.0,0.9175,0.0,0.0,0.0,0.0,0.0,0.0,0.0,0.0,0.0,0.0,0.0,0.0,0.45
2024,nwsl::Football_Player::580bf06187bf4407974ea2a3dc2824bf,J. Dorsey,j dorsey,NC Courage,Defender,0.0,0,0.0,0.0,0.0,0.0,0,0,0.0,0,0,0.0,0.0,0.0,0.0,0.0,0.0,0.0,0.0,0.0,0.0,0.0,0.0,0.0,0.0,0.0,0.0,0.0,0.0
2024,nwsl::Football_Player::6d67292de0884403b9dfbddedc090992,M. McCutcheon,m mccutcheon,NC Courage,Midfielder,0.0,0,0.0,0.0,0.0,0.0,0,0,0.0,0,0,0.0,0.0,0.0,0.0,0.0,0.0,0.0,0.0,0.0,0.0,0.0,0.0,0.0,0.0,0.0,0.0,0.0,0.0
2024,nwsl::Football_Player::75dd90b34f884be794d7d0a24f71d8d8,O. Wingate,o wingate,NC Courage,Forward,380.0,11,1.0,11.0,10.0,1.0,2,2,0.0,10,5,34.54545454545455,380.0,0.09090909090909091,0.9090909090909091,0.2837646198830409,0.9473684210526315,0.0,2.3684210526315788,1.1842105263157894,0.0,0.0,0.0,0.0,0.0,0.0,0.0,0.0,0.4293062200956938
2024,nwsl::Football_Player::75dea69f305343a2b59c44bcf763445e,T. Lussi,t lussi,NC Courage,Forward,1482.0,22,20.0,22.0,2.0,18.0,4,2,0.0,29,9,67.36363636363636,74.1,0.9090909090909091,0.09090909090909091,0.8147257391731076,0.3643724696356276,0.0,1.7611336032388665,0.5465587044534413,0.0,0.0,0.0,0.0,0.0,0.0,0.0,0.0,0.4567574530732426
2024,nwsl::Football_Player::79a32ba220cb4d83b915046270f92b4c,L. Mertz,l mertz,NC Courage,Midfielder,7.0,2,0.0,2.0,2.0,0.0,0,0,0.0,0,0,3.5,0.0,0.0,1.0,0.02734722222222222,0.0,0.0,0.0,0.0,0.0,0.0,0.0,0.0,0.0,0.0,0.0,0.0,0.0175
2024,nwsl::Football_Player::81f566b89fa04830b4b1657453e4f818,R. Williams,r williams,NC Courage,Defender,2328.0,26,26.0,26.0,0.0,0.0,0,0,0.0,2,1,89.53846153846153,89.53846153846153,1.0,0.0,0.9161617433254031,0.0,0.0,0.07731958762886598,0.03865979381443299,0.0,0.0,0.0,0.0,0.0,0.0,0.0,0.0,0.44962529738302937
2024,nwsl::Football_Player::85399e003cd149ec991da7c3853143ad,K. Kurtz,k kurtz,NC Courage,Defender,2430.0,27,27.0,27.0,0.0,0.0,1,0,0.0,10,4,90.0,90.0,1.0,0.0,0.9200462962962963,0.037037037037037035,0.0,0.37037037037037035,0.14814814814814814,0.0,0.0,0.0,0.0,0.0,0.0,0.0,0.0,0.4669753086419753
2024,nwsl::Football_Player::8bc2b0ed38a346f2a782d7236d278aa3,D. O'Sullivan,d o sullivan,NC Courage,Midfielder,2020.0,24,22.0,24.0,2.0,2.0,1,3,0.0,5,1,84.16666666666667,91.81818181818181,0.9166666666666666,0.08333333333333333,0.8658259992665933,0.17821782178217824,0.0,0.22277227722772278,0.04455445544554456,0.0,0.0,0.0,0.0,0.0,0.0,0.0,0.0,0.4635313531353135
2024,nwsl::Football_Player::907a57b1c41046b08063e94229484b5e,M. Berkely,m berkely,NC Courage,Defender,2295.0,26,26.0,26.0,0.0,1.0,1,3,0.0,8,2,88.26923076923077,88.26923076923077,1.0,0.0,0.9174726621417798,0.1568627450980392,0.0,0.3137254901960784,0.0784313725490196,0.0,0.0,0.0,0.0,0.0,0.0,0.0,0.0,0.48186902966314726
2024,nwsl::Football_Player::93a4a0415aad424a9ee97fe93d7ac61a,V. Pickett,v pickett,NC Courage,Midfielder,576.0,19,6.0,19.0,13.0,6.0,0,1,0.0,3,1,30.31578947368421,96.0,0.3157894736842105,0.6842105263157895,0.3981932565789474,0.15625,0.0,0.46875,0.15625,0.0,0.0,0.0,0.0,0.0,0.0,0.0,0.0,0.1958497807017544
2024,nwsl::Football_Player::93ab29167bcd49b1a9d06e29f2cfb3c2,H. Betfort,h betfort,NC Courage,Forward,1674.0,24,18.0,24.0,6.0,8.0,2,0,0.0,31,13,69.75,93.0,0.75,0.25,0.7431727150537635,0.1075268817204301,0.0,1.6666666666666665,0.6989247311827956,0.0,0.0,0.0,0.0,0.0,0.0,0.0,0.0,0.412818100358423
2024,nwsl::Football_Player::9cf4be1012534c69ba6aca923a5b85d3,H. Hancuff,h hancuff,NC Courage,Goalkeeper,0.0,0,0.0,0.0,0.0,0.0,0,0,0.0,0,0,0.0,0.0,0.0,0.0,0.0,0.0,0.0,0.0,0.0,0.0,0.0,0.0,0.0,0.0,0.0,0.0,0.0,0.0
2024,nwsl::Football_Player::a0b960ec400b4ad389c72e720e32e86d,C. Vine,c vine,NC Courage,Forward,248.0,5,2.0,5.0,3.0,1.0,1,0,0.0,3,2,49.6,124.0,0.4,0.6,0.40790116487455197,0.3629032258064516,0.0,1.0887096774193548,0.7258064516129032,0.0,0.0,0.0,0.0,0.0,0.0,0.0,0.0,0.3508225806451613
2024,nwsl::Football_Player::a1626364867445b3b33022e19cac46ff,M. Jordan,m jordan,NC Courage,Goalkeeper,0.0,0,0.0,0.0,0.0,0.0,0,0,0.0,0,0,0.0,0.0,0.0,0.0,0.0,0.0,0.0,0.0,0.0,0.0,0.0,0.0,0.0,0.0,0.0,0.0,0.0,0.0
2024,nwsl::Football_Player::a8dcc11b4e184ef08569fa3fa7e061ed,V. Haugen,v haugen,NC Courage,Defender,0.0,0,0.0,0.0,0.0,0.0,0,0,0.0,0,0,0.0,0.0,0.0,0.0,0.0,0.0,0.0,0.0,0.0,0.0,0.0,0.0,0.0,0.0,0.0,0.0,0.0,0.0
2024,nwsl::Football_Player::b59aacbdbb734601810422f27dff5ddb,R. Jackson,r jackson,NC Courage,Midfielder,306.0,18,3.0,18.0,15.0,3.0,0,0,0.0,2,2,17.0,102.0,0.16666666666666666,0.8333333333333334,0.2721781045751634,0.0,0.0,0.5882352941176471,0.5882352941176471,0.0,0.0,0.0,0.0,0.0,0.0,0.0,0.0,0.09970588235294119
2024,nwsl::Football_Player::bb0103a05e5f49418ff33df52b8b71b9,M. Matsukubo,m matsukubo,NC Courage,Midfielder,1141.0,18,12.0,18.0,6.0,8.0,2,1,0.0,20,7,63.388888888888886,95.08333333333333,0.6666666666666666,0.3333333333333333,0.6719326059553564,0.23663453111305874,0.0,1.577563540753725,0.5521472392638037,0.0,0.0,0.0,0.0,0.0,0.0,0.0,0.0,0.40568239361184144
2024,nwsl::Football_Player::bdb7b2cdedb141dd9ff5cb096ff6d21b,Kerolin,kerolin,NC Courage,Forward,309.0,6,3.0,6.0,3.0,3.0,1,0,0.0,6,3,51.5,103.0,0.5,0.5,0.4673358953613808,0.29126213592233013,0.0,1.7475728155339807,0.8737864077669903,0.0,0.0,0.0,0.0,0.0,0.0,0.0,0.0,0.36186893203883497
2024,nwsl::Football_Player::bdf738f813074378b10e977e449699eb,M. Speck,m speck,NC Courage,Midfielder,208.0,12,1.0,12.0,11.0,1.0,2,1,0.0,4,4,17.333333333333332,208.0,0.08333333333333333,0.9166666666666666,0.23263853276353275,1.2980769230769231,0.0,1.7307692307692308,1.7307692307692308,0.0,0.0,0.0,0.0,0.0,0.0,0.0,0.0,0.37993589743589745
2024,nwsl::Football_Player::cb6caff04d61498b9fef4c71d0c3f1e1,F. Rauch,f rauch,NC Courage,Defender,1964.0,26,22.0,26.0,4.0,7.0,1,0,0.0,10,3,75.53846153846153,89.27272727272727,0.8461538461538461,0.15384615384615385,0.8004025950006092,0.045824847250509164,0.0,0.45824847250509165,0.13747454175152748,0.0,0.0,0.0,0.0,0.0,0.0,0.0,0.0,0.3986953626821244
2024,nwsl::Football_Player::d34c603875494308b83fc6a75c948837,J. Shaw,j shaw,NC Courage,Midfielder,1252.0,22,13.0,22.0,9.0,11.0,4,1,0.0,20,12,56.90909090909091,96.3076923076923,0.5909090909090909,0.4090909090909091,0.6332951197276278,0.35942492012779553,0.0,1.4376996805111821,0.8626198083067093,0.0,0.0,0.0,0.0,0.0,0.0,0.0,0.0,0.39536813825152484
2024,nwsl::Football_Player::ed7ee4eca97044dd97750b29c3850769,A. Sanchez,a sanchez,NC Courage,Midfielder,2219.0,27,26.0,27.0,1.0,19.0,5,4,0.0,49,28,82.18518518518519,85.34615384615384,0.9629629629629629,0.037037037037037035,0.8921242500700088,0.36502929247408744,0.0,1.9873817034700316,1.135646687697161,0.0,0.0,0.0,0.0,0.0,0.0,0.0,0.0,0.5366582377781116
2024,nwsl::Football_Player::0021a2896ee54ef191fb324dec97dd78,B. Banda,b banda,Orlando Pride,Forward,2006.0,25,23.0,25.0,2.0,10.0,17,7,0.0,95,53,80.24,87.21739130434783,0.92,0.08,0.8957179417303646,1.0767696909272184,0.0,4.262213359920239,2.377866400797607,0.0,0.0,0.0,0.0,0.0,0.0,0.0,0.0,0.7255270189431705
2024,nwsl::Football_Player::021370e22b6846a48f5e988c6f4c9478,Rafaelle,rafaelle,Orlando Pride,Defender,618.0,9,6.0,9.0,3.0,0.0,0,0,0.0,3,1,68.66666666666667,103.0,0.6666666666666666,0.3333333333333333,0.6113790902553039,0.0,0.0,0.4368932038834952,0.14563106796116507,0.0,0.0,0.0,0.0,0.0,0.0,0.0,0.0,0.3542556634304207
2024,nwsl::Football_Player::15cbd2b4b39042eeb04d03affb712899,A. Moorhouse,a moorhouse,Orlando Pride,Goalkeeper,2610.0,29,29.0,29.0,0.0,0.0,0,0,0.0,0,0,90.0,90.0,1.0,0.0,0.9175,0.0,0.0,0.0,0.0,0.0,0.0,0.0,0.0,0.0,0.0,0.0,0.0,0.45
2024,nwsl::Football_Player::291911cc9bee4a458a8ae94f9b2a9c97,A. Watt,a watt,Orlando Pride,Forward,1081.0,25,12.0,25.0,13.0,12.0,3,4,0.0,26,14,43.24,90.08333333333333,0.48,0.52,0.5448708983451537,0.5827937095282146,0.0,2.1646623496762256,1.1655874190564293,0.0,0.0,0.0,0.0,0.0,0.0,0.0,0.0,0.39173191489361703
2024,nwsl::Football_Player::3156af5df0ad44729614d33bf537a27e,K. Asman,k asman,Orlando Pride,Goalkeeper,0.0,0,0.0,0.0,0.0,0.0,0,0,0.0,0,0,0.0,0.0,0.0,0.0,0.0,0.0,0.0,0.0,0.0,0.0,0.0,0.0,0.0,0.0,0.0,0.0,0.0,0.0
2024,nwsl::Football_Player::3fa6c6b9fff049ddb7e32f7ea04d33ca,Angelina,angelina,Orlando Pride,Midfielder,1753.0,24,19.0,24.0,5.0,8.0,2,3,0.0,15,7,73.04166666666667,92.26315789473684,0.7916666666666666,0.20833333333333334,0.7748346373148677,0.2567027952082145,0.0,0.7701083856246435,0.35938391329150027,0.0,0.0,0.0,0.0,0.0,0.0,0.0,0.0,0.4379407919756608
2024,nwsl::Football_Player::417b9c031c7145eaa41276c98302848d,M. Larroquette,m larroquette,Orlando Pride,Forward,48.0,4,0.0,4.0,4.0,0.0,0,0,0.0,0,0,12.0,0.0,0.0,1.0,0.07233333333333332,0.0,0.0,0.0,0.0,0.0,0.0,0.0,0.0,0.0,0.0,0.0,0.0,0.06
2024,nwsl::Football_Player::45f2625c676148e39a473a33273d0919,Adriana,adriana,Orlando Pride,Forward,1885.0,26,21.0,26.0,5.0,12.0,6,1,0.0,50,27,72.5,89.76190476190476,0.8076923076923077,0.19230769230769232,0.7886219790745653,0.33421750663129973,0.0,2.387267904509284,1.2891246684350133,0.0,0.0,0.0,0.0,0.0,0.0,0.0,0.0,0.4918103448275863
2024,nwsl::Football_Player::4858150a233349bebb55741b933369d0,C. Lawrence,c lawrence,Orlando Pride,Defender,285.0,9,3.0,9.0,6.0,2.0,0,1,0.0,1,1,31.666666666666668,95.0,0.3333333333333333,0.6666666666666666,0.3402655945419103,0.31578947368421056,0.0,0.31578947368421056,0.31578947368421056,0.0,0.0,0.0,0.0,0.0,0.0,0.0,0.0,0.23201754385964915
2024,nwsl::Football_Player::4cb80ed654ff46e8916779187fb88553,J. Doyle,j doyle,Orlando Pride,Midfielder,1449.0,27,19.0,27.0,8.0,18.0,2,1,0.0,25,14,53.666666666666664,76.26315789473684,0.7037037037037037,0.2962962962962963,0.6676367034736601,0.18633540372670807,0.0,1.5527950310559004,0.8695652173913043,0.0,0.0,0.0,0.0,0.0,0.0,0.0,0.0,0.3459730848861284
2024,nwsl::Football_Player::514d945291b44c78adaabb4dfbf7ba03,Marta,marta,Orlando Pride,Forward,2006.0,26,22.0,26.0,4.0,9.0,11,1,0.0,52,27,77.15384615384616,91.18181818181819,0.8461538461538461,0.15384615384615385,0.8285241348603761,0.5383848454636092,0.0,2.3330009970089733,1.2113659022931207,0.0,0.0,0.0,0.0,0.0,0.0,0.0,0.0,0.5562577651660403
2024,nwsl::Football_Player::521bad7c3a2f49a185c968f9206da5b8,H. McCutcheon,h mccutcheon,Orlando Pride,Defender,1970.0,25,21.0,25.0,4.0,4.0,2,0,0.0,10,4,78.8,93.80952380952381,0.84,0.16,0.8105574168076707,0.09137055837563451,0.0,0.45685279187817257,0.18274111675126903,0.0,0.0,0.0,0.0,0.0,0.0,0.0,0.0,0.4244568527918782
2024,nwsl::Football_Player::5fc1b3b61f604e8fb3ca8fe5a154cde9,K. Nadaner,k nadaner,Orlando Pride,Defender,2428.0,28,27.0,28.0,1.0,0.0,0,2,0.0,6,2,86.71428571428571,89.92592592592592,0.9642857142857143,0.03571428571428571,0.8929880429382078,0.07413509060955518,0.0,0.22240527182866557,0.07413509060955518,0.0,0.0,0.0,0.0,0.0,0.0,0.0,0.0,0.45457637091080255
2024,nwsl::Football_Player::6f1a3b3b9e0447f0aaffa25a360d29ee,C. Pickett,c pickett,Orlando Pride,Defender,1842.0,26,20.0,26.0,6.0,2.0,2,2,0.0,13,8,70.84615384615384,92.1,0.7692307692307693,0.23076923076923078,0.7545727470141151,0.19543973941368079,0.0,0.6351791530944626,0.39087947882736157,0.0,0.0,0.0,0.0,0.0,0.0,0.0,0.0,0.410826860435981
2024,nwsl::Football_Player::808933e0efb240da834c2ee39cb5ede4,V. Villacorta,v villacorta,Orlando Pride,Midfielder,72.0,4,1.0,4.0,3.0,1.0,0,0,0.0,0,0,18.0,72.0,0.25,0.75,0.20600000000000002,0.0,0.0,0.0,0.0,0.0,0.0,0.0,0.0,0.0,0.0,0.0,0.0,0.09000000000000001
2024,nwsl::Football_Player::954ee6ec5efb4fbdb3bbff6fed8efe0c,B. Martinez,b martinez,Orlando Pride,Defender,696.0,13,8.0,13.0,5.0,3.0,0,0,0.0,0,0,53.53846153846154,87.0,0.6153846153846154,0.38461538461538464,0.5632948717948718,0.0,0.0,0.0,0.0,0.0,0.0,0.0,0.0,0.0,0.0,0.0,0.0,0.2676923076923077
2024,nwsl::Football_Player::a0afe0dd22bc4b4eb895446288d523c8,A. Allen,a allen,Orlando Pride,Forward,82.0,8,0.0,8.0,8.0,0.0,0,1,0.0,1,0,10.25,0.0,0.0,1.0,0.13457435636856369,1.0975609756097562,0.0,1.0975609756097562,0.0,0.0,0.0,0.0,0.0,0.0,0.0,0.0,0.0,0.30734756097560983
2024,nwsl::Football_Player::a79161648fb0412187766de7176ab440,K. Abello,k abello,Orlando Pride,Defender,2378.0,29,28.0,29.0,1.0,9.0,1,2,0.0,9,5,82.0,84.92857142857143,0.9655172413793104,0.034482758620689655,0.8785860199981311,0.1135407905803196,0.0,0.34062237174095883,0.18923465096719932,0.0,0.0,0.0,0.0,0.0,0.0,0.0,0.0,0.44216989066442386
2024,nwsl::Football_Player::ac29e17a8bff414e8ede153e5067e250,A. Lemos,a lemos,Orlando Pride,Midfielder,337.0,13,2.0,13.0,11.0,2.0,0,0,0.0,2,0,25.923076923076923,168.5,0.15384615384615385,0.8461538461538461,0.2601845912906744,0.0,0.0,0.5341246290801187,0.0,0.0,0.0,0.0,0.0,0.0,0.0,0.0,0.0,0.14296850034238756
2024,nwsl::Football_Player::cc61d3e6a1f44859930069921b74f02e,A. Kerr,a kerr,Orlando Pride,Forward,6.0,1,0.0,1.0,1.0,0.0,0,0,0.0,0,0,6.0,0.0,0.0,1.0,0.028666666666666667,0.0,0.0,0.0,0.0,0.0,0.0,0.0,0.0,0.0,0.0,0.0,0.0,0.03
2024,nwsl::Football_Player::e217f693d9c1472c9ca602ef93c69386,Luana,luana,Orlando Pride,Midfielder,192.0,3,2.0,3.0,1.0,2.0,0,0,0.0,0,0,64.0,96.0,0.6666666666666666,0.3333333333333333,0.5482777777777778,0.0,0.0,0.0,0.0,0.0,0.0,0.0,0.0,0.0,0.0,0.0,0.0,0.32
2024,nwsl::Football_Player::e51fe8ea427c4f39894fce94ed9fadcd,C. Dyke,c dyke,Orlando Pride,Midfielder,1349.0,24,14.0,24.0,10.0,6.0,0,1,0.0,1,0,56.208333333333336,96.35714285714286,0.5833333333333334,0.4166666666666667,0.613125572268896,0.06671608598962195,0.0,0.06671608598962195,0.0,0.0,0.0,0.0,0.0,0.0,0.0,0.0,0.0,0.2966087533975784
2024,nwsl::Football_Player::e5a3db641a464aeb80ec6400acc540ef,Celia Jiménez,celia jimenez,Orlando Pride,Defender,75.0,4,1.0,4.0,3.0,1.0,0,0,0.0,0,0,18.75,75.0,0.25,0.75,0.20864583333333334,0.0,0.0,0.0,0.0,0.0,0.0,0.0,0.0,0.0,0.0,0.0,0.0,0.09375
2024,nwsl::Football_Player::f225dce81f0f4e28ae0ba7e09bb1e601,S. Yates,s yates,Orlando Pride,Forward,1407.0,28,18.0,28.0,10.0,18.0,5,2,0.0,17,10,50.25,78.16666666666667,0.6428571428571429,0.35714285714285715,0.6346269100923952,0.44776119402985076,0.0,1.0874200426439233,0.6396588486140725,0.0,0.0,0.0,0.0,0.0,0.0,0.0,0.0,0.37171908315565033
2024,nwsl::Football_Player::f3a1675054684f099f9675ac9cf04f19,M. Gautrat,m gautrat,Orlando Pride,Midfielder,869.0,19,11.0,19.0,8.0,10.0,0,0,0.0,7,3,45.73684210526316,79.0,0.5789473684210527,0.42105263157894735,0.5670943731115283,0.0,0.0,0.7249712313003452,0.31070195627157654,0.0,0.0,0.0,0.0,0.0,0.0,0.0,0.0,0.24680849130882443
2024,nwsl::Football_Player::f3c52a160fb64cba878971b93e178183,M. Crone,m crone,Orlando Pride,Goalkeeper,0.0,0,0.0,0.0,0.0,0.0,0,0,0.0,0,0,0.0,0.0,0.0,0.0,0.0,0.0,0.0,0.0,0.0,0.0,0.0,0.0,0.0,0.0,0.0,0.0,0.0,0.0
2024,nwsl::Football_Player::ff16e70c73b943e38662bc6d895edb92,E. Sams,e sams,Orlando Pride,Defender,2455.0,28,27.0,28.0,1.0,0.0,1,3,0.0,2,2,87.67857142857143,90.92592592592592,0.9642857142857143,0.03571428571428571,0.8980965211101413,0.14663951120162932,0.0,0.07331975560081466,0.07331975560081466,0.0,0.0,0.0,0.0,0.0,0.0,0.0,0.0,0.4707757491998836
2024,nwsl::Football_Player::142e91eb2ec04376abd92b3e9c5921fb,K. Torpey,k torpey,Portland Thorns,Defender,513.0,14,4.0,14.0,10.0,2.0,0,0,0.0,3,2,36.642857142857146,128.25,0.2857142857142857,0.7142857142857143,0.36481296992481205,0.0,0.0,0.5263157894736842,0.3508771929824561,0.0,0.0,0.0,0.0,0.0,0.0,0.0,0.0,0.1963721804511278
2024,nwsl::Football_Player::16cdad396ff94e7e8174cb37ad24f4c1,M. Messner,m messner,Portland Thorns,Goalkeeper,0.0,0,0.0,0.0,0.0,0.0,0,0,0.0,0,0,0.0,0.0,0.0,0.0,0.0,0.0,0.0,0.0,0.0,0.0,0.0,0.0,0.0,0.0,0.0,0.0,0.0,0.0
2024,nwsl::Football_Player::1d6b68a589b7447ba01db14007a7043b,M. Sheva,m sheva,Portland Thorns,Midfielder,83.0,6,0.0,6.0,6.0,0.0,0,1,0.0,2,2,13.833333333333334,0.0,0.0,1.0,0.13581899821508256,1.0843373493975903,0.0,2.1686746987951806,2.1686746987951806,0.0,0.0,0.0,0.0,0.0,0.0,0.0,0.0,0.34928714859437754
2024,nwsl::Football_Player::2257efccf0f246d7a3943fdf31185577,M. Weaver,m weaver,Portland Thorns,Midfielder,1020.0,15,12.0,15.0,3.0,8.0,4,0,0.0,27,16,68.0,85.0,0.8,0.2,0.7323521241830067,0.3529411764705882,0.0,2.3823529411764706,1.4117647058823528,0.0,0.0,0.0,0.0,0.0,0.0,0.0,0.0,0.4730882352941177
2024,nwsl::Football_Player::40a07c6e4fd74acd864ee7f812351843,S. Wilson,s wilson,Portland Thorns,Forward,1638.0,20,19.0,20.0,1.0,8.0,12,6,0.0,65,45,81.9,86.21052631578948,0.95,0.05,0.9107244505494506,0.989010989010989,0.0,3.5714285714285716,2.4725274725274726,0.0,0.0,0.0,0.0,0.0,0.0,0.0,0.0,0.7048296703296704
2024,nwsl::Football_Player::4829883bb4dc4fa48b63d43b720a4307,M. McKenzie,m mckenzie,Portland Thorns,Midfielder,12.0,1,0.0,1.0,1.0,0.0,0,0,0.0,0,0,12.0,0.0,0.0,1.0,0.049833333333333334,0.0,0.0,0.0,0.0,0.0,0.0,0.0,0.0,0.0,0.0,0.0,0.0,0.06
2024,nwsl::Football_Player::568564ac8f3547abaa1771d92b41e021,E. Alvarado,e alvarado,Portland Thorns,Goalkeeper,0.0,0,0.0,0.0,0.0,0.0,0,0,0.0,0,0,0.0,0.0,0.0,0.0,0.0,0.0,0.0,0.0,0.0,0.0,0.0,0.0,0.0,0.0,0.0,0.0,0.0,0.0
2024,nwsl::Football_Player::5a6f7e6db998474394142dcde118b954,C. Sinclair,c sinclair,Portland Thorns,Forward,1317.0,25,17.0,25.0,8.0,16.0,4,1,0.0,20,12,52.68,77.47058823529412,0.68,0.32,0.6576462946089598,0.3416856492027335,0.0,1.366742596810934,0.8200455580865604,0.0,0.0,0.0,0.0,0.0,0.0,0.0,0.0,0.3687530751708429
2024,nwsl::Football_Player::63930b6af7c94ec3bd5980802a154971,H. Sugita,h sugita,Portland Thorns,Midfielder,1757.0,22,19.0,22.0,3.0,6.0,2,4,0.0,7,3,79.86363636363636,92.47368421052632,0.8636363636363636,0.13636363636363635,0.8313265861517855,0.30734206033010814,0.0,0.35856573705179284,0.15367103016505407,0.0,0.0,0.0,0.0,0.0,0.0,0.0,0.0,0.47231192114658255
2024,nwsl::Football_Player::65b00a37c89a4fbaba9fbfb76969a7df,N. Payne,n payne,Portland Thorns,Defender,1011.0,19,11.0,19.0,8.0,6.0,0,0,0.0,2,0,53.21052631578947,91.9090909090909,0.5789473684210527,0.42105263157894735,0.5914088838565256,0.0,0.0,0.17804154302670624,0.0,0.0,0.0,0.0,0.0,0.0,0.0,0.0,0.0,0.270503670154615
2024,nwsl::Football_Player::7ff572896b4146d78ff5e10f1d8d65ab,M. Müller,m muller,Portland Thorns,Midfielder,1915.0,26,21.0,26.0,5.0,8.0,0,2,0.0,7,2,73.65384615384616,91.19047619047619,0.8076923076923077,0.19230769230769232,0.7774669584477026,0.09399477806788512,0.0,0.3289817232375979,0.09399477806788512,0.0,0.0,0.0,0.0,0.0,0.0,0.0,0.0,0.39607601928098013
2024,nwsl::Football_Player::846a35edb5f1464c9dcbc780ee1aade9,M. Nally,m nally,Portland Thorns,Defender,45.0,1,0.0,1.0,1.0,0.0,0,0,0.0,0,0,45.0,0.0,0.0,1.0,0.16625,0.0,0.0,0.0,0.0,0.0,0.0,0.0,0.0,0.0,0.0,0.0,0.0,0.225
2024,nwsl::Football_Player::8513285029bf40cb99fa4947006018a2,J. Fleming,j fleming,Portland Thorns,Midfielder,1774.0,26,22.0,26.0,4.0,16.0,0,1,0.0,14,6,68.23076923076923,80.63636363636364,0.8461538461538461,0.15384615384615385,0.7757210948265063,0.050732807215332576,0.0,0.7102593010146561,0.30439684329199546,0.0,0.0,0.0,0.0,0.0,0.0,0.0,0.0,0.36947966351574013
2024,nwsl::Football_Player::862f82d43a1943c0b7eba7d7983a2c73,B. Sauerbrunn,b sauerbrunn,Portland Thorns,Defender,2236.0,26,25.0,26.0,1.0,1.0,0,0,0.0,8,2,86.0,89.44,0.9615384615384616,0.038461538461538464,0.8872887099980125,0.0,0.0,0.3220035778175313,0.08050089445438283,0.0,0.0,0.0,0.0,0.0,0.0,0.0,0.0,0.43805008944543833
2024,nwsl::Football_Player::8db3e5d0e2ae49d393de38c15744f7b2,S. Coffey,s coffey,Portland Thorns,Midfielder,2084.0,25,24.0,25.0,1.0,5.0,2,3,0.0,5,4,83.36,86.83333333333333,0.96,0.04,0.8836331371294519,0.21593090211132437,0.0,0.21593090211132437,0.1727447216890595,0.0,0.0,0.0,0.0,0.0,0.0,0.0,0.0,0.46718387715930904
2024,nwsl::Football_Player::96cc9fe3c23b49cf9fa5125c50781437,M. Klingenberg,m klingenberg,Portland Thorns,Defender,248.0,12,2.0,12.0,10.0,2.0,0,1,0.0,2,0,20.666666666666668,124.0,0.16666666666666666,0.8333333333333334,0.25196990740740743,0.3629032258064516,0.0,0.7258064516129032,0.0,0.0,0.0,0.0,0.0,0.0,0.0,0.0,0.0,0.19708333333333336
2024,nwsl::Football_Player::9a81d48afb474ccbbed08097db758577,O. Wade-Katoa,o wade katoa,Portland Thorns,Midfielder,34.0,5,0.0,5.0,5.0,0.0,0,0,0.0,0,0,6.8,0.0,0.0,1.0,0.06148888888888889,0.0,0.0,0.0,0.0,0.0,0.0,0.0,0.0,0.0,0.0,0.0,0.0,0.034
2024,nwsl::Football_Player::9ccd079f4b56432e8f21ede69aabddee,M. Arnold,m arnold,Portland Thorns,Goalkeeper,450.0,5,5.0,5.0,0.0,0.0,0,0,0.0,0,0,90.0,90.0,1.0,0.0,0.8049999999999999,0.0,0.0,0.0,0.0,0.0,0.0,0.0,0.0,0.0,0.0,0.0,0.0,0.45
2024,nwsl::Football_Player::aa256aeb38a8454589438798a521ae12,S. Hiatt,s hiatt,Portland Thorns,Defender,1115.0,17,12.0,17.0,5.0,4.0,1,0,0.0,2,1,65.58823529411765,92.91666666666667,0.7058823529411765,0.29411764705882354,0.6796555804683608,0.08071748878923767,0.0,0.16143497757847533,0.08071748878923767,0.0,0.0,0.0,0.0,0.0,0.0,0.0,0.0,0.348793194407808
2024,nwsl::Football_Player::ab5925e484b549b084e72c85df4de7df,I. Obaze,i obaze,Portland Thorns,Defender,1018.0,13,12.0,13.0,1.0,3.0,0,2,0.0,4,0,78.3076923076923,84.83333333333333,0.9230769230769231,0.07692307692307693,0.7959884220778131,0.1768172888015717,0.0,0.3536345776031434,0.0,0.0,0.0,0.0,0.0,0.0,0.0,0.0,0.0,0.43721626114553425
2024,nwsl::Football_Player::b3694f662f1d4c5cb26167b52c151b3a,L. Kozal,l kozal,Portland Thorns,Goalkeeper,0.0,0,0.0,0.0,0.0,0.0,0,0,0.0,0,0,0.0,0.0,0.0,0.0,0.0,0.0,0.0,0.0,0.0,0.0,0.0,0.0,0.0,0.0,0.0,0.0,0.0,0.0
2024,nwsl::Football_Player::b79c07308de84ca7967c474613f2fe20,P. Linnehan,p linnehan,Portland Thorns,Forward,741.0,19,6.0,19.0,13.0,6.0,2,1,0.0,21,15,39.0,123.5,0.3157894736842105,0.6842105263157895,0.44314001349527665,0.3643724696356276,0.0,2.550607287449393,1.8218623481781377,0.0,0.0,0.0,0.0,0.0,0.0,0.0,0.0,0.33467611336032393
2024,nwsl::Football_Player::b936d03963c947e7a137521ff4f578b3,R. Reyes,r reyes,Portland Thorns,Defender,1824.0,26,21.0,26.0,5.0,5.0,0,1,0.0,5,4,70.15384615384616,86.85714285714286,0.8076923076923077,0.19230769230769232,0.7634158232118758,0.049342105263157895,0.0,0.2467105263157895,0.19736842105263158,0.0,0.0,0.0,0.0,0.0,0.0,0.0,0.0,0.36721659919028343
2024,nwsl::Football_Player::c65ff845898c4647b33d0f1aea37cde1,I. D'Aquila,i d aquila,Portland Thorns,Forward,453.0,14,4.0,14.0,10.0,3.0,2,0,0.0,8,7,32.357142857142854,113.25,0.2857142857142857,0.7142857142857143,0.3660977215389467,0.3973509933774835,0.0,1.589403973509934,1.390728476821192,0.0,0.0,0.0,0.0,0.0,0.0,0.0,0.0,0.284302270577105
2024,nwsl::Football_Player::d512157412184783822bc2cf21db09bf,R. Turner,r turner,Portland Thorns,Forward,938.0,23,8.0,23.0,15.0,8.0,5,2,0.0,26,18,40.78260869565217,117.25,0.34782608695652173,0.6521739130434783,0.4807375364378934,0.6716417910447761,0.0,2.4946695095948828,1.7270788912579957,0.0,0.0,0.0,0.0,0.0,0.0,0.0,0.0,0.40620515435246124
2024,nwsl::Football_Player::d5c841dcdea54696979eda5b6d0fbdb6,A. Spaanstra,a spaanstra,Portland Thorns,Forward,919.0,20,12.0,20.0,8.0,12.0,1,2,0.0,14,8,45.95,76.58333333333333,0.6,0.4,0.5964240221859509,0.29379760609358,0.0,1.3710554951033733,0.7834602829162133,0.0,0.0,0.0,0.0,0.0,0.0,0.0,0.0,0.3252342219804135
2024,nwsl::Football_Player::dc5b62503b254bc7b911b31b48969494,D. Castellanos,d castellanos,Portland Thorns,Forward,1079.0,21,12.0,21.0,9.0,8.0,2,1,0.0,26,11,51.38095238095238,89.91666666666667,0.5714285714285714,0.42857142857142855,0.6043557097743845,0.25023169601482853,0.0,2.1686746987951806,0.917516218721038,0.0,0.0,0.0,0.0,0.0,0.0,0.0,0.0,0.363253232711064
2024,nwsl::Football_Player::e36d5228fd7541d394bb2df04fded14f,O. Moultrie,o moultrie,Portland Thorns,Midfielder,1595.0,23,18.0,23.0,5.0,8.0,5,2,0.0,36,18,69.34782608695652,88.61111111111111,0.782608695652174,0.21739130434782608,0.7667784478972636,0.3949843260188088,0.0,2.031347962382445,1.0156739811912225,0.0,0.0,0.0,0.0,0.0,0.0,0.0,0.0,0.47981123074826226
2024,nwsl::Football_Player::fa072aa5e17f42d3b24dc9754721f2ed,Ana Dias,ana dias,Portland Thorns,Forward,233.0,10,2.0,10.0,8.0,2.0,1,0,0.0,8,1,23.3,116.5,0.2,0.8,0.270856020505484,0.38626609442060084,0.0,3.0901287553648067,0.38626609442060084,0.0,0.0,0.0,0.0,0.0,0.0,0.0,0.0,0.27422532188841203
2024,nwsl::Football_Player::faf778a5cecc4e5e995574a0ba47a808,S. Hirst,s hirst,Portland Thorns,Midfielder,286.0,8,3.0,8.0,5.0,3.0,0,0,0.0,1,0,35.75,95.33333333333333,0.375,0.625,0.3560481254856255,0.0,0.0,0.3146853146853147,0.0,0.0,0.0,0.0,0.0,0.0,0.0,0.0,0.0,0.18661713286713286
2024,nwsl::Football_Player::07ac3b4737124589a9c92f64020c3507,P. Goins,p goins,Racing Louisville,Forward,163.0,14,0.0,14.0,14.0,0.0,1,0,0.0,3,2,11.642857142857142,0.0,0.0,1.0,0.16953967036712433,0.5521472392638037,0.0,1.656441717791411,1.1042944785276074,0.0,0.0,0.0,0.0,0.0,0.0,0.0,0.0,0.21465600350569677
2024,nwsl::Football_Player::0a1cca4384fb4be6aaafe82cdede400d,M. Clegg,m clegg,Racing Louisville,Forward,18.0,1,0.0,1.0,1.0,0.0,0,0,0.0,0,0,18.0,0.0,0.0,1.0,0.07100000000000001,0.0,0.0,0.0,0.0,0.0,0.0,0.0,0.0,0.0,0.0,0.0,0.0,0.09000000000000001
2024,nwsl::Football_Player::133304d476e84b6cbc5409243d94af4a,T. Flint,t flint,Racing Louisville,Midfielder,2053.0,24,24.0,24.0,0.0,4.0,3,1,0.0,26,13,85.54166666666667,85.54166666666667,1.0,0.0,0.9115260092502392,0.17535314174378958,0.0,1.1397954213346324,0.5698977106673162,0.0,0.0,0.0,0.0,0.0,0.0,0.0,0.0,0.4927351233966553
2024,nwsl::Football_Player::23ce38b9dd0049b59a8ac2321fb8710f,M. DiGrande,m digrande,Racing Louisville,Midfielder,1761.0,23,20.0,23.0,3.0,6.0,1,2,0.0,8,4,76.56521739130434,88.05,0.8695652173913043,0.13043478260869565,0.817733951806039,0.15332197614991483,0.0,0.4088586030664395,0.20442930153321975,0.0,0.0,0.0,0.0,0.0,0.0,0.0,0.0,0.42498963039774834
2024,nwsl::Football_Player::246a5773039447a9aa48ead166b1f174,S. DeMelo,s demelo,Racing Louisville,Midfielder,1753.0,21,20.0,21.0,1.0,8.0,5,2,0.0,37,19,83.47619047619048,87.65,0.9523809523809523,0.047619047619047616,0.8914111281642656,0.35938391329150027,0.0,1.8996006845407871,0.975470621791215,0.0,0.0,0.0,0.0,0.0,0.0,0.0,0.0,0.539742618096868
2024,nwsl::Football_Player::29aad0d50d364926a262402a4c7fc38e,Y. Kurosaki,y kurosaki,Racing Louisville,Midfielder,0.0,0,0.0,0.0,0.0,0.0,0,0,0.0,0,0,0.0,0.0,0.0,0.0,0.0,0.0,0.0,0.0,0.0,0.0,0.0,0.0,0.0,0.0,0.0,0.0,0.0,0.0
2024,nwsl::Football_Player::2b1dd3812dc04c7c8f3cdd0b7bae1d4f,L. Milliet,l milliet,Racing Louisville,Midfielder,2339.0,26,26.0,26.0,0.0,1.0,0,2,0.0,8,1,89.96153846153847,89.96153846153847,1.0,0.0,0.9209235295783501,0.07695596408721676,0.0,0.30782385634886705,0.03847798204360838,0.0,0.0,0.0,0.0,0.0,0.0,0.0,0.0,0.4735357812345842
2024,nwsl::Football_Player::341dc1ea4fd04ccf89d8aac5f0479789,C. Roque,c roque,Racing Louisville,Goalkeeper,90.0,1,1.0,1.0,0.0,0.0,0,0,0.0,0,0,90.0,90.0,1.0,0.0,0.7749999999999999,0.0,0.0,0.0,0.0,0.0,0.0,0.0,0.0,0.0,0.0,0.0,0.0,0.45
2024,nwsl::Football_Player::3b960ea4fb40463695905d6c8a07383e,J. Bloomer,j bloomer,Racing Louisville,Goalkeeper,0.0,0,0.0,0.0,0.0,0.0,0,0,0.0,0,0,0.0,0.0,0.0,0.0,0.0,0.0,0.0,0.0,0.0,0.0,0.0,0.0,0.0,0.0,0.0,0.0,0.0,0.0
2024,nwsl::Football_Player::41bc212c8b704218a9bdd418e016cfe3,J. Sonis,j sonis,Racing Louisville,Forward,1611.0,26,18.0,26.0,8.0,15.0,4,3,0.0,36,14,61.96153846153846,89.5,0.6923076923076923,0.3076923076923077,0.6998875698324022,0.3910614525139665,0.0,2.011173184357542,0.782122905027933,0.0,0.0,0.0,0.0,0.0,0.0,0.0,0.0,0.44155815785704056
2024,nwsl::Football_Player::5c1e1c261d6a4a349b24573eaed3bf49,C. Petersen,c petersen,Racing Louisville,Defender,1699.0,23,18.0,23.0,5.0,1.0,0,0,0.0,4,1,73.8695652173913,94.38888888888889,0.782608695652174,0.21739130434782608,0.763563908721527,0.0,0.0,0.21188934667451442,0.052972336668628606,0.0,0.0,0.0,0.0,0.0,0.0,0.0,0.0,0.3746450597538194
2024,nwsl::Football_Player::76946e8d1a40476cb7874e813358910c,M. White,m white,Racing Louisville,Goalkeeper,0.0,0,0.0,0.0,0.0,0.0,0,0,0.0,0,0,0.0,0.0,0.0,0.0,0.0,0.0,0.0,0.0,0.0,0.0,0.0,0.0,0.0,0.0,0.0,0.0,0.0,0.0
2024,nwsl::Football_Player::76cb19f0876b4ae7b1bcd2cc804d8709,O. Sekany,o sekany,Racing Louisville,Goalkeeper,0.0,0,0.0,0.0,0.0,0.0,0,0,0.0,0,0,0.0,0.0,0.0,0.0,0.0,0.0,0.0,0.0,0.0,0.0,0.0,0.0,0.0,0.0,0.0,0.0,0.0,0.0
2024,nwsl::Football_Player::7cf959e060cf44b9afda98c1b3c893d9,K. Lund,k lund,Racing Louisville,Goalkeeper,2340.0,26,26.0,26.0,0.0,0.0,0,0,0.0,0,0,90.0,90.0,1.0,0.0,0.9175,0.0,0.0,0.0,0.0,0.0,0.0,0.0,0.0,0.0,0.0,0.0,0.0,0.45
2024,nwsl::Football_Player::80578bb876844892bf7fa6822bdb89b3,K. Fischer,k fischer,Racing Louisville,Midfielder,1128.0,24,12.0,24.0,12.0,8.0,1,1,0.0,16,10,47.0,94.0,0.5,0.5,0.5505794917257683,0.1595744680851064,0.0,1.2765957446808511,0.7978723404255319,0.0,0.0,0.0,0.0,0.0,0.0,0.0,0.0,0.3001595744680851
2024,nwsl::Football_Player::881ea4450d764030a914d1ebbd6bcdd0,E. Pikkujämsä,e pikkujamsa,Racing Louisville,Defender,252.0,3,3.0,3.0,0.0,1.0,0,0,0.0,1,0,84.0,84.0,1.0,0.0,0.770172619047619,0.0,0.0,0.35714285714285715,0.0,0.0,0.0,0.0,0.0,0.0,0.0,0.0,0.0,0.4289285714285715
2024,nwsl::Football_Player::8f646310f20a489f84c92d5c4b831d1b,Ary Borges,ary borges,Racing Louisville,Midfielder,826.0,14,10.0,14.0,4.0,5.0,1,2,0.0,14,6,59.0,82.6,0.7142857142857143,0.2857142857142857,0.6505026903416734,0.3268765133171913,0.0,1.5254237288135595,0.6537530266343826,0.0,0.0,0.0,0.0,0.0,0.0,0.0,0.0,0.4012348668280872
2024,nwsl::Football_Player::9f1259fd8ae04a44832edee67142bc05,M. Pokorny,m pokorny,Racing Louisville,Midfielder,73.0,12,0.0,12.0,12.0,0.0,0,0,0.0,2,1,6.083333333333333,0.0,0.0,1.0,0.1207072234906139,0.0,0.0,2.4657534246575343,1.2328767123287672,0.0,0.0,0.0,0.0,0.0,0.0,0.0,0.0,0.09206050228310503
2024,nwsl::Football_Player::a9a3a557ef5b4c56ab8926c65486cffe,L. Motlhalo,l motlhalo,Racing Louisville,Midfielder,3.0,1,0.0,1.0,1.0,0.0,0,0,0.0,0,0,3.0,0.0,0.0,1.0,0.01808333333333333,0.0,0.0,0.0,0.0,0.0,0.0,0.0,0.0,0.0,0.0,0.0,0.0,0.015
2024,nwsl::Football_Player::be589b88446c411b8f09eba5ce06bcd3,E. Bahr,e bahr,Racing Louisville,Forward,1051.0,16,14.0,16.0,2.0,13.0,1,1,0.0,18,5,65.6875,75.07142857142857,0.875,0.125,0.7566131577730204,0.1712654614652712,0.0,1.5413891531874406,0.42816365366317793,0.0,0.0,0.0,0.0,0.0,0.0,0.0,0.0,0.4026525333016175
2024,nwsl::Football_Player::c8f867ab54e845239e4bf43547443cdc,J. Baggett,j baggett,Racing Louisville,Midfielder,85.0,3,1.0,3.0,2.0,1.0,0,0,0.0,0,0,28.333333333333332,85.0,0.3333333333333333,0.6666666666666666,0.2724537037037037,0.0,0.0,0.0,0.0,0.0,0.0,0.0,0.0,0.0,0.0,0.0,0.0,0.14166666666666666
2024,nwsl::Football_Player::ca7d4b1ca032426197a0113cbc931fc5,A. Erceg,a erceg,Racing Louisville,Defender,2340.0,26,26.0,26.0,0.0,0.0,0,2,0.0,5,3,90.0,90.0,1.0,0.0,0.920625,0.07692307692307693,0.0,0.19230769230769232,0.11538461538461539,0.0,0.0,0.0,0.0,0.0,0.0,0.0,0.0,0.4708333333333333
2024,nwsl::Football_Player::d47dced2a50a42ea85c8f0ce564a9746,E. Sears,e sears,Racing Louisville,Forward,1480.0,26,12.0,26.0,14.0,7.0,5,1,0.0,30,18,56.92307692307692,123.33333333333333,0.46153846153846156,0.5384615384615384,0.5767475167475168,0.3648648648648649,0.0,1.8243243243243246,1.0945945945945947,0.0,0.0,0.0,0.0,0.0,0.0,0.0,0.0,0.40623700623700626
2024,nwsl::Football_Player::d8d8b016d3be4e678ab517c128baefbf,U. Kanu,u kanu,Racing Louisville,Forward,756.0,12,10.0,12.0,2.0,10.0,5,0,0.0,15,7,63.0,75.6,0.8333333333333334,0.16666666666666666,0.7125476190476191,0.5952380952380952,0.0,1.7857142857142856,0.8333333333333333,0.0,0.0,0.0,0.0,0.0,0.0,0.0,0.0,0.48365079365079366
2024,nwsl::Football_Player::df60b4341c11492ab396c85a121dd302,A. Wright,a wright,Racing Louisville,Defender,1810.0,22,21.0,22.0,1.0,0.0,0,0,0.0,2,2,82.27272727272727,86.19047619047619,0.9545454545454546,0.045454545454545456,0.8701582817121492,0.0,0.0,0.09944751381215469,0.09944751381215469,0.0,0.0,0.0,0.0,0.0,0.0,0.0,0.0,0.41384982420894023
2024,nwsl::Football_Player::ea0ca2901fc54a9ab9db3ee34a935935,Á. Barón,a baron,Racing Louisville,Defender,12.0,1,0.0,1.0,1.0,0.0,0,0,0.0,0,0,12.0,0.0,0.0,1.0,0.049833333333333334,0.0,0.0,0.0,0.0,0.0,0.0,0.0,0.0,0.0,0.0,0.0,0.0,0.06
2024,nwsl::Football_Player::f944dbf34fc14b0895cdfa68155404bb,E. Jean,e jean,Racing Louisville,Defender,591.0,8,6.0,8.0,2.0,1.0,0,0,0.0,0,0,73.875,98.5,0.75,0.25,0.6581145833333334,0.0,0.0,0.0,0.0,0.0,0.0,0.0,0.0,0.0,0.0,0.0,0.0,0.369375
2024,nwsl::Football_Player::ffba3a1b23c24750805ee8ef67bccd4c,B. Balcer,b balcer,Racing Louisville,Forward,1808.0,25,23.0,25.0,2.0,15.0,8,1,0.0,40,15,72.32,78.6086956521739,0.92,0.08,0.8405959795968536,0.4480088495575221,0.0,1.991150442477876,0.7466814159292036,0.0,0.0,0.0,0.0,0.0,0.0,0.0,0.0,0.5047139380530974
2024,nwsl::Football_Player::0b7dc204715446a4840b8b7ab0656d94,V. Latsko,v latsko,Reign,Forward,1170.0,23,11.0,23.0,12.0,5.0,3,1,0.0,17,5,50.869565217391305,106.36363636363636,0.4782608695652174,0.5217391304347826,0.559193143812709,0.3076923076923077,0.0,1.3076923076923077,0.38461538461538464,0.0,0.0,0.0,0.0,0.0,0.0,0.0,0.0,0.3511426978818283
2024,nwsl::Football_Player::0f93689de469461794839aa64ece8f04,O. Van der Jagt,o van der jagt,Reign,Midfielder,766.0,15,7.0,15.0,8.0,6.0,0,0,0.0,3,0,51.06666666666667,109.42857142857143,0.4666666666666667,0.5333333333333333,0.5039736534184315,0.0,0.0,0.3524804177545692,0.0,0.0,0.0,0.0,0.0,0.0,0.0,0.0,0.0,0.2641453437771975
2024,nwsl::Football_Player::137ddc3c3af240c994cfb14956f39872,S. Meza,s meza,Reign,Midfielder,0.0,0,0.0,0.0,0.0,0.0,0,0,0.0,0,0,0.0,0.0,0.0,0.0,0.0,0.0,0.0,0.0,0.0,0.0,0.0,0.0,0.0,0.0,0.0,0.0,0.0,0.0
2024,nwsl::Football_Player::2db377b4881246c0acb0d3bc1b8c4696,Quinn,quinn,Reign,Midfielder,1078.0,15,13.0,15.0,2.0,5.0,0,0,0.0,5,2,71.86666666666666,82.92307692307692,0.8666666666666667,0.13333333333333333,0.757595028516457,0.0,0.0,0.4174397031539889,0.16697588126159554,0.0,0.0,0.0,0.0,0.0,0.0,0.0,0.0,0.36976932591218303
2024,nwsl::Football_Player::3aad08025f18445aba5e756180fa19cf,H. Glas,h glas,Reign,Defender,477.0,7,6.0,7.0,1.0,5.0,0,0,0.0,0,0,68.14285714285714,79.5,0.8571428571428571,0.14285714285714285,0.6786071428571427,0.0,0.0,0.0,0.0,0.0,0.0,0.0,0.0,0.0,0.0,0.0,0.0,0.3407142857142857
2024,nwsl::Football_Player::3bc373314f634a4aad24e6ecb5847dde,R. Brown,r brown,Reign,Defender,275.0,9,3.0,9.0,6.0,3.0,0,0,0.0,3,2,30.555555555555557,91.66666666666667,0.3333333333333333,0.6666666666666666,0.32897502805836143,0.0,0.0,0.9818181818181819,0.6545454545454545,0.0,0.0,0.0,0.0,0.0,0.0,0.0,0.0,0.17732323232323233
2024,nwsl::Football_Player::3d7fa6dd511f4628bc8d8784ab7574fd,C. Miller,c miller,Reign,Goalkeeper,360.0,4,4.0,4.0,0.0,0.0,0,0,0.0,0,0,90.0,90.0,1.0,0.0,0.7975,0.0,0.0,0.0,0.0,0.0,0.0,0.0,0.0,0.0,0.0,0.0,0.0,0.45
2024,nwsl::Football_Player::443cefb274fa4bf8858e26051786d10e,S. Holmes,s holmes,Reign,Defender,1185.0,19,12.0,19.0,7.0,4.0,0,0,0.0,6,1,62.36842105263158,98.75,0.631578947368421,0.3684210526315789,0.6484413168998445,0.0,0.0,0.4556962025316456,0.0759493670886076,0.0,0.0,0.0,0.0,0.0,0.0,0.0,0.0,0.32323451032644906
2024,nwsl::Football_Player::460c7379ede448e598b41c9df32704f1,T. King,t king,Reign,Forward,1348.0,23,18.0,23.0,5.0,17.0,2,1,0.0,28,16,58.608695652173914,74.88888888888889,0.782608695652174,0.21739130434782608,0.7222020259034677,0.20029673590504452,0.0,1.8694362017804154,1.0682492581602374,0.0,0.0,0.0,0.0,0.0,0.0,0.0,0.0,0.38150786995226427
2024,nwsl::Football_Player::47a580b9d9a64b508d4edde164580fb4,P. McClernon,p mcclernon,Reign,Defender,1936.0,26,22.0,26.0,4.0,8.0,0,1,0.0,2,0,74.46153846153847,88.0,0.8461538461538461,0.15384615384615385,0.7952543860810907,0.04648760330578512,0.0,0.09297520661157024,0.0,0.0,0.0,0.0,0.0,0.0,0.0,0.0,0.0,0.38431698982835344
2024,nwsl::Football_Player::48f5de8d0ac445c98d86b0485af36ad0,A. Crnogorčević,a crnogorcevic,Reign,Forward,717.0,10,8.0,10.0,2.0,4.0,0,1,0.0,3,1,71.7,89.625,0.8,0.2,0.6932763947001395,0.12552301255230125,0.0,0.37656903765690375,0.12552301255230125,0.0,0.0,0.0,0.0,0.0,0.0,0.0,0.0,0.39406485355648535
2024,nwsl::Football_Player::4bd84fd5cceb4538a556a4b9eb250841,S. Huerta,s huerta,Reign,Defender,1710.0,19,19.0,19.0,0.0,0.0,2,0,0.0,7,3,90.0,90.0,1.0,0.0,0.9146710526315789,0.10526315789473684,0.0,0.3684210526315789,0.15789473684210525,0.0,0.0,0.0,0.0,0.0,0.0,0.0,0.0,0.481140350877193
2024,nwsl::Football_Player::4d0fda5a57784bf59bcc4e1caa463716,M. Mercado,m mercado,Reign,Midfielder,32.0,5,0.0,5.0,5.0,0.0,1,0,0.0,1,1,6.4,0.0,0.0,1.0,0.10812465277777777,2.8125,0.0,2.8125,2.8125,0.0,0.0,0.0,0.0,0.0,0.0,0.0,0.0,0.35231250000000003
2024,nwsl::Football_Player::5ae4cbaf5a2f45eaa9c280ff2b6cec7f,L. Barnes,l barnes,Reign,Defender,1497.0,21,17.0,21.0,4.0,5.0,0,0,0.0,1,0,71.28571428571429,88.05882352941177,0.8095238095238095,0.19047619047619047,0.7659913239176767,0.0,0.0,0.06012024048096193,0.0,0.0,0.0,0.0,0.0,0.0,0.0,0.0,0.0,0.35793157744059545
2024,nwsl::Football_Player::5d76f50c58f34b00a7bd574b12c70c94,J. Fishlock,j fishlock,Reign,Midfielder,1400.0,18,17.0,18.0,1.0,4.0,0,3,0.0,10,6,77.77777777777777,82.3529411764706,0.9444444444444444,0.05555555555555555,0.8428202160493827,0.19285714285714287,0.0,0.6428571428571429,0.38571428571428573,0.0,0.0,0.0,0.0,0.0,0.0,0.0,0.0,0.4451388888888889
2024,nwsl::Football_Player::5dce6757f8e74511b0e957b0771121b5,O. Athens,o athens,Reign,Midfielder,687.0,20,8.0,20.0,12.0,6.0,1,0,0.0,4,2,34.35,85.875,0.4,0.6,0.45723811863173214,0.13100436681222707,0.0,0.5240174672489083,0.26200873362445415,0.0,0.0,0.0,0.0,0.0,0.0,0.0,0.0,0.21214301310043668
2024,nwsl::Football_Player::67327d005ecb4c359643265da8b531b5,M. Weinert,m weinert,Reign,Forward,25.0,4,0.0,4.0,4.0,0.0,0,0,0.0,1,1,6.25,0.0,0.0,1.0,0.06554861111111111,0.0,0.0,3.5999999999999996,3.5999999999999996,0.0,0.0,0.0,0.0,0.0,0.0,0.0,0.0,0.12125
2024,nwsl::Football_Player::6ab00989545c40c7a9821442b499aa8a,N. Stanton,n stanton,Reign,Midfielder,111.0,7,0.0,7.0,7.0,0.0,0,0,0.0,0,0,15.857142857142858,0.0,0.0,1.0,0.1084404761904762,0.0,0.0,0.0,0.0,0.0,0.0,0.0,0.0,0.0,0.0,0.0,0.0,0.07928571428571429
2024,nwsl::Football_Player::72af8c4018b84dad9a4148ff1f920398,J. Huitema,j huitema,Reign,Forward,1509.0,18,17.0,18.0,1.0,7.0,3,1,0.0,27,15,83.83333333333333,88.76470588235294,0.9444444444444444,0.05555555555555555,0.8692394061556586,0.2385685884691849,0.0,1.6103379721669981,0.8946322067594434,0.0,0.0,0.0,0.0,0.0,0.0,0.0,0.0,0.5091269052352552
2024,nwsl::Football_Player::85853f5c24924a5eabfc5e2c5e4960c0,L. Woodham,l woodham,Reign,Defender,389.0,8,5.0,8.0,3.0,5.0,0,0,0.0,0,0,48.625,77.8,0.625,0.375,0.5127881944444445,0.0,0.0,0.0,0.0,0.0,0.0,0.0,0.0,0.0,0.0,0.0,0.0,0.24312499999999998
2024,nwsl::Football_Player::8d06de6ab11f478e863e0180023cd152,M. Curry,m curry,Reign,Defender,1595.0,22,20.0,22.0,2.0,9.0,1,1,0.0,12,4,72.5,79.75,0.9090909090909091,0.09090909090909091,0.8209206287008012,0.11285266457680251,0.0,0.677115987460815,0.22570532915360503,0.0,0.0,0.0,0.0,0.0,0.0,0.0,0.0,0.4029388714733543
2024,nwsl::Football_Player::996bf315d3dc4e479053da3ea31925ff,N. Mondésir,n mondesir,Reign,Forward,271.0,10,2.0,10.0,8.0,1.0,1,0,0.0,3,3,27.1,135.5,0.2,0.8,0.27471716892168924,0.33210332103321033,0.0,0.996309963099631,0.996309963099631,0.0,0.0,0.0,0.0,0.0,0.0,0.0,0.0,0.2295959409594096
2024,nwsl::Football_Player::a505f94b288c42c1b3eec0541bd5063e,J. Lester,j lester,Reign,Defender,211.0,5,2.0,5.0,3.0,0.0,0,0,0.0,0,0,42.2,105.5,0.4,0.6,0.36637222222222227,0.0,0.0,0.0,0.0,0.0,0.0,0.0,0.0,0.0,0.0,0.0,0.0,0.21100000000000002
2024,nwsl::Football_Player::aaf2552ae4c54dcfa1ec352db94d8b0f,E. Adames,e adames,Reign,Forward,535.0,21,6.0,21.0,15.0,6.0,1,0,0.0,16,4,25.476190476190474,89.16666666666667,0.2857142857142857,0.7142857142857143,0.3837962344854868,0.16822429906542055,0.0,2.691588785046729,0.6728971962616822,0.0,0.0,0.0,0.0,0.0,0.0,0.0,0.0,0.22971740097908325
2024,nwsl::Football_Player::b8fb5ce847ca49b2a581724e284dfd10,J. Bugg,j bugg,Reign,Defender,495.0,6,5.0,6.0,1.0,0.0,0,0,0.0,1,0,82.5,99.0,0.8333333333333334,0.16666666666666666,0.7117234848484848,0.0,0.0,0.18181818181818182,0.0,0.0,0.0,0.0,0.0,0.0,0.0,0.0,0.0,0.4170454545454545
2024,nwsl::Football_Player::c29a2b0fb20147b1a49d5e9dc55afdf1,A. McCammon,a mccammon,Reign,Midfielder,64.0,2,1.0,2.0,1.0,1.0,0,0,0.0,0,0,32.0,64.0,0.5,0.5,0.3528888888888889,0.0,0.0,0.0,0.0,0.0,0.0,0.0,0.0,0.0,0.0,0.0,0.0,0.16
2024,nwsl::Football_Player::e16bea53ecd54bb190f6c8d13996d550,Ji So-Yun,ji so yun,Reign,Midfielder,2047.0,26,22.0,26.0,4.0,11.0,3,3,0.0,32,18,78.73076923076923,93.04545454545455,0.8461538461538461,0.15384615384615385,0.8220336739401835,0.26380068392769906,0.0,1.4069369809477283,0.7914020517830972,0.0,0.0,0.0,0.0,0.0,0.0,0.0,0.0,0.48378574649581
2024,nwsl::Football_Player::e58cc03e05a54a28bf3133ec9c1a3632,C. Dickey,c dickey,Reign,Goalkeeper,1590.0,18,18.0,18.0,0.0,1.0,0,0,0.0,0,0,88.33333333333333,88.33333333333333,1.0,0.0,0.8966203703703705,0.0,0.0,0.0,0.0,0.0,0.0,0.0,0.0,0.0,0.0,0.0,0.0,0.4416666666666667
2024,nwsl::Football_Player::f2e8851f104a4860b4192750a551f65c,M. Pérez,m perez,Reign,Goalkeeper,0.0,0,0.0,0.0,0.0,0.0,0,0,0.0,0,0,0.0,0.0,0.0,0.0,0.0,0.0,0.0,0.0,0.0,0.0,0.0,0.0,0.0,0.0,0.0,0.0,0.0,0.0
2024,nwsl::Football_Player::f3e1a521ef4f4f24bd0ee3fb985ec265,L. Biyendolo,l biyendolo,Reign,Forward,1057.0,18,11.0,18.0,7.0,7.0,4,3,0.0,34,16,58.72222222222222,96.0909090909091,0.6111111111111112,0.3888888888888889,0.6466409752152027,0.5960264900662252,0.0,2.894985808893094,1.3623462630085148,0.0,0.0,0.0,0.0,0.0,0.0,0.0,0.0,0.49015794176390204
2024,nwsl::Football_Player::fc2865906ac34d6abfa98c9a8dc14f52,A. James-Turner,a james turner,Reign,Midfielder,895.0,15,12.0,15.0,3.0,11.0,1,0,0.0,6,3,59.666666666666664,74.58333333333333,0.8,0.2,0.6883957686737018,0.10055865921787709,0.0,0.6033519553072626,0.3016759776536313,0.0,0.0,0.0,0.0,0.0,0.0,0.0,0.0,0.334366852886406
2024,nwsl::Football_Player::096070792588470fad7d5a7bf92a631e,S. Murison,s murison,Royals,Forward,10.0,3,0.0,3.0,3.0,0.0,0,0,0.0,0,0,3.3333333333333335,0.0,0.0,1.0,0.03425925925925926,0.0,0.0,0.0,0.0,0.0,0.0,0.0,0.0,0.0,0.0,0.0,0.0,0.016666666666666666
2024,nwsl::Football_Player::0a4db80bc2c0463c97aee2c01b1c1f2f,A. Merrick,a merrick,Royals,Defender,114.0,4,1.0,4.0,3.0,1.0,0,0,0.0,0,0,28.5,114.0,0.25,0.75,0.24304166666666666,0.0,0.0,0.0,0.0,0.0,0.0,0.0,0.0,0.0,0.0,0.0,0.0,0.1425
2024,nwsl::Football_Player::0d2b0629ed6b43b8ae5e01f2d88fa515,B. St-Georges,b st georges,Royals,Forward,781.0,22,8.0,22.0,14.0,7.0,3,1,0.0,7,4,35.5,97.625,0.36363636363636365,0.6363636363636364,0.45630205221226344,0.46094750320102434,0.0,0.8066581306017926,0.46094750320102434,0.0,0.0,0.0,0.0,0.0,0.0,0.0,0.0,0.29369718309859155
2024,nwsl::Football_Player::0fc6e8c0cd724c14b06c64c27c8331e6,C. Kizer,c kizer,Royals,Forward,307.0,11,3.0,11.0,8.0,3.0,1,0,0.0,1,1,27.90909090909091,102.33333333333333,0.2727272727272727,0.7272727272727273,0.3139449297535617,0.2931596091205212,0.0,0.2931596091205212,0.2931596091205212,0.0,0.0,0.0,0.0,0.0,0.0,0.0,0.0,0.20794936334024283
2024,nwsl::Football_Player::10444fea4ff6483da41b77457cf2cbac,M. McGlynn,m mcglynn,Royals,Goalkeeper,2160.0,24,24.0,24.0,0.0,0.0,0,0,0.0,0,0,90.0,90.0,1.0,0.0,0.9175,0.0,0.0,0.0,0.0,0.0,0.0,0.0,0.0,0.0,0.0,0.0,0.0,0.45
2024,nwsl::Football_Player::154f6fabca234dccbdd62b2b2d5e7e08,M. Pogarch,m pogarch,Royals,Defender,1884.0,25,21.0,25.0,4.0,7.0,0,0,0.0,2,2,75.36,89.71428571428571,0.84,0.16,0.7942116135881104,0.0,0.0,0.09554140127388534,0.09554140127388534,0.0,0.0,0.0,0.0,0.0,0.0,0.0,0.0,0.3791885350318472
2024,nwsl::Football_Player::18cad9377b374dd5ac60c3ca9c3b4dc6,Z. Burns,z burns,Royals,Defender,1321.0,21,14.0,21.0,7.0,6.0,0,0,0.0,1,1,62.904761904761905,94.35714285714286,0.6666666666666666,0.3333333333333333,0.6721695094304859,0.0,0.0,0.06813020439061318,0.06813020439061318,0.0,0.0,0.0,0.0,0.0,0.0,0.0,0.0,0.31622706463357486
2024,nwsl::Football_Player::35f265bcf6bc4c10b6edc54b8da92835,C. Tucker,c tucker,Royals,Forward,553.0,18,3.0,18.0,15.0,3.0,1,0,0.0,10,7,30.72222222222222,184.33333333333334,0.16666666666666666,0.8333333333333334,0.32957014209809565,0.162748643761302,0.0,1.6274864376130198,1.1392405063291138,0.0,0.0,0.0,0.0,0.0,0.0,0.0,0.0,0.22820423950170787
2024,nwsl::Football_Player::36b39ad2f2ba41e5afba3d9e006b413f,D. Foederer,d foederer,Royals,Midfielder,1537.0,23,17.0,23.0,6.0,11.0,1,2,0.0,12,6,66.82608695652173,90.41176470588235,0.7391304347826086,0.2608695652173913,0.7264808735569321,0.17566688353936238,0.0,0.7026675341574495,0.35133376707872477,0.0,0.0,0.0,0.0,0.0,0.0,0.0,0.0,0.3882943905405788
2024,nwsl::Football_Player::3a45298a6ded492baa53c54797a41912,M. Tanaka,m tanaka,Royals,Forward,511.0,7,7.0,7.0,0.0,5.0,1,0,0.0,13,9,73.0,73.0,1.0,0.0,0.7741177973472494,0.1761252446183953,0.0,2.2896281800391387,1.5851272015655578,0.0,0.0,0.0,0.0,0.0,0.0,0.0,0.0,0.4589334637964775
2024,nwsl::Football_Player::41a5277f439b4063aa41d7f902111d8a,B. Mozingo,b mozingo,Royals,Forward,979.0,18,10.0,18.0,8.0,6.0,0,0,0.0,13,8,54.388888888888886,97.9,0.5555555555555556,0.4444444444444444,0.5813535274719732,0.0,0.0,1.195097037793667,0.7354443309499489,0.0,0.0,0.0,0.0,0.0,0.0,0.0,0.0,0.3018218703892861
2024,nwsl::Football_Player::446bca9a37f94c40b40ff500f4dd6870,K. Riehl,k riehl,Royals,Defender,1260.0,14,14.0,14.0,0.0,0.0,0,1,0.0,4,0,90.0,90.0,1.0,0.0,0.8758035714285713,0.07142857142857142,0.0,0.2857142857142857,0.0,0.0,0.0,0.0,0.0,0.0,0.0,0.0,0.0,0.4720238095238095
2024,nwsl::Football_Player::57def120cf044182ab46cec2ddf6c222,C. Nelson,c nelson,Royals,Goalkeeper,90.0,1,1.0,1.0,0.0,0.0,0,0,0.0,0,0,90.0,90.0,1.0,0.0,0.7749999999999999,0.0,0.0,0.0,0.0,0.0,0.0,0.0,0.0,0.0,0.0,0.0,0.0,0.45
2024,nwsl::Football_Player::6f8212aec8f14cdbbd061c7129d3dc20,K. Del Fava,k del fava,Royals,Defender,2340.0,26,26.0,26.0,0.0,0.0,2,1,0.0,11,5,90.0,90.0,1.0,0.0,0.9226923076923077,0.11538461538461539,0.0,0.4230769230769231,0.19230769230769232,0.0,0.0,0.0,0.0,0.0,0.0,0.0,0.0,0.48461538461538467
2024,nwsl::Football_Player::74033e26a78342fa8e62e8635a3fa34e,O. Griffitts,o griffitts,Royals,Defender,1107.0,13,13.0,13.0,0.0,1.0,1,0,0.0,4,2,85.15384615384616,85.15384615384616,1.0,0.0,0.8516640087554722,0.08130081300813008,0.0,0.3252032520325203,0.16260162601626016,0.0,0.0,0.0,0.0,0.0,0.0,0.0,0.0,0.45083698144673756
2024,nwsl::Football_Player::7e3b0553c64647e08f67a506671f83e0,Claudia Zornoza,claudia zornoza,Royals,Midfielder,846.0,10,10.0,10.0,0.0,2.0,2,3,0.0,14,9,84.6,84.6,1.0,0.0,0.8456574468085106,0.5319148936170213,0.0,1.4893617021276595,0.9574468085106382,0.0,0.0,0.0,0.0,0.0,0.0,0.0,0.0,0.571049645390071
2024,nwsl::Football_Player::7f1d0b066bd944f4aa51e711dd51e124,E. Gray,e gray,Royals,Midfielder,2.0,2,0.0,2.0,2.0,0.0,0,0,0.0,0,0,1.0,0.0,0.0,1.0,0.01852777777777778,0.0,0.0,0.0,0.0,0.0,0.0,0.0,0.0,0.0,0.0,0.0,0.0,0.005
2024,nwsl::Football_Player::7fc702ff232644208fc4c5d6841f46d6,T. Milazzo,t milazzo,Royals,Defender,1133.0,17,13.0,17.0,4.0,5.0,0,0,0.0,1,1,66.6470588235294,87.15384615384616,0.7647058823529411,0.23529411764705882,0.7070315418606395,0.0,0.0,0.0794351279788173,0.0794351279788173,0.0,0.0,0.0,0.0,0.0,0.0,0.0,0.0,0.3352211723171175
2024,nwsl::Football_Player::8f4b9e9f052c46379e9e68e9c50e9f96,M. Cluff,m cluff,Royals,Midfielder,477.0,11,5.0,11.0,6.0,2.0,0,0,0.0,3,2,43.36363636363637,95.4,0.45454545454545453,0.5454545454545454,0.44214536878216126,0.0,0.0,0.5660377358490566,0.37735849056603776,0.0,0.0,0.0,0.0,0.0,0.0,0.0,0.0,0.23096912521440824
2024,nwsl::Football_Player::96199c0cfb7245f6b6460174fb25883b,Ana Tejada,ana tejada,Royals,Defender,1318.0,15,15.0,15.0,0.0,3.0,2,1,0.0,10,4,87.86666666666666,87.86666666666666,1.0,0.0,0.8814365171696735,0.20485584218512898,0.0,0.6828528072837633,0.27314112291350534,0.0,0.0,0.0,0.0,0.0,0.0,0.0,0.0,0.4990829539706626
2024,nwsl::Football_Player::9623c63130534d3b91e7058da206dc3c,F. Tagliaferri,f tagliaferri,Royals,Midfielder,267.0,6,4.0,6.0,2.0,4.0,0,0,0.0,2,0,44.5,66.75,0.6666666666666666,0.3333333333333333,0.5045142009987515,0.0,0.0,0.6741573033707865,0.0,0.0,0.0,0.0,0.0,0.0,0.0,0.0,0.0,0.23935393258426968
2024,nwsl::Football_Player::9cb23558bac040418e6fe42500f70055,M. Vasconcelos,m vasconcelos,Royals,Midfielder,254.0,15,2.0,15.0,13.0,2.0,0,1,0.0,2,0,16.933333333333334,127.0,0.13333333333333333,0.8666666666666667,0.24596735199766695,0.3543307086614173,0.0,0.7086614173228346,0.0,0.0,0.0,0.0,0.0,0.0,0.0,0.0,0.0,0.17620209973753279
2024,nwsl::Football_Player::aa3fb0629ef8427fbe4ec8242a5d8865,A. Sentnor,a sentnor,Royals,Forward,1866.0,21,21.0,21.0,0.0,4.0,3,4,0.0,54,24,88.85714285714286,88.85714285714286,1.0,0.0,0.9337857780840095,0.337620578778135,0.0,2.6045016077170415,1.157556270096463,0.0,0.0,0.0,0.0,0.0,0.0,0.0,0.0,0.5797358750574184
2024,nwsl::Football_Player::c576ad96d53e481a8d1a0e690c67b366,J. Grosso,j grosso,Royals,Midfielder,0.0,0,0.0,0.0,0.0,0.0,0,0,0.0,0,0,0.0,0.0,0.0,0.0,0.0,0.0,0.0,0.0,0.0,0.0,0.0,0.0,0.0,0.0,0.0,0.0,0.0,0.0
2024,nwsl::Football_Player::cdf85025364a4a9cb8a28d90e5fa96b7,A. Henry,a henry,Royals,Midfielder,1102.0,14,12.0,14.0,2.0,1.0,0,0,0.0,16,7,78.71428571428571,91.83333333333333,0.8571428571428571,0.14285714285714285,0.7733009751389969,0.0,0.0,1.3067150635208713,0.5716878402903811,0.0,0.0,0.0,0.0,0.0,0.0,0.0,0.0,0.42623930515945035
2024,nwsl::Football_Player::db018e6a9a254ea2a703fadeec66c869,I. Onumonu,i onumonu,Royals,Forward,108.0,5,0.0,5.0,5.0,1.0,0,0,0.0,3,2,21.6,0.0,0.0,1.0,0.123075,0.0,0.0,2.5,1.6666666666666667,0.0,0.0,0.0,0.0,0.0,0.0,0.0,0.0,0.17049999999999998
2024,nwsl::Football_Player::ea630eb197bb4762b4b8b4c1b7ef363c,C. Lacasse,c lacasse,Royals,Forward,665.0,9,8.0,9.0,1.0,3.0,4,0,0.0,13,11,73.88888888888889,83.125,0.8888888888888888,0.1111111111111111,0.7516786178408985,0.5413533834586466,0.0,1.7593984962406015,1.4887218045112782,0.0,0.0,0.0,0.0,0.0,0.0,0.0,0.0,0.5262113617376776
2024,nwsl::Football_Player::ef4e69a4b2b340d7af6132b75ca7e766,D. O'Brien,d o brien,Royals,Defender,0.0,0,0.0,0.0,0.0,0.0,0,0,0.0,0,0,0.0,0.0,0.0,0.0,0.0,0.0,0.0,0.0,0.0,0.0,0.0,0.0,0.0,0.0,0.0,0.0,0.0,0.0
2024,nwsl::Football_Player::f02a507bde074f68ac65cbd2ac77104b,P. Monaghan,p monaghan,Royals,Forward,1578.0,22,20.0,22.0,2.0,13.0,2,1,0.0,22,8,71.72727272727273,78.9,0.9090909090909091,0.09090909090909091,0.8221810692476091,0.17110266159695817,0.0,1.2547528517110265,0.4562737642585551,0.0,0.0,0.0,0.0,0.0,0.0,0.0,0.0,0.42565157276183896
2024,nwsl::Football_Player::f291c641107a42db8787f7c0b738841d,A. Nyberg,a nyberg,Royals,Midfielder,652.0,11,8.0,11.0,3.0,5.0,0,0,0.0,3,1,59.27272727272727,81.5,0.7272727272727273,0.2727272727272727,0.6204266514841668,0.0,0.0,0.41411042944785276,0.13803680981595093,0.0,0.0,0.0,0.0,0.0,0.0,0.0,0.0,0.3067163970998327
2024,nwsl::Football_Player::f34cb0fac68445bf95cc5baec18f7044,I. Dorsey,i dorsey,Royals,Defender,135.0,2,2.0,2.0,0.0,1.0,0,0,0.0,0,0,67.5,67.5,1.0,0.0,0.703125,0.0,0.0,0.0,0.0,0.0,0.0,0.0,0.0,0.0,0.0,0.0,0.0,0.3375
2024,nwsl::Football_Player::f69d180a0c6e459586b0a47e2d6536e9,A. Loera,a loera,Royals,Midfielder,296.0,4,4.0,4.0,0.0,2.0,1,0,0.0,2,1,74.0,74.0,1.0,0.0,0.7528376501501501,0.30405405405405406,0.0,0.6081081081081081,0.30405405405405406,0.0,0.0,0.0,0.0,0.0,0.0,0.0,0.0,0.4485472972972973
2024,nwsl::Football_Player::f6b493b31de74f559b78c0c4e54cd8ec,M. Fraser,m fraser,Royals,Midfielder,209.0,4,2.0,4.0,2.0,1.0,0,0,0.0,5,2,52.25,104.5,0.5,0.5,0.44740055156831476,0.0,0.0,2.15311004784689,0.8612440191387559,0.0,0.0,0.0,0.0,0.0,0.0,0.0,0.0,0.3150777511961723
2024,nwsl::Football_Player::f961e0cf2d5b4f44933a01d3e26748f6,L. Flynn,l flynn,Royals,Defender,894.0,12,10.0,12.0,2.0,2.0,0,0,0.0,1,0,74.5,89.4,0.8333333333333334,0.16666666666666666,0.7281969612229678,0.0,0.0,0.10067114093959731,0.0,0.0,0.0,0.0,0.0,0.0,0.0,0.0,0.0,0.3750167785234899
2024,nwsl::Football_Player::09952ff1c5394861a1fd2f16c4b10669,M. Jones,m jones,SD Wave,Forward,855.0,19,12.0,19.0,7.0,11.0,2,0,0.0,15,8,45.0,71.25,0.631578947368421,0.3684210526315789,0.5979605263157894,0.21052631578947367,0.0,1.5789473684210527,0.8421052631578947,0.0,0.0,0.0,0.0,0.0,0.0,0.0,0.0,0.30833333333333335
2024,nwsl::Football_Player::169fa964031141e98831884983375011,S. McCaskill,s mccaskill,SD Wave,Midfielder,1449.0,20,16.0,20.0,4.0,6.0,1,1,0.0,12,5,72.45,90.5625,0.8,0.2,0.7722645186335404,0.12422360248447203,0.0,0.7453416149068323,0.3105590062111801,0.0,0.0,0.0,0.0,0.0,0.0,0.0,0.0,0.4067634575569358
2024,nwsl::Football_Player::178a1dd50fd64d08bd42ade5e5993923,S. Jakobsson,s jakobsson,SD Wave,Forward,557.0,12,6.0,12.0,6.0,5.0,1,0,0.0,7,3,46.416666666666664,92.83333333333333,0.5,0.5,0.4880385289912893,0.1615798922800718,0.0,1.1310592459605027,0.4847396768402154,0.0,0.0,0.0,0.0,0.0,0.0,0.0,0.0,0.2940222920406942
2024,nwsl::Football_Player::2072dda1891b4686bcb4444811bb1a45,H. Lundkvist,h lundkvist,SD Wave,Defender,1817.0,23,21.0,23.0,2.0,8.0,2,0,0.0,8,5,79.0,86.52380952380952,0.9130434782608695,0.08695652173913043,0.8441457377851158,0.09906439185470556,0.0,0.39625756741882223,0.2476609796367639,0.0,0.0,0.0,0.0,0.0,0.0,0.0,0.0,0.42554485415520094
2024,nwsl::Football_Player::2c448e6ce8624c9c983fe177032cd791,M. Robbe,m robbe,SD Wave,Forward,1419.0,24,17.0,24.0,7.0,15.0,3,1,0.0,20,7,59.125,83.47058823529412,0.7083333333333334,0.2916666666666667,0.6900148505402866,0.2536997885835095,0.0,1.2684989429175475,0.4439746300211416,0.0,0.0,0.0,0.0,0.0,0.0,0.0,0.0,0.38019159619450316
2024,nwsl::Football_Player::444e4e5d84d248e2841030cc724d2ffc,K. Wesley,k wesley,SD Wave,Defender,1008.0,13,12.0,13.0,1.0,3.0,1,0,0.0,5,1,77.53846153846153,84.0,0.9230769230769231,0.07692307692307693,0.7908873626373627,0.08928571428571429,0.0,0.44642857142857145,0.08928571428571429,0.0,0.0,0.0,0.0,0.0,0.0,0.0,0.0,0.4174542124542125
2024,nwsl::Football_Player::48396241af194827b6ecf96448925a00,A. Ali,a ali,SD Wave,Forward,567.0,14,4.0,14.0,10.0,4.0,1,0,0.0,9,5,40.5,141.75,0.2857142857142857,0.7142857142857143,0.38676388888888885,0.15873015873015872,0.0,1.4285714285714286,0.7936507936507937,0.0,0.0,0.0,0.0,0.0,0.0,0.0,0.0,0.2712830687830688
2024,nwsl::Football_Player::4ed903dd15f94662aa0999f426849d22,E. van Egmond,e van egmond,SD Wave,Midfielder,1887.0,26,19.0,26.0,7.0,2.0,1,0,0.0,17,4,72.57692307692308,99.3157894736842,0.7307692307692307,0.2692307692307692,0.7394124118462354,0.04769475357710652,0.0,0.8108108108108109,0.1907790143084261,0.0,0.0,0.0,0.0,0.0,0.0,0.0,0.0,0.3930912926501162
2024,nwsl::Football_Player::50c9a46e9b1046f38b892507dfffd350,A. Morgan,a morgan,SD Wave,Forward,846.0,13,10.0,13.0,3.0,6.0,0,1,0.0,22,13,65.07692307692308,84.6,0.7692307692307693,0.23076923076923078,0.6853318330605566,0.10638297872340426,0.0,2.3404255319148937,1.3829787234042552,0.0,0.0,0.0,0.0,0.0,0.0,0.0,0.0,0.40605837424986363
2024,nwsl::Football_Player::65e883199fd449a09bf6c4cbc32b7d01,M. Rath,m rath,SD Wave,Goalkeeper,0.0,0,0.0,0.0,0.0,0.0,0,0,0.0,0,0,0.0,0.0,0.0,0.0,0.0,0.0,0.0,0.0,0.0,0.0,0.0,0.0,0.0,0.0,0.0,0.0,0.0,0.0
2024,nwsl::Football_Player::7a3d8828fb0941f88dd72a728f9f61e4,K. Sheridan,k sheridan,SD Wave,Goalkeeper,2220.0,25,25.0,25.0,0.0,0.0,0,0,0.0,0,0,88.8,88.8,1.0,0.0,0.9132666666666667,0.0,0.0,0.0,0.0,0.0,0.0,0.0,0.0,0.0,0.0,0.0,0.0,0.444
2024,nwsl::Football_Player::8462f50f7bcd4b358debc2d680f919a6,D. Cascarino,d cascarino,SD Wave,Forward,639.0,10,7.0,10.0,3.0,4.0,2,3,0.0,9,6,63.9,91.28571428571429,0.7,0.3,0.6421855633802817,0.7042253521126761,0.0,1.267605633802817,0.8450704225352114,0.0,0.0,0.0,0.0,0.0,0.0,0.0,0.0,0.49790375586854463
2024,nwsl::Football_Player::8b7f1c9204e34fc58010e0d9778c064d,M. Sánchez,m sanchez,SD Wave,Forward,1888.0,26,22.0,26.0,4.0,12.0,1,5,0.0,23,8,72.61538461538461,85.81818181818181,0.8461538461538461,0.15384615384615385,0.7999896942452557,0.2860169491525424,0.0,1.0963983050847457,0.3813559322033898,0.0,0.0,0.0,0.0,0.0,0.0,0.0,0.0,0.4500737451108214
2024,nwsl::Football_Player::8d8c7710934e4343afee2535ade55bd9,E. Bennett,e bennett,SD Wave,Forward,263.0,14,2.0,14.0,12.0,2.0,0,1,0.0,4,1,18.785714285714285,131.5,0.14285714285714285,0.8571428571428571,0.25138453588025833,0.3422053231939164,0.0,1.3688212927756656,0.3422053231939164,0.0,0.0,0.0,0.0,0.0,0.0,0.0,0.0,0.19944187941336233
2024,nwsl::Football_Player::a6683a7902404976b29a742db197dfc1,N. Girma,n girma,SD Wave,Defender,1715.0,20,20.0,20.0,0.0,3.0,0,0,0.0,1,0,85.75,85.75,1.0,0.0,0.9027037374473599,0.0,0.0,0.05247813411078717,0.0,0.0,0.0,0.0,0.0,0.0,0.0,0.0,0.0,0.43006195335276964
2024,nwsl::Football_Player::ad9acd5fa5cf475a87d9a92b99e682fd,M. Barcenas,m barcenas,SD Wave,Forward,446.0,10,5.0,10.0,5.0,4.0,1,0,0.0,7,4,44.6,89.2,0.5,0.5,0.46894202790234185,0.20179372197309417,0.0,1.412556053811659,0.8071748878923767,0.0,0.0,0.0,0.0,0.0,0.0,0.0,0.0,0.30035426008968613
2024,nwsl::Football_Player::afa88f0c0ec840f38096c040ebe83e08,K. Carusa,k carusa,SD Wave,Forward,626.0,17,7.0,17.0,10.0,6.0,2,0,0.0,17,9,36.8235294117647,89.42857142857143,0.4117647058823529,0.5882352941176471,0.46085030487168244,0.28753993610223644,0.0,2.4440894568690097,1.293929712460064,0.0,0.0,0.0,0.0,0.0,0.0,0.0,0.0,0.30512403683518136
2024,nwsl::Football_Player::bbee9da0fc744ebcabc586c3232bf4be,P. Morroni,p morroni,SD Wave,Defender,382.0,6,5.0,6.0,1.0,3.0,0,0,0.0,3,0,63.666666666666664,76.4,0.8333333333333334,0.16666666666666666,0.6472523754120613,0.0,0.0,0.7068062827225131,0.0,0.0,0.0,0.0,0.0,0.0,0.0,0.0,0.0,0.33600349040139615
2024,nwsl::Football_Player::cafe0fb40c194bfd95bebea739443cd7,K. McNabb,k mcnabb,SD Wave,Defender,1942.0,24,21.0,24.0,3.0,3.0,1,0,0.0,12,3,80.91666666666667,92.47619047619048,0.875,0.125,0.8327397466338635,0.04634397528321318,0.0,0.5561277033985581,0.13903192584963953,0.0,0.0,0.0,0.0,0.0,0.0,0.0,0.0,0.42814152076896667
2024,nwsl::Football_Player::d70a89d4bf9e47778923c4ab4ae9e679,H. Beall,h beall,SD Wave,Goalkeeper,117.0,2,1.0,2.0,1.0,0.0,0,0,0.0,0,0,58.5,117.0,0.5,0.5,0.446375,0.0,0.0,0.0,0.0,0.0,0.0,0.0,0.0,0.0,0.0,0.0,0.0,0.29250000000000004
2024,nwsl::Football_Player::e8b4386d7df847f6a328dea38ddc55ce,K. Ascanio,k ascanio,SD Wave,Midfielder,145.0,6,2.0,6.0,4.0,2.0,0,0,0.0,0,0,24.166666666666668,72.5,0.3333333333333333,0.6666666666666666,0.2802546296296296,0.0,0.0,0.0,0.0,0.0,0.0,0.0,0.0,0.0,0.0,0.0,0.0,0.12083333333333335
2024,nwsl::Football_Player::ecf8d72c11704bb49de0461fa77d8cae,D. Haračić,d haracic,SD Wave,Goalkeeper,2070.0,23,23.0,23.0,0.0,0.0,0,0,0.0,0,0,90.0,90.0,1.0,0.0,0.9175,0.0,0.0,0.0,0.0,0.0,0.0,0.0,0.0,0.0,0.0,0.0,0.0,0.45
2024,nwsl::Football_Player::fc8de163d5904bf494c2fb1ef97d9313,S. Enge,s enge,SD Wave,Midfielder,90.0,1,1.0,1.0,0.0,0.0,0,0,0.0,0,0,90.0,90.0,1.0,0.0,0.7749999999999999,0.0,0.0,0.0,0.0,0.0,0.0,0.0,0.0,0.0,0.0,0.0,0.0,0.45
2024,nwsl::Football_Player::0ff461d4b7864e4387af66c2fdaa3710,L. Santos,l santos,Washington Spirit,Midfielder,775.0,10,8.0,10.0,2.0,4.0,2,1,0.0,10,5,77.5,96.875,0.8,0.2,0.7236447132616487,0.34838709677419355,0.0,1.1612903225806452,0.5806451612903226,0.0,0.0,0.0,0.0,0.0,0.0,0.0,0.0,0.4891129032258065
2024,nwsl::Football_Player::15908c182dd94c57ae45736055f42e68,C. Ricketts,c ricketts,Washington Spirit,Midfielder,18.0,4,0.0,4.0,4.0,0.0,0,0,0.0,0,0,4.5,0.0,0.0,1.0,0.045875,0.0,0.0,0.0,0.0,0.0,0.0,0.0,0.0,0.0,0.0,0.0,0.0,0.022500000000000003
2024,nwsl::Football_Player::18d7e7320d2949b083c7315e3831b1a1,E. Morgan,e morgan,Washington Spirit,Defender,764.0,9,8.0,9.0,1.0,3.0,0,0,0.0,1,1,84.88888888888889,95.5,0.8888888888888888,0.1111111111111111,0.7674108897291706,0.0,0.0,0.11780104712041885,0.11780104712041885,0.0,0.0,0.0,0.0,0.0,0.0,0.0,0.0,0.4273894706224549
2024,nwsl::Football_Player::22f45241df0547e691e8ba6db03aaf7c,C. Brown,c brown,Washington Spirit,Midfielder,987.0,25,11.0,25.0,14.0,9.0,1,0,0.0,13,7,39.48,89.72727272727273,0.44,0.56,0.4945714994934144,0.0911854103343465,0.0,1.1854103343465046,0.6382978723404256,0.0,0.0,0.0,0.0,0.0,0.0,0.0,0.0,0.2460322188449848
2024,nwsl::Football_Player::28fc705601404c39bf14420caeec6668,T. McKeown,t mckeown,Washington Spirit,Defender,2670.0,29,29.0,29.0,0.0,0.0,1,1,0.0,13,4,92.06896551724138,92.06896551724138,1.0,0.0,0.92125,0.06741573033707865,0.0,0.4382022471910112,0.1348314606741573,0.0,0.0,0.0,0.0,0.0,0.0,0.0,0.0,0.475
2024,nwsl::Football_Player::2bb05acef63c4c7ca9a453f486c12508,O. Sarr,o sarr,Washington Spirit,Forward,1341.0,19,19.0,19.0,0.0,15.0,8,2,0.0,38,22,70.57894736842105,70.57894736842105,1.0,0.0,0.8720237548569411,0.6711409395973155,0.0,2.5503355704697985,1.4765100671140938,0.0,0.0,0.0,0.0,0.0,0.0,0.0,0.0,0.5564741551866242
2024,nwsl::Football_Player::2e67f16c924649e9b5584a1a25552589,C. Krueger,c krueger,Washington Spirit,Defender,1976.0,25,23.0,25.0,2.0,8.0,1,3,0.0,5,1,79.04,85.91304347826087,0.92,0.08,0.8493828733693208,0.18218623481781376,0.0,0.22773279352226722,0.04554655870445344,0.0,0.0,0.0,0.0,0.0,0.0,0.0,0.0,0.4388487854251012
2024,nwsl::Football_Player::407c05f9d79548b49cd8d6815f170305,L. Jessee,l jessee,Washington Spirit,Goalkeeper,1.0,1,0.0,1.0,1.0,0.0,0,0,0.0,0,0,1.0,0.0,0.0,1.0,0.011027777777777779,0.0,0.0,0.0,0.0,0.0,0.0,0.0,0.0,0.0,0.0,0.0,0.0,0.005
2024,nwsl::Football_Player::410c51409b9e460186b07d3adaf031b5,R. Tanner,r tanner,Washington Spirit,Forward,0.0,0,0.0,0.0,0.0,0.0,0,0,0.0,0,0,0.0,0.0,0.0,0.0,0.0,0.0,0.0,0.0,0.0,0.0,0.0,0.0,0.0,0.0,0.0,0.0,0.0,0.0
2024,nwsl::Football_Player::4b0092d3c4b148ce81259ba635ca7777,H. Hershfelt,h hershfelt,Washington Spirit,Midfielder,2409.0,28,26.0,28.0,2.0,4.0,3,0,0.0,14,6,86.03571428571429,92.65384615384616,0.9285714285714286,0.07142857142857142,0.8768359092391627,0.11207970112079702,0.0,0.523038605230386,0.22415940224159403,0.0,0.0,0.0,0.0,0.0,0.0,0.0,0.0,0.4666044742928305
2024,nwsl::Football_Player::51a8e15389164893bf60ce9d5550796c,H. Stainbrook,h stainbrook,Washington Spirit,Midfielder,585.0,13,6.0,13.0,7.0,3.0,1,0,0.0,4,2,45.0,97.5,0.46153846153846156,0.5384615384615384,0.4710576923076924,0.15384615384615385,0.0,0.6153846153846154,0.3076923076923077,0.0,0.0,0.0,0.0,0.0,0.0,0.0,0.0,0.27243589743589747
2024,nwsl::Football_Player::6c1b4516ce30494fa9d533b5df69fe4f,A. Butel,a butel,Washington Spirit,Defender,1919.0,25,21.0,25.0,4.0,2.0,0,0,0.0,1,1,76.76,91.38095238095238,0.84,0.16,0.7989680950726652,0.0,0.0,0.04689942678478374,0.04689942678478374,0.0,0.0,0.0,0.0,0.0,0.0,0.0,0.0,0.3849724856696196
2024,nwsl::Football_Player::6f371e0118d64bd0a1fce9f4cf6d52d1,R. Kouassi,r kouassi,Washington Spirit,Forward,735.0,10,9.0,10.0,1.0,5.0,0,2,0.0,24,14,73.5,81.66666666666667,0.9,0.1,0.7579651360544217,0.2448979591836735,0.0,2.938775510204082,1.7142857142857144,0.0,0.0,0.0,0.0,0.0,0.0,0.0,0.0,0.49198979591836733
2024,nwsl::Football_Player::71105581a0a143b18ac92760cc09c609,C. Bethune,c bethune,Washington Spirit,Midfielder,1389.0,17,16.0,17.0,1.0,13.0,5,10,0.0,19,10,81.70588235294117,86.8125,0.9411764705882353,0.058823529411764705,0.8742588087070682,0.9719222462203023,0.0,1.2311015118790496,0.6479481641468683,0.0,0.0,0.0,0.0,0.0,0.0,0.0,0.0,0.6417907508575784
2024,nwsl::Football_Player::738125313bdc48eda09c29b610520e26,T. Rodman,t rodman,Washington Spirit,Forward,2100.0,26,23.0,26.0,3.0,13.0,8,6,0.0,68,41,80.76923076923077,91.30434782608695,0.8846153846153846,0.11538461538461539,0.862691391941392,0.6,0.0,2.9142857142857146,1.7571428571428573,0.0,0.0,0.0,0.0,0.0,0.0,0.0,0.0,0.6017032967032967
2024,nwsl::Football_Player::75a1f211b7f04ffebe4cdd67cd838239,A. Sullivan,a sullivan,Washington Spirit,Midfielder,1717.0,21,21.0,21.0,0.0,10.0,2,0,0.0,8,2,81.76190476190476,81.76190476190476,1.0,0.0,0.8932864037804341,0.104834012813046,0.0,0.419336051252184,0.104834012813046,0.0,0.0,0.0,0.0,0.0,0.0,0.0,0.0,0.4411333444268796
2024,nwsl::Football_Player::7e96efc5034f4e4abfafca1b06af33ab,K. Wiesner,k wiesner,Washington Spirit,Defender,554.0,16,5.0,16.0,11.0,4.0,1,0,0.0,2,2,34.625,110.8,0.3125,0.6875,0.3890694319093462,0.1624548736462094,0.0,0.3249097472924188,0.3249097472924188,0.0,0.0,0.0,0.0,0.0,0.0,0.0,0.0,0.21509250902527077
2024,nwsl::Football_Player::8d53fd381b8940b79d0a2700091bfea2,L. Silano,l silano,Washington Spirit,Forward,234.0,15,0.0,15.0,15.0,0.0,2,0,0.0,7,4,15.6,0.0,0.0,1.0,0.20166794871794871,0.7692307692307692,0.0,2.692307692307692,1.5384615384615383,0.0,0.0,0.0,0.0,0.0,0.0,0.0,0.0,0.30556410256410255
2024,nwsl::Football_Player::9088cd3919ae4facb366b7f4cf1ca493,N. Miura,n miura,Washington Spirit,Midfielder,2055.0,26,24.0,26.0,2.0,15.0,0,0,0.0,11,6,79.03846153846153,85.625,0.9230769230769231,0.07692307692307693,0.8460213129328092,0.0,0.0,0.48175182481751827,0.26277372262773724,0.0,0.0,0.0,0.0,0.0,0.0,0.0,0.0,0.4072361033127456
2024,nwsl::Football_Player::94de57f74c554630b9abe7bc1bd588f9,B. Ratcliffe,b ratcliffe,Washington Spirit,Forward,528.0,25,3.0,25.0,22.0,2.0,3,0,0.0,18,9,21.12,176.0,0.12,0.88,0.3059924621212121,0.5113636363636364,0.0,3.0681818181818183,1.5340909090909092,0.0,0.0,0.0,0.0,0.0,0.0,0.0,0.0,0.2888386363636364
2024,nwsl::Football_Player::9c658c9bfac94ebaa87d167e59315ba9,M. Morris,m morris,Washington Spirit,Forward,745.0,15,6.0,15.0,9.0,6.0,5,3,0.0,15,11,49.666666666666664,124.16666666666667,0.4,0.6,0.504709607258265,0.9664429530201342,0.0,1.8120805369127515,1.3288590604026844,0.0,0.0,0.0,0.0,0.0,0.0,0.0,0.0,0.4949776286353468
2024,nwsl::Football_Player::a86e9ba2f4c44ce789c593b2b5bf9bcb,A. Kingsbury,a kingsbury,Washington Spirit,Goalkeeper,2669.0,29,29.0,29.0,0.0,0.0,0,0,0.0,1,0,92.03448275862068,92.03448275862068,1.0,0.0,0.9176264518546272,0.0,0.0,0.03372049456725365,0.0,0.0,0.0,0.0,0.0,0.0,0.0,0.0,0.0,0.45084301236418134
2024,nwsl::Football_Player::c281f4077abb41a6a90c9dd309f3fb20,K. Collins,k collins,Washington Spirit,Goalkeeper,0.0,0,0.0,0.0,0.0,0.0,0,0,0.0,0,0,0.0,0.0,0.0,0.0,0.0,0.0,0.0,0.0,0.0,0.0,0.0,0.0,0.0,0.0,0.0,0.0,0.0,0.0
2024,nwsl::Football_Player::c413ab13b4b2411b8255f868ec263843,A. Hatch,a hatch,Washington Spirit,Forward,1736.0,27,19.0,27.0,8.0,14.0,7,3,0.0,42,24,64.29629629629629,91.36842105263158,0.7037037037037037,0.2962962962962963,0.717856071381161,0.5184331797235023,0.0,2.17741935483871,1.2442396313364057,0.0,0.0,0.0,0.0,0.0,0.0,0.0,0.0,0.4839238777948456
2024,nwsl::Football_Player::d07feb8cd7c94d03b741e2326515241f,P. Metayer,p metayer,Washington Spirit,Midfielder,1212.0,23,13.0,23.0,10.0,5.0,1,1,0.0,5,1,52.69565217391305,93.23076923076923,0.5652173913043478,0.43478260869565216,0.5962797926531783,0.1485148514851485,0.0,0.3712871287128713,0.07425742574257425,0.0,0.0,0.0,0.0,0.0,0.0,0.0,0.0,0.3037010331467929
2024,nwsl::Football_Player::d6e1e8c351d6439fb6bd35f97e521537,A. Heilferty,a heilferty,Washington Spirit,Defender,70.0,2,0.0,2.0,2.0,1.0,0,0,0.0,0,0,35.0,0.0,0.0,1.0,0.13847222222222222,0.0,0.0,0.0,0.0,0.0,0.0,0.0,0.0,0.0,0.0,0.0,0.0,0.17500000000000002
2024,nwsl::Football_Player::e3faad77c273435aa73dfbc762d7f27d,J. Butler,j butler,Washington Spirit,Defender,1.0,1,0.0,1.0,1.0,0.0,0,0,0.0,0,0,1.0,0.0,0.0,1.0,0.011027777777777779,0.0,0.0,0.0,0.0,0.0,0.0,0.0,0.0,0.0,0.0,0.0,0.0,0.005
2024,nwsl::Football_Player::ebadefdb2cd142aa92580387d5fde3b8,G. Carle,g carle,Washington Spirit,Defender,2213.0,29,24.0,29.0,5.0,4.0,0,2,0.0,5,2,76.3103448275862,92.20833333333333,0.8275862068965517,0.1724137931034483,0.7949240698034775,0.08133755083596927,0.0,0.2033438770899232,0.08133755083596927,0.0,0.0,0.0,0.0,0.0,0.0,0.0,0.0,0.40358064415600603
2024,nwsl::Football_Player::fbfe7392b0744bb6a8d7826010fe0a6e,N. Barnhart,n barnhart,Washington Spirit,Goalkeeper,0.0,0,0.0,0.0,0.0,0.0,0,0,0.0,0,0,0.0,0.0,0.0,0.0,0.0,0.0,0.0,0.0,0.0,0.0,0.0,0.0,0.0,0.0,0.0,0.0,0.0,0.0
2025,nwsl::Football_Player::0953a675c64f45529f01d7a21eadc22a,M. Hodge,m hodge,Angel City FC,Midfielder,755.0,16,9.0,16.0,7.0,7.0,1,0,0.0,6,2,47.1875,83.88888888888889,0.5625,0.4375,0.5459992986571008,0.11920529801324503,0.0,0.7152317880794702,0.23841059602649006,0.0,0.0,0.0,0.0,0.0,0.0,0.0,0.0,0.27865273178807953
2025,nwsl::Football_Player::10da6024c1af4c84bf37b25a641f0866,R. Tiernan,r tiernan,Angel City FC,Forward,2200.0,26,26.0,26.0,0.0,13.0,8,1,0.0,36,18,84.61538461538461,84.61538461538461,1.0,0.0,0.9155326825951826,0.3681818181818182,0.0,1.4727272727272729,0.7363636363636364,0.0,0.0,0.0,0.0,0.0,0.0,0.0,0.0,0.5365996503496504
2025,nwsl::Football_Player::13fe7126ee1343a1b20b3c118c2df756,Maiara Niehues,maiara niehues,Angel City FC,Midfielder,477.0,14,4.0,14.0,10.0,3.0,2,0,0.0,11,5,34.07142857142857,119.25,0.2857142857142857,0.7142857142857143,0.3784741327801113,0.37735849056603776,0.0,2.0754716981132075,0.9433962264150944,1.5455,0.6523,0.4328,0.6824,0.3346903553299492,1.6033,0.5472000000000001,0.0833299492385787,0.33506564710550435
2025,nwsl::Football_Player::17ddeb23a8bd43d9bf46f7370e5eb5bf,E. Eddy,e eddy,Angel City FC,Defender,0.0,0,0.0,0.0,0.0,0.0,0,0,0.0,0,0,0.0,0.0,0.0,0.0,0.0,0.0,0.0,0.0,0.0,0.0,0.0,0.0,0.0,0.0,0.0,0.0,0.0,0.0
2025,nwsl::Football_Player::22abab359f2f4f6398f9d7785cbd3f78,A. Riley,a riley,Angel City FC,Defender,9.0,2,0.0,2.0,2.0,0.0,0,0,0.0,0,0,4.5,0.0,0.0,1.0,0.030875,0.0,0.0,0.0,0.0,0.0,0.0,0.0,0.0,0.0,0.0,0.0,0.0,0.022500000000000003
2025,nwsl::Football_Player::2dd5ec59c3f2437889edf68c10fad31e,H. Stambaugh,h stambaugh,Angel City FC,Goalkeeper,0.0,0,0.0,0.0,0.0,0.0,0,0,0.0,0,0,0.0,0.0,0.0,0.0,0.0,0.0,0.0,0.0,0.0,0.0,0.0,0.0,0.0,0.0,0.0,0.0,0.0,0.0
2025,nwsl::Football_Player::3803e24414b54df58dfb21fd3304ef62,S. King,s king,Angel City FC,Defender,709.0,8,8.0,8.0,0.0,3.0,0,0,0.0,2,0,88.625,88.625,1.0,0.0,0.8236013506895472,0.0,0.0,0.2538787023977433,0.0,0.0,0.0,0.0,0.0,0.0,0.0,0.0,0.0,0.4494719675599436
2025,nwsl::Football_Player::3fb7c0ab25ef4b3db335ad6f5afe4e10,E. Shores,e shores,Angel City FC,Midfielder,987.0,12,12.0,12.0,0.0,4.0,1,0,0.0,8,3,82.25,82.25,1.0,0.0,0.8357448286052009,0.0911854103343465,0.0,0.729483282674772,0.2735562310030395,0.0,0.0,0.0,0.0,0.0,0.0,0.0,0.0,0.4484840425531915
2025,nwsl::Football_Player::4314e1fbd3924a09a365af62abcdb3b4,S. Gorden,s gorden,Angel City FC,Defender,2275.0,26,26.0,26.0,0.0,2.0,0,0,0.0,1,0,87.5,87.5,1.0,0.0,0.9088289072039072,0.0,0.0,0.03956043956043956,0.0,0.0,0.0,0.0,0.0,0.0,0.0,0.0,0.0,0.438489010989011
2025,nwsl::Football_Player::44789b184b6840b7b707d62b996ad090,P. Chilufya,p chilufya,Angel City FC,Forward,537.0,19,4.0,19.0,15.0,4.0,2,0,0.0,5,3,28.263157894736842,134.25,0.21052631578947367,0.7894736842105263,0.35056030089189455,0.33519553072625696,0.0,0.8379888268156425,0.5027932960893855,0.0,0.0,0.0,0.0,0.0,0.0,0.0,0.0,0.2320979123787121
2025,nwsl::Football_Player::505cd006e0f24c0b8f03372edd6e033d,S. Jónsdóttir,s jonsdottir,Angel City FC,Forward,1029.0,13,12.0,13.0,1.0,5.0,1,1,0.0,20,10,79.15384615384616,85.75,0.9230769230769231,0.07692307692307693,0.8041480339388504,0.1749271137026239,0.0,1.749271137026239,0.8746355685131195,0.0,0.0,0.0,0.0,0.0,0.0,0.0,0.0,0.4759441578829334
2025,nwsl::Football_Player::63930b6af7c94ec3bd5980802a154971,H. Sugita,h sugita,Angel City FC,Midfielder,1908.0,26,22.0,26.0,4.0,7.0,0,3,0.0,18,6,73.38461538461539,86.72727272727273,0.8461538461538461,0.15384615384615385,0.7972599782293178,0.14150943396226415,0.0,0.8490566037735849,0.2830188679245283,0.0,0.0,0.0,0.0,0.0,0.0,0.0,0.0,0.41763062409288826
2025,nwsl::Football_Player::6506fdacaa3545e1bf2a0d29da9efeef,L. Nabet,l nabet,Angel City FC,Midfielder,1.0,1,0.0,1.0,1.0,0.0,0,0,0.0,0,0,1.0,0.0,0.0,1.0,0.011027777777777779,0.0,0.0,0.0,0.0,0.0,0.0,0.0,0.0,0.0,0.0,0.0,0.0,0.005
2025,nwsl::Football_Player::6c46721d5109405395df45ddfd680316,Casey Phair,casey phair,Angel City FC,Forward,85.0,5,0.0,5.0,5.0,0.0,0,0,0.0,0,0,17.0,0.0,0.0,1.0,0.09747222222222222,0.0,0.0,0.0,0.0,0.0,0.0,0.0,0.0,0.0,0.0,0.0,0.0,0.085
2025,nwsl::Football_Player::7fa746d5fcc64e3b827c740fb881e157,H. Seabert,h seabert,Angel City FC,Goalkeeper,360.0,4,4.0,4.0,0.0,0.0,0,0,0.0,0,0,90.0,90.0,1.0,0.0,0.7975,0.0,0.0,0.0,0.0,0.0,0.0,0.0,0.0,0.0,0.0,0.0,0.0,0.45
2025,nwsl::Football_Player::8be53181b9fd46c4957f8cd6975a49f9,J. Endō,j endo,Angel City FC,Forward,446.0,10,6.0,10.0,4.0,6.0,0,1,0.0,5,1,44.6,74.33333333333333,0.6,0.4,0.5124285749875436,0.20179372197309417,0.0,1.0089686098654709,0.20179372197309417,0.0,0.0,0.0,0.0,0.0,0.0,0.0,0.0,0.2902645739910314
2025,nwsl::Football_Player::8e0a1b9a4d43469b86adca8d94f57496,S. Leroux,s leroux,Angel City FC,Forward,0.0,0,0.0,0.0,0.0,0.0,0,0,0.0,0,0,0.0,0.0,0.0,0.0,0.0,0.0,0.0,0.0,0.0,0.0,0.0,0.0,0.0,0.0,0.0,0.0,0.0,0.0
2025,nwsl::Football_Player::93f4a41dd7c8434daea61038ecce5c90,C. Press,c press,Angel City FC,Forward,448.0,22,2.0,22.0,20.0,2.0,1,0,0.0,12,5,20.363636363636363,224.0,0.09090909090909091,0.9090909090909091,0.2780655551046176,0.20089285714285715,0.0,2.4107142857142856,1.0044642857142856,0.0,0.0,0.0,0.0,0.0,0.0,0.0,0.0,0.20393871753246756
2025,nwsl::Football_Player::9aa0ae7f0bc648da9095a03174257a3c,M. Moriya,m moriya,Angel City FC,Defender,1420.0,25,13.0,25.0,12.0,6.0,1,2,0.0,7,2,56.8,109.23076923076923,0.52,0.48,0.5919834115805948,0.19014084507042253,0.0,0.4436619718309859,0.1267605633802817,0.0,0.0,0.0,0.0,0.0,0.0,0.0,0.0,0.3347042253521127
2025,nwsl::Football_Player::bb2e756c53984f5ebf78cd343ec20b70,M. Reid,m reid,Angel City FC,Defender,892.0,18,9.0,18.0,9.0,1.0,0,0,0.0,7,2,49.55555555555556,99.11111111111111,0.5,0.5,0.5374695302552178,0.0,0.0,0.7062780269058295,0.20179372197309417,0.0,0.0,0.0,0.0,0.0,0.0,0.0,0.0,0.2654347284504235
2025,nwsl::Football_Player::be8debd3133344a694e5b5a03ef34fc4,A. Kennedy,a kennedy,Angel City FC,Defender,1351.0,16,16.0,16.0,0.0,5.0,1,1,0.0,18,7,84.4375,84.4375,1.0,0.0,0.8765369877765441,0.13323464100666174,0.0,1.1991117690599555,0.46632124352331605,0.0,0.0,0.0,0.0,0.0,0.0,0.0,0.0,0.47992251110288675
2025,nwsl::Football_Player::c24469a7791a4b01afa7570b75bc4fa9,S. Mattice,s mattice,Angel City FC,Defender,26.0,3,0.0,3.0,3.0,0.0,0,0,0.0,0,0,8.666666666666666,0.0,0.0,1.0,0.05307407407407407,0.0,0.0,0.0,0.0,0.0,0.0,0.0,0.0,0.0,0.0,0.0,0.0,0.043333333333333335
2025,nwsl::Football_Player::c75e5a65dfaf42b588cbdf8ef5069537,M. Hammond,m hammond,Angel City FC,Midfielder,923.0,21,9.0,21.0,12.0,5.0,0,0,0.0,3,1,43.95238095238095,102.55555555555556,0.42857142857142855,0.5714285714285714,0.4990083420752434,0.0,0.0,0.29252437703141926,0.09750812567713975,0.0,0.0,0.0,0.0,0.0,0.0,0.0,0.0,0.22707501418769024
2025,nwsl::Football_Player::ccea379df7ff464ba24c322914a37bef,S. Doorsoun,s doorsoun,Angel City FC,Defender,632.0,8,7.0,8.0,1.0,2.0,0,0,0.0,3,2,79.0,90.28571428571429,0.875,0.125,0.7340465014064698,0.0,0.0,0.4272151898734177,0.2848101265822785,0.0,0.0,0.0,0.0,0.0,0.0,0.0,0.0,0.40568037974683546
2025,nwsl::Football_Player::d05274ce6faa42d48bec0325f29568e2,K. Fuller,k fuller,Angel City FC,Midfielder,1858.0,26,21.0,26.0,5.0,15.0,4,3,0.0,27,8,71.46153846153847,88.47619047619048,0.8076923076923077,0.19230769230769232,0.7810625040250982,0.33907427341227125,0.0,1.3078579117330462,0.38751345532831,0.0,0.0,0.0,0.0,0.0,0.0,0.0,0.0,0.4606446137285749
2025,nwsl::Football_Player::e34f1e30edef4493b1bc39d45873fc32,A. Thompson,a thompson,Angel City FC,Forward,1395.0,16,16.0,16.0,0.0,4.0,6,2,0.0,32,21,87.1875,87.1875,1.0,0.0,0.9014490927419354,0.5161290322580645,0.0,2.064516129032258,1.3548387096774193,0.0,0.0,0.0,0.0,0.0,0.0,0.0,0.0,0.5950772849462366
2025,nwsl::Football_Player::e4c0dd7de1294525a9f1635b7e210792,A. Anderson,a anderson,Angel City FC,Goalkeeper,1980.0,22,22.0,22.0,0.0,0.0,0,0,0.0,0,0,90.0,90.0,1.0,0.0,0.9175,0.0,0.0,0.0,0.0,0.0,0.0,0.0,0.0,0.0,0.0,0.0,0.0,0.45
2025,nwsl::Football_Player::eb6608555f1c4adbae1b0da356d8fad9,H. Johnson,h johnson,Angel City FC,Midfielder,28.0,1,0.0,1.0,1.0,0.0,0,0,0.0,0,0,28.0,0.0,0.0,1.0,0.10627777777777779,0.0,0.0,0.0,0.0,0.0,0.0,0.0,0.0,0.0,0.0,0.0,0.0,0.14
2025,nwsl::Football_Player::f2d4c582b99447489d38209626bc26af,K. Zelem,k zelem,Angel City FC,Midfielder,579.0,15,6.0,15.0,9.0,5.0,2,0,0.0,14,6,38.6,96.5,0.4,0.6,0.44654786989061607,0.31088082901554404,0.0,2.176165803108808,0.9326424870466321,0.0,0.0,0.0,0.0,0.0,0.0,0.0,0.0,0.3121709844559586
2025,nwsl::Football_Player::f4bb4eab37184f6e97660839818e14f1,B. Norris,b norris,Angel City FC,Goalkeeper,0.0,0,0.0,0.0,0.0,0.0,0,0,0.0,0,0,0.0,0.0,0.0,0.0,0.0,0.0,0.0,0.0,0.0,0.0,0.0,0.0,0.0,0.0,0.0,0.0,0.0,0.0
2025,nwsl::Football_Player::f737dfd0124341ddbdefdab7739f056f,G. Thompson,g thompson,Angel City FC,Defender,1668.0,23,21.0,23.0,2.0,16.0,1,5,0.0,13,7,72.52173913043478,79.42857142857143,0.9130434782608695,0.08695652173913043,0.8294574470858096,0.3237410071942446,0.0,0.7014388489208633,0.3776978417266187,0.0,0.0,0.0,0.0,0.0,0.0,0.0,0.0,0.44759071004066314
2025,nwsl::Football_Player::fd08719793c4487c82b7d3aceba2ad0f,C. Emslie,c emslie,Angel City FC,Forward,524.0,8,7.0,8.0,1.0,6.0,0,1,0.0,10,7,65.5,74.85714285714286,0.875,0.125,0.6966276505513146,0.1717557251908397,0.0,1.717557251908397,1.202290076335878,0.0,0.0,0.0,0.0,0.0,0.0,0.0,0.0,0.40622137404580155
2025,nwsl::Football_Player::fdc322f486b94e3a9043aee47c3daf93,N. Martin,n martin,Angel City FC,Midfielder,1644.0,23,18.0,23.0,5.0,4.0,0,2,0.0,7,3,71.47826086956522,91.33333333333333,0.782608695652174,0.21739130434782608,0.7591919099756691,0.10948905109489052,0.0,0.3832116788321168,0.1642335766423358,0.0,0.0,0.0,0.0,0.0,0.0,0.0,0.0,0.3897818152967312
2025,nwsl::Football_Player::0647eef6fb274236a6776c40e84d6eb3,A. Malonson,a malonson,Bay FC,Defender,1912.0,26,21.0,26.0,5.0,7.0,1,5,0.0,8,6,73.53846153846153,91.04761904761905,0.8076923076923077,0.19230769230769232,0.7831268596001859,0.2824267782426778,0.0,0.3765690376569038,0.2824267782426778,0.0,0.0,0.0,0.0,0.0,0.0,0.0,0.0,0.4359454457676215
2025,nwsl::Football_Player::06897a454ecd4389a815a64dfb95ba2d,R. Kundananji,r kundananji,Bay FC,Forward,1874.0,24,20.0,24.0,4.0,5.0,4,4,0.0,59,28,78.08333333333333,93.7,0.8333333333333334,0.16666666666666666,0.8230927185857149,0.384204909284952,0.0,2.833511205976521,1.3447171824973319,0.0,0.0,0.0,0.0,0.0,0.0,0.0,0.0,0.5412971362504447
2025,nwsl::Football_Player::0b39e888cd6f4316b0765895dcfdf2fb,R. Hill,r hill,Bay FC,Forward,1230.0,23,14.0,23.0,9.0,9.0,2,0,0.0,17,9,53.47826086956522,87.85714285714286,0.6086956521739131,0.391304347826087,0.6218102686461647,0.14634146341463417,0.0,1.2439024390243902,0.6585365853658537,0.0,0.0,0.0,0.0,0.0,0.0,0.0,0.0,0.3289766702014847
2025,nwsl::Football_Player::1a484328c45c46be9c0591b43aa838a9,A. Dahlkemper,a dahlkemper,Bay FC,Defender,1170.0,13,13.0,13.0,0.0,0.0,0,0,0.0,6,2,90.0,90.0,1.0,0.0,0.8667307692307692,0.0,0.0,0.46153846153846156,0.15384615384615385,0.0,0.0,0.0,0.0,0.0,0.0,0.0,0.0,0.46153846153846156
2025,nwsl::Football_Player::259bb40fadfb464c8402cc186f30b85d,C. Dydasco,c dydasco,Bay FC,Defender,2340.0,26,26.0,26.0,0.0,0.0,0,1,0.0,5,1,90.0,90.0,1.0,0.0,0.9194230769230769,0.038461538461538464,0.0,0.19230769230769232,0.038461538461538464,0.0,0.0,0.0,0.0,0.0,0.0,0.0,0.0,0.46282051282051284
2025,nwsl::Football_Player::2b79fff663274280b57a60c00163ff51,P. Hocking,p hocking,Bay FC,Forward,861.0,18,10.0,18.0,8.0,8.0,6,1,0.0,18,12,47.833333333333336,86.1,0.5555555555555556,0.4444444444444444,0.5836669731578269,0.7317073170731707,0.0,1.8815331010452963,1.2543554006968642,0.0,0.0,0.0,0.0,0.0,0.0,0.0,0.0,0.43864401858304297
2025,nwsl::Football_Player::300fc21c88214cf191d546d1cf81d8ec,H. Bebar,h bebar,Bay FC,Midfielder,1053.0,17,12.0,17.0,5.0,7.0,0,1,0.0,8,1,61.94117647058823,87.75,0.7058823529411765,0.29411764705882354,0.6688968074409251,0.08547008547008547,0.0,0.6837606837606838,0.08547008547008547,0.0,0.0,0.0,0.0,0.0,0.0,0.0,0.0,0.34460616725322607
2025,nwsl::Football_Player::31cb57cb8de1443d99cb20793354f1fe,J. Shepherd,j shepherd,Bay FC,Midfielder,268.0,10,3.0,10.0,7.0,3.0,0,0,0.0,0,0,26.8,89.33333333333333,0.3,0.7,0.30454444444444445,0.0,0.0,0.0,0.0,0.0,0.0,0.0,0.0,0.0,0.0,0.0,0.0,0.13399999999999998
2025,nwsl::Football_Player::370b3d17ba144f99a7095208376ed769,A. Oshoala,a oshoala,Bay FC,Forward,458.0,12,5.0,12.0,7.0,4.0,0,0,0.0,8,2,38.166666666666664,91.6,0.4166666666666667,0.5833333333333334,0.4180387150250687,0.0,0.0,1.572052401746725,0.39301310043668125,0.0,0.0,0.0,0.0,0.0,0.0,0.0,0.0,0.23013464337700146
2025,nwsl::Football_Player::3844bcc86e774516b80ee39f81db1de0,C. Paulson,c paulson,Bay FC,Midfielder,91.0,6,1.0,6.0,5.0,1.0,0,0,0.0,1,0,15.166666666666666,91.0,0.16666666666666666,0.8333333333333334,0.17721342083842084,0.0,0.0,0.989010989010989,0.0,0.0,0.0,0.0,0.0,0.0,0.0,0.0,0.0,0.10055860805860806
2025,nwsl::Football_Player::3a05f90ee4774e9e9cc460fef290f3c4,J. Silkowitz,j silkowitz,Bay FC,Goalkeeper,2160.0,24,24.0,24.0,0.0,0.0,0,0,0.0,1,1,90.0,90.0,1.0,0.0,0.91765625,0.0,0.0,0.041666666666666664,0.041666666666666664,0.0,0.0,0.0,0.0,0.0,0.0,0.0,0.0,0.4510416666666667
2025,nwsl::Football_Player::41d808ba1d594189a87747d836e7b693,P. Marfo,p marfo,Bay FC,Forward,0.0,0,0.0,0.0,0.0,0.0,0,0,0.0,0,0,0.0,0.0,0.0,0.0,0.0,0.0,0.0,0.0,0.0,0.0,0.0,0.0,0.0,0.0,0.0,0.0,0.0,0.0
2025,nwsl::Football_Player::4ad3b3ad9d90407181d76c98bb47e17a,S. Collins,s collins,Bay FC,Defender,765.0,9,8.0,9.0,1.0,0.0,0,0,0.0,1,0,85.0,95.625,0.8888888888888888,0.1111111111111111,0.7678022875816993,0.0,0.0,0.11764705882352941,0.0,0.0,0.0,0.0,0.0,0.0,0.0,0.0,0.0,0.4279411764705882
2025,nwsl::Football_Player::4b281c71242c4738abb687a332286be0,M. Moreau,m moreau,Bay FC,Defender,424.0,15,5.0,15.0,10.0,4.0,0,0,0.0,3,0,28.266666666666666,84.8,0.3333333333333333,0.6666666666666666,0.3646064902166317,0.0,0.0,0.6367924528301887,0.0,0.0,0.0,0.0,0.0,0.0,0.0,0.0,0.0,0.15725314465408805
2025,nwsl::Football_Player::75a5b73882ba47c29448e3a36c691717,K. Pickett,k pickett,Bay FC,Defender,1154.0,19,13.0,19.0,6.0,5.0,2,0,0.0,4,2,60.73684210526316,88.76923076923077,0.6842105263157895,0.3157894736842105,0.6707050128209026,0.1559792027729636,0.0,0.3119584055459272,0.1559792027729636,0.0,0.0,0.0,0.0,0.0,0.0,0.0,0.0,0.34397883790933137
2025,nwsl::Football_Player::77bd41e2c3954f40bc52b5efe805f890,E. Menges,e menges,Bay FC,Defender,260.0,5,3.0,5.0,2.0,2.0,0,0,0.0,0,0,52.0,86.66666666666667,0.6,0.4,0.4909444444444444,0.0,0.0,0.0,0.0,0.0,0.0,0.0,0.0,0.0,0.0,0.0,0.0,0.26
2025,nwsl::Football_Player::7faa87293bb743178194507021b7f326,J. Brewster,j brewster,Bay FC,Defender,26.0,1,1.0,1.0,0.0,1.0,0,0,0.0,0,0,26.0,26.0,1.0,0.0,0.5492222222222222,0.0,0.0,0.0,0.0,0.0,0.0,0.0,0.0,0.0,0.0,0.0,0.0,0.13
2025,nwsl::Football_Player::8f91ddef9c2f4d9faec2957e68dbeacc,M. Lowder,m lowder,Bay FC,Goalkeeper,0.0,0,0.0,0.0,0.0,0.0,0,0,0.0,0,0,0.0,0.0,0.0,0.0,0.0,0.0,0.0,0.0,0.0,0.0,0.0,0.0,0.0,0.0,0.0,0.0,0.0,0.0
2025,nwsl::Football_Player::963846c568d34a539e360dcd93046ebd,E. Allen,e allen,Bay FC,Goalkeeper,180.0,2,2.0,2.0,0.0,0.0,0,0,0.0,0,0,90.0,90.0,1.0,0.0,0.7825,0.0,0.0,0.0,0.0,0.0,0.0,0.0,0.0,0.0,0.0,0.0,0.0,0.45
2025,nwsl::Football_Player::ad338528a3ad42769bc70668109da114,T. Boade,t boade,Bay FC,Forward,983.0,19,10.0,19.0,9.0,6.0,0,0,0.0,5,3,51.73684210526316,98.3,0.5263157894736842,0.47368421052631576,0.5635748707560695,0.0,0.0,0.4577822990844354,0.2746693794506612,0.0,0.0,0.0,0.0,0.0,0.0,0.0,0.0,0.27012876800342667
2025,nwsl::Football_Player::c89b3d151ee84bdba11f4918c1be931a,L. Freeman,l freeman,Bay FC,Goalkeeper,0.0,0,0.0,0.0,0.0,0.0,0,0,0.0,0,0,0.0,0.0,0.0,0.0,0.0,0.0,0.0,0.0,0.0,0.0,0.0,0.0,0.0,0.0,0.0,0.0,0.0,0.0
2025,nwsl::Football_Player::c9e1f316ddb24fa680b4806d95e707c6,K. Lema,k lema,Bay FC,Forward,1332.0,24,15.0,24.0,9.0,14.0,2,1,0.0,21,8,55.5,88.8,0.625,0.375,0.6386970720720722,0.2027027027027027,0.0,1.4189189189189189,0.5405405405405405,0.0,0.0,0.0,0.0,0.0,0.0,0.0,0.0,0.3552027027027027
2025,nwsl::Football_Player::cee456c338e246a08218cf350ed0ba50,B. Courtnall,b courtnall,Bay FC,Defender,568.0,9,6.0,9.0,3.0,0.0,0,0,0.0,0,0,63.111111111111114,94.66666666666667,0.6666666666666666,0.3333333333333333,0.590141975308642,0.0,0.0,0.0,0.0,0.0,0.0,0.0,0.0,0.0,0.0,0.0,0.0,0.3155555555555556
2025,nwsl::Football_Player::dd0a7a6f7ee5446e9ef8c0a20ed56e97,J. Anderson,j anderson,Bay FC,Midfielder,1284.0,20,15.0,20.0,5.0,5.0,1,2,0.0,8,4,64.2,85.6,0.75,0.25,0.7226573987538941,0.2102803738317757,0.0,0.5607476635514018,0.2803738317757009,0.0,0.0,0.0,0.0,0.0,0.0,0.0,0.0,0.3788271028037383
2025,nwsl::Football_Player::f9aafcad554041328a5420822e10d5a0,K. Hubly,k hubly,Bay FC,Defender,654.0,9,7.0,9.0,2.0,4.0,1,0,0.0,3,1,72.66666666666667,93.42857142857143,0.7777777777777778,0.2222222222222222,0.679700475705063,0.13761467889908258,0.0,0.41284403669724773,0.13761467889908258,0.0,0.0,0.0,0.0,0.0,0.0,0.0,0.0,0.4023241590214068
2025,nwsl::Football_Player::fa5ea5a9ad7d4694b932641bbe257de1,D. Bailey,d bailey,Bay FC,Midfielder,1206.0,23,12.0,23.0,11.0,10.0,0,0,0.0,7,3,52.43478260869565,100.5,0.5217391304347826,0.4782608695652174,0.571719824789098,0.0,0.0,0.5223880597014925,0.22388059701492538,0.0,0.0,0.0,0.0,0.0,0.0,0.0,0.0,0.2752336145360156
2025,nwsl::Football_Player::fc271855025e4ff3a5bb2ff67c569709,C. Conti,c conti,Bay FC,Forward,1284.0,21,14.0,21.0,7.0,10.0,3,3,0.0,18,8,61.142857142857146,91.71428571428571,0.6666666666666666,0.3333333333333333,0.6835722444741137,0.4205607476635514,0.0,1.2616822429906542,0.5607476635514018,0.0,0.0,0.0,0.0,0.0,0.0,0.0,0.0,0.4248731642189586
2025,nwsl::Football_Player::fe7346f5616c46bb935320ed272de297,T. Huff,t huff,Bay FC,Midfielder,2230.0,26,26.0,26.0,0.0,8.0,4,1,0.0,30,14,85.76923076923077,85.76923076923077,1.0,0.0,0.9134211988808402,0.20179372197309417,0.0,1.210762331838565,0.5650224215246636,0.0,0.0,0.0,0.0,0.0,0.0,0.0,0.0,0.5011555708865125
2025,nwsl::Football_Player::03ef0251e6f546d09c0a41a5c52ce7b0,I. Chacón,i chacon,Chicago Stars,Forward,178.0,5,1.0,5.0,4.0,0.0,1,1,0.0,3,1,35.6,178.0,0.2,0.8,0.29037821473158554,1.0112359550561798,0.0,1.5168539325842696,0.5056179775280899,0.0,0.0,0.0,0.0,0.0,0.0,0.0,0.0,0.42659550561797754
2025,nwsl::Football_Player::09140d97bf314b7193afa990b5f36308,S. Staab,s staab,Chicago Stars,Defender,2164.0,26,25.0,26.0,1.0,5.0,2,4,0.0,8,4,83.23076923076923,86.56,0.9615384615384616,0.038461538461538464,0.8853577144256441,0.24953789279112754,0.0,0.33271719038817005,0.16635859519408502,0.0,0.0,0.0,0.0,0.0,0.0,0.0,0.0,0.47645883691170204
2025,nwsl::Football_Player::0fd2f43637c941a58f9944a3f2649538,Nádia Gomes,nadia gomes,Chicago Stars,Forward,649.0,19,7.0,19.0,12.0,7.0,2,2,0.0,15,8,34.1578947368421,92.71428571428571,0.3684210526315789,0.631578947368421,0.45445528672891367,0.5546995377503852,0.0,2.0801232665639446,1.1093990755007703,1.8386,0.9877,1.747,1.4762,0.329490932642487,1.6547999999999998,-0.157,-0.0183031088082901,0.3418851473935378
2025,nwsl::Football_Player::13f55375d4344a56ab4ae19e39d9342d,M. Hayashi,m hayashi,Chicago Stars,Midfielder,653.0,17,7.0,17.0,10.0,6.0,0,1,0.0,5,2,38.411764705882355,93.28571428571429,0.4117647058823529,0.5882352941176471,0.4551935586383609,0.13782542113323124,0.0,0.6891271056661562,0.27565084226646247,0.0,0.0,0.0,0.0,0.0,0.0,0.0,0.0,0.23800063057382218
2025,nwsl::Football_Player::144dbd486f6847edb0164f392e656aac,T. Malham,t malham,Chicago Stars,Midfielder,2340.0,26,26.0,26.0,0.0,0.0,0,1,0.0,4,0,90.0,90.0,1.0,0.0,0.9192788461538461,0.038461538461538464,0.0,0.15384615384615385,0.0,0.0,0.0,0.0,0.0,0.0,0.0,0.0,0.0,0.4618589743589744
2025,nwsl::Football_Player::23ad319baa72463cbb6e646de021b507,S. Cary,s cary,Chicago Stars,Defender,201.0,4,3.0,4.0,1.0,3.0,0,0,0.0,0,0,50.25,67.0,0.75,0.25,0.5447708333333333,0.0,0.0,0.0,0.0,0.0,0.0,0.0,0.0,0.0,0.0,0.0,0.0,0.25125000000000003
2025,nwsl::Football_Player::48fbfdd7f8004d3cb8bd7ef56db89b4c,C. Biegalski,c biegalski,Chicago Stars,Defender,1565.0,20,16.0,20.0,4.0,7.0,1,2,0.0,7,2,78.25,97.8125,0.8,0.2,0.7929495695775649,0.17252396166134185,0.0,0.402555910543131,0.11501597444089456,0.0,0.0,0.0,0.0,0.0,0.0,0.0,0.0,0.4372563897763579
2025,nwsl::Football_Player::4a2f22e74e874b8bbdf2f73dec08a844,C. Onwualu,c onwualu,Chicago Stars,Midfielder,1208.0,14,14.0,14.0,0.0,2.0,0,0,0.0,0,0,86.28571428571429,86.28571428571429,1.0,0.0,0.8593968253968254,0.0,0.0,0.0,0.0,0.0,0.0,0.0,0.0,0.0,0.0,0.0,0.0,0.43142857142857144
2025,nwsl::Football_Player::57fe0d4b80e74d1fa6fc56aab0db25ad,A. Naeher,a naeher,Chicago Stars,Goalkeeper,2069.0,23,23.0,23.0,0.0,1.0,1,0,0.0,1,1,89.95652173913044,89.95652173913044,1.0,0.0,0.9188690929829109,0.04349927501208314,0.0,0.04349927501208314,0.04349927501208314,0.0,0.0,0.0,0.0,0.0,0.0,0.0,0.0,0.4599324395318049
2025,nwsl::Football_Player::5b003e58e30f477083526968377e7031,S. Griffith,s griffith,Chicago Stars,Forward,0.0,0,0.0,0.0,0.0,0.0,0,0,0.0,0,0,0.0,0.0,0.0,0.0,0.0,0.0,0.0,0.0,0.0,0.0,0.0,0.0,0.0,0.0,0.0,0.0,0.0,0.0
2025,nwsl::Football_Player::63da20737e074579b1383973fc24c6a1,M. Johnson,m johnson,Chicago Stars,Forward,157.0,15,0.0,15.0,15.0,0.0,1,0,0.0,2,1,10.466666666666667,0.0,0.0,1.0,0.17163744987025242,0.5732484076433121,0.0,1.1464968152866242,0.5732484076433121,0.0,0.0,0.0,0.0,0.0,0.0,0.0,0.0,0.20042250530785563
2025,nwsl::Football_Player::73d2d58e884c4af09534e7a45194980d,M. Wood,m wood,Chicago Stars,Goalkeeper,0.0,0,0.0,0.0,0.0,0.0,0,0,0.0,0,0,0.0,0.0,0.0,0.0,0.0,0.0,0.0,0.0,0.0,0.0,0.0,0.0,0.0,0.0,0.0,0.0,0.0,0.0
2025,nwsl::Football_Player::78fe6058bc1049be9f905c1d7b109833,N. Kuikka,n kuikka,Chicago Stars,Defender,356.0,7,5.0,7.0,2.0,3.0,0,0,0.0,5,2,50.857142857142854,71.2,0.7142857142857143,0.2857142857142857,0.5580814383805957,0.0,0.0,1.2640449438202246,0.5056179775280899,0.0,0.0,0.0,0.0,0.0,0.0,0.0,0.0,0.2858868378812199
2025,nwsl::Football_Player::84e65c9b042d400492b5088a8f3d3c6a,B. Franklin,b franklin,Chicago Stars,Midfielder,1741.0,23,18.0,23.0,5.0,4.0,3,1,0.0,11,6,75.69565217391305,96.72222222222223,0.782608695652174,0.21739130434782608,0.7778055513933634,0.2067777139574957,0.0,0.5686387133831131,0.3101665709362435,0.0,0.0,0.0,0.0,0.0,0.0,0.0,0.0,0.43577291911195465
2025,nwsl::Football_Player::8b9f8e68542640ecb93089255329acdb,M. Boade,m boade,Chicago Stars,Midfielder,108.0,3,2.0,3.0,1.0,2.0,1,0,0.0,1,1,36.0,54.0,0.6666666666666666,0.3333333333333333,0.4786666666666667,0.8333333333333334,0.0,0.8333333333333334,0.8333333333333334,0.0,0.0,0.0,0.0,0.0,0.0,0.0,0.0,0.37444444444444447
2025,nwsl::Football_Player::8e4ef1a9758b4eea8d00aa2fd5abc101,K. Hendrich,k hendrich,Chicago Stars,Defender,1097.0,13,12.0,13.0,1.0,1.0,0,0,0.0,1,1,84.38461538461539,91.41666666666667,0.9230769230769231,0.07692307692307693,0.8108824435718237,0.0,0.0,0.08204193254329992,0.08204193254329992,0.0,0.0,0.0,0.0,0.0,0.0,0.0,0.0,0.42397412523665945
2025,nwsl::Football_Player::8fff0be5941647158bce3fa7fc4a0cdd,H. Mackiewicz,h mackiewicz,Chicago Stars,Goalkeeper,271.0,4,3.0,4.0,1.0,0.0,0,0,0.0,0,0,67.75,90.33333333333333,0.75,0.25,0.6065069444444445,0.0,0.0,0.0,0.0,0.0,0.0,0.0,0.0,0.0,0.0,0.0,0.0,0.33875
2025,nwsl::Football_Player::920f2b3f71554778a0f38f3ada7405ad,J. Grosso,j grosso,Chicago Stars,Midfielder,1993.0,24,23.0,24.0,1.0,10.0,2,3,0.0,14,12,83.04166666666667,86.65217391304348,0.9583333333333334,0.041666666666666664,0.8836292898989055,0.22579026593075763,0.0,0.6322127446061214,0.5418966382338183,0.0,0.0,0.0,0.0,0.0,0.0,0.0,0.0,0.4780532906840609
2025,nwsl::Football_Player::97eca0cd84904d96a9891ef2909271aa,C. Curran,c curran,Chicago Stars,Midfielder,74.0,6,0.0,6.0,6.0,0.0,0,0,0.0,2,1,12.333333333333334,0.0,0.0,1.0,0.09763088088088087,0.0,0.0,2.4324324324324325,1.2162162162162162,0.0,0.0,0.0,0.0,0.0,0.0,0.0,0.0,0.12247747747747748
2025,nwsl::Football_Player::b681c3174ebd4a309fcbfccafc7930be,A. Cook,a cook,Chicago Stars,Forward,84.0,10,0.0,10.0,10.0,0.0,0,0,0.0,0,0,8.4,0.0,0.0,1.0,0.10463333333333333,0.0,0.0,0.0,0.0,0.0,0.0,0.0,0.0,0.0,0.0,0.0,0.0,0.042
2025,nwsl::Football_Player::badbf997458d485caabfecfba5bb76f1,J. Bike,j bike,Chicago Stars,Forward,433.0,8,6.0,8.0,2.0,6.0,0,0,0.0,4,4,54.125,72.16666666666667,0.75,0.25,0.5915587551321528,0.0,0.0,0.8314087759815243,0.8314087759815243,0.0,0.0,0.0,0.0,0.0,0.0,0.0,0.0,0.2914102193995381
2025,nwsl::Football_Player::bebc6af83c4342a38467774e2d6603ca,L. Nesbeth,l nesbeth,Chicago Stars,Midfielder,221.0,10,2.0,10.0,8.0,2.0,0,0,0.0,1,0,22.1,110.5,0.2,0.8,0.2444910382101559,0.0,0.0,0.4072398190045249,0.0,0.0,0.0,0.0,0.0,0.0,0.0,0.0,0.0,0.12068099547511313
2025,nwsl::Football_Player::c5b79d494f4f4e98b84acb99f0bb125a,J. Gaynor,j gaynor,Chicago Stars,Defender,71.0,2,1.0,2.0,1.0,1.0,0,0,0.0,0,0,35.5,71.0,0.5,0.5,0.36523611111111115,0.0,0.0,0.0,0.0,0.0,0.0,0.0,0.0,0.0,0.0,0.0,0.0,0.1775
2025,nwsl::Football_Player::c67c62ef053b4008a6de831d7f885ce6,S. Sparkowski,s sparkowski,Chicago Stars,Goalkeeper,0.0,0,0.0,0.0,0.0,0.0,0,0,0.0,0,0,0.0,0.0,0.0,0.0,0.0,0.0,0.0,0.0,0.0,0.0,0.0,0.0,0.0,0.0,0.0,0.0,0.0,0.0
2025,nwsl::Football_Player::ca64614f15f447ffbad8df1731cf8af9,J. Joseph,j joseph,Chicago Stars,Midfielder,1398.0,21,16.0,21.0,5.0,12.0,4,2,0.0,37,17,66.57142857142857,87.375,0.7619047619047619,0.23809523809523808,0.7487095680904694,0.38626609442060084,0.0,2.3819742489270386,1.094420600858369,0.0,0.0,0.0,0.0,0.0,0.0,0.0,0.0,0.47287860208461074
2025,nwsl::Football_Player::d24c806737e2498c980976b0695bfbe8,A. Schlegel,a schlegel,Chicago Stars,Forward,2034.0,26,24.0,26.0,2.0,13.0,3,5,0.0,44,19,78.23076923076923,84.75,0.9230769230769231,0.07692307692307693,0.8597282164737917,0.35398230088495575,0.0,1.9469026548672566,0.8407079646017699,0.0,0.0,0.0,0.0,0.0,0.0,0.0,0.0,0.5135727252098934
2025,nwsl::Football_Player::d7d29fcbb1374eb4bda584df8d928547,M. Swanson,m swanson,Chicago Stars,Forward,0.0,0,0.0,0.0,0.0,0.0,0,0,0.0,0,0,0.0,0.0,0.0,0.0,0.0,0.0,0.0,0.0,0.0,0.0,0.0,0.0,0.0,0.0,0.0,0.0,0.0,0.0
2025,nwsl::Football_Player::dd552139607f4e219cab7864188eef47,S. Groom,s groom,Chicago Stars,Midfielder,791.0,14,9.0,14.0,5.0,7.0,2,0,0.0,6,4,56.5,87.88888888888889,0.6428571428571429,0.35714285714285715,0.6032764608793371,0.2275600505689001,0.0,0.6826801517067003,0.4551201011378002,0.0,0.0,0.0,0.0,0.0,0.0,0.0,0.0,0.34697534766118837
2025,nwsl::Football_Player::e0e778409f6442b7b1f2e2d55a5a8565,Ludmila,ludmila,Chicago Stars,Forward,1826.0,24,21.0,24.0,3.0,11.0,10,1,0.0,36,19,76.08333333333333,86.95238095238095,0.875,0.125,0.8319283871527982,0.5421686746987953,0.0,1.774370208105148,0.9364731653888281,5.9939,2.1906,7.0083,3.5624,0.3600219941348973,6.7043,1.3002000000000002,0.0571935483870967,0.512238630401371
2025,nwsl::Football_Player::ebfc177248a54a0e972527b41871071e,H. Anderson,h anderson,Chicago Stars,Defender,465.0,11,4.0,11.0,7.0,1.0,0,0,0.0,4,3,42.27272727272727,116.25,0.36363636363636365,0.6363636363636364,0.39816837732160315,0.0,0.0,0.7741935483870968,0.5806451612903225,0.0,0.0,0.0,0.0,0.0,0.0,0.0,0.0,0.2307184750733138
2025,nwsl::Football_Player::f765dc6e125f4c988f7134325d079f20,C. Barry,c barry,Chicago Stars,Forward,46.0,4,0.0,4.0,4.0,0.0,0,0,0.0,1,1,11.5,0.0,0.0,1.0,0.07790640096618356,0.0,0.0,1.956521739130435,1.956521739130435,0.0,0.0,0.0,0.0,0.0,0.0,0.0,0.0,0.10641304347826087
2025,nwsl::Football_Player::fb71a19cd7524e63bdb58f0686fbd97e,Maitane López,maitane lopez,Chicago Stars,Midfielder,1655.0,22,20.0,22.0,2.0,10.0,0,2,0.0,5,2,75.22727272727273,82.75,0.9090909090909091,0.09090909090909091,0.8173104976807121,0.10876132930513595,0.0,0.2719033232628399,0.10876132930513595,0.3384,0.7207,0.0,0.3195,0.0518884050081654,0.9062,-1.5877,-0.077786064235166,0.3283662808343763
2025,nwsl::Football_Player::01429efe66554be8bc7f86ee0a9fa184,E. Wheeler,e wheeler,Current,Defender,1356.0,22,15.0,22.0,7.0,4.0,2,1,0.0,10,5,61.63636363636363,90.4,0.6818181818181818,0.3181818181818182,0.6829688589434165,0.19911504424778761,0.0,0.6637168141592921,0.33185840707964603,0.0,0.0,0.0,0.0,0.0,0.0,0.0,0.0,0.3662570394207562
2025,nwsl::Football_Player::04a1aad603eb46dd9c349c2ba91d2322,I. Rodriguez,i rodriguez,Current,Defender,2196.0,27,23.0,27.0,4.0,2.0,1,6,0.0,12,5,81.33333333333333,95.47826086956522,0.8518518518518519,0.14814814814814814,0.8310686854887674,0.2868852459016394,0.0,0.49180327868852464,0.20491803278688525,0.0,0.0,0.0,0.0,0.0,0.0,0.0,0.0,0.47872950819672133
2025,nwsl::Football_Player::27615fa77e0f4bc78e0365f58a4df924,G. Robinson,g robinson,Current,Defender,402.0,8,6.0,8.0,2.0,4.0,0,0,0.0,1,0,50.25,67.0,0.75,0.25,0.5756103855721393,0.0,0.0,0.22388059701492538,0.0,0.0,0.0,0.0,0.0,0.0,0.0,0.0,0.0,0.25684701492537315
2025,nwsl::Football_Player::3f534dc858514b2580d31c23e0241f37,L. Ivory,l ivory,Current,Goalkeeper,180.0,2,2.0,2.0,0.0,0.0,0,0,0.0,0,0,90.0,90.0,1.0,0.0,0.7825,0.0,0.0,0.0,0.0,0.0,0.0,0.0,0.0,0.0,0.0,0.0,0.0,0.45
2025,nwsl::Football_Player::3f841e6b66d94cdead98ab215e6e844b,B. Feist,b feist,Current,Midfielder,173.0,10,1.0,10.0,9.0,0.0,0,0,0.0,2,0,17.3,173.0,0.1,0.9,0.18493228965960182,0.0,0.0,1.0404624277456647,0.0,0.0,0.0,0.0,0.0,0.0,0.0,0.0,0.0,0.11251156069364161
2025,nwsl::Football_Player::4a692cb23a95406a8fd703878d2f055b,Jereko,jereko,Current,Midfielder,1.0,1,0.0,1.0,1.0,0.0,0,0,0.0,0,0,1.0,0.0,0.0,1.0,0.011027777777777779,0.0,0.0,0.0,0.0,0.0,0.0,0.0,0.0,0.0,0.0,0.0,0.0,0.005
2025,nwsl::Football_Player::4f62704eb87f42abae0a4c94b2aecb59,T. McCamey,t mccamey,Current,Midfielder,0.0,0,0.0,0.0,0.0,0.0,0,0,0.0,0,0,0.0,0.0,0.0,0.0,0.0,0.0,0.0,0.0,0.0,0.0,0.0,0.0,0.0,0.0,0.0,0.0,0.0,0.0
2025,nwsl::Football_Player::51d52da9f6724e00a97ec29e7fe459dc,C. Hutton,c hutton,Current,Midfielder,1949.0,26,23.0,26.0,3.0,17.0,0,2,0.0,17,3,74.96153846153847,84.73913043478261,0.8846153846153846,0.11538461538461539,0.818354485425355,0.09235505387378143,0.0,0.7850179579271421,0.13853258081067216,0.0,0.0,0.0,0.0,0.0,0.0,0.0,0.0,0.41367377747957534
2025,nwsl::Football_Player::53377155ab4b4c08b6ff7a3c66865fe3,R. Rodríguez,r rodriguez,Current,Midfielder,706.0,21,7.0,21.0,14.0,3.0,0,0,0.0,4,2,33.61904761904762,100.85714285714286,0.3333333333333333,0.6666666666666666,0.42051271040364524,0.0,0.0,0.509915014164306,0.254957507082153,0.0,0.0,0.0,0.0,0.0,0.0,0.0,0.0,0.18084311344934575
2025,nwsl::Football_Player::60a64a63fbee40239bd02e30ababee62,C. Gagne,c gagne,Current,Goalkeeper,0.0,0,0.0,0.0,0.0,0.0,0,0,0.0,0,0,0.0,0.0,0.0,0.0,0.0,0.0,0.0,0.0,0.0,0.0,0.0,0.0,0.0,0.0,0.0,0.0,0.0,0.0
2025,nwsl::Football_Player::6eb214e42ba44ea59f98afee41a268d0,M. Cooper,m cooper,Current,Forward,1242.0,20,17.0,20.0,3.0,17.0,6,3,0.0,31,15,62.1,73.05882352941177,0.85,0.15,0.780379347826087,0.6521739130434783,0.0,2.2463768115942027,1.0869565217391304,0.0,0.0,0.0,0.0,0.0,0.0,0.0,0.0,0.5025289855072465
2025,nwsl::Football_Player::6fb7c24fe454404c899f51d0a7ea2e84,T. Chawinga,t chawinga,Current,Forward,1815.0,23,21.0,23.0,2.0,10.0,15,3,0.0,47,33,78.91304347826087,86.42857142857143,0.9130434782608695,0.08695652173913043,0.8758894777817702,0.8925619834710743,0.0,2.330578512396694,1.6363636363636362,0.0,0.0,0.0,0.0,0.0,0.0,0.0,0.0,0.6387800934243621
2025,nwsl::Football_Player::7d50dd7b6526453ea7be4ca492fdef5a,Lorena,lorena,Current,Goalkeeper,2280.0,25,25.0,25.0,0.0,0.0,0,0,0.0,0,0,91.2,91.2,1.0,0.0,0.9175,0.0,0.0,0.0,0.0,0.0,0.0,0.0,0.0,0.0,0.0,0.0,0.0,0.45
2025,nwsl::Football_Player::810db7679a9d4660929f485ed49e1988,E. Ball,e ball,Current,Defender,1407.0,20,15.0,20.0,5.0,2.0,1,0,0.0,4,2,70.35,93.8,0.75,0.25,0.7386375888415068,0.06396588486140725,0.0,0.255863539445629,0.1279317697228145,0.0,0.0,0.0,0.0,0.0,0.0,0.0,0.0,0.3714728144989339
2025,nwsl::Football_Player::85023bcbe613492da8caaa35221257ed,K. Sharples,k sharples,Current,Defender,2207.0,25,24.0,25.0,1.0,1.0,2,1,0.0,9,6,88.28,91.95833333333333,0.96,0.04,0.8986315878769571,0.12233801540552787,0.0,0.3670140462165836,0.24467603081105574,0.0,0.0,0.0,0.0,0.0,0.0,0.0,0.0,0.47606243769823287
2025,nwsl::Football_Player::86e61d5213214742a5388b2df18ecbe1,K. Scott,k scott,Current,Defender,122.0,2,2.0,2.0,0.0,2.0,0,0,0.0,0,0,61.0,61.0,1.0,0.0,0.6801944444444444,0.0,0.0,0.0,0.0,0.0,0.0,0.0,0.0,0.0,0.0,0.0,0.0,0.30500000000000005
2025,nwsl::Football_Player::8d16edc2033a4281990ebb8662af78b5,M. Long,m long,Current,Forward,179.0,10,1.0,10.0,9.0,1.0,0,1,0.0,2,0,17.9,179.0,0.1,0.9,0.20263046244568592,0.5027932960893855,0.0,1.005586592178771,0.0,0.0,0.0,0.0,0.0,0.0,0.0,0.0,0.0,0.2193882681564246
2025,nwsl::Football_Player::9792e74df15347e7956b266647bfd2a6,A. Cook,a cook,Current,Defender,588.0,7,7.0,7.0,0.0,2.0,0,0,0.0,0,0,84.0,84.0,1.0,0.0,0.7988333333333333,0.0,0.0,0.0,0.0,0.0,0.0,0.0,0.0,0.0,0.0,0.0,0.0,0.42000000000000004
2025,nwsl::Football_Player::9ad8ef494aeb4e39b37e3f1dcabd9b78,K. Hamilton,k hamilton,Current,Forward,0.0,0,0.0,0.0,0.0,0.0,0,0,0.0,0,0,0.0,0.0,0.0,0.0,0.0,0.0,0.0,0.0,0.0,0.0,0.0,0.0,0.0,0.0,0.0,0.0,0.0,0.0
2025,nwsl::Football_Player::9b7fd5c1259c48b1a87f1cc0c10f713c,L. LaBonta,l labonta,Current,Midfielder,2074.0,24,22.0,24.0,2.0,4.0,5,2,0.0,21,11,86.41666666666667,94.27272727272727,0.9166666666666666,0.08333333333333333,0.88026863236187,0.3037608486017358,0.0,0.9112825458052073,0.4773384763741562,0.0,0.0,0.0,0.0,0.0,0.0,0.0,0.0,0.5181489071038251
2025,nwsl::Football_Player::a58cdc45fc0448a28cbd965d9601aaf7,N. Prince,n prince,Current,Forward,813.0,22,7.0,22.0,15.0,7.0,1,1,0.0,13,8,36.95454545454545,116.14285714285714,0.3181818181818182,0.6818181818181818,0.43586474057922403,0.22140221402214022,0.0,1.4391143911439115,0.8856088560885609,0.0,0.0,0.0,0.0,0.0,0.0,0.0,0.0,0.2668760483059376
2025,nwsl::Football_Player::a62cd15f05c645a188617a4ced02ab5c,Flora Marta Lacho,flora marta lacho,Current,Forward,157.0,6,2.0,6.0,4.0,2.0,0,0,0.0,2,1,26.166666666666668,78.5,0.3333333333333333,0.6666666666666666,0.29160954824251,0.0,0.0,1.1464968152866242,0.5732484076433121,0.0,0.0,0.0,0.0,0.0,0.0,0.0,0.0,0.15949575371549893
2025,nwsl::Football_Player::a74c35267e4b4a689431f9d3be7522c6,Debinha,debinha,Current,Midfielder,1511.0,23,18.0,23.0,5.0,16.0,8,1,0.0,31,19,65.69565217391305,83.94444444444444,0.782608695652174,0.21739130434782608,0.7627667291551191,0.5360688285903376,0.0,1.8464592984778294,1.1317008603573793,7.2827,4.2358,2.6962,4.0372,0.6244969879518073,4.732,0.8175999999999999,0.0443277108433734,0.520699289375512
2025,nwsl::Football_Player::aa3fb0629ef8427fbe4ec8242a5d8865,A. Sentnor,a sentnor,Current,Forward,1959.0,26,21.0,26.0,5.0,7.0,1,1,0.0,41,20,75.34615384615384,93.28571428571429,0.8076923076923077,0.19230769230769232,0.7892009414143794,0.09188361408882083,0.0,1.883614088820827,0.9188361408882083,0.0,0.0,0.0,0.0,0.0,0.0,0.0,0.0,0.4429635410531276
2025,nwsl::Football_Player::bbe59fb4163c4684aa943695e7845645,Bia Zaneratto,bia zaneratto,Current,Forward,1706.0,25,20.0,25.0,5.0,15.0,7,3,0.0,36,19,68.24,85.3,0.8,0.2,0.7747135830182909,0.5275498241500586,0.0,1.899179366940211,1.0023446658851114,5.7152,3.9747,2.6872,3.7539,0.4606925515055467,6.3078,1.1289,0.0536719492868462,0.5010535164182348
2025,nwsl::Football_Player::c1908d0ac0ce4e4ab09f4e4b550d5e9b,G. Gordon,g gordon,Current,Goalkeeper,0.0,0,0.0,0.0,0.0,0.0,0,0,0.0,0,0,0.0,0.0,0.0,0.0,0.0,0.0,0.0,0.0,0.0,0.0,0.0,0.0,0.0,0.0,0.0,0.0,0.0,0.0
2025,nwsl::Football_Player::c7c35bca896849439784a5cdee73a0b1,H. Mace,h mace,Current,Midfielder,1639.0,24,16.0,24.0,8.0,1.0,0,5,0.0,5,1,68.29166666666667,102.4375,0.6666666666666666,0.3333333333333333,0.7005273420728538,0.2745576571079927,0.0,0.2745576571079927,0.05491153142159853,0.0,0.0,0.0,0.0,0.0,0.0,0.0,0.0,0.40552178665853167
2025,nwsl::Football_Player::cac9bfef965b49f9a20bbc0deb15ccfa,V. DiBernardo,v dibernardo,Current,Midfielder,891.0,13,11.0,13.0,2.0,10.0,0,1,0.0,7,2,68.53846153846153,81.0,0.8461538461538461,0.15384615384615385,0.7258657731157732,0.10101010101010101,0.0,0.7070707070707071,0.20202020202020202,0.0,0.0,0.0,0.0,0.0,0.0,0.0,0.0,0.3814128464128464
2025,nwsl::Football_Player::d2a57b08550c4387800c68e523058f38,R. Steigleder,r steigleder,Current,Defender,27.0,1,0.0,1.0,1.0,0.0,0,0,0.0,0,0,27.0,0.0,0.0,1.0,0.10275,0.0,0.0,0.0,0.0,0.0,0.0,0.0,0.0,0.0,0.0,0.0,0.0,0.135
2025,nwsl::Football_Player::e430381cd0da42f193b7801fc9f23009,A. Pfeiffer,a pfeiffer,Current,Forward,127.0,5,1.0,5.0,4.0,1.0,0,0,0.0,4,2,25.4,127.0,0.2,0.8,0.22773547681539807,0.0,0.0,2.8346456692913384,1.4173228346456692,0.0,0.0,0.0,0.0,0.0,0.0,0.0,0.0,0.19786614173228345
2025,nwsl::Football_Player::f82ac82c607145468005f6b2e5da5b72,H. Hopkins,h hopkins,Current,Forward,481.0,21,3.0,21.0,18.0,3.0,1,3,0.0,8,4,22.904761904761905,160.33333333333334,0.14285714285714285,0.8571428571428571,0.32409070334070333,0.7484407484407485,0.0,1.496881496881497,0.7484407484407485,0.0,0.0,0.0,0.0,0.0,0.0,0.0,0.0,0.3078710028710029
2025,nwsl::Football_Player::0d844cf67a9b44ee8e1cc0a7a9e6a0a0,Geyse,geyse,Gotham FC,Forward,902.0,17,12.0,17.0,5.0,10.0,2,2,0.0,17,10,53.05882352941177,75.16666666666667,0.7058823529411765,0.29411764705882354,0.647043170487135,0.3991130820399113,0.0,1.6962305986696231,0.9977827050997783,1.6226,1.0133,0.5056,0.9096,0.2328076545632973,2.3188,-0.1916,-0.0169224730127576,0.3634032716571524
2025,nwsl::Football_Player::1ead938145124f4bb3f98cc655a262b8,S. Cook,s cook,Gotham FC,Midfielder,168.0,10,0.0,10.0,10.0,0.0,0,0,0.0,3,2,16.8,0.0,0.0,1.0,0.1402934523809524,0.0,0.0,1.6071428571428572,1.0714285714285714,0.0,0.0,0.0,0.0,0.0,0.0,0.0,0.0,0.12417857142857144
2025,nwsl::Football_Player::266288af33ed4b378e529b0cb8957ecf,E. Sonnett,e sonnett,Gotham FC,Defender,2639.0,29,29.0,29.0,0.0,1.0,0,1,0.0,7,1,91.0,91.0,1.0,0.0,0.9194609700644183,0.034103827207275485,0.0,0.23872679045092837,0.034103827207275485,0.0,0.0,0.0,0.0,0.0,0.0,0.0,0.0,0.46307313376278897
2025,nwsl::Football_Player::315eaeeeb03f4072a12b8ea83be10fb0,S. Nyamekye,s nyamekye,Gotham FC,Forward,22.0,2,0.0,2.0,2.0,0.0,0,0,0.0,0,0,11.0,0.0,0.0,1.0,0.05380555555555556,0.0,0.0,0.0,0.0,0.0,0.0,0.0,0.0,0.0,0.0,0.0,0.0,0.055
2025,nwsl::Football_Player::328fcb7c689147afb61f408326d6d1bf,K. Duran,k duran,Gotham FC,Defender,126.0,9,1.0,9.0,8.0,1.0,0,0,0.0,1,0,14.0,126.0,0.1111111111111111,0.8888888888888888,0.1695674603174603,0.0,0.0,0.7142857142857143,0.0,0.0,0.0,0.0,0.0,0.0,0.0,0.0,0.0,0.08785714285714287
2025,nwsl::Football_Player::39fe0dbc3b0a49c0a46d405d30b7141d,M. Purce,m purce,Gotham FC,Forward,1372.0,23,14.0,23.0,9.0,7.0,1,1,0.0,16,7,59.65217391304348,98.0,0.6086956521739131,0.391304347826087,0.6423883712905453,0.13119533527696794,0.0,1.0495626822157436,0.45918367346938777,0.0,0.0,0.0,0.0,0.0,0.0,0.0,0.0,0.35183229813664596
2025,nwsl::Football_Player::68b02adc0cac4f9280733b42cd06ddc2,J. Carter,j carter,Gotham FC,Defender,2204.0,26,26.0,26.0,0.0,8.0,0,0,0.0,2,0,84.76923076923077,84.76923076923077,1.0,0.0,0.8993532698900213,0.0,0.0,0.08166969147005446,0.0,0.0,0.0,0.0,0.0,0.0,0.0,0.0,0.0,0.42588789613290523
2025,nwsl::Football_Player::88284f038be14a6d8b643df2bc4c7d6d,K. Harper,k harper,Gotham FC,Forward,205.0,12,2.0,12.0,10.0,2.0,1,0,0.0,2,2,17.083333333333332,102.5,0.16666666666666666,0.8333333333333334,0.2422783988256549,0.43902439024390244,0.0,0.8780487804878049,0.8780487804878049,0.0,0.0,0.0,0.0,0.0,0.0,0.0,0.0,0.19883130081300812
2025,nwsl::Football_Player::891ad63d168c42aebeaeaa7359ec1fb5,Bruninha,bruninha,Gotham FC,Defender,1545.0,26,17.0,26.0,9.0,11.0,0,2,0.0,0,0,59.42307692307692,90.88235294117646,0.6538461538461539,0.34615384615384615,0.6499815390649993,0.11650485436893203,0.0,0.0,0.0,0.0,1.2851,0.0,0.0,0.0659401368301026,1.5732,-1.1849,-0.0607987457240593,0.27124444846751644
2025,nwsl::Football_Player::8c0148936e98403ca045b722790deea0,L. Reale,l reale,Gotham FC,Defender,2217.0,29,24.0,29.0,5.0,7.0,1,1,0.0,12,4,76.44827586206897,92.375,0.8275862068965517,0.1724137931034483,0.7964703272518003,0.08119079837618404,0.0,0.4871447902571042,0.16238159675236807,0.0,0.0,0.0,0.0,0.0,0.0,0.0,0.0,0.4113347487284775
2025,nwsl::Football_Player::95d2c552a83342bc947134ce8db57d56,J. Howell,j howell,Gotham FC,Midfielder,2546.0,28,28.0,28.0,0.0,1.0,4,1,0.0,29,13,90.92857142857143,90.92857142857143,1.0,0.0,0.9268676355066772,0.1767478397486253,0.0,1.0251374705420266,0.4595443833464258,0.0,0.0,0.0,0.0,0.0,0.0,0.0,0.0,0.5124509033778476
2025,nwsl::Football_Player::98465b941a5d4e2aaa2a013813ed82a5,R. Campbell,r campbell,Gotham FC,Goalkeeper,2.0,1,0.0,1.0,1.0,0.0,0,0,0.0,0,0,2.0,0.0,0.0,1.0,0.014555555555555556,0.0,0.0,0.0,0.0,0.0,0.0,0.0,0.0,0.0,0.0,0.0,0.0,0.01
2025,nwsl::Football_Player::a0b3cc966c05471caea2fced8abdb5cc,M. Whitham,m whitham,Gotham FC,Forward,55.0,6,0.0,6.0,6.0,0.0,0,0,0.0,2,2,9.166666666666666,0.0,0.0,1.0,0.08961069023569024,0.0,0.0,3.2727272727272725,3.2727272727272725,0.0,0.0,0.0,0.0,0.0,0.0,0.0,0.0,0.12765151515151515
2025,nwsl::Football_Player::b7b10520cd77421e97f225c988f93e57,A. Berger,a berger,Gotham FC,Goalkeeper,2458.0,27,27.0,27.0,0.0,1.0,0,0,0.0,0,0,91.03703703703704,91.03703703703704,1.0,0.0,0.9175,0.0,0.0,0.0,0.0,0.0,0.0,0.0,0.0,0.0,0.0,0.0,0.0,0.45
2025,nwsl::Football_Player::ba1bdfe55b8646738100a1f9c8b69e0d,T. Torres,t torres,Gotham FC,Midfielder,760.0,15,8.0,15.0,7.0,5.0,0,0,0.0,2,0,50.666666666666664,95.0,0.5333333333333333,0.4666666666666667,0.5321288986354775,0.0,0.0,0.23684210526315788,0.0,0.0,0.0,0.0,0.0,0.0,0.0,0.0,0.0,0.2592543859649123
2025,nwsl::Football_Player::c8daea44150e40579e2c46716e16246e,E. Elgin,e elgin,Gotham FC,Defender,0.0,0,0.0,0.0,0.0,0.0,0,0,0.0,0,0,0.0,0.0,0.0,0.0,0.0,0.0,0.0,0.0,0.0,0.0,0.0,0.0,0.0,0.0,0.0,0.0,0.0,0.0
2025,nwsl::Football_Player::d1485dcbe6f34e4c9ba927371173260d,R. Lavelle,r lavelle,Gotham FC,Midfielder,1344.0,19,16.0,19.0,3.0,10.0,6,2,0.0,25,13,70.73684210526316,84.0,0.8421052631578947,0.15789473684210525,0.7940102012844611,0.5357142857142857,0.0,1.6741071428571428,0.8705357142857143,0.0,0.0,0.0,0.0,0.0,0.0,0.0,0.0,0.5071440319548872
2025,nwsl::Football_Player::d34c603875494308b83fc6a75c948837,J. Shaw,j shaw,Gotham FC,Midfielder,1850.0,29,19.0,29.0,10.0,9.0,6,3,0.0,36,22,63.793103448275865,97.36842105263158,0.6551724137931034,0.3448275862068966,0.690125478927203,0.4378378378378378,0.0,1.7513513513513512,1.0702702702702702,0.0,0.0,0.0,0.0,0.0,0.0,0.0,0.0,0.45396551724137935
2025,nwsl::Football_Player::d554da063af949d9b11787c4c83bf7fc,J. Hasbo,j hasbo,Gotham FC,Midfielder,641.0,11,7.0,11.0,4.0,4.0,0,0,0.0,2,2,58.27272727272727,91.57142857142857,0.6363636363636364,0.36363636363636365,0.5754899108085535,0.0,0.0,0.280811232449298,0.280811232449298,0.0,0.0,0.0,0.0,0.0,0.0,0.0,0.0,0.2983839171748688
2025,nwsl::Football_Player::d73ddb615f3149cfb6432c6f82b21ac9,S. Schupansky,s schupansky,Gotham FC,Midfielder,1470.0,25,18.0,25.0,7.0,15.0,1,5,0.0,11,6,58.8,81.66666666666667,0.72,0.28,0.6954384353741496,0.3673469387755102,0.0,0.6734693877551021,0.3673469387755102,0.0,0.0,0.0,0.0,0.0,0.0,0.0,0.0,0.38736734693877545
2025,nwsl::Football_Player::d8f389524b654b238b386797cb3b1216,Esther González,esther gonzalez,Gotham FC,Forward,2096.0,25,24.0,25.0,1.0,9.0,13,1,0.0,49,30,83.84,87.33333333333333,0.96,0.04,0.897872485323327,0.601145038167939,0.0,2.1040076335877864,1.2881679389312977,8.552200000000001,1.8673,4.6217,5.203,0.3956772151898735,6.3041,0.1653,0.0062772151898734,0.5532239762295874
2025,nwsl::Football_Player::d9bb4ddad5e34f7b89ab4608dc8277d1,T. Davidson,t davidson,Gotham FC,Defender,224.0,3,3.0,3.0,0.0,1.0,0,0,0.0,1,0,74.66666666666667,74.66666666666667,1.0,0.0,0.7374141038359788,0.0,0.0,0.4017857142857143,0.0,0.0,0.0,0.0,0.0,0.0,0.0,0.0,0.0,0.3833779761904762
2025,nwsl::Football_Player::d9f63636eae141b9a9fccd6533df3a2b,S. Hogan,s hogan,Gotham FC,Goalkeeper,180.0,2,2.0,2.0,0.0,0.0,0,0,0.0,0,0,90.0,90.0,1.0,0.0,0.7825,0.0,0.0,0.0,0.0,0.0,0.0,0.0,0.0,0.0,0.0,0.0,0.0,0.45
2025,nwsl::Football_Player::e3732803fbc74097b03f22501baf27d7,Gabi Portilho,gabi portilho,Gotham FC,Forward,1131.0,19,13.0,19.0,6.0,13.0,3,3,0.0,19,10,59.526315789473685,87.0,0.6842105263157895,0.3157894736842105,0.6791236923964272,0.4774535809018568,0.0,1.5119363395225465,0.7957559681697612,2.6232,1.8358,2.1403,1.5268,0.3202793296089385,3.3099000000000003,0.4381,0.0314676775738228,0.42252052240892973
2025,nwsl::Football_Player::f0b65e91132d452792a90bd80e377f0f,E. Stevens,e stevens,Gotham FC,Forward,647.0,10,7.0,10.0,3.0,3.0,0,1,0.0,12,7,64.7,92.42857142857143,0.7,0.3,0.6288538682809548,0.1391035548686244,0.0,1.669242658423493,0.973724884080371,0.0,0.0,0.0,0.0,0.0,0.0,0.0,0.0,0.3942109737248841
2025,nwsl::Football_Player::f1674817643d4409ae98e3f26ec72dc4,M. Freeman,m freeman,Gotham FC,Defender,1398.0,24,14.0,24.0,10.0,6.0,0,1,0.0,1,0,58.25,99.85714285714286,0.5833333333333334,0.4166666666666667,0.6202462744396758,0.06437768240343347,0.0,0.06437768240343347,0.0,0.0,0.0,0.0,0.0,0.0,0.0,0.0,0.0,0.30627145922746785
2025,nwsl::Football_Player::f77539c151be429e954ed8f1a2a7aa3d,Jéssica Silva,jessica silva,Gotham FC,Forward,89.0,3,1.0,3.0,2.0,1.0,0,0,0.0,5,1,29.666666666666668,89.0,0.3333333333333333,0.6666666666666666,0.3203449074074074,0.0,0.0,5.056179775280898,1.0112359550561798,1.0207,0.0,0.0,0.389,0.8666320754716981,0.7087,0.5009,0.4252924528301887,0.43625
2025,nwsl::Football_Player::f8682c257fa14a7c862ecccc4b892332,M. Betos,m betos,Gotham FC,Goalkeeper,0.0,0,0.0,0.0,0.0,0.0,0,0,0.0,0,0,0.0,0.0,0.0,0.0,0.0,0.0,0.0,0.0,0.0,0.0,0.0,0.0,0.0,0.0,0.0,0.0,0.0,0.0
2025,nwsl::Football_Player::fed95d382879402f971b73910f1a8e2a,K. Stengel,k stengel,Gotham FC,Forward,579.0,14,5.0,14.0,9.0,3.0,2,1,0.0,14,7,41.357142857142854,115.8,0.35714285714285715,0.6428571428571429,0.43434625585985687,0.46632124352331605,0.0,2.176165803108808,1.088082901554404,0.0,0.0,0.0,0.0,0.0,0.0,0.0,0.0,0.35834011843079194
2025,nwsl::Football_Player::0441c191624b4049911e4bb7d6a3a4a1,D. Ordoñez,d ordonez,Houston Dash,Forward,70.0,3,1.0,3.0,2.0,1.0,0,0,0.0,2,2,23.333333333333332,70.0,0.3333333333333333,0.6666666666666666,0.26445767195767195,0.0,0.0,2.571428571428571,2.571428571428571,0.0,0.0,0.0,0.0,0.0,0.0,0.0,0.0,0.18095238095238095
2025,nwsl::Football_Player::077ea2ab10e8473d9224cd482d7970f0,A. West,a west,Houston Dash,Forward,0.0,0,0.0,0.0,0.0,0.0,0,0,0.0,0,0,0.0,0.0,0.0,0.0,0.0,0.0,0.0,0.0,0.0,0.0,0.0,0.0,0.0,0.0,0.0,0.0,0.0,0.0
2025,nwsl::Football_Player::0b073a65cdfc43f9923ca00ab1fc5fff,R. Bachmann,r bachmann,Houston Dash,Forward,35.0,2,0.0,2.0,2.0,0.0,0,0,0.0,0,0,17.5,0.0,0.0,1.0,0.07673611111111112,0.0,0.0,0.0,0.0,0.0,0.0,0.0,0.0,0.0,0.0,0.0,0.0,0.08750000000000001
2025,nwsl::Football_Player::0bb3c16212754939b111d70c83644b8e,D. Colaprico,d colaprico,Houston Dash,Midfielder,2201.0,26,26.0,26.0,0.0,10.0,0,0,0.0,6,2,84.65384615384616,84.65384615384616,1.0,0.0,0.8995599936120723,0.0,0.0,0.2453430258973194,0.0817810086324398,0.0,0.0,0.0,0.0,0.0,0.0,0.0,0.0,0.4294028064166638
2025,nwsl::Football_Player::0bc0d986844b458592417f6157d1aeb4,C. Westphal,c westphal,Houston Dash,Defender,536.0,9,7.0,9.0,2.0,5.0,0,0,0.0,0,0,59.55555555555556,76.57142857142857,0.7777777777777778,0.2222222222222222,0.6275987654320988,0.0,0.0,0.0,0.0,0.0,0.0,0.0,0.0,0.0,0.0,0.0,0.0,0.2977777777777778
2025,nwsl::Football_Player::10b990f3432f4383891922232cca020a,L. Boattin,l boattin,Houston Dash,Defender,260.0,5,2.0,5.0,3.0,2.0,0,0,0.0,1,1,52.0,130.0,0.4,0.6,0.4022425213675213,0.0,0.0,0.34615384615384615,0.34615384615384615,0.0,0.0,0.0,0.0,0.0,0.0,0.0,0.0,0.2686538461538462
2025,nwsl::Football_Player::15908c182dd94c57ae45736055f42e68,C. Ricketts,c ricketts,Houston Dash,Midfielder,167.0,8,2.0,8.0,6.0,2.0,0,0,0.0,1,0,20.875,83.5,0.25,0.75,0.24816331919494344,0.0,0.0,0.5389221556886228,0.0,0.0,0.0,0.0,0.0,0.0,0.0,0.0,0.0,0.11784805389221559
2025,nwsl::Football_Player::22bdee5e6c5840a4891fc6d9abecfbb7,B. Briede,b briede,Houston Dash,Midfielder,0.0,0,0.0,0.0,0.0,0.0,0,0,0.0,0,0,0.0,0.0,0.0,0.0,0.0,0.0,0.0,0.0,0.0,0.0,0.0,0.0,0.0,0.0,0.0,0.0,0.0,0.0
2025,nwsl::Football_Player::37c762eb698644fa88b9cb94cf4f0940,P. Nielsen,p nielsen,Houston Dash,Defender,2215.0,26,24.0,26.0,2.0,0.0,1,0,0.0,6,2,85.1923076923077,92.29166666666667,0.9230769230769231,0.07692307692307693,0.8681081182111092,0.040632054176072234,0.0,0.24379232505643342,0.08126410835214447,0.0,0.0,0.0,0.0,0.0,0.0,0.0,0.0,0.440521357874631
2025,nwsl::Football_Player::47a8d691b632424ba26e8fd64da63605,L. Beardsley,l beardsley,Houston Dash,Goalkeeper,0.0,0,0.0,0.0,0.0,0.0,0,0,0.0,0,0,0.0,0.0,0.0,0.0,0.0,0.0,0.0,0.0,0.0,0.0,0.0,0.0,0.0,0.0,0.0,0.0,0.0,0.0
2025,nwsl::Football_Player::55c607b8f8ea48efa308facc28601331,S. Schmidt,s schmidt,Houston Dash,Midfielder,215.0,10,3.0,10.0,7.0,3.0,2,0,0.0,5,2,21.5,71.66666666666667,0.3,0.7,0.319858850129199,0.8372093023255814,0.0,2.0930232558139537,0.8372093023255814,0.0,0.0,0.0,0.0,0.0,0.0,0.0,0.0,0.3342441860465116
2025,nwsl::Football_Player::61cc6999ebe2497eb5269a4d3da9dea0,N. Cooper,n cooper,Houston Dash,Goalkeeper,0.0,0,0.0,0.0,0.0,0.0,0,0,0.0,0,0,0.0,0.0,0.0,0.0,0.0,0.0,0.0,0.0,0.0,0.0,0.0,0.0,0.0,0.0,0.0,0.0,0.0,0.0
2025,nwsl::Football_Player::65926eaa2f7f4b17833600561c0ed506,K. Lind,k lind,Houston Dash,Defender,1173.0,16,13.0,16.0,3.0,0.0,0,0,0.0,3,1,73.3125,90.23076923076923,0.8125,0.1875,0.7451183796888321,0.0,0.0,0.23017902813299232,0.07672634271099744,0.0,0.0,0.0,0.0,0.0,0.0,0.0,0.0,0.37231697570332484
2025,nwsl::Football_Player::676004a629cb4668972a79f81ed48f2f,R. Gareis,r gareis,Houston Dash,Forward,984.0,19,11.0,19.0,8.0,7.0,1,3,0.0,3,1,51.78947368421053,89.45454545454545,0.5789473684210527,0.42105263157894735,0.598189960419341,0.36585365853658536,0.0,0.27439024390243905,0.09146341463414634,0.0,0.0,0.0,0.0,0.0,0.0,0.0,0.0,0.34202663671373557
2025,nwsl::Football_Player::6c9e533a1fca4ed0839072ce3c05d2cb,H. Hinz,h hinz,Houston Dash,Goalkeeper,0.0,0,0.0,0.0,0.0,0.0,0,0,0.0,0,0,0.0,0.0,0.0,0.0,0.0,0.0,0.0,0.0,0.0,0.0,0.0,0.0,0.0,0.0,0.0,0.0,0.0,0.0
2025,nwsl::Football_Player::7b95e77ca5184ed39abbd7481af81fee,A. Chapman,a chapman,Houston Dash,Defender,657.0,11,8.0,11.0,3.0,6.0,0,0,0.0,0,0,59.72727272727273,82.125,0.7272727272727273,0.2727272727272727,0.6204772727272727,0.0,0.0,0.0,0.0,0.0,0.0,0.0,0.0,0.0,0.0,0.0,0.0,0.29863636363636364
2025,nwsl::Football_Player::8772001989134074a48629a1110d6b62,M. Alozie,m alozie,Houston Dash,Forward,647.0,20,5.0,20.0,15.0,5.0,1,0,0.0,5,3,32.35,129.4,0.25,0.75,0.38357878885454233,0.1391035548686244,0.0,0.6955177743431221,0.41731066460587324,0.0,0.0,0.0,0.0,0.0,0.0,0.0,0.0,0.2081178516228748
2025,nwsl::Football_Player::907a57b1c41046b08063e94229484b5e,M. Berkely,m berkely,Houston Dash,Defender,1346.0,17,15.0,17.0,2.0,5.0,1,1,0.0,8,2,79.17647058823529,89.73333333333333,0.8823529411764706,0.11764705882352941,0.8100608095640436,0.1337295690936107,0.0,0.5349182763744428,0.1337295690936107,0.0,0.0,0.0,0.0,0.0,0.0,0.0,0.0,0.4371156367450398
2025,nwsl::Football_Player::9e98c713a7154c928697e3cf043fec63,S. Puntigam,s puntigam,Houston Dash,Midfielder,679.0,17,7.0,17.0,10.0,4.0,0,1,0.0,3,1,39.94117647058823,97.0,0.4117647058823529,0.5882352941176471,0.45933099665983235,0.1325478645066274,0.0,0.3976435935198822,0.1325478645066274,0.0,0.0,0.0,0.0,0.0,0.0,0.0,0.0,0.23726111062981894
2025,nwsl::Football_Player::a508823d48c24d818a9b76c99106c143,J. Campbell,j campbell,Houston Dash,Goalkeeper,1543.0,18,18.0,18.0,0.0,1.0,0,0,0.0,0,0,85.72222222222223,85.72222222222223,1.0,0.0,0.887408950617284,0.0,0.0,0.0,0.0,0.0,0.0,0.0,0.0,0.0,0.0,0.0,0.0,0.4286111111111111
2025,nwsl::Football_Player::b0fe6c1df4fc4afeabe923ab23915632,M. Bright,m bright,Houston Dash,Forward,1260.0,26,12.0,26.0,14.0,12.0,2,1,0.0,16,8,48.46153846153846,105.0,0.46153846153846156,0.5384615384615384,0.5396359890109891,0.21428571428571427,0.0,1.1428571428571428,0.5714285714285714,0.0,0.0,0.0,0.0,0.0,0.0,0.0,0.0,0.315521978021978
2025,nwsl::Football_Player::c0076f9d59514192ab6a1107bfc8493a,A. Smith,a smith,Houston Dash,Goalkeeper,797.0,9,8.0,9.0,1.0,0.0,0,0,0.0,0,0,88.55555555555556,99.625,0.8888888888888888,0.1111111111111111,0.7799043209876543,0.0,0.0,0.0,0.0,0.0,0.0,0.0,0.0,0.0,0.0,0.0,0.0,0.44277777777777777
2025,nwsl::Football_Player::c8da9ce253a9427e8484187e0c8ac57f,Rebeca Costa,rebeca costa,Houston Dash,Defender,0.0,0,0.0,0.0,0.0,0.0,0,0,0.0,0,0,0.0,0.0,0.0,0.0,0.0,0.0,0.0,0.0,0.0,0.0,0.0,0.0,0.0,0.0,0.0,0.0,0.0,0.0
2025,nwsl::Football_Player::d19b2c8f459848858cd65bf39ae5aef3,Z. Matthews,z matthews,Houston Dash,Defender,0.0,0,0.0,0.0,0.0,0.0,0,0,0.0,0,0,0.0,0.0,0.0,0.0,0.0,0.0,0.0,0.0,0.0,0.0,0.0,0.0,0.0,0.0,0.0,0.0,0.0,0.0
2025,nwsl::Football_Player::d23d7e4bff8f4282b946c478b857105c,E. Duljan,e duljan,Houston Dash,Defender,450.0,14,5.0,14.0,9.0,6.0,1,0,0.0,3,2,32.142857142857146,90.0,0.35714285714285715,0.6428571428571429,0.3876071428571428,0.2,0.0,0.6,0.4,0.0,0.0,0.0,0.0,0.0,0.0,0.0,0.0,0.2173809523809524
2025,nwsl::Football_Player::d576555bc98d477a9c831e65e16f7626,M. Graham,m graham,Houston Dash,Midfielder,1521.0,20,16.0,20.0,4.0,3.0,3,3,0.0,12,4,76.05,95.0625,0.8,0.2,0.7920448964497042,0.3550295857988166,0.0,0.7100591715976332,0.2366863905325444,0.0,0.0,0.0,0.0,0.0,0.0,0.0,0.0,0.47196597633136095
2025,nwsl::Football_Player::d6e1e8c351d6439fb6bd35f97e521537,A. Heilferty,a heilferty,Houston Dash,Defender,63.0,5,0.0,5.0,5.0,0.0,0,0,0.0,0,0,12.6,0.0,0.0,1.0,0.08195,0.0,0.0,0.0,0.0,0.0,0.0,0.0,0.0,0.0,0.0,0.0,0.0,0.06300000000000001
2025,nwsl::Football_Player::d814c62705514d3ab343c0798bb924ba,Y. Ryan,y ryan,Houston Dash,Forward,2160.0,24,24.0,24.0,0.0,0.0,4,3,0.0,32,18,90.0,90.0,1.0,0.0,0.9316145833333334,0.2916666666666667,0.0,1.3333333333333333,0.75,0.0,0.0,0.0,0.0,0.0,0.0,0.0,0.0,0.5440972222222222
2025,nwsl::Football_Player::dc3910a88592482d933542fb999e21fe,C. Laris­ey,c larisey,Houston Dash,Forward,383.0,10,5.0,10.0,5.0,5.0,1,1,0.0,4,2,38.3,76.6,0.5,0.5,0.45332537713954163,0.4699738903394256,0.0,0.9399477806788512,0.4699738903394256,0.0,0.0,0.0,0.0,0.0,0.0,0.0,0.0,0.3129099216710183
2025,nwsl::Football_Player::defa5ede49564c5c9b518c5c5281cf9a,K. van Zanten,k van zanten,Houston Dash,Midfielder,1113.0,17,13.0,17.0,4.0,10.0,2,1,0.0,14,5,65.47058823529412,85.61538461538461,0.7647058823529411,0.23529411764705882,0.714409478885894,0.2425876010781671,0.0,1.1320754716981132,0.40431266846361186,0.0,0.0,0.0,0.0,0.0,0.0,0.0,0.0,0.4061939115268749
2025,nwsl::Football_Player::e9488064a60149bebd3650cfc6bb8a5c,A. Patterson,a patterson,Houston Dash,Forward,1872.0,22,22.0,22.0,0.0,4.0,3,2,0.0,15,8,85.0909090909091,85.0909090909091,1.0,0.0,0.9103981643356645,0.24038461538461536,0.0,0.7211538461538461,0.3846153846153846,0.0,0.0,0.0,0.0,0.0,0.0,0.0,0.0,0.4935635198135198
2025,nwsl::Football_Player::ec556416f45b48879e56409269f13dcb,D. Sheehan,d sheehan,Houston Dash,Midfielder,2087.0,26,25.0,26.0,1.0,13.0,1,2,0.0,16,10,80.26923076923077,83.48,0.9615384615384616,0.038461538461538464,0.8724946468574284,0.12937230474365116,0.0,0.6899856252994729,0.43124101581217056,0.0,0.0,0.0,0.0,0.0,0.0,0.0,0.0,0.4455483579669013
2025,nwsl::Football_Player::fbe120b3952b43e4a95a632f285ffe38,B. Olivieri,b olivieri,Houston Dash,Midfielder,894.0,13,10.0,13.0,3.0,6.0,2,2,0.0,13,6,68.76923076923077,89.4,0.7692307692307693,0.23076923076923078,0.7037480209946654,0.40268456375838924,0.0,1.308724832214765,0.6040268456375839,0.0,0.0,0.0,0.0,0.0,0.0,0.0,0.0,0.4604568921011874
2025,nwsl::Football_Player::0be7d2ca8fe94e45894d705ef2a36ca0,C. Mclean,c mclean,NC Courage,Defender,0.0,0,0.0,0.0,0.0,0.0,0,0,0.0,0,0,0.0,0.0,0.0,0.0,0.0,0.0,0.0,0.0,0.0,0.0,0.0,0.0,0.0,0.0,0.0,0.0,0.0,0.0
2025,nwsl::Football_Player::23fbf942a9564991bb975594e94b02d7,S. Koyama,s koyama,NC Courage,Midfielder,1426.0,25,16.0,25.0,9.0,11.0,3,1,0.0,22,10,57.04,89.125,0.64,0.36,0.6523205173757207,0.25245441795231416,0.0,1.3884992987377278,0.6311360448807853,0.0,0.0,0.0,0.0,0.0,0.0,0.0,0.0,0.37250715287517533
2025,nwsl::Football_Player::336dc7bf1e5642c1a7a4a9fd8973f2a9,B. Pinto,b pinto,NC Courage,Midfielder,570.0,19,6.0,19.0,13.0,5.0,3,0,0.0,10,7,30.0,95.0,0.3157894736842105,0.6842105263157895,0.41116228070175437,0.4736842105263158,0.0,1.5789473684210527,1.105263157894737,0.0,0.0,0.0,0.0,0.0,0.0,0.0,0.0,0.2881578947368421
2025,nwsl::Football_Player::3cecb0249577458d990f97ac429b76e7,Aline Gomes,aline gomes,NC Courage,Forward,343.0,14,3.0,14.0,11.0,3.0,1,0,0.0,5,4,24.5,114.33333333333333,0.21428571428571427,0.7857142857142857,0.30097866051182376,0.2623906705539359,0.0,1.3119533527696794,1.0495626822157436,0.0,0.0,0.0,0.0,0.0,0.0,0.0,0.0,0.20996355685131196
2025,nwsl::Football_Player::3d88359f24cc42609f3402ab4c856674,N. Staude,n staude,NC Courage,Defender,680.0,9,7.0,9.0,2.0,2.0,0,0,0.0,2,0,75.55555555555556,97.14285714285714,0.7777777777777778,0.2222222222222222,0.6850358569353667,0.0,0.0,0.2647058823529412,0.0,0.0,0.0,0.0,0.0,0.0,0.0,0.0,0.0,0.3843954248366013
2025,nwsl::Football_Player::405bbcc7f91848b4a28e72f45ffb7d55,D. Weatherholt,d weatherholt,NC Courage,Midfielder,581.0,12,7.0,12.0,5.0,5.0,0,0,0.0,1,0,48.416666666666664,83.0,0.5833333333333334,0.4166666666666667,0.5238841357493467,0.0,0.0,0.1549053356282272,0.0,0.0,0.0,0.0,0.0,0.0,0.0,0.0,0.0,0.24595596672403902
2025,nwsl::Football_Player::45a91c7ccfea4cfc95d905d6440e8360,H. MacNab,h macnab,NC Courage,Forward,2.0,2,0.0,2.0,2.0,0.0,0,0,0.0,0,0,1.0,0.0,0.0,1.0,0.01852777777777778,0.0,0.0,0.0,0.0,0.0,0.0,0.0,0.0,0.0,0.0,0.0,0.0,0.005
2025,nwsl::Football_Player::55bd66bfbc3240c7acf59ca32209868c,M. Bell,m bell,NC Courage,Defender,1892.0,24,21.0,24.0,3.0,3.0,0,0,0.0,10,4,78.83333333333333,90.0952380952381,0.875,0.125,0.8236403081199593,0.0,0.0,0.47568710359408034,0.19027484143763213,0.0,0.0,0.0,0.0,0.0,0.0,0.0,0.0,0.40605884425651867
2025,nwsl::Football_Player::572ca1acdb37419a843dafa8e828be66,C. Murphy,c murphy,NC Courage,Goalkeeper,1890.0,21,21.0,21.0,0.0,0.0,0,0,0.0,0,0,90.0,90.0,1.0,0.0,0.9175,0.0,0.0,0.0,0.0,0.0,0.0,0.0,0.0,0.0,0.0,0.0,0.0,0.45
2025,nwsl::Football_Player::674512a48d504c99be8523ea6cb6f7d3,K. Cappelletti,k cappelletti,NC Courage,Goalkeeper,0.0,0,0.0,0.0,0.0,0.0,0,0,0.0,0,0,0.0,0.0,0.0,0.0,0.0,0.0,0.0,0.0,0.0,0.0,0.0,0.0,0.0,0.0,0.0,0.0,0.0,0.0
2025,nwsl::Football_Player::75dd90b34f884be794d7d0a24f71d8d8,O. Wingate,o wingate,NC Courage,Forward,0.0,0,0.0,0.0,0.0,0.0,0,0,0.0,0,0,0.0,0.0,0.0,0.0,0.0,0.0,0.0,0.0,0.0,0.0,0.0,0.0,0.0,0.0,0.0,0.0,0.0,0.0
2025,nwsl::Football_Player::75dea69f305343a2b59c44bcf763445e,T. Lussi,t lussi,NC Courage,Forward,1193.0,21,14.0,21.0,7.0,11.0,2,1,0.0,22,10,56.80952380952381,85.21428571428571,0.6666666666666666,0.3333333333333333,0.6637076874803195,0.22632020117351215,0.0,1.6596814752724223,0.7544006705783738,0.0,0.0,0.0,0.0,0.0,0.0,0.0,0.0,0.372689697840578
2025,nwsl::Football_Player::81f566b89fa04830b4b1657453e4f818,R. Williams,r williams,NC Courage,Defender,2337.0,26,26.0,26.0,0.0,1.0,1,2,0.0,12,6,89.88461538461539,89.88461538461539,1.0,0.0,0.9224363376781541,0.11553273427471118,0.0,0.46213093709884473,0.23106546854942236,0.0,0.0,0.0,0.0,0.0,0.0,0.0,0.0,0.48504566999111287
2025,nwsl::Football_Player::85399e003cd149ec991da7c3853143ad,K. Kurtz,k kurtz,NC Courage,Defender,2340.0,26,26.0,26.0,0.0,0.0,1,0,0.0,8,2,90.0,90.0,1.0,0.0,0.9198557692307692,0.038461538461538464,0.0,0.3076923076923077,0.07692307692307693,0.0,0.0,0.0,0.0,0.0,0.0,0.0,0.0,0.4657051282051282
2025,nwsl::Football_Player::8bc2b0ed38a346f2a782d7236d278aa3,D. O'Sullivan,d o sullivan,NC Courage,Midfielder,1505.0,18,17.0,18.0,1.0,1.0,0,2,0.0,4,2,83.61111111111111,88.52941176470588,0.9444444444444444,0.05555555555555555,0.859595971248103,0.11960132890365449,0.0,0.23920265780730898,0.11960132890365449,0.0,0.0,0.0,0.0,0.0,0.0,0.0,0.0,0.448952565522333
2025,nwsl::Football_Player::93ab29167bcd49b1a9d06e29f2cfb3c2,H. Betfort,h betfort,NC Courage,Forward,688.0,19,6.0,19.0,13.0,5.0,2,0,0.0,13,5,36.21052631578947,114.66666666666667,0.3157894736842105,0.6842105263157895,0.42690100554195565,0.26162790697674415,0.0,1.7005813953488371,0.6540697674418604,0.0,0.0,0.0,0.0,0.0,0.0,0.0,0.0,0.2780729804161567
2025,nwsl::Football_Player::98dcb1c31ca44fd195fa3302144a6140,N. Jacobs,n jacobs,NC Courage,Defender,1719.0,22,19.0,22.0,3.0,2.0,0,0,0.0,8,0,78.13636363636364,90.47368421052632,0.8636363636363636,0.13636363636363635,0.8158547715373632,0.0,0.0,0.41884816753926696,0.0,0.0,0.0,0.0,0.0,0.0,0.0,0.0,0.0,0.40115302237029987
2025,nwsl::Football_Player::9cf4be1012534c69ba6aca923a5b85d3,H. Hancuff,h hancuff,NC Courage,Goalkeeper,0.0,0,0.0,0.0,0.0,0.0,0,0,0.0,0,0,0.0,0.0,0.0,0.0,0.0,0.0,0.0,0.0,0.0,0.0,0.0,0.0,0.0,0.0,0.0,0.0,0.0,0.0
2025,nwsl::Football_Player::a0b960ec400b4ad389c72e720e32e86d,C. Vine,c vine,NC Courage,Forward,522.0,16,5.0,16.0,11.0,5.0,1,0,0.0,8,5,32.625,104.4,0.3125,0.6875,0.3862790948275862,0.1724137931034483,0.0,1.3793103448275863,0.8620689655172414,0.0,0.0,0.0,0.0,0.0,0.0,0.0,0.0,0.23352729885057472
2025,nwsl::Football_Player::a1626364867445b3b33022e19cac46ff,M. Jordan,m jordan,NC Courage,Goalkeeper,450.0,5,5.0,5.0,0.0,0.0,0,0,0.0,0,0,90.0,90.0,1.0,0.0,0.8049999999999999,0.0,0.0,0.0,0.0,0.0,0.0,0.0,0.0,0.0,0.0,0.0,0.0,0.45
2025,nwsl::Football_Player::b59aacbdbb734601810422f27dff5ddb,R. Jackson,r jackson,NC Courage,Midfielder,1970.0,25,23.0,25.0,2.0,11.0,2,1,0.0,15,6,78.8,85.65217391304348,0.92,0.08,0.8488416807670616,0.13705583756345177,0.0,0.6852791878172588,0.27411167512690354,0.0,0.0,0.0,0.0,0.0,0.0,0.0,0.0,0.43968527918781725
2025,nwsl::Football_Player::b79c07308de84ca7967c474613f2fe20,P. Linnehan,p linnehan,NC Courage,Forward,918.0,22,10.0,22.0,12.0,9.0,1,2,0.0,23,9,41.72727272727273,91.8,0.45454545454545453,0.5454545454545454,0.5193970588235294,0.29411764705882354,0.0,2.2549019607843137,0.8823529411764707,0.0,0.0,0.0,0.0,0.0,0.0,0.0,0.0,0.32628342245989306
2025,nwsl::Football_Player::bb0103a05e5f49418ff33df52b8b71b9,M. Matsukubo,m matsukubo,NC Courage,Midfielder,2106.0,26,24.0,26.0,2.0,13.0,11,4,0.0,50,33,81.0,87.75,0.9230769230769231,0.07692307692307693,0.8791794871794872,0.6410256410256411,0.0,2.1367521367521367,1.4102564102564104,0.0,0.0,0.0,0.0,0.0,0.0,0.0,0.0,0.591965811965812
2025,nwsl::Football_Player::bdf738f813074378b10e977e449699eb,M. Speck,m speck,NC Courage,Midfielder,471.0,15,5.0,15.0,10.0,5.0,1,3,0.0,6,2,31.4,94.2,0.3333333333333333,0.6666666666666666,0.40145693559801837,0.7643312101910827,0.0,1.1464968152866242,0.38216560509554137,0.0,0.0,0.0,0.0,0.0,0.0,0.0,0.0,0.3448980891719745
2025,nwsl::Football_Player::c096d058034e441cb84bcdaad2de8892,O. Peña,o pena,NC Courage,Midfielder,0.0,0,0.0,0.0,0.0,0.0,0,0,0.0,0,0,0.0,0.0,0.0,0.0,0.0,0.0,0.0,0.0,0.0,0.0,0.0,0.0,0.0,0.0,0.0,0.0,0.0,0.0
2025,nwsl::Football_Player::cb6caff04d61498b9fef4c71d0c3f1e1,F. Rauch,f rauch,NC Courage,Defender,674.0,10,8.0,10.0,2.0,7.0,2,1,0.0,3,3,67.4,84.25,0.8,0.2,0.6867929937355753,0.40059347181008903,0.0,0.40059347181008903,0.40059347181008903,0.0,0.0,0.0,0.0,0.0,0.0,0.0,0.0,0.4304718100890208
2025,nwsl::Football_Player::e2c1ea54f20b49259002b71d3f2f1a2b,A. Nguyen,a nguyen,NC Courage,Midfielder,0.0,0,0.0,0.0,0.0,0.0,0,0,0.0,0,0,0.0,0.0,0.0,0.0,0.0,0.0,0.0,0.0,0.0,0.0,0.0,0.0,0.0,0.0,0.0,0.0,0.0,0.0
2025,nwsl::Football_Player::ed7ee4eca97044dd97750b29c3850769,A. Sanchez,a sanchez,NC Courage,Midfielder,1411.0,23,17.0,23.0,6.0,12.0,2,2,0.0,22,17,61.34782608695652,83.0,0.7391304347826086,0.2608695652173913,0.7122654873543619,0.2551381998582566,0.0,1.4032600992204112,1.0843373493975903,0.0,0.0,0.0,0.0,0.0,0.0,0.0,0.0,0.3949744245524297
2025,nwsl::Football_Player::0021a2896ee54ef191fb324dec97dd78,B. Banda,b banda,Orlando Pride,Forward,1299.0,16,15.0,16.0,1.0,4.0,8,1,0.0,58,35,81.1875,86.6,0.9375,0.0625,0.8627726015204004,0.6235565819861432,0.0,4.018475750577367,2.4249422632794455,0.0,0.0,0.0,0.0,0.0,0.0,0.0,0.0,0.6358451212471131
2025,nwsl::Football_Player::021370e22b6846a48f5e988c6f4c9478,Rafaelle,rafaelle,Orlando Pride,Defender,993.0,14,12.0,14.0,2.0,4.0,0,0,0.0,5,1,70.92857142857143,82.75,0.8571428571428571,0.14285714285714285,0.7360491376201896,0.0,0.0,0.45317220543806647,0.09063444108761329,0.6661,0.2692,0.0,0.3098,0.0700890924229808,1.6621000000000004,0.2971,0.0222639467110741,0.3220736158806303
2025,nwsl::Football_Player::15cbd2b4b39042eeb04d03affb712899,A. Moorhouse,a moorhouse,Orlando Pride,Goalkeeper,2391.0,27,27.0,27.0,0.0,1.0,0,0,0.0,0,0,88.55555555555556,88.55555555555556,1.0,0.0,0.9124043209876543,0.0,0.0,0.0,0.0,0.0,0.0,0.0,0.0,0.0,0.0,0.0,0.0,0.44277777777777777
2025,nwsl::Football_Player::291911cc9bee4a458a8ae94f9b2a9c97,A. Watt,a watt,Orlando Pride,Forward,1558.0,24,19.0,24.0,5.0,16.0,2,2,0.0,25,16,64.91666666666667,82.0,0.7916666666666666,0.20833333333333334,0.7478979668853707,0.23106546854942236,0.0,1.4441591784338896,0.9242618741976895,0.0,0.0,0.0,0.0,0.0,0.0,0.0,0.0,0.40882595207531025
2025,nwsl::Football_Player::2e46f0ae8d6e46119d927dd1244d079f,C. Morché,c morche,Orlando Pride,Goalkeeper,0.0,0,0.0,0.0,0.0,0.0,0,0,0.0,0,0,0.0,0.0,0.0,0.0,0.0,0.0,0.0,0.0,0.0,0.0,0.0,0.0,0.0,0.0,0.0,0.0,0.0,0.0
2025,nwsl::Football_Player::3156af5df0ad44729614d33bf537a27e,K. Asman,k asman,Orlando Pride,Goalkeeper,0.0,0,0.0,0.0,0.0,0.0,0,0,0.0,0,0,0.0,0.0,0.0,0.0,0.0,0.0,0.0,0.0,0.0,0.0,0.0,0.0,0.0,0.0,0.0,0.0,0.0,0.0
2025,nwsl::Football_Player::3fa6c6b9fff049ddb7e32f7ea04d33ca,Angelina,angelina,Orlando Pride,Midfielder,1996.0,26,23.0,26.0,3.0,9.0,0,1,0.0,16,6,76.76923076923077,86.78260869565217,0.8846153846153846,0.11538461538461539,0.8145558503032259,0.045090180360721446,0.0,0.7214428857715431,0.27054108216432865,1.9166,2.2913,0.0,1.4711,0.1605387876218736,2.1911,-1.7934,-0.0684213649851632,0.35487375985626324
2025,nwsl::Football_Player::4cb80ed654ff46e8916779187fb88553,J. Doyle,j doyle,Orlando Pride,Midfielder,528.0,13,7.0,13.0,6.0,8.0,1,2,0.0,4,2,40.61538461538461,75.42857142857143,0.5384615384615384,0.46153846153846156,0.5016266754079254,0.5113636363636364,0.0,0.6818181818181819,0.34090909090909094,0.0,0.0,0.0,0.0,0.0,0.0,0.0,0.0,0.3266564685314685
2025,nwsl::Football_Player::514d945291b44c78adaabb4dfbf7ba03,Marta,marta,Orlando Pride,Forward,1779.0,24,20.0,24.0,4.0,9.0,4,1,0.0,27,13,74.125,88.95,0.8333333333333334,0.16666666666666666,0.7970463620797532,0.25295109612141653,0.0,1.3659359190556493,0.657672849915683,4.5585,4.6239,1.8962,2.1956,0.3883533834586467,4.7444,-0.5866999999999999,-0.024813439849624,0.4409572286798362
2025,nwsl::Football_Player::521bad7c3a2f49a185c968f9206da5b8,H. McCutcheon,h mccutcheon,Orlando Pride,Defender,2357.0,28,27.0,28.0,1.0,6.0,4,4,0.0,28,10,84.17857142857143,87.29629629629629,0.9642857142857143,0.03571428571428571,0.8944472320713039,0.3054730589732711,0.0,1.0691557064064487,0.38184132371658885,0.0,0.0,0.0,0.0,0.0,0.0,0.0,0.0,0.5112619704224499
2025,nwsl::Football_Player::5fc1b3b61f604e8fb3ca8fe5a154cde9,K. Nadaner,k nadaner,Orlando Pride,Defender,1512.0,17,17.0,17.0,0.0,1.0,0,0,0.0,2,2,88.94117647058823,88.94117647058823,1.0,0.0,0.8917111344537815,0.0,0.0,0.11904761904761904,0.11904761904761904,0.0,0.0,0.0,0.0,0.0,0.0,0.0,0.0,0.4476820728291317
2025,nwsl::Football_Player::6f1a3b3b9e0447f0aaffa25a360d29ee,C. Pickett,c pickett,Orlando Pride,Defender,1311.0,24,14.0,24.0,10.0,10.0,3,2,0.0,8,7,54.625,93.64285714285714,0.5833333333333334,0.4166666666666667,0.6179909023010425,0.34324942791762014,0.0,0.5491990846681922,0.4805491990846682,0.0,0.0,0.0,0.0,0.0,0.0,0.0,0.0,0.35836527459954237
2025,nwsl::Football_Player::76f46e9614f8435c96db2c1a0c18e5d7,G. Chanda,g chanda,Orlando Pride,Midfielder,36.0,4,0.0,4.0,4.0,0.0,0,0,0.0,1,0,9.0,0.0,0.0,1.0,0.071125,0.0,0.0,2.5,0.0,0.0,0.0,0.0,0.0,0.0,0.0,0.0,0.0,0.10750000000000001
2025,nwsl::Football_Player::808933e0efb240da834c2ee39cb5ede4,V. Villacorta,v villacorta,Orlando Pride,Midfielder,83.0,6,0.0,6.0,6.0,0.0,0,0,0.0,0,0,13.833333333333334,0.0,0.0,1.0,0.09380092592592593,0.0,0.0,0.0,0.0,0.0,0.0,0.0,0.0,0.0,0.0,0.0,0.0,0.06916666666666667
2025,nwsl::Football_Player::8094c154313e47feae1e6aba09c98400,S. Charley,s charley,Orlando Pride,Forward,262.0,11,1.0,11.0,10.0,1.0,1,0,0.0,11,2,23.818181818181817,262.0,0.09090909090909091,0.9090909090909091,0.2323389235870152,0.3435114503816794,0.0,3.7786259541984735,0.6870229007633588,0.0,0.0,0.0,0.0,0.0,0.0,0.0,0.0,0.28512144344205415
2025,nwsl::Football_Player::8d8c7710934e4343afee2535ade55bd9,E. Bennett,e bennett,Orlando Pride,Forward,0.0,0,0.0,0.0,0.0,0.0,0,0,0.0,0,0,0.0,0.0,0.0,0.0,0.0,0.0,0.0,0.0,0.0,0.0,0.0,0.0,0.0,0.0,0.0,0.0,0.0,0.0
2025,nwsl::Football_Player::909a06c8277b428f8e6acae7e1a62d39,Oihane Hernández,oihane hernandez,Orlando Pride,Defender,1182.0,22,15.0,22.0,7.0,14.0,0,2,0.0,5,2,53.72727272727273,78.8,0.6818181818181818,0.3181818181818182,0.648505799015588,0.15228426395939088,0.0,0.3807106598984772,0.15228426395939088,0.5209,1.5497,0.0,0.4336,0.1399054054054054,1.4803,-0.4199,-0.0283716216216216,0.2829679530332132
2025,nwsl::Football_Player::954ee6ec5efb4fbdb3bbff6fed8efe0c,B. Martinez,b martinez,Orlando Pride,Defender,1.0,1,0.0,1.0,1.0,0.0,0,0,0.0,0,0,1.0,0.0,0.0,1.0,0.011027777777777779,0.0,0.0,0.0,0.0,0.0,0.0,0.0,0.0,0.0,0.0,0.0,0.0,0.005
2025,nwsl::Football_Player::9a6e94e5fb19478f9dbc33f702d2d891,S. Jackson,s jackson,Orlando Pride,Forward,207.0,8,1.0,8.0,7.0,1.0,0,1,0.0,4,2,25.875,207.0,0.125,0.875,0.2276399456521739,0.4347826086956522,0.0,1.7391304347826089,0.8695652173913044,0.0,0.0,0.0,0.0,0.0,0.0,0.0,0.0,0.26343297101449276
2025,nwsl::Football_Player::a0afe0dd22bc4b4eb895446288d523c8,A. Allen,a allen,Orlando Pride,Forward,0.0,0,0.0,0.0,0.0,0.0,0,0,0.0,0,0,0.0,0.0,0.0,0.0,0.0,0.0,0.0,0.0,0.0,0.0,0.0,0.0,0.0,0.0,0.0,0.0,0.0,0.0
2025,nwsl::Football_Player::a79161648fb0412187766de7176ab440,K. Abello,k abello,Orlando Pride,Defender,1732.0,25,20.0,25.0,5.0,7.0,1,0,0.0,11,3,69.28,86.6,0.8,0.2,0.7581717654606108,0.05196304849884527,0.0,0.5715935334872979,0.1558891454965358,0.0,0.0,0.0,0.0,0.0,0.0,0.0,0.0,0.3715154734411085
2025,nwsl::Football_Player::ac29e17a8bff414e8ede153e5067e250,A. Lemos,a lemos,Orlando Pride,Midfielder,1590.0,28,18.0,28.0,10.0,12.0,0,0,0.0,14,7,56.785714285714285,88.33333333333333,0.6428571428571429,0.35714285714285715,0.6425847933513028,0.0,0.0,0.7924528301886792,0.3962264150943396,0.0,0.0,0.0,0.0,0.0,0.0,0.0,0.0,0.3037398921832884
2025,nwsl::Football_Player::c390f57b0fe54464b1c2efec9aeee043,J. Ovalle,j ovalle,Orlando Pride,Forward,839.0,10,9.0,10.0,1.0,2.0,1,2,0.0,17,8,83.9,93.22222222222223,0.9,0.1,0.7928756687855913,0.3218116805721096,0.0,1.8235995232419546,0.8581644815256256,0.0,0.0,0.0,0.0,0.0,0.0,0.0,0.0,0.5321340882002383
2025,nwsl::Football_Player::e0083709d64e4f7aa5329c7b17fc6687,Z. Chavoshi,z chavoshi,Orlando Pride,Defender,503.0,10,5.0,10.0,5.0,1.0,0,0,0.0,0,0,50.3,100.6,0.5,0.5,0.47744722222222225,0.0,0.0,0.0,0.0,0.0,0.0,0.0,0.0,0.0,0.0,0.0,0.0,0.2515
2025,nwsl::Football_Player::e217f693d9c1472c9ca602ef93c69386,Luana,luana,Orlando Pride,Midfielder,45.0,5,0.0,5.0,5.0,0.0,1,0,0.0,1,1,9.0,0.0,0.0,1.0,0.12416845505617977,2.0,0.0,2.0,2.0,0.7578,0.1307,0.0,0.0,0.8984831460674157,0.039,-0.1366,-0.1381348314606741,0.4111230337078652
2025,nwsl::Football_Player::e51fe8ea427c4f39894fce94ed9fadcd,C. Dyke,c dyke,Orlando Pride,Midfielder,1294.0,24,12.0,24.0,12.0,7.0,1,0,0.0,3,1,53.916666666666664,107.83333333333333,0.5,0.5,0.5681619690594768,0.0695517774343122,0.0,0.20865533230293662,0.0695517774343122,0.0,0.0,0.0,0.0,0.0,0.0,0.0,0.0,0.28928967027305513
2025,nwsl::Football_Player::f225dce81f0f4e28ae0ba7e09bb1e601,S. Yates,s yates,Orlando Pride,Forward,552.0,16,5.0,16.0,11.0,4.0,0,1,0.0,9,5,34.5,110.4,0.3125,0.6875,0.39293115942028983,0.16304347826086957,0.0,1.467391304347826,0.8152173913043478,0.0,0.0,0.0,0.0,0.0,0.0,0.0,0.0,0.2431521739130435
2025,nwsl::Football_Player::f3a1675054684f099f9675ac9cf04f19,M. Gautrat,m gautrat,Orlando Pride,Midfielder,676.0,11,10.0,11.0,1.0,10.0,0,1,0.0,6,2,61.45454545454545,67.6,0.9090909090909091,0.09090909090909091,0.7155449539776463,0.13313609467455623,0.0,0.7988165680473372,0.26627218934911245,0.0,0.0,0.0,0.0,0.0,0.0,0.0,0.0,0.35497982786444326
2025,nwsl::Football_Player::f3c52a160fb64cba878971b93e178183,M. Crone,m crone,Orlando Pride,Goalkeeper,129.0,2,1.0,2.0,1.0,0.0,0,0,0.0,0,0,64.5,129.0,0.5,0.5,0.4675416666666667,0.0,0.0,0.0,0.0,0.0,0.0,0.0,0.0,0.0,0.0,0.0,0.0,0.3225
2025,nwsl::Football_Player::ff16e70c73b943e38662bc6d895edb92,E. Sams,e sams,Orlando Pride,Defender,2362.0,27,26.0,27.0,1.0,0.0,0,0,0.0,2,1,87.48148148148148,90.84615384615384,0.9629629629629629,0.037037037037037035,0.8922343344379283,0.0,0.0,0.07620660457239628,0.03810330228619814,0.0,0.0,0.0,0.0,0.0,0.0,0.0,0.0,0.4393125725217173
2025,nwsl::Football_Player::0e4a7272e4b34cc8977c9623a1a09bf1,C. Hanks,c hanks,Portland Thorns,Forward,639.0,11,7.0,11.0,4.0,5.0,2,1,0.0,15,9,58.09090909090909,91.28571428571429,0.6363636363636364,0.36363636363636365,0.5949222151088349,0.4225352112676057,0.0,2.1126760563380285,1.267605633802817,0.0,0.0,0.0,0.0,0.0,0.0,0.0,0.0,0.43129961587708066
2025,nwsl::Football_Player::0faee2ad9e40492cbb9336bcbf79d651,P. Tordin,p tordin,Portland Thorns,Forward,953.0,26,9.0,26.0,17.0,9.0,4,0,0.0,31,14,36.65384615384615,105.88888888888889,0.34615384615384615,0.6538461538461539,0.45785917054555564,0.3777544596012592,0.0,2.9275970619097587,1.3221406086044072,0.0,0.0,0.0,0.0,0.0,0.0,0.0,0.0,0.3351580030672371
2025,nwsl::Football_Player::142e91eb2ec04376abd92b3e9c5921fb,K. Torpey,k torpey,Portland Thorns,Defender,1172.0,20,15.0,20.0,5.0,12.0,0,0,0.0,2,1,58.6,78.13333333333334,0.75,0.25,0.6948037163443307,0.0,0.0,0.15358361774744028,0.07679180887372014,0.0,0.0,0.0,0.0,0.0,0.0,0.0,0.0,0.29683959044368596
2025,nwsl::Football_Player::16cdad396ff94e7e8174cb37ad24f4c1,M. Messner,m messner,Portland Thorns,Goalkeeper,0.0,0,0.0,0.0,0.0,0.0,0,0,0.0,0,0,0.0,0.0,0.0,0.0,0.0,0.0,0.0,0.0,0.0,0.0,0.0,0.0,0.0,0.0,0.0,0.0,0.0,0.0
2025,nwsl::Football_Player::172436453e3d486bbde226e73f0a7d7d,N. Powell,n powell,Portland Thorns,Midfielder,0.0,0,0.0,0.0,0.0,0.0,0,0,0.0,0,0,0.0,0.0,0.0,0.0,0.0,0.0,0.0,0.0,0.0,0.0,0.0,0.0,0.0,0.0,0.0,0.0,0.0,0.0
2025,nwsl::Football_Player::2257efccf0f246d7a3943fdf31185577,M. Weaver,m weaver,Portland Thorns,Midfielder,0.0,0,0.0,0.0,0.0,0.0,0,0,0.0,0,0,0.0,0.0,0.0,0.0,0.0,0.0,0.0,0.0,0.0,0.0,0.0,0.0,0.0,0.0,0.0,0.0,0.0,0.0
2025,nwsl::Football_Player::22b742b9ad754d8fb12b578b8cf6ce7d,L. Harbert,l harbert,Portland Thorns,Midfielder,67.0,5,0.0,5.0,5.0,0.0,0,0,0.0,0,0,13.4,0.0,0.0,1.0,0.08477222222222222,0.0,0.0,0.0,0.0,0.0,0.0,0.0,0.0,0.0,0.0,0.0,0.0,0.06699999999999999
2025,nwsl::Football_Player::40a07c6e4fd74acd864ee7f812351843,S. Wilson,s wilson,Portland Thorns,Forward,0.0,0,0.0,0.0,0.0,0.0,0,0,0.0,0,0,0.0,0.0,0.0,0.0,0.0,0.0,0.0,0.0,0.0,0.0,0.0,0.0,0.0,0.0,0.0,0.0,0.0,0.0
2025,nwsl::Football_Player::452e1e88a12648b18de7e60d6da83626,M. Alidou,m alidou,Portland Thorns,Midfielder,709.0,20,6.0,20.0,14.0,6.0,1,1,0.0,9,6,35.45,118.16666666666667,0.3,0.7,0.4222776347751136,0.2538787023977433,0.0,1.1424541607898449,0.7616361071932298,0.0,0.0,0.0,0.0,0.0,0.0,0.0,0.0,0.2587027503526093
2025,nwsl::Football_Player::4829883bb4dc4fa48b63d43b720a4307,M. McKenzie,m mckenzie,Portland Thorns,Midfielder,994.0,25,8.0,25.0,17.0,4.0,0,0,0.0,1,0,39.76,124.25,0.32,0.68,0.4346039816677845,0.0,0.0,0.09054325955734406,0.0,0.0,0.0,0.0,0.0,0.0,0.0,0.0,0.0,0.2010635814889336
2025,nwsl::Football_Player::65b00a37c89a4fbaba9fbfb76969a7df,N. Payne,n payne,Portland Thorns,Defender,0.0,0,0.0,0.0,0.0,0.0,0,0,0.0,0,0,0.0,0.0,0.0,0.0,0.0,0.0,0.0,0.0,0.0,0.0,0.0,0.0,0.0,0.0,0.0,0.0,0.0,0.0
2025,nwsl::Football_Player::7ff572896b4146d78ff5e10f1d8d65ab,M. Müller,m muller,Portland Thorns,Midfielder,0.0,0,0.0,0.0,0.0,0.0,0,0,0.0,0,0,0.0,0.0,0.0,0.0,0.0,0.0,0.0,0.0,0.0,0.0,0.0,0.0,0.0,0.0,0.0,0.0,0.0,0.0
2025,nwsl::Football_Player::81619aa8f0b94bbd8e20e7f665ae8f59,J. Dufour,j dufour,Portland Thorns,Forward,527.0,15,7.0,15.0,8.0,6.0,2,0,0.0,2,2,35.13333333333333,75.28571428571429,0.4666666666666667,0.5333333333333333,0.4583970517956287,0.3415559772296015,0.0,0.3415559772296015,0.3415559772296015,0.0,0.0,0.0,0.0,0.0,0.0,0.0,0.0,0.2553630613535737
2025,nwsl::Football_Player::84b30914edbb45ddb082f69074fb818a,B. Bixby,b bixby,Portland Thorns,Goalkeeper,630.0,7,7.0,7.0,0.0,0.0,0,0,0.0,0,0,90.0,90.0,1.0,0.0,0.82,0.0,0.0,0.0,0.0,0.0,0.0,0.0,0.0,0.0,0.0,0.0,0.0,0.45
2025,nwsl::Football_Player::8513285029bf40cb99fa4947006018a2,J. Fleming,j fleming,Portland Thorns,Midfielder,1916.0,27,21.0,27.0,6.0,10.0,2,5,0.0,18,10,70.96296296296296,91.23809523809524,0.7777777777777778,0.2222222222222222,0.7637875449968643,0.32881002087682676,0.0,0.8455114822546973,0.4697286012526096,0.0,0.0,0.0,0.0,0.0,0.0,0.0,0.0,0.44445468955385453
2025,nwsl::Football_Player::8db3e5d0e2ae49d393de38c15744f7b2,S. Coffey,s coffey,Portland Thorns,Midfielder,2432.0,27,27.0,27.0,0.0,2.0,2,4,0.0,14,6,90.07407407407408,90.07407407407408,1.0,0.0,0.9263815789473684,0.22203947368421054,0.0,0.5180921052631579,0.22203947368421054,0.0,0.0,0.0,0.0,0.0,0.0,0.0,0.0,0.5092105263157894
2025,nwsl::Football_Player::9a81d48afb474ccbbed08097db758577,O. Wade-Katoa,o wade katoa,Portland Thorns,Midfielder,0.0,0,0.0,0.0,0.0,0.0,0,0,0.0,0,0,0.0,0.0,0.0,0.0,0.0,0.0,0.0,0.0,0.0,0.0,0.0,0.0,0.0,0.0,0.0,0.0,0.0,0.0
2025,nwsl::Football_Player::9ccd079f4b56432e8f21ede69aabddee,M. Arnold,m arnold,Portland Thorns,Goalkeeper,1920.0,21,21.0,21.0,0.0,0.0,0,0,0.0,0,0,91.42857142857143,91.42857142857143,1.0,0.0,0.9175,0.0,0.0,0.0,0.0,0.0,0.0,0.0,0.0,0.0,0.0,0.0,0.0,0.45
2025,nwsl::Football_Player::9e51a8b532204995b3f3ec155831aa27,C. Boeckmann,c boeckmann,Portland Thorns,Midfielder,0.0,0,0.0,0.0,0.0,0.0,0,0,0.0,0,0,0.0,0.0,0.0,0.0,0.0,0.0,0.0,0.0,0.0,0.0,0.0,0.0,0.0,0.0,0.0,0.0,0.0,0.0
2025,nwsl::Football_Player::aa256aeb38a8454589438798a521ae12,S. Hiatt,s hiatt,Portland Thorns,Defender,2072.0,23,22.0,23.0,1.0,2.0,0,0,0.0,5,1,90.08695652173913,94.18181818181819,0.9565217391304348,0.043478260869565216,0.8987492131106262,0.0,0.0,0.2171814671814672,0.04343629343629344,0.0,0.0,0.0,0.0,0.0,0.0,0.0,0.0,0.4554295366795367
2025,nwsl::Football_Player::ab5925e484b549b084e72c85df4de7df,I. Obaze,i obaze,Portland Thorns,Defender,1894.0,23,23.0,23.0,0.0,9.0,0,0,0.0,4,2,82.34782608695652,82.34782608695652,1.0,0.0,0.8912176081090043,0.0,0.0,0.1900739176346357,0.09503695881731784,0.0,0.0,0.0,0.0,0.0,0.0,0.0,0.0,0.4164909783756485
2025,nwsl::Football_Player::b936d03963c947e7a137521ff4f578b3,R. Reyes,r reyes,Portland Thorns,Defender,2414.0,28,27.0,28.0,1.0,6.0,3,1,0.0,11,7,86.21428571428571,89.4074074074074,0.9642857142857143,0.03571428571428571,0.8942716314225221,0.14913007456503727,0.0,0.4101077050538525,0.2609776304888152,0.0,0.0,0.0,0.0,0.0,0.0,0.0,0.0,0.4723928867321577
2025,nwsl::Football_Player::bdd7739110444a1d831efa276c9e6006,V. Loboa,v loboa,Portland Thorns,Forward,35.0,2,0.0,2.0,2.0,0.0,0,0,0.0,0,0,17.5,0.0,0.0,1.0,0.07673611111111112,0.0,0.0,0.0,0.0,0.0,0.0,0.0,0.0,0.0,0.0,0.0,0.0,0.08750000000000001
2025,nwsl::Football_Player::d2e295e660ac4110bb3ab9be9185c86d,J. Perry,j perry,Portland Thorns,Defender,1305.0,19,14.0,19.0,5.0,1.0,3,1,0.0,4,3,68.6842105263158,93.21428571428571,0.7368421052631579,0.2631578947368421,0.7260367513611615,0.27586206896551724,0.0,0.27586206896551724,0.20689655172413793,0.0,0.0,0.0,0.0,0.0,0.0,0.0,0.0,0.407788868723533
2025,nwsl::Football_Player::d512157412184783822bc2cf21db09bf,R. Turner,r turner,Portland Thorns,Forward,2034.0,27,24.0,27.0,3.0,19.0,6,1,0.0,53,25,75.33333333333333,84.75,0.8888888888888888,0.1111111111111111,0.8342327105866928,0.30973451327433627,0.0,2.3451327433628317,1.1061946902654867,0.0,0.0,0.0,0.0,0.0,0.0,0.0,0.0,0.4998230088495575
2025,nwsl::Football_Player::d5c841dcdea54696979eda5b6d0fbdb6,A. Spaanstra,a spaanstra,Portland Thorns,Forward,594.0,18,7.0,18.0,11.0,7.0,0,1,0.0,7,2,33.0,84.85714285714286,0.3888888888888889,0.6111111111111112,0.4351287878787879,0.15151515151515152,0.0,1.0606060606060606,0.30303030303030304,0.0,0.0,0.0,0.0,0.0,0.0,0.0,0.0,0.22308080808080807
2025,nwsl::Football_Player::dc5b62503b254bc7b911b31b48969494,D. Castellanos,d castellanos,Portland Thorns,Forward,1373.0,23,15.0,23.0,8.0,13.0,2,0,0.0,33,16,59.69565217391305,91.53333333333333,0.6521739130434783,0.34782608695652173,0.6662799231908688,0.13109978150036417,0.0,2.1631463947560086,1.0487982520029133,0.0,0.0,0.0,0.0,0.0,0.0,0.0,0.0,0.3798693752177079
2025,nwsl::Football_Player::e36d5228fd7541d394bb2df04fded14f,O. Moultrie,o moultrie,Portland Thorns,Midfielder,2373.0,28,26.0,28.0,2.0,5.0,8,2,0.0,50,23,84.75,91.26923076923077,0.9285714285714286,0.07142857142857142,0.8857996470712179,0.37926675094816686,0.0,1.8963337547408343,0.8723135271807838,0.0,0.0,0.0,0.0,0.0,0.0,0.0,0.0,0.5501722503160557
2025,nwsl::Football_Player::e3a4b9a720014da8a851e9d8f3892aed,Daiane,daiane,Portland Thorns,Defender,78.0,9,1.0,9.0,8.0,1.0,0,0,0.0,3,1,8.666666666666666,78.0,0.1111111111111111,0.8888888888888888,0.1686758863487135,0.0,0.0,3.4615384615384612,1.1538461538461537,0.0633,0.0,0.0,0.0368,0.0445078125,0.5297000000000001,0.3195,0.2246484375,0.18067874849759613
2025,nwsl::Football_Player::ed733ecaf0804bff9850717131b8cb37,M. Kelley,m kelley,Portland Thorns,Defender,0.0,0,0.0,0.0,0.0,0.0,0,0,0.0,0,0,0.0,0.0,0.0,0.0,0.0,0.0,0.0,0.0,0.0,0.0,0.0,0.0,0.0,0.0,0.0,0.0,0.0,0.0
2025,nwsl::Football_Player::efa33936147948539e131def3f2df42a,M. Vignola,m vignola,Portland Thorns,Defender,1570.0,23,19.0,23.0,4.0,8.0,1,2,0.0,21,6,68.26086956521739,82.63157894736842,0.8260869565217391,0.17391304347826086,0.7724368442105911,0.17197452229299365,0.0,1.2038216560509556,0.3439490445859873,0.0,0.0,0.0,0.0,0.0,0.0,0.0,0.0,0.4072279147050679
2025,nwsl::Football_Player::faf778a5cecc4e5e995574a0ba47a808,S. Hirst,s hirst,Portland Thorns,Midfielder,36.0,3,0.0,3.0,3.0,0.0,0,0,0.0,0,0,12.0,0.0,0.0,1.0,0.06483333333333333,0.0,0.0,0.0,0.0,0.0,0.0,0.0,0.0,0.0,0.0,0.0,0.0,0.06
2025,nwsl::Football_Player::133304d476e84b6cbc5409243d94af4a,T. Flint,t flint,Racing Louisville,Midfielder,2185.0,24,24.0,24.0,0.0,1.0,4,1,0.0,42,16,91.04166666666667,91.04166666666667,1.0,0.0,0.9304233409610984,0.20594965675057209,0.0,1.7299771167048055,0.6590389016018307,0.0,0.0,0.0,0.0,0.0,0.0,0.0,0.0,0.5361556064073226
2025,nwsl::Football_Player::23ce38b9dd0049b59a8ac2321fb8710f,M. DiGrande,m digrande,Racing Louisville,Midfielder,719.0,24,5.0,24.0,19.0,4.0,1,0,0.0,4,4,29.958333333333332,143.8,0.20833333333333334,0.7916666666666666,0.3552256332740946,0.12517385257301808,0.0,0.5006954102920723,0.5006954102920723,0.0,0.0,0.0,0.0,0.0,0.0,0.0,0.0,0.1883869378766806
2025,nwsl::Football_Player::246a5773039447a9aa48ead166b1f174,S. DeMelo,s demelo,Racing Louisville,Midfielder,1416.0,18,17.0,18.0,1.0,8.0,3,2,0.0,32,8,78.66666666666667,83.29411764705883,0.9444444444444444,0.05555555555555555,0.8550767812303829,0.31779661016949157,0.0,2.0338983050847457,0.5084745762711864,0.0,0.0,0.0,0.0,0.0,0.0,0.0,0.0,0.5103884180790961
2025,nwsl::Football_Player::2b1dd3812dc04c7c8f3cdd0b7bae1d4f,L. Milliet,l milliet,Racing Louisville,Midfielder,1640.0,20,17.0,20.0,3.0,0.0,0,1,0.0,7,3,82.0,96.47058823529412,0.85,0.15,0.8249332655826559,0.054878048780487805,0.0,0.38414634146341464,0.16463414634146342,0.0,0.0,0.0,0.0,0.0,0.0,0.0,0.0,0.4310365853658536
2025,nwsl::Football_Player::355380d7c8ac4d0d817699ab64256714,E. Hase,e hase,Racing Louisville,Defender,1578.0,24,18.0,24.0,6.0,11.0,1,1,0.0,9,5,65.75,87.66666666666667,0.75,0.25,0.7249409326151247,0.11406844106463877,0.0,0.5133079847908745,0.28517110266159695,0.0,0.0,0.0,0.0,0.0,0.0,0.0,0.0,0.3653469581749049
2025,nwsl::Football_Player::3b960ea4fb40463695905d6c8a07383e,J. Bloomer,j bloomer,Racing Louisville,Goalkeeper,1920.0,21,21.0,21.0,0.0,0.0,0,0,0.0,0,0,91.42857142857143,91.42857142857143,1.0,0.0,0.9175,0.0,0.0,0.0,0.0,0.0,0.0,0.0,0.0,0.0,0.0,0.0,0.0,0.45
2025,nwsl::Football_Player::41bc212c8b704218a9bdd418e016cfe3,J. Sonis,j sonis,Racing Louisville,Forward,2146.0,27,24.0,27.0,3.0,6.0,3,5,0.0,28,12,79.48148148148148,89.41666666666667,0.8888888888888888,0.1111111111111111,0.8452811681413213,0.33550792171481825,0.0,1.174277726001864,0.5032618825722274,0.0,0.0,0.0,0.0,0.0,0.0,0.0,0.0,0.4966618342480411
2025,nwsl::Football_Player::5c1e1c261d6a4a349b24573eaed3bf49,C. Petersen,c petersen,Racing Louisville,Defender,2105.0,25,23.0,25.0,2.0,2.0,0,4,0.0,10,3,84.2,91.52173913043478,0.92,0.08,0.8679866323568225,0.171021377672209,0.0,0.42755344418052255,0.12826603325415678,0.0,0.0,0.0,0.0,0.0,0.0,0.0,0.0,0.4673182897862233
2025,nwsl::Football_Player::76946e8d1a40476cb7874e813358910c,M. White,m white,Racing Louisville,Goalkeeper,0.0,0,0.0,0.0,0.0,0.0,0,0,0.0,0,0,0.0,0.0,0.0,0.0,0.0,0.0,0.0,0.0,0.0,0.0,0.0,0.0,0.0,0.0,0.0,0.0,0.0,0.0
2025,nwsl::Football_Player::76cb19f0876b4ae7b1bcd2cc804d8709,O. Sekany,o sekany,Racing Louisville,Goalkeeper,0.0,0,0.0,0.0,0.0,0.0,0,0,0.0,0,0,0.0,0.0,0.0,0.0,0.0,0.0,0.0,0.0,0.0,0.0,0.0,0.0,0.0,0.0,0.0,0.0,0.0,0.0
2025,nwsl::Football_Player::7cf959e060cf44b9afda98c1b3c893d9,K. Lund,k lund,Racing Louisville,Goalkeeper,540.0,6,6.0,6.0,0.0,0.0,0,0,0.0,0,0,90.0,90.0,1.0,0.0,0.8125,0.0,0.0,0.0,0.0,0.0,0.0,0.0,0.0,0.0,0.0,0.0,0.0,0.45
2025,nwsl::Football_Player::80578bb876844892bf7fa6822bdb89b3,K. Fischer,k fischer,Racing Louisville,Midfielder,1281.0,22,16.0,22.0,6.0,11.0,4,2,0.0,33,13,58.22727272727273,80.0625,0.7272727272727273,0.2727272727272727,0.7045532875594351,0.4215456674473068,0.0,2.3185011709601877,0.9133489461358314,0.0,0.0,0.0,0.0,0.0,0.0,0.0,0.0,0.43692090696189056
2025,nwsl::Football_Player::83ee7340956c431b81b2caa9373d9e29,S. Weber,s weber,Racing Louisville,Forward,1462.0,26,15.0,26.0,11.0,13.0,3,1,0.0,28,9,56.23076923076923,97.46666666666667,0.5769230769230769,0.4230769230769231,0.6221437294655489,0.24623803009575926,0.0,1.7236662106703147,0.5540355677154583,0.0,0.0,0.0,0.0,0.0,0.0,0.0,0.0,0.3755450910238872
2025,nwsl::Football_Player::86801cb3b86d435abd204659e3a42a0b,A. Kalitta,a kalitta,Racing Louisville,Midfielder,0.0,0,0.0,0.0,0.0,0.0,0,0,0.0,0,0,0.0,0.0,0.0,0.0,0.0,0.0,0.0,0.0,0.0,0.0,0.0,0.0,0.0,0.0,0.0,0.0,0.0,0.0
2025,nwsl::Football_Player::881ea4450d764030a914d1ebbd6bcdd0,E. Pikkujämsä,e pikkujamsa,Racing Louisville,Defender,8.0,1,0.0,1.0,1.0,0.0,0,0,0.0,0,0,8.0,0.0,0.0,1.0,0.035722222222222225,0.0,0.0,0.0,0.0,0.0,0.0,0.0,0.0,0.0,0.0,0.0,0.0,0.04
2025,nwsl::Football_Player::8f646310f20a489f84c92d5c4b831d1b,Ary Borges,ary borges,Racing Louisville,Midfielder,1525.0,22,17.0,22.0,5.0,6.0,1,0,0.0,25,9,69.31818181818181,89.70588235294117,0.7727272727272727,0.22727272727272727,0.7468482587593811,0.05901639344262296,0.0,1.4754098360655739,0.5311475409836066,4.0739,0.4692,0.9404,3.0001,0.2333784246575342,3.2909,0.6375000000000001,0.0327482876712328,0.3771365398773554
2025,nwsl::Football_Player::92d1cf5e3db94396827638ce81a39c55,M. Anderson,m anderson,Racing Louisville,Goalkeeper,0.0,0,0.0,0.0,0.0,0.0,0,0,0.0,0,0,0.0,0.0,0.0,0.0,0.0,0.0,0.0,0.0,0.0,0.0,0.0,0.0,0.0,0.0,0.0,0.0,0.0,0.0
2025,nwsl::Football_Player::9c658c9bfac94ebaa87d167e59315ba9,M. Morris,m morris,Racing Louisville,Forward,1200.0,22,14.0,22.0,8.0,8.0,1,0,0.0,11,5,54.54545454545455,85.71428571428571,0.6363636363636364,0.36363636363636365,0.6342253787878788,0.075,0.0,0.825,0.375,0.0,0.0,0.0,0.0,0.0,0.0,0.0,0.0,0.30897727272727277
2025,nwsl::Football_Player::9f1259fd8ae04a44832edee67142bc05,M. Pokorny,m pokorny,Racing Louisville,Midfielder,0.0,0,0.0,0.0,0.0,0.0,0,0,0.0,0,0,0.0,0.0,0.0,0.0,0.0,0.0,0.0,0.0,0.0,0.0,0.0,0.0,0.0,0.0,0.0,0.0,0.0,0.0
2025,nwsl::Football_Player::b5c8e9ba101f4adf8285e803890332b3,A. George,a george,Racing Louisville,Defender,0.0,0,0.0,0.0,0.0,0.0,0,0,0.0,0,0,0.0,0.0,0.0,0.0,0.0,0.0,0.0,0.0,0.0,0.0,0.0,0.0,0.0,0.0,0.0,0.0,0.0,0.0
2025,nwsl::Football_Player::bffaff3221e0434c85b91e1b35055d0c,K. Wright,k wright,Racing Louisville,Forward,0.0,0,0.0,0.0,0.0,0.0,0,0,0.0,0,0,0.0,0.0,0.0,0.0,0.0,0.0,0.0,0.0,0.0,0.0,0.0,0.0,0.0,0.0,0.0,0.0,0.0,0.0
2025,nwsl::Football_Player::c8f867ab54e845239e4bf43547443cdc,J. Baggett,j baggett,Racing Louisville,Midfielder,0.0,0,0.0,0.0,0.0,0.0,0,0,0.0,0,0,0.0,0.0,0.0,0.0,0.0,0.0,0.0,0.0,0.0,0.0,0.0,0.0,0.0,0.0,0.0,0.0,0.0,0.0
2025,nwsl::Football_Player::d47dced2a50a42ea85c8f0ce564a9746,E. Sears,e sears,Racing Louisville,Forward,2371.0,27,27.0,27.0,0.0,8.0,10,2,0.0,48,27,87.81481481481481,87.81481481481481,1.0,0.0,0.9308582125754791,0.4555040067482075,0.0,1.82201602699283,1.0248840151834668,0.0,0.0,0.0,0.0,0.0,0.0,0.0,0.0,0.5795211428214381
2025,nwsl::Football_Player::d8d8b016d3be4e678ab517c128baefbf,U. Kanu,u kanu,Racing Louisville,Forward,55.0,7,0.0,7.0,7.0,0.0,1,0,0.0,2,2,7.857142857142857,0.0,0.0,1.0,0.12999098124098124,1.6363636363636362,0.0,3.2727272727272725,3.2727272727272725,0.0,0.0,0.0,0.0,0.0,0.0,0.0,0.0,0.37110389610389605
2025,nwsl::Football_Player::df60b4341c11492ab396c85a121dd302,A. Wright,a wright,Racing Louisville,Defender,2030.0,23,22.0,23.0,1.0,1.0,1,2,0.0,11,3,88.26086956521739,92.27272727272727,0.9565217391304348,0.043478260869565216,0.8977847385830895,0.1330049261083744,0.0,0.48768472906403937,0.1330049261083744,0.0,0.0,0.0,0.0,0.0,0.0,0.0,0.0,0.48120582565859926
2025,nwsl::Football_Player::e036a5e038a341b2b45efc0d58587acf,K. O'Kane,k o kane,Racing Louisville,Forward,1456.0,27,17.0,27.0,10.0,16.0,1,3,0.0,15,6,53.925925925925924,85.6470588235294,0.6296296296296297,0.37037037037037035,0.6347756565707955,0.24725274725274726,0.0,0.9271978021978022,0.3708791208791209,0.0,0.0,0.0,0.0,0.0,0.0,0.0,0.0,0.34432056369556374
2025,nwsl::Football_Player::ea0ca2901fc54a9ab9db3ee34a935935,Á. Barón,a baron,Racing Louisville,Defender,0.0,0,0.0,0.0,0.0,0.0,0,0,0.0,0,0,0.0,0.0,0.0,0.0,0.0,0.0,0.0,0.0,0.0,0.0,0.0,0.0,0.0,0.0,0.0,0.0,0.0,0.0
2025,nwsl::Football_Player::f944dbf34fc14b0895cdfa68155404bb,E. Jean,e jean,Racing Louisville,Defender,2190.0,24,24.0,24.0,0.0,0.0,1,0,0.0,3,1,91.25,91.25,1.0,0.0,0.9192465753424657,0.04109589041095891,0.0,0.12328767123287672,0.04109589041095891,0.0,0.0,0.0,0.0,0.0,0.0,0.0,0.0,0.46164383561643835
2025,nwsl::Football_Player::ffba3a1b23c24750805ee8ef67bccd4c,B. Balcer,b balcer,Racing Louisville,Forward,71.0,12,0.0,12.0,12.0,0.0,1,1,0.0,6,2,5.916666666666667,0.0,0.0,1.0,0.1633726851851852,2.535211267605634,0.0,7.605633802816902,2.535211267605634,0.0,0.0,0.0,0.0,0.0,0.0,0.0,0.0,0.3795833333333334
2025,nwsl::Football_Player::0b7dc204715446a4840b8b7ab0656d94,V. Latsko,v latsko,Reign,Forward,0.0,0,0.0,0.0,0.0,0.0,0,0,0.0,0,0,0.0,0.0,0.0,0.0,0.0,0.0,0.0,0.0,0.0,0.0,0.0,0.0,0.0,0.0,0.0,0.0,0.0,0.0
2025,nwsl::Football_Player::0f93689de469461794839aa64ece8f04,O. Van der Jagt,o van der jagt,Reign,Midfielder,19.0,3,0.0,3.0,3.0,0.0,0,0,0.0,0,0,6.333333333333333,0.0,0.0,1.0,0.04484259259259259,0.0,0.0,0.0,0.0,0.0,0.0,0.0,0.0,0.0,0.0,0.0,0.0,0.03166666666666667
2025,nwsl::Football_Player::137ddc3c3af240c994cfb14956f39872,S. Meza,s meza,Reign,Midfielder,2044.0,27,22.0,27.0,5.0,4.0,0,2,0.0,4,2,75.70370370370371,92.9090909090909,0.8148148148148148,0.18518518518518517,0.7871449369025473,0.08806262230919765,0.0,0.1761252446183953,0.08806262230919765,0.0,0.0,0.0,0.0,0.0,0.0,0.0,0.0,0.4012680292817279
2025,nwsl::Football_Player::3aad08025f18445aba5e756180fa19cf,H. Glas,h glas,Reign,Defender,1.0,1,0.0,1.0,1.0,0.0,0,0,0.0,0,0,1.0,0.0,0.0,1.0,0.011027777777777779,0.0,0.0,0.0,0.0,0.0,0.0,0.0,0.0,0.0,0.0,0.0,0.0,0.005
2025,nwsl::Football_Player::3bc373314f634a4aad24e6ecb5847dde,R. Brown,r brown,Reign,Defender,0.0,0,0.0,0.0,0.0,0.0,0,0,0.0,0,0,0.0,0.0,0.0,0.0,0.0,0.0,0.0,0.0,0.0,0.0,0.0,0.0,0.0,0.0,0.0,0.0,0.0,0.0
2025,nwsl::Football_Player::3d7fa6dd511f4628bc8d8784ab7574fd,C. Miller,c miller,Reign,Goalkeeper,0.0,0,0.0,0.0,0.0,0.0,0,0,0.0,0,0,0.0,0.0,0.0,0.0,0.0,0.0,0.0,0.0,0.0,0.0,0.0,0.0,0.0,0.0,0.0,0.0,0.0,0.0
2025,nwsl::Football_Player::443cefb274fa4bf8858e26051786d10e,S. Holmes,s holmes,Reign,Defender,831.0,16,8.0,16.0,8.0,3.0,1,0,0.0,2,1,51.9375,103.875,0.5,0.5,0.5324207092358604,0.10830324909747294,0.0,0.21660649819494587,0.10830324909747294,0.0,0.0,0.0,0.0,0.0,0.0,0.0,0.0,0.2876658393501805
2025,nwsl::Football_Player::47a580b9d9a64b508d4edde164580fb4,P. McClernon,p mcclernon,Reign,Defender,2257.0,26,25.0,26.0,1.0,2.0,0,0,0.0,0,0,86.8076923076923,90.28,0.9615384615384616,0.038461538461538464,0.8889305555555557,0.0,0.0,0.0,0.0,0.0,0.0,0.0,0.0,0.0,0.0,0.0,0.0,0.43403846153846154
2025,nwsl::Football_Player::48f5de8d0ac445c98d86b0485af36ad0,A. Crnogorčević,a crnogorcevic,Reign,Forward,389.0,12,5.0,12.0,7.0,5.0,0,0,0.0,3,0,32.416666666666664,77.8,0.4166666666666667,0.5833333333333334,0.39446162405979246,0.0,0.0,0.6940874035989718,0.0,0.0,0.0,0.0,0.0,0.0,0.0,0.0,0.0,0.17943551842330763
2025,nwsl::Football_Player::4bd84fd5cceb4538a556a4b9eb250841,S. Huerta,s huerta,Reign,Defender,1260.0,14,14.0,14.0,0.0,0.0,1,1,0.0,8,2,90.0,90.0,1.0,0.0,0.8791071428571428,0.14285714285714285,0.0,0.5714285714285714,0.14285714285714285,0.0,0.0,0.0,0.0,0.0,0.0,0.0,0.0,0.49404761904761907
2025,nwsl::Football_Player::4d0fda5a57784bf59bcc4e1caa463716,M. Mercado,m mercado,Reign,Midfielder,640.0,15,7.0,15.0,8.0,5.0,0,1,0.0,10,6,42.666666666666664,91.42857142857143,0.4666666666666667,0.5333333333333333,0.48268648726851854,0.140625,0.0,1.40625,0.84375,0.0,0.0,0.0,0.0,0.0,0.0,0.0,0.0,0.2777864583333334
2025,nwsl::Football_Player::5ae4cbaf5a2f45eaa9c280ff2b6cec7f,L. Barnes,l barnes,Reign,Defender,1376.0,21,17.0,21.0,4.0,12.0,0,1,0.0,0,0,65.52380952380952,80.94117647058823,0.8095238095238095,0.19047619047619047,0.7474831214624093,0.06540697674418604,0.0,0.0,0.0,0.0,0.0,0.0,0.0,0.0,0.0,0.0,0.0,0.34124550110741975
2025,nwsl::Football_Player::5d76f50c58f34b00a7bd574b12c70c94,J. Fishlock,j fishlock,Reign,Midfielder,847.0,18,8.0,18.0,10.0,8.0,6,2,0.0,20,9,47.05555555555556,105.875,0.4444444444444444,0.5555555555555556,0.5355351913798883,0.8500590318772137,0.0,2.125147579693034,0.9563164108618654,0.0,0.0,0.0,0.0,0.0,0.0,0.0,0.0,0.4655020989111898
2025,nwsl::Football_Player::72af8c4018b84dad9a4148ff1f920398,J. Huitema,j huitema,Reign,Forward,1591.0,23,19.0,23.0,4.0,11.0,3,1,0.0,21,13,69.17391304347827,83.73684210526316,0.8260869565217391,0.17391304347826086,0.7772950936275002,0.2262727844123193,0.0,1.1879321181646763,0.7353865493400378,0.0,0.0,0.0,0.0,0.0,0.0,0.0,0.0,0.42270803159074144
2025,nwsl::Football_Player::72c994fd6bc3415a818f19aed4abf9a6,S. Menti,s menti,Reign,Midfielder,999.0,16,10.0,16.0,6.0,6.0,1,1,0.0,9,5,62.4375,99.9,0.625,0.375,0.6301867961711712,0.1801801801801802,0.0,0.8108108108108109,0.45045045045045046,0.0,0.0,0.0,0.0,0.0,0.0,0.0,0.0,0.3699953078078078
2025,nwsl::Football_Player::8d06de6ab11f478e863e0180023cd152,M. Curry,m curry,Reign,Defender,2166.0,27,25.0,27.0,2.0,7.0,0,1,0.0,8,2,80.22222222222223,86.64,0.9259259259259259,0.07407407407407407,0.8522178533565884,0.04155124653739612,0.0,0.33240997229916897,0.08310249307479224,0.0,0.0,0.0,0.0,0.0,0.0,0.0,0.0,0.4180778701138812
2025,nwsl::Football_Player::8f4b9e9f052c46379e9e68e9c50e9f96,M. Cluff,m cluff,Reign,Midfielder,150.0,7,1.0,7.0,6.0,1.0,0,0,0.0,0,0,21.428571428571427,150.0,0.14285714285714285,0.8571428571428571,0.19238095238095237,0.0,0.0,0.0,0.0,0.0,0.0,0.0,0.0,0.0,0.0,0.0,0.0,0.10714285714285714
2025,nwsl::Football_Player::996bf315d3dc4e479053da3ea31925ff,N. Mondésir,n mondesir,Reign,Forward,1085.0,21,12.0,21.0,9.0,10.0,0,0,0.0,5,2,51.666666666666664,90.41666666666667,0.5714285714285714,0.42857142857142855,0.5909666752005461,0.0,0.0,0.4147465437788018,0.16589861751152074,0.0,0.0,0.0,0.0,0.0,0.0,0.0,0.0,0.2687019969278034
2025,nwsl::Football_Player::a439341551034a09972c0d4efd10ccc0,E. Mason,e mason,Reign,Defender,255.0,12,2.0,12.0,10.0,1.0,0,0,0.0,0,0,21.25,127.5,0.16666666666666666,0.8333333333333334,0.23996527777777776,0.0,0.0,0.0,0.0,0.0,0.0,0.0,0.0,0.0,0.0,0.0,0.0,0.10625
2025,nwsl::Football_Player::a505f94b288c42c1b3eec0541bd5063e,J. Lester,j lester,Reign,Defender,0.0,0,0.0,0.0,0.0,0.0,0,0,0.0,0,0,0.0,0.0,0.0,0.0,0.0,0.0,0.0,0.0,0.0,0.0,0.0,0.0,0.0,0.0,0.0,0.0,0.0,0.0
2025,nwsl::Football_Player::aaf2552ae4c54dcfa1ec352db94d8b0f,E. Adames,e adames,Reign,Forward,1010.0,22,11.0,22.0,11.0,9.0,6,0,0.0,21,13,45.90909090909091,91.81818181818181,0.5,0.5,0.5606823182318231,0.5346534653465347,0.0,1.8712871287128714,1.1584158415841586,0.0,0.0,0.0,0.0,0.0,0.0,0.0,0.0,0.3877137713771377
2025,nwsl::Football_Player::b197886583034c96945c5e1c418bbf5c,M. Prohaska,m prohaska,Reign,Goalkeeper,0.0,0,0.0,0.0,0.0,0.0,0,0,0.0,0,0,0.0,0.0,0.0,0.0,0.0,0.0,0.0,0.0,0.0,0.0,0.0,0.0,0.0,0.0,0.0,0.0,0.0,0.0
2025,nwsl::Football_Player::b5447fcc30e6483b9b81e2d3cd9e3749,M. Fishel,m fishel,Reign,Forward,348.0,12,4.0,12.0,8.0,4.0,0,0,0.0,5,3,29.0,87.0,0.3333333333333333,0.6666666666666666,0.34715469348659006,0.0,0.0,1.293103448275862,0.7758620689655172,0.0,0.0,0.0,0.0,0.0,0.0,0.0,0.0,0.17732758620689656
2025,nwsl::Football_Player::b8fb5ce847ca49b2a581724e284dfd10,J. Bugg,j bugg,Reign,Defender,2241.0,26,25.0,26.0,1.0,2.0,3,0,0.0,7,4,86.1923076923077,89.64,0.9615384615384616,0.038461538461538464,0.8915788924930492,0.12048192771084339,0.0,0.28112449799196787,0.1606425702811245,0.0,0.0,0.0,0.0,0.0,0.0,0.0,0.0,0.46309005251776336
2025,nwsl::Football_Player::c29a2b0fb20147b1a49d5e9dc55afdf1,A. McCammon,a mccammon,Reign,Midfielder,639.0,17,8.0,17.0,9.0,6.0,1,0,0.0,5,1,37.588235294117645,79.875,0.47058823529411764,0.5294117647058824,0.4789099005799503,0.14084507042253522,0.0,0.7042253521126761,0.14084507042253522,0.0,0.0,0.0,0.0,0.0,0.0,0.0,0.0,0.2348895332781
2025,nwsl::Football_Player::d48ecbd1e5b54125a1199c9f748fa1d3,M. Dahlien,m dahlien,Reign,Forward,1863.0,27,21.0,27.0,6.0,13.0,4,4,0.0,32,23,69.0,88.71428571428571,0.7777777777777778,0.2222222222222222,0.7612910628019325,0.3864734299516908,0.0,1.5458937198067633,1.1111111111111112,0.0,0.0,0.0,0.0,0.0,0.0,0.0,0.0,0.46416264090177134
2025,nwsl::Football_Player::db70ea2c9700442ba12c8efb0965e90c,N. Purcell,n purcell,Reign,Goalkeeper,0.0,0,0.0,0.0,0.0,0.0,0,0,0.0,0,0,0.0,0.0,0.0,0.0,0.0,0.0,0.0,0.0,0.0,0.0,0.0,0.0,0.0,0.0,0.0,0.0,0.0,0.0
2025,nwsl::Football_Player::e16bea53ecd54bb190f6c8d13996d550,Ji So-Yun,ji so yun,Reign,Midfielder,752.0,13,9.0,13.0,4.0,8.0,2,2,0.0,5,2,57.84615384615385,83.55555555555556,0.6923076923076923,0.3076923076923077,0.6268159973147834,0.4787234042553191,0.0,0.5984042553191489,0.23936170212765956,1.462,1.0571,1.4899,0.9787,0.2764865853658536,1.2839,-0.1895,-0.0207987804878048,0.3806251672837412
2025,nwsl::Football_Player::e58cc03e05a54a28bf3133ec9c1a3632,C. Dickey,c dickey,Reign,Goalkeeper,2430.0,27,27.0,27.0,0.0,0.0,0,0,0.0,0,0,90.0,90.0,1.0,0.0,0.9175,0.0,0.0,0.0,0.0,0.0,0.0,0.0,0.0,0.0,0.0,0.0,0.0,0.45
2025,nwsl::Football_Player::f3e1a521ef4f4f24bd0ee3fb985ec265,L. Biyendolo,l biyendolo,Reign,Forward,791.0,13,7.0,13.0,6.0,4.0,2,1,0.0,9,6,60.84615384615385,113.0,0.5384615384615384,0.46153846153846156,0.568966354933169,0.34134007585335013,0.0,1.0240202275600505,0.6826801517067003,0.0,0.0,0.0,0.0,0.0,0.0,0.0,0.0,0.40094379072255176
2025,nwsl::Football_Player::fc2865906ac34d6abfa98c9a8dc14f52,A. James-Turner,a james turner,Reign,Midfielder,896.0,14,11.0,14.0,3.0,6.0,0,0,0.0,0,0,64.0,81.45454545454545,0.7857142857142857,0.21428571428571427,0.6843492063492064,0.0,0.0,0.0,0.0,0.0,0.0,0.0,0.0,0.0,0.0,0.0,0.0,0.32
2025,nwsl::Football_Player::0921bc35fd9b47eab084c197942ce43d,L. Gogal,l gogal,Royals,Defender,0.0,0,0.0,0.0,0.0,0.0,0,0,0.0,0,0,0.0,0.0,0.0,0.0,0.0,0.0,0.0,0.0,0.0,0.0,0.0,0.0,0.0,0.0,0.0,0.0,0.0,0.0
2025,nwsl::Football_Player::0d2b0629ed6b43b8ae5e01f2d88fa515,B. St-Georges,b st georges,Royals,Forward,1054.0,22,11.0,22.0,11.0,10.0,3,0,0.0,21,12,47.90909090909091,95.81818181818181,0.5,0.5,0.5587422277806529,0.25616698292220114,0.0,1.793168880455408,1.0246679316888045,0.0,0.0,0.0,0.0,0.0,0.0,0.0,0.0,0.337742797998965
2025,nwsl::Football_Player::0fc6e8c0cd724c14b06c64c27c8331e6,C. Kizer,c kizer,Royals,Forward,448.0,13,5.0,13.0,8.0,5.0,1,0,0.0,5,5,34.46153846153846,89.6,0.38461538461538464,0.6153846153846154,0.4021942155067156,0.20089285714285715,0.0,1.0044642857142856,1.0044642857142856,0.0,0.0,0.0,0.0,0.0,0.0,0.0,0.0,0.23927197802197805
2025,nwsl::Football_Player::10444fea4ff6483da41b77457cf2cbac,M. McGlynn,m mcglynn,Royals,Goalkeeper,2160.0,24,24.0,24.0,0.0,0.0,0,1,0.0,0,0,90.0,90.0,1.0,0.0,0.9188020833333334,0.041666666666666664,0.0,0.0,0.0,0.0,0.0,0.0,0.0,0.0,0.0,0.0,0.0,0.4586805555555556
2025,nwsl::Football_Player::154f6fabca234dccbdd62b2b2d5e7e08,M. Pogarch,m pogarch,Royals,Defender,735.0,18,5.0,18.0,13.0,3.0,0,0,0.0,1,0,40.833333333333336,147.0,0.2777777777777778,0.7222222222222222,0.4045101095993953,0.0,0.0,0.12244897959183675,0.0,0.0,0.0,0.0,0.0,0.0,0.0,0.0,0.0,0.20722789115646262
2025,nwsl::Football_Player::1831477a3c36448590e035c74b7f37ad,A. Boyan,a boyan,Royals,Midfielder,0.0,0,0.0,0.0,0.0,0.0,0,0,0.0,0,0,0.0,0.0,0.0,0.0,0.0,0.0,0.0,0.0,0.0,0.0,0.0,0.0,0.0,0.0,0.0,0.0,0.0,0.0
2025,nwsl::Football_Player::341dc1ea4fd04ccf89d8aac5f0479789,C. Roque,c roque,Royals,Goalkeeper,0.0,0,0.0,0.0,0.0,0.0,0,0,0.0,0,0,0.0,0.0,0.0,0.0,0.0,0.0,0.0,0.0,0.0,0.0,0.0,0.0,0.0,0.0,0.0,0.0,0.0,0.0
2025,nwsl::Football_Player::36b39ad2f2ba41e5afba3d9e006b413f,D. Foederer,d foederer,Royals,Midfielder,1047.0,24,10.0,24.0,14.0,7.0,0,0,0.0,3,0,43.625,104.7,0.4166666666666667,0.5833333333333334,0.49236635426615727,0.0,0.0,0.25787965616045844,0.0,0.0,0.0,0.0,0.0,0.0,0.0,0.0,0.0,0.22457199140401146
2025,nwsl::Football_Player::36e47aba3dad462e96c93a1997020517,S. Jones,s jones,Royals,Defender,6.0,1,0.0,1.0,1.0,0.0,0,0,0.0,0,0,6.0,0.0,0.0,1.0,0.028666666666666667,0.0,0.0,0.0,0.0,0.0,0.0,0.0,0.0,0.0,0.0,0.0,0.0,0.03
2025,nwsl::Football_Player::3a45298a6ded492baa53c54797a41912,M. Tanaka,m tanaka,Royals,Forward,1991.0,23,22.0,23.0,1.0,3.0,6,1,0.0,35,20,86.56521739130434,90.5,0.9565217391304348,0.043478260869565216,0.901638828229448,0.3164239075841286,0.0,1.5821195379206427,0.9040683073832244,0.0,0.0,0.0,0.0,0.0,0.0,0.0,0.0,0.5383007228178979
2025,nwsl::Football_Player::41a5277f439b4063aa41d7f902111d8a,B. Mozingo,b mozingo,Royals,Forward,1170.0,23,13.0,23.0,10.0,8.0,3,0,0.0,20,10,50.869565217391305,90.0,0.5652173913043478,0.43478260869565216,0.5967851170568561,0.23076923076923078,0.0,1.5384615384615385,0.7692307692307693,0.0,0.0,0.0,0.0,0.0,0.0,0.0,0.0,0.34088628762541806
2025,nwsl::Football_Player::446bca9a37f94c40b40ff500f4dd6870,K. Riehl,k riehl,Royals,Defender,831.0,12,10.0,12.0,2.0,2.0,1,1,0.0,1,1,69.25,83.1,0.8333333333333334,0.16666666666666666,0.7164737013638186,0.21660649819494587,0.0,0.10830324909747294,0.10830324909747294,0.0,0.0,0.0,0.0,0.0,0.0,0.0,0.0,0.39408393501805056
2025,nwsl::Football_Player::6f8212aec8f14cdbbd061c7129d3dc20,K. Del Fava,k del fava,Royals,Defender,2340.0,26,26.0,26.0,0.0,0.0,0,1,0.0,8,0,90.0,90.0,1.0,0.0,0.9198557692307692,0.038461538461538464,0.0,0.3076923076923077,0.0,0.0,0.0,0.0,0.0,0.0,0.0,0.0,0.0,0.4657051282051282
2025,nwsl::Football_Player::7a2bf11dc5f145d79c84fea37bec2854,D. Jackson,d jackson,Royals,Goalkeeper,0.0,0,0.0,0.0,0.0,0.0,0,0,0.0,0,0,0.0,0.0,0.0,0.0,0.0,0.0,0.0,0.0,0.0,0.0,0.0,0.0,0.0,0.0,0.0,0.0,0.0,0.0
2025,nwsl::Football_Player::7df864b150be44a58be51599cfd7dd80,L. Prašnikar,l prasnikar,Royals,Forward,205.0,5,1.0,5.0,4.0,0.0,0,1,0.0,4,1,41.0,205.0,0.2,0.8,0.2924437669376694,0.43902439024390244,0.0,1.7560975609756098,0.43902439024390244,0.0,0.0,0.0,0.0,0.0,0.0,0.0,0.0,0.34036585365853655
2025,nwsl::Football_Player::7e3b0553c64647e08f67a506671f83e0,Claudia Zornoza,claudia zornoza,Royals,Midfielder,1999.0,24,24.0,24.0,0.0,6.0,1,2,0.0,29,10,83.29166666666667,83.29166666666667,1.0,0.0,0.8923844323322934,0.13506753376688344,0.0,1.3056528264132066,0.4502251125562781,0.8299000000000001,2.3524,0.9427,0.4871,0.126672711189739,2.1473000000000004,-0.6141000000000001,-0.0244444935869084,0.4067912772770175
2025,nwsl::Football_Player::7fc702ff232644208fc4c5d6841f46d6,T. Milazzo,t milazzo,Royals,Defender,0.0,0,0.0,0.0,0.0,0.0,0,0,0.0,0,0,0.0,0.0,0.0,0.0,0.0,0.0,0.0,0.0,0.0,0.0,0.0,0.0,0.0,0.0,0.0,0.0,0.0,0.0
2025,nwsl::Football_Player::87f8bf57a0ed4238a026b49f9c2b276d,M. Justus,m justus,Royals,Goalkeeper,180.0,2,2.0,2.0,0.0,0.0,0,0,0.0,0,0,90.0,90.0,1.0,0.0,0.7825,0.0,0.0,0.0,0.0,0.0,0.0,0.0,0.0,0.0,0.0,0.0,0.0,0.45
2025,nwsl::Football_Player::8ced72b131844bca97a4728d075472a2,A. Nagai,a nagai,Royals,Midfielder,582.0,11,7.0,11.0,4.0,7.0,0,0,0.0,1,0,52.90909090909091,83.14285714285714,0.6363636363636364,0.36363636363636365,0.556095048422368,0.0,0.0,0.15463917525773196,0.0,0.0,0.0,0.0,0.0,0.0,0.0,0.0,0.0,0.26841143392689787
2025,nwsl::Football_Player::96199c0cfb7245f6b6460174fb25883b,Ana Tejada,ana tejada,Royals,Defender,1674.0,23,20.0,23.0,3.0,8.0,0,0,0.0,4,0,72.78260869565217,83.7,0.8695652173913043,0.13043478260869565,0.7889582185297437,0.0,0.0,0.2150537634408602,0.0,0.2143,0.7551,0.0,0.1485,0.0461131078224101,0.9658,-1.3048000000000002,-0.0620676532769556,0.30319971773452253
2025,nwsl::Football_Player::a5495110a1614676bdd04a42f6068041,Nuria Rábano,nuria rabano,Royals,Defender,1630.0,22,21.0,22.0,1.0,10.0,0,2,0.0,4,0,74.0909090909091,77.61904761904762,0.9545454545454546,0.045454545454545456,0.8350547173175032,0.11042944785276074,0.0,0.22085889570552147,0.0,0.0893,1.0437,0.0,0.1052,0.0553282691264243,1.4698,-0.8467,-0.0413472599023331,0.3313412130931194
2025,nwsl::Football_Player::aca824486f9b4663bf4118794d4719c8,J. Thomsen,j thomsen,Royals,Midfielder,1819.0,26,20.0,26.0,6.0,11.0,3,0,0.0,17,7,69.96153846153847,90.95,0.7692307692307693,0.23076923076923078,0.7507553501031374,0.148433205057724,0.0,0.8411214953271028,0.34634414513468936,0.0,0.0,0.0,0.0,0.0,0.0,0.0,0.0,0.4017593140778958
2025,nwsl::Football_Player::e7a9fbdec57f4170a210600e753dcb67,A. Solórzano,a solorzano,Royals,Forward,1098.0,20,15.0,20.0,5.0,15.0,1,0,0.0,11,4,54.9,73.2,0.75,0.25,0.6871176229508197,0.0819672131147541,0.0,0.9016393442622951,0.3278688524590164,0.0,0.0,0.0,0.0,0.0,0.0,0.0,0.0,0.3141174863387978
2025,nwsl::Football_Player::ea630eb197bb4762b4b8b4c1b7ef363c,C. Lacasse,c lacasse,Royals,Forward,706.0,12,8.0,12.0,4.0,8.0,1,1,0.0,8,6,58.833333333333336,88.25,0.6666666666666666,0.3333333333333333,0.6093427106284754,0.254957507082153,0.0,1.019830028328612,0.764872521246459,0.0,0.0,0.0,0.0,0.0,0.0,0.0,0.0,0.3727785646836639
2025,nwsl::Football_Player::ee89f16715e14d0aa82ae3955b5a883a,K. Ream,k ream,Royals,Forward,174.0,9,1.0,9.0,8.0,1.0,1,0,0.0,3,1,19.333333333333332,174.0,0.1111111111111111,0.8888888888888888,0.20768646232439336,0.5172413793103449,0.0,1.5517241379310345,0.5172413793103449,0.0,0.0,0.0,0.0,0.0,0.0,0.0,0.0,0.2432183908045977
2025,nwsl::Football_Player::f02a507bde074f68ac65cbd2ac77104b,P. Monaghan,p monaghan,Royals,Forward,1065.0,16,14.0,16.0,2.0,11.0,5,2,0.0,20,12,66.5625,76.07142857142857,0.875,0.125,0.7733916519953051,0.5915492957746479,0.0,1.6901408450704225,1.0140845070422535,0.0,0.0,0.0,0.0,0.0,0.0,0.0,0.0,0.4983054577464789
2025,nwsl::Football_Player::f34cb0fac68445bf95cc5baec18f7044,I. Dorsey,i dorsey,Royals,Defender,644.0,17,5.0,17.0,12.0,3.0,0,0,0.0,4,2,37.88235294117647,128.8,0.29411764705882354,0.7058823529411765,0.39558973734421304,0.0,0.0,0.5590062111801242,0.2795031055900621,0.0,0.0,0.0,0.0,0.0,0.0,0.0,0.0,0.20338691998538547
2025,nwsl::Football_Player::f69d180a0c6e459586b0a47e2d6536e9,A. Loera,a loera,Royals,Midfielder,6.0,1,0.0,1.0,1.0,0.0,0,0,0.0,1,0,6.0,0.0,0.0,1.0,0.043666666666666666,0.0,0.0,15.0,0.0,0.0,0.0,0.0,0.0,0.0,0.0,0.0,0.0,0.13
2025,nwsl::Football_Player::f6b493b31de74f559b78c0c4e54cd8ec,M. Fraser,m fraser,Royals,Forward,189.0,5,2.0,5.0,3.0,2.0,0,0,0.0,3,1,37.8,94.5,0.4,0.6,0.3562071428571429,0.0,0.0,1.4285714285714286,0.47619047619047616,0.0,0.0,0.0,0.0,0.0,0.0,0.0,0.0,0.22471428571428573
2025,nwsl::Football_Player::f82c662617024a8b8a6aa948314a6b79,A. Guzmán,a guzman,Royals,Defender,74.0,5,0.0,5.0,5.0,0.0,0,0,0.0,1,0,14.8,0.0,0.0,1.0,0.09427192192192191,0.0,0.0,1.2162162162162162,0.0,0.0,0.0,0.0,0.0,0.0,0.0,0.0,0.0,0.10440540540540541
2025,nwsl::Football_Player::f961e0cf2d5b4f44933a01d3e26748f6,L. Flynn,l flynn,Royals,Defender,653.0,9,6.0,9.0,3.0,1.0,0,0,0.0,1,0,72.55555555555556,108.83333333333333,0.6666666666666666,0.3333333333333333,0.6239767218724594,0.0,0.0,0.13782542113323124,0.0,0.0,0.0,0.0,0.0,0.0,0.0,0.0,0.0,0.3662234133061085
2025,nwsl::Football_Player::1268d947a78745e2b8b6781630220406,J. Fusco,j fusco,SD Wave,Midfielder,132.0,8,0.0,8.0,8.0,0.0,0,0,0.0,2,1,16.5,0.0,0.0,1.0,0.1233219696969697,0.0,0.0,1.3636363636363638,0.6818181818181819,0.0,0.0,0.0,0.0,0.0,0.0,0.0,0.0,0.11659090909090908
2025,nwsl::Football_Player::169fa964031141e98831884983375011,S. McCaskill,s mccaskill,SD Wave,Midfielder,1794.0,21,20.0,21.0,1.0,3.0,1,0,0.0,5,3,85.42857142857143,89.7,0.9523809523809523,0.047619047619047616,0.8824528056484578,0.05016722408026756,0.0,0.2508361204013378,0.1505016722408027,0.0,0.0,0.0,0.0,0.0,0.0,0.0,0.0,0.44386526516961305
2025,nwsl::Football_Player::2072dda1891b4686bcb4444811bb1a45,H. Lundkvist,h lundkvist,SD Wave,Defender,2228.0,27,25.0,27.0,2.0,8.0,1,3,0.0,5,1,82.51851851851852,89.12,0.9259259259259259,0.07407407407407407,0.8635804399302555,0.1615798922800718,0.0,0.20197486535008977,0.04039497307001795,0.0,0.0,0.0,0.0,0.0,0.0,0.0,0.0,0.4513044417846931
2025,nwsl::Football_Player::2c448e6ce8624c9c983fe177032cd791,M. Robbe,m robbe,SD Wave,Forward,513.0,22,4.0,22.0,18.0,4.0,1,0,0.0,14,5,23.318181818181817,128.25,0.18181818181818182,0.8181818181818182,0.32877252791068584,0.17543859649122806,0.0,2.456140350877193,0.8771929824561403,0.0,0.0,0.0,0.0,0.0,0.0,0.0,0.0,0.2145441254651781
2025,nwsl::Football_Player::332d7efe4fb24703b248508fd29b4575,T. Armstrong,t armstrong,SD Wave,Defender,1673.0,24,18.0,24.0,6.0,1.0,1,2,0.0,10,4,69.70833333333333,92.94444444444444,0.75,0.25,0.7404761787153262,0.16138673042438734,0.0,0.5379557680812911,0.21518230723251644,0.0,0.0,0.0,0.0,0.0,0.0,0.0,0.0,0.39561279637377966
2025,nwsl::Football_Player::3f078157c6f841eabb9c5fa16ca7e4ef,N. Harrison,n harrison,SD Wave,Defender,1.0,1,0.0,1.0,1.0,0.0,0,0,0.0,0,0,1.0,0.0,0.0,1.0,0.011027777777777779,0.0,0.0,0.0,0.0,0.0,0.0,0.0,0.0,0.0,0.0,0.0,0.0,0.005
2025,nwsl::Football_Player::444e4e5d84d248e2841030cc724d2ffc,K. Wesley,k wesley,SD Wave,Defender,1869.0,23,21.0,23.0,2.0,2.0,1,0,0.0,11,3,81.26086956521739,89.0,0.9130434782608695,0.08695652173913043,0.8510310268220626,0.048154093097913325,0.0,0.5296950240770466,0.14446227929373998,0.0,0.0,0.0,0.0,0.0,0.0,0.0,0.0,0.42957882615674503
2025,nwsl::Football_Player::52f13396556b4dad93f22030d00cbf8b,Dudinha,dudinha,SD Wave,Forward,743.0,11,8.0,11.0,3.0,7.0,5,0,0.0,12,9,67.54545454545455,92.875,0.7272727272727273,0.2727272727272727,0.666193502084966,0.6056527590847913,0.0,1.4535666218034993,1.0901749663526243,1.434,0.9357,2.1493,0.8028000000000001,0.2538964285714285,2.2825,0.2726,0.0292071428571428,0.45863008123984017
2025,nwsl::Football_Player::583d70dd21834706a148dce28ddc398d,C. Okwuchukwu,c okwuchukwu,SD Wave,Forward,144.0,3,1.0,3.0,2.0,1.0,1,0,0.0,1,1,48.0,144.0,0.3333333333333333,0.6666666666666666,0.36370833333333336,0.625,0.0,0.625,0.625,0.0,0.0,0.0,0.0,0.0,0.0,0.0,0.0,0.38583333333333336
2025,nwsl::Football_Player::7889416222d54fb7b5a5cd40c9d35985,E. Favour,e favour,SD Wave,Midfielder,70.0,2,1.0,2.0,1.0,1.0,0,0,0.0,0,0,35.0,70.0,0.5,0.5,0.36347222222222225,0.0,0.0,0.0,0.0,0.0,0.0,0.0,0.0,0.0,0.0,0.0,0.0,0.17500000000000002
2025,nwsl::Football_Player::78cf15f1649f4f158f04d3037cc2750f,L. Fazer,l fazer,SD Wave,Midfielder,621.0,10,7.0,10.0,3.0,2.0,0,0,0.0,1,0,62.1,88.71428571428571,0.7,0.3,0.6096184782608696,0.0,0.0,0.14492753623188406,0.0,0.0,0.0,0.0,0.0,0.0,0.0,0.0,0.0,0.3141231884057971
2025,nwsl::Football_Player::7a3d8828fb0941f88dd72a728f9f61e4,K. Sheridan,k sheridan,SD Wave,Goalkeeper,2280.0,25,25.0,25.0,0.0,0.0,0,0,0.0,0,0,91.2,91.2,1.0,0.0,0.9175,0.0,0.0,0.0,0.0,0.0,0.0,0.0,0.0,0.0,0.0,0.0,0.0,0.45
2025,nwsl::Football_Player::8462f50f7bcd4b358debc2d680f919a6,D. Cascarino,d cascarino,SD Wave,Forward,2089.0,25,24.0,25.0,1.0,11.0,5,6,0.0,30,18,83.56,87.04166666666667,0.96,0.04,0.896437645338014,0.4739109621828626,0.0,1.292484442316898,0.7754906653901388,0.0,0.0,0.0,0.0,0.0,0.0,0.0,0.0,0.5488435615126854
2025,nwsl::Football_Player::8b7f1c9204e34fc58010e0d9778c064d,M. Sánchez,m sanchez,SD Wave,Midfielder,574.0,12,7.0,12.0,5.0,7.0,3,2,0.0,11,8,47.833333333333336,82.0,0.5833333333333334,0.4166666666666667,0.5522122693250742,0.7839721254355401,0.0,1.724738675958188,1.254355400696864,0.0,0.0,0.0,0.0,0.0,0.0,0.0,0.0,0.44561265969802555
2025,nwsl::Football_Player::9c24fd239ed34bfa8d4c706539805ad7,D. Arias,d arias,SD Wave,Defender,7.0,2,0.0,2.0,2.0,0.0,0,0,0.0,1,0,3.5,0.0,0.0,1.0,0.042347222222222224,0.0,0.0,12.857142857142858,0.0,0.0,0.0,0.0,0.0,0.0,0.0,0.0,0.0,0.11750000000000001
2025,nwsl::Football_Player::ad9acd5fa5cf475a87d9a92b99e682fd,M. Barcenas,m barcenas,SD Wave,Forward,458.0,17,3.0,17.0,14.0,3.0,1,1,0.0,11,7,26.941176470588236,152.66666666666666,0.17647058823529413,0.8235294117647058,0.32234180295116593,0.39301310043668125,0.0,2.161572052401747,1.3755458515283843,0.0,0.0,0.0,0.0,0.0,0.0,0.0,0.0,0.2706229129206268
2025,nwsl::Football_Player::afa88f0c0ec840f38096c040ebe83e08,K. Carusa,k carusa,SD Wave,Forward,375.0,14,3.0,14.0,11.0,3.0,0,1,0.0,7,3,26.785714285714285,125.0,0.21428571428571427,0.7857142857142857,0.30972261904761905,0.24,0.0,1.68,0.72,0.0,0.0,0.0,0.0,0.0,0.0,0.0,0.0,0.22592857142857145
2025,nwsl::Football_Player::b9e251d77c634898bc99e50cd03a3134,G. Corley,g corley,SD Wave,Midfielder,1686.0,25,22.0,25.0,3.0,21.0,2,2,0.0,18,9,67.44,76.63636363636364,0.88,0.12,0.7941891340450772,0.21352313167259784,0.0,0.9608540925266903,0.48042704626334515,0.0,0.0,0.0,0.0,0.0,0.0,0.0,0.0,0.4057053380782918
2025,nwsl::Football_Player::bbee9da0fc744ebcabc586c3232bf4be,P. Morroni,p morroni,SD Wave,Defender,2189.0,26,24.0,26.0,2.0,8.0,1,4,0.0,9,2,84.1923076923077,91.20833333333333,0.9230769230769231,0.07692307692307693,0.8702081537251136,0.2055733211512106,0.0,0.3700319780721791,0.08222932846048424,0.0,0.0,0.0,0.0,0.0,0.0,0.0,0.0,0.4730401131531785
2025,nwsl::Football_Player::c01844d3ed704fa0b1f0b75cfbf02f07,T. Byars,t byars,SD Wave,Forward,18.0,1,0.0,1.0,1.0,0.0,0,0,0.0,0,0,18.0,0.0,0.0,1.0,0.07100000000000001,0.0,0.0,0.0,0.0,0.0,0.0,0.0,0.0,0.0,0.0,0.0,0.0,0.09000000000000001
2025,nwsl::Football_Player::c143615f95aa493689aa185f5c465932,K. Dali,k dali,SD Wave,Midfielder,2456.0,27,27.0,27.0,0.0,2.0,5,3,0.0,37,21,90.96296296296296,90.96296296296296,1.0,0.0,0.9317457247557003,0.2931596091205212,0.0,1.3558631921824105,0.7695439739413681,0.0,0.0,0.0,0.0,0.0,0.0,0.0,0.0,0.5449714983713355
2025,nwsl::Football_Player::c4119bcbf98641c2b822788600449a33,Q. McMahon,q mcmahon,SD Wave,Defender,28.0,8,0.0,8.0,8.0,0.0,0,0,0.0,2,1,3.5,0.0,0.0,1.0,0.08734722222222221,0.0,0.0,6.428571428571429,3.2142857142857144,0.0,0.0,0.0,0.0,0.0,0.0,0.0,0.0,0.11750000000000001
2025,nwsl::Football_Player::cafe0fb40c194bfd95bebea739443cd7,K. McNabb,k mcnabb,SD Wave,Defender,1865.0,24,20.0,24.0,4.0,2.0,2,0,0.0,8,5,77.70833333333333,93.25,0.8333333333333334,0.16666666666666666,0.8036015384519908,0.096514745308311,0.0,0.386058981233244,0.2412868632707775,0.0,0.0,0.0,0.0,0.0,0.0,0.0,0.0,0.4183003798033959
2025,nwsl::Football_Player::d70a89d4bf9e47778923c4ab4ae9e679,H. Beall,h beall,SD Wave,Goalkeeper,0.0,0,0.0,0.0,0.0,0.0,0,0,0.0,0,0,0.0,0.0,0.0,0.0,0.0,0.0,0.0,0.0,0.0,0.0,0.0,0.0,0.0,0.0,0.0,0.0,0.0,0.0
2025,nwsl::Football_Player::e8b4386d7df847f6a328dea38ddc55ce,K. Ascanio,k ascanio,SD Wave,Midfielder,1586.0,27,18.0,27.0,9.0,16.0,4,1,0.0,17,11,58.74074074074074,88.11111111111111,0.6666666666666666,0.3333333333333333,0.6697085169097919,0.28373266078184106,0.0,0.9646910466582597,0.6242118537200504,0.0,0.0,0.0,0.0,0.0,0.0,0.0,0.0,0.37693195086637704
2025,nwsl::Football_Player::ecf8d72c11704bb49de0461fa77d8cae,D. Haračić,d haracic,SD Wave,Goalkeeper,180.0,2,2.0,2.0,0.0,0.0,0,0,0.0,0,0,90.0,90.0,1.0,0.0,0.7825,0.0,0.0,0.0,0.0,0.0,0.0,0.0,0.0,0.0,0.0,0.0,0.0,0.45
2025,nwsl::Football_Player::f707ff55f8104c069f1cae572925ef4a,A. Leon,a leon,SD Wave,Forward,1432.0,27,17.0,27.0,10.0,15.0,4,3,0.0,30,15,53.03703703703704,84.23529411764706,0.6296296296296297,0.37037037037037035,0.6412549989079707,0.43994413407821226,0.0,1.8854748603351954,0.9427374301675977,0.0,0.0,0.0,0.0,0.0,0.0,0.0,0.0,0.40397708462652593
2025,nwsl::Football_Player::0ff461d4b7864e4387af66c2fdaa3710,L. Santos,l santos,Washington Spirit,Midfielder,1334.0,19,14.0,19.0,5.0,7.0,1,3,0.0,14,6,70.21052631578948,95.28571428571429,0.7368421052631579,0.2631578947368421,0.7337413442401606,0.2698650674662669,0.0,0.944527736131934,0.4047976011994003,0.0,0.0,0.0,0.0,0.0,0.0,0.0,0.0,0.430887714037718
2025,nwsl::Football_Player::18d7e7320d2949b083c7315e3831b1a1,E. Morgan,e morgan,Washington Spirit,Defender,2256.0,28,24.0,28.0,4.0,3.0,2,2,0.0,7,5,80.57142857142857,94.0,0.8571428571428571,0.14285714285714285,0.825986290526849,0.1595744680851064,0.0,0.2792553191489362,0.19946808510638298,0.0,0.0,0.0,0.0,0.0,0.0,0.0,0.0,0.44308320668693013
2025,nwsl::Football_Player::22284069e4754b6585ce7f4dda01592d,S. MacIver,s maciver,Washington Spirit,Goalkeeper,135.0,2,1.0,2.0,1.0,0.0,0,0,0.0,0,0,67.5,135.0,0.5,0.5,0.478125,0.0,0.0,0.0,0.0,0.0,0.0,0.0,0.0,0.0,0.0,0.0,0.0,0.3375
2025,nwsl::Football_Player::22f45241df0547e691e8ba6db03aaf7c,C. Brown,c brown,Washington Spirit,Midfielder,431.0,15,5.0,15.0,10.0,5.0,1,0,0.0,6,2,28.733333333333334,86.2,0.3333333333333333,0.6666666666666666,0.37508871272664773,0.20881670533642693,0.0,1.2529002320185616,0.41763341067285387,0.0,0.0,0.0,0.0,0.0,0.0,0.0,0.0,0.21849265274555296
2025,nwsl::Football_Player::281fcaa9d0c84f41b7ffa70fd0bdfcec,K. Dulaney,k dulaney,Washington Spirit,Defender,9.0,1,0.0,1.0,1.0,0.0,0,0,0.0,0,0,9.0,0.0,0.0,1.0,0.03925,0.0,0.0,0.0,0.0,0.0,0.0,0.0,0.0,0.0,0.0,0.0,0.0,0.045000000000000005
2025,nwsl::Football_Player::28fc705601404c39bf14420caeec6668,T. McKeown,t mckeown,Washington Spirit,Defender,2381.0,28,27.0,28.0,1.0,4.0,0,2,0.0,8,2,85.03571428571429,88.18518518518519,0.9642857142857143,0.03571428571428571,0.8874121046745732,0.0755984880302394,0.0,0.3023939521209576,0.0755984880302394,0.0,0.0,0.0,0.0,0.0,0.0,0.0,0.0,0.44848810523789523
2025,nwsl::Football_Player::2bb05acef63c4c7ca9a453f486c12508,O. Sarr,o sarr,Washington Spirit,Forward,0.0,0,0.0,0.0,0.0,0.0,0,0,0.0,0,0,0.0,0.0,0.0,0.0,0.0,0.0,0.0,0.0,0.0,0.0,0.0,0.0,0.0,0.0,0.0,0.0,0.0,0.0
2025,nwsl::Football_Player::2e67f16c924649e9b5584a1a25552589,C. Krueger,c krueger,Washington Spirit,Defender,601.0,9,7.0,9.0,2.0,4.0,1,1,0.0,3,2,66.77777777777777,85.85714285714286,0.7777777777777778,0.2222222222222222,0.6641212536718638,0.2995008319467554,0.0,0.4492512479201331,0.2995008319467554,0.0,0.0,0.0,0.0,0.0,0.0,0.0,0.0,0.40751617674246626
2025,nwsl::Football_Player::3712c14ba05c4f4ba6bd42cae9406ec6,S. Cantore,s cantore,Washington Spirit,Forward,1006.0,15,11.0,15.0,4.0,6.0,4,1,0.0,29,14,67.06666666666666,91.45454545454545,0.7333333333333333,0.26666666666666666,0.7028040497754215,0.4473161033797217,0.0,2.594433399602386,1.2524850894632207,0.0,0.0,0.0,0.0,0.0,0.0,0.0,0.0,0.4933850231941683
2025,nwsl::Football_Player::3c58742afd5842708efeae28767d5d3c,G. Monday,g monday,Washington Spirit,Forward,1547.0,25,16.0,25.0,9.0,11.0,10,2,0.0,36,26,61.88,96.6875,0.64,0.36,0.6859692185592186,0.6981254040077569,0.0,2.0943762120232705,1.5126050420168067,0.0,0.0,0.0,0.0,0.0,0.0,0.0,0.0,0.5072021978021979
2025,nwsl::Football_Player::407c05f9d79548b49cd8d6815f170305,L. Jessee,l jessee,Washington Spirit,Goalkeeper,0.0,0,0.0,0.0,0.0,0.0,0,0,0.0,0,0,0.0,0.0,0.0,0.0,0.0,0.0,0.0,0.0,0.0,0.0,0.0,0.0,0.0,0.0,0.0,0.0,0.0,0.0
2025,nwsl::Football_Player::4b0092d3c4b148ce81259ba635ca7777,H. Hershfelt,h hershfelt,Washington Spirit,Midfielder,1570.0,21,18.0,21.0,3.0,4.0,0,2,0.0,6,2,74.76190476190476,87.22222222222223,0.8571428571428571,0.14285714285714285,0.8043302834226401,0.11464968152866244,0.0,0.3439490445859873,0.11464968152866244,0.0,0.0,0.0,0.0,0.0,0.0,0.0,0.0,0.4062936002426448
2025,nwsl::Football_Player::51a8e15389164893bf60ce9d5550796c,H. Stainbrook,h stainbrook,Washington Spirit,Midfielder,434.0,11,6.0,11.0,5.0,5.0,0,0,0.0,4,3,39.45454545454545,72.33333333333333,0.5454545454545454,0.45454545454545453,0.4702520132197552,0.0,0.0,0.8294930875576038,0.6221198156682028,0.0,0.0,0.0,0.0,0.0,0.0,0.0,0.0,0.21801005446166735
2025,nwsl::Football_Player::6f371e0118d64bd0a1fce9f4cf6d52d1,R. Kouassi,r kouassi,Washington Spirit,Forward,1341.0,20,14.0,20.0,6.0,7.0,4,6,0.0,32,14,67.05,95.78571428571429,0.7,0.3,0.7305643456375839,0.6711409395973155,0.0,2.1476510067114094,0.9395973154362416,0.0,0.0,0.0,0.0,0.0,0.0,0.0,0.0,0.5287623042505593
2025,nwsl::Football_Player::71105581a0a143b18ac92760cc09c609,C. Bethune,c bethune,Washington Spirit,Midfielder,1644.0,23,19.0,23.0,4.0,10.0,3,2,0.0,29,13,71.47826086956522,86.52631578947368,0.8260869565217391,0.17391304347826086,0.7884058499947106,0.2737226277372263,0.0,1.5875912408759125,0.7116788321167884,0.0,0.0,0.0,0.0,0.0,0.0,0.0,0.0,0.45410663281497937
2025,nwsl::Football_Player::738125313bdc48eda09c29b610520e26,T. Rodman,t rodman,Washington Spirit,Forward,966.0,17,9.0,17.0,8.0,4.0,5,2,0.0,34,23,56.8235294117647,107.33333333333333,0.5294117647058824,0.47058823529411764,0.598455395201559,0.6521739130434783,0.0,3.1677018633540377,2.1428571428571432,0.0,0.0,0.0,0.0,0.0,0.0,0.0,0.0,0.49917975886006577
2025,nwsl::Football_Player::75a1f211b7f04ffebe4cdd67cd838239,A. Sullivan,a sullivan,Washington Spirit,Midfielder,0.0,0,0.0,0.0,0.0,0.0,0,0,0.0,0,0,0.0,0.0,0.0,0.0,0.0,0.0,0.0,0.0,0.0,0.0,0.0,0.0,0.0,0.0,0.0,0.0,0.0,0.0
2025,nwsl::Football_Player::7e96efc5034f4e4abfafca1b06af33ab,K. Wiesner,k wiesner,Washington Spirit,Defender,1019.0,16,12.0,16.0,4.0,8.0,1,0,0.0,3,3,63.6875,84.91666666666667,0.75,0.25,0.6859290273007306,0.08832188420019627,0.0,0.2649656526005888,0.2649656526005888,0.0,0.0,0.0,0.0,0.0,0.0,0.0,0.0,0.3434620338567223
2025,nwsl::Football_Player::8d41be19ea664cb5976221bb3592293d,R. Bernal,r bernal,Washington Spirit,Defender,2021.0,24,23.0,24.0,1.0,5.0,0,0,0.0,12,7,84.20833333333333,87.8695652173913,0.9583333333333334,0.041666666666666664,0.8803222454734546,0.0,0.0,0.5343889163780307,0.31172686788718457,0.0,0.0,0.0,0.0,0.0,0.0,0.0,0.0,0.4344013895761174
2025,nwsl::Football_Player::9088cd3919ae4facb366b7f4cf1ca493,N. Miura,n miura,Washington Spirit,Midfielder,1692.0,24,20.0,24.0,4.0,11.0,0,3,0.0,6,1,70.5,84.6,0.8333333333333334,0.16666666666666666,0.7798918439716311,0.15957446808510636,0.0,0.3191489361702127,0.05319148936170213,0.0,0.0,0.0,0.0,0.0,0.0,0.0,0.0,0.39372340425531915
2025,nwsl::Football_Player::91b542420acc43c6955b5f8a782b2adb,D. Abiodun,d abiodun,Washington Spirit,Midfielder,607.0,10,6.0,10.0,4.0,2.0,0,1,0.0,6,4,60.7,101.16666666666667,0.6,0.4,0.5671056333516383,0.14827018121911037,0.0,0.8896210873146623,0.5930807248764415,0.0,0.0,0.0,0.0,0.0,0.0,0.0,0.0,0.3566301482701812
2025,nwsl::Football_Player::94de57f74c554630b9abe7bc1bd588f9,B. Ratcliffe,b ratcliffe,Washington Spirit,Forward,594.0,15,6.0,15.0,9.0,4.0,1,1,0.0,5,2,39.6,99.0,0.4,0.6,0.4445106060606061,0.30303030303030304,0.0,0.7575757575757576,0.30303030303030304,0.0,0.0,0.0,0.0,0.0,0.0,0.0,0.0,0.2800707070707071
2025,nwsl::Football_Player::a86e9ba2f4c44ce789c593b2b5bf9bcb,A. Kingsbury,a kingsbury,Washington Spirit,Goalkeeper,2505.0,28,28.0,28.0,0.0,1.0,0,0,0.0,0,0,89.46428571428571,89.46428571428571,1.0,0.0,0.915610119047619,0.0,0.0,0.0,0.0,0.0,0.0,0.0,0.0,0.0,0.0,0.0,0.0,0.4473214285714286
2025,nwsl::Football_Player::c281f4077abb41a6a90c9dd309f3fb20,K. Collins,k collins,Washington Spirit,Goalkeeper,0.0,0,0.0,0.0,0.0,0.0,0,0,0.0,0,0,0.0,0.0,0.0,0.0,0.0,0.0,0.0,0.0,0.0,0.0,0.0,0.0,0.0,0.0,0.0,0.0,0.0,0.0
2025,nwsl::Football_Player::c413ab13b4b2411b8255f868ec263843,A. Hatch,a hatch,Washington Spirit,Forward,824.0,10,9.0,10.0,1.0,2.0,6,1,0.0,22,9,82.4,91.55555555555556,0.9,0.1,0.8035924083063646,0.7645631067961165,0.0,2.4029126213592233,0.9830097087378641,0.0,0.0,0.0,0.0,0.0,0.0,0.0,0.0,0.6313567961165049
2025,nwsl::Football_Player::d07feb8cd7c94d03b741e2326515241f,P. Metayer,p metayer,Washington Spirit,Midfielder,460.0,12,4.0,12.0,8.0,3.0,0,1,0.0,6,1,38.333333333333336,115.0,0.3333333333333333,0.6666666666666666,0.3857477858293076,0.1956521739130435,0.0,1.173913043478261,0.1956521739130435,0.0,0.0,0.0,0.0,0.0,0.0,0.0,0.0,0.2617753623188406
2025,nwsl::Football_Player::d198373de8d44979ab4725d0e218d83c,M. Detrizio,m detrizio,Washington Spirit,Forward,8.0,2,0.0,2.0,2.0,0.0,0,0,0.0,1,1,4.0,0.0,0.0,1.0,0.044111111111111115,0.0,0.0,11.25,11.25,0.0,0.0,0.0,0.0,0.0,0.0,0.0,0.0,0.12000000000000001
2025,nwsl::Football_Player::ebadefdb2cd142aa92580387d5fde3b8,G. Carle,g carle,Washington Spirit,Defender,2108.0,26,24.0,26.0,2.0,6.0,0,0,0.0,5,1,81.07692307692308,87.83333333333333,0.9230769230769231,0.07692307692307693,0.8522065047276148,0.0,0.0,0.21347248576850097,0.04269449715370019,0.0,0.0,0.0,0.0,0.0,0.0,0.0,0.0,0.4107214275288279
2025,nwsl::Football_Player::f0a281901a6340798be863ccc7c43851,K. Sylla,k sylla,Washington Spirit,Defender,394.0,15,2.0,15.0,13.0,1.0,0,0,0.0,0,0,26.266666666666666,197.0,0.13333333333333333,0.8666666666666667,0.26516296296296293,0.0,0.0,0.0,0.0,0.0,0.0,0.0,0.0,0.0,0.0,0.0,0.0,0.13133333333333333
2026,nwsl::Football_Player::10da6024c1af4c84bf37b25a641f0866,R. Tiernan,r tiernan,Angel City FC,Forward,724.0,11,9.0,11.0,2.0,7.0,1,0,1.3482,6,2,65.81818181818181,80.44444444444444,0.8181818181818182,0.18181818181818182,0.6979350633405883,0.12430939226519337,0.1675939226519337,0.7458563535911602,0.24861878453038674,0.0,0.0,0.0,0.0,0.0,0.0,0.0,0.0,0.42949974886991465
2026,nwsl::Football_Player::13fe7126ee1343a1b20b3c118c2df756,Maiara Niehues,maiara niehues,Angel City FC,Midfielder,949.0,12,12.0,12.0,0.0,6.0,6,0,5.2567,24,10,79.08333333333333,79.08333333333333,1.0,0.0,0.8614291348078478,0.5690200210748156,0.4985279241306639,2.2760800842992626,0.9483667017913593,4.9822,0.7015,2.8758,2.8337,0.4559117647058823,2.8263,0.629,0.0504545454545454,0.678354725879479
2026,nwsl::Football_Player::36e8d47399e3420e85fdb85b0d58d437,R. Reed,r reed,Angel City FC,Forward,0.0,0,0.0,0.0,0.0,0.0,0,0,0.0,0,0,0.0,0.0,0.0,0.0,0.0,0.0,0.0,0.0,0.0,0.0,0.0,0.0,0.0,0.0,0.0,0.0,0.0,0.0
2026,nwsl::Football_Player::3803e24414b54df58dfb21fd3304ef62,S. King,s king,Angel City FC,Defender,288.0,4,3.0,4.0,1.0,2.0,0,0,0.089,2,0,72.0,96.0,0.75,0.25,0.6252343750000001,0.0,0.027812499999999997,0.625,0.0,0.0,0.0,0.0,0.0,0.0,0.0,0.0,0.0,0.3848958333333334
2026,nwsl::Football_Player::3bc0fbb6e9c548dca58f71d4b8a63665,F. Nguyen,f nguyen,Angel City FC,Goalkeeper,0.0,0,0.0,0.0,0.0,0.0,0,0,0.0,0,0,0.0,0.0,0.0,0.0,0.0,0.0,0.0,0.0,0.0,0.0,0.0,0.0,0.0,0.0,0.0,0.0,0.0,0.0
2026,nwsl::Football_Player::3fb7c0ab25ef4b3db335ad6f5afe4e10,E. Shores,e shores,Angel City FC,Midfielder,1171.0,14,13.0,14.0,1.0,0.0,1,3,1.4348,15,4,83.64285714285714,90.07692307692308,0.9285714285714286,0.07142857142857142,0.8373747058544454,0.3074295473953886,0.11027497865072589,1.1528608027327072,0.3074295473953886,0.0,0.0,0.0,0.0,0.0,0.0,0.0,0.0,0.5478419543735514
2026,nwsl::Football_Player::4314e1fbd3924a09a365af62abcdb3b4,S. Gorden,s gorden,Angel City FC,Defender,1088.0,13,12.0,13.0,1.0,0.0,0,1,0.0,0,0,83.6923076923077,90.66666666666667,0.9230769230769231,0.07692307692307693,0.8107174970148316,0.08272058823529412,0.0,0.0,0.0,0.0,0.0,0.0,0.0,0.0,0.0,0.0,0.0,0.4356949943438914
2026,nwsl::Football_Player::44789b184b6840b7b707d62b996ad090,P. Chilufya,p chilufya,Angel City FC,Forward,152.0,13,0.0,13.0,13.0,0.0,1,1,0.8963,3,2,11.692307692307692,0.0,0.0,1.0,0.20895082377417903,1.1842105263157894,0.5307039473684211,1.7763157894736843,1.1842105263157894,0.0,0.0,0.0,0.0,0.0,0.0,0.0,0.0,0.5264812753036437
2026,nwsl::Football_Player::505cd006e0f24c0b8f03372edd6e033d,S. Jónsdóttir,s jonsdottir,Angel City FC,Forward,873.0,10,10.0,10.0,0.0,4.0,5,2,3.4976,16,9,87.3,87.3,1.0,0.0,0.8797409793814432,0.7216494845360826,0.3605773195876289,1.6494845360824744,0.9278350515463918,0.0,0.0,0.0,0.0,0.0,0.0,0.0,0.0,0.7482731958762887
2026,nwsl::Football_Player::63930b6af7c94ec3bd5980802a154971,H. Sugita,h sugita,Angel City FC,Midfielder,0.0,0,0.0,0.0,0.0,0.0,0,0,0.0,0,0,0.0,0.0,0.0,0.0,0.0,0.0,0.0,0.0,0.0,0.0,0.0,0.0,0.0,0.0,0.0,0.0,0.0,0.0
2026,nwsl::Football_Player::6c46721d5109405395df45ddfd680316,Casey Phair,casey phair,Angel City FC,Forward,145.0,5,1.0,5.0,4.0,1.0,0,0,0.1505,2,1,29.0,145.0,0.2,0.8,0.2391314176245211,0.0,0.09341379310344827,1.2413793103448276,0.6206896551724138,0.0,0.0,0.0,0.0,0.0,0.0,0.0,0.0,0.20717241379310347
2026,nwsl::Football_Player::7fa746d5fcc64e3b827c740fb881e157,H. Seabert,h seabert,Angel City FC,Goalkeeper,0.0,0,0.0,0.0,0.0,0.0,0,0,0.0,0,0,0.0,0.0,0.0,0.0,0.0,0.0,0.0,0.0,0.0,0.0,0.0,0.0,0.0,0.0,0.0,0.0,0.0,0.0
2026,nwsl::Football_Player::8be53181b9fd46c4957f8cd6975a49f9,J. Endō,j endo,Angel City FC,Forward,432.0,9,6.0,9.0,3.0,5.0,0,0,0.6389,6,2,48.0,72.0,0.6666666666666666,0.3333333333333333,0.5481760416666667,0.0,0.1331041666666667,1.25,0.4166666666666667,0.0,0.0,0.0,0.0,0.0,0.0,0.0,0.0,0.31561805555555555
2026,nwsl::Football_Player::8e0a1b9a4d43469b86adca8d94f57496,S. Leroux,s leroux,Angel City FC,Forward,0.0,0,0.0,0.0,0.0,0.0,0,0,0.0,0,0,0.0,0.0,0.0,0.0,0.0,0.0,0.0,0.0,0.0,0.0,0.0,0.0,0.0,0.0,0.0,0.0,0.0,0.0
2026,nwsl::Football_Player::8f646310f20a489f84c92d5c4b831d1b,Ary Borges,ary borges,Angel City FC,Midfielder,1106.0,13,12.0,13.0,1.0,1.0,2,1,1.6847,14,5,85.07692307692308,92.16666666666667,0.9230769230769231,0.07692307692307693,0.8181114958904055,0.24412296564195296,0.13709132007233274,1.1392405063291138,0.40687160940325495,1.7895,0.8028000000000001,0.2255,0.8217,0.1578531799729364,0.9764,-1.0729,-0.0653322056833558,0.4593472945400252
2026,nwsl::Football_Player::aa3fb0629ef8427fbe4ec8242a5d8865,A. Sentnor,a sentnor,Angel City FC,Forward,1238.0,15,15.0,15.0,0.0,9.0,2,2,3.4751,30,9,82.53333333333333,82.53333333333333,1.0,0.0,0.8835566340573207,0.29079159935379645,0.2526324717285945,2.1809369951534734,0.654281098546042,0.0,0.0,0.0,0.0,0.0,0.0,0.0,0.0,0.6119824986537425
2026,nwsl::Football_Player::c24469a7791a4b01afa7570b75bc4fa9,S. Mattice,s mattice,Angel City FC,Defender,0.0,0,0.0,0.0,0.0,0.0,0,0,0.0,0,0,0.0,0.0,0.0,0.0,0.0,0.0,0.0,0.0,0.0,0.0,0.0,0.0,0.0,0.0,0.0,0.0,0.0,0.0
2026,nwsl::Football_Player::cbb95e0c05e942a7a4f2f0907da9d2fc,T. Suarez,t suarez,Angel City FC,Midfielder,566.0,13,5.0,13.0,8.0,4.0,0,0,2.0355,10,6,43.53846153846154,113.2,0.38461538461538464,0.6153846153846154,0.44631714158436775,0.0,0.3236660777385159,1.5901060070671378,0.9540636042402827,0.0,0.0,0.0,0.0,0.0,0.0,0.0,0.0,0.3653336504484915
2026,nwsl::Football_Player::ddb5b884acb246c9879102de84c0d868,K. Cherry,k cherry,Angel City FC,Defender,1.0,1,0.0,1.0,1.0,0.0,0,0,0.032,1,0,1.0,0.0,0.0,1.0,0.05602777777777779,0.0,2.88,90.0,0.0,0.0,0.0,0.0,0.0,0.0,0.0,0.0,0.0,0.30500000000000005
2026,nwsl::Football_Player::e4c0dd7de1294525a9f1635b7e210792,A. Anderson,a anderson,Angel City FC,Goalkeeper,1260.0,14,14.0,14.0,0.0,0.0,0,0,0.0,0,0,90.0,90.0,1.0,0.0,0.8724999999999999,0.0,0.0,0.0,0.0,0.0,0.0,0.0,0.0,0.0,0.0,0.0,0.0,0.45
2026,nwsl::Football_Player::eefb8531af1342a496d4e65ba1257e37,C. Lageyre,c lageyre,Angel City FC,Midfielder,625.0,9,7.0,9.0,2.0,2.0,0,0,0.5707,5,3,69.44444444444444,89.28571428571429,0.7777777777777778,0.2222222222222222,0.6692936079012346,0.0,0.0821808,0.72,0.432,0.0,0.0,0.0,0.0,0.0,0.0,0.0,0.0,0.39261582222222224
2026,nwsl::Football_Player::f737dfd0124341ddbdefdab7739f056f,G. Thompson,g thompson,Angel City FC,Defender,1260.0,14,14.0,14.0,0.0,0.0,3,1,1.3881,8,6,90.0,90.0,1.0,0.0,0.8885289285714285,0.2857142857142857,0.09914999999999999,0.5714285714285714,0.42857142857142855,0.0,0.0,0.0,0.0,0.0,0.0,0.0,0.0,0.5568595238095237
2026,nwsl::Football_Player::fd08719793c4487c82b7d3aceba2ad0f,C. Emslie,c emslie,Angel City FC,Forward,142.0,6,1.0,6.0,5.0,1.0,0,0,0.0328,0,0,23.666666666666668,142.0,0.16666666666666666,0.8333333333333334,0.20453017736045903,0.0,0.0207887323943662,0.0,0.0,0.0,0.0,0.0,0.0,0.0,0.0,0.0,0.0,0.12526291079812207
2026,nwsl::Football_Player::fdc322f486b94e3a9043aee47c3daf93,N. Martin,n martin,Angel City FC,Midfielder,848.0,12,10.0,12.0,2.0,5.0,0,1,0.3071,5,2,70.66666666666667,84.8,0.8333333333333334,0.16666666666666666,0.7212325580887491,0.1061320754716981,0.03259316037735849,0.5306603773584906,0.2122641509433962,0.0,0.0,0.0,0.0,0.0,0.0,0.0,0.0,0.3995750786163522
2026,nwsl::Football_Player::ff16e70c73b943e38662bc6d895edb92,E. Sams,e sams,Angel City FC,Defender,1233.0,14,14.0,14.0,0.0,1.0,1,1,0.7496,4,2,88.07142857142857,88.07142857142857,1.0,0.0,0.8740891293013555,0.14598540145985403,0.05471532846715329,0.29197080291970806,0.14598540145985403,0.0,0.0,0.0,0.0,0.0,0.0,0.0,0.0,0.4963084810566562
2026,nwsl::Football_Player::0647eef6fb274236a6776c40e84d6eb3,A. Malonson,a malonson,Bay FC,Defender,0.0,0,0.0,0.0,0.0,0.0,0,0,0.0,0,0,0.0,0.0,0.0,0.0,0.0,0.0,0.0,0.0,0.0,0.0,0.0,0.0,0.0,0.0,0.0,0.0,0.0,0.0
2026,nwsl::Football_Player::06897a454ecd4389a815a64dfb95ba2d,R. Kundananji,r kundananji,Bay FC,Forward,784.0,11,9.0,11.0,2.0,6.0,2,1,2.6239,15,8,71.27272727272727,87.11111111111111,0.8181818181818182,0.18181818181818182,0.7343961998814678,0.34438775510204084,0.30121301020408164,1.7219387755102042,0.9183673469387756,0.0,0.0,0.0,0.0,0.0,0.0,0.0,0.0,0.5715638914656772
2026,nwsl::Football_Player::14d51f851eb543098599ef6686e97609,H. Gilchrist,h gilchrist,Bay FC,Defender,0.0,0,0.0,0.0,0.0,0.0,0,0,0.0,0,0,0.0,0.0,0.0,0.0,0.0,0.0,0.0,0.0,0.0,0.0,0.0,0.0,0.0,0.0,0.0,0.0,0.0,0.0
2026,nwsl::Football_Player::1a484328c45c46be9c0591b43aa838a9,A. Dahlkemper,a dahlkemper,Bay FC,Defender,0.0,0,0.0,0.0,0.0,0.0,0,0,0.0,0,0,0.0,0.0,0.0,0.0,0.0,0.0,0.0,0.0,0.0,0.0,0.0,0.0,0.0,0.0,0.0,0.0,0.0,0.0
2026,nwsl::Football_Player::22261c24359f46599769f406a32e5d23,A. Cometti,a cometti,Bay FC,Defender,930.0,12,11.0,12.0,1.0,1.0,0,0,0.0587,1,0,77.5,84.54545454545455,0.9166666666666666,0.08333333333333333,0.7765497132616487,0.0,0.005680645161290322,0.0967741935483871,0.0,0.0,0.0,0.0,0.0,0.0,0.0,0.0,0.0,0.3918129032258065
2026,nwsl::Football_Player::259bb40fadfb464c8402cc186f30b85d,C. Dydasco,c dydasco,Bay FC,Defender,0.0,0,0.0,0.0,0.0,0.0,0,0,0.0,0,0,0.0,0.0,0.0,0.0,0.0,0.0,0.0,0.0,0.0,0.0,0.0,0.0,0.0,0.0,0.0,0.0,0.0,0.0
2026,nwsl::Football_Player::300fc21c88214cf191d546d1cf81d8ec,H. Bebar,h bebar,Bay FC,Midfielder,1306.0,15,15.0,15.0,0.0,5.0,0,0,0.805,12,3,87.06666666666666,87.06666666666666,1.0,0.0,0.8755266604276557,0.0,0.05547473200612558,0.8269525267993875,0.20673813169984687,0.0,0.0,0.0,0.0,0.0,0.0,0.0,0.0,0.47449872383869324
2026,nwsl::Football_Player::302019e51dc048ab8fba8c2e3bb54dd1,C. Girelli,c girelli,Bay FC,Forward,618.0,11,7.0,11.0,4.0,4.0,0,2,0.8114,9,2,56.18181818181818,88.28571428571429,0.6363636363636364,0.36363636363636365,0.5869858487790527,0.29126213592233013,0.11816504854368932,1.3106796116504855,0.29126213592233013,0.0,0.0,0.0,0.0,0.0,0.0,0.0,0.0,0.41374404236540163
2026,nwsl::Football_Player::31cb57cb8de1443d99cb20793354f1fe,J. Shepherd,j shepherd,Bay FC,Midfielder,1.0,1,0.0,1.0,1.0,0.0,0,0,0.0,0,0,1.0,0.0,0.0,1.0,0.011027777777777779,0.0,0.0,0.0,0.0,0.0,0.0,0.0,0.0,0.0,0.0,0.0,0.0,0.005
2026,nwsl::Football_Player::3a05f90ee4774e9e9cc460fef290f3c4,J. Silkowitz,j silkowitz,Bay FC,Goalkeeper,1233.0,14,14.0,14.0,0.0,0.0,0,0,0.0,0,0,88.07142857142857,88.07142857142857,1.0,0.0,0.8656964285714285,0.0,0.0,0.0,0.0,0.0,0.0,0.0,0.0,0.0,0.0,0.0,0.0,0.44035714285714284
2026,nwsl::Football_Player::4ad3b3ad9d90407181d76c98bb47e17a,S. Collins,s collins,Bay FC,Defender,1349.0,15,15.0,15.0,0.0,1.0,0,1,0.4955,3,1,89.93333333333334,89.93333333333334,1.0,0.0,0.8842531394997668,0.06671608598962195,0.03305782060785767,0.20014825796886582,0.06671608598962195,0.0,0.0,0.0,0.0,0.0,0.0,0.0,0.0,0.47958883123301216
2026,nwsl::Football_Player::4b281c71242c4738abb687a332286be0,M. Moreau,m moreau,Bay FC,Defender,830.0,15,9.0,15.0,6.0,2.0,0,0,0.0378,0,0,55.333333333333336,92.22222222222223,0.6,0.4,0.5779086434627398,0.0,0.004098795180722892,0.0,0.0,0.0,0.0,0.0,0.0,0.0,0.0,0.0,0.0,0.27803293172690763
2026,nwsl::Football_Player::51d52da9f6724e00a97ec29e7fe459dc,C. Hutton,c hutton,Bay FC,Midfielder,1345.0,15,15.0,15.0,0.0,1.0,1,1,1.8853,10,6,89.66666666666667,89.66666666666667,1.0,0.0,0.8918232190554867,0.13382899628252787,0.1261539033457249,0.6691449814126395,0.40148698884758366,0.0,0.0,0.0,0.0,0.0,0.0,0.0,0.0,0.5349942998760843
2026,nwsl::Football_Player::77bd41e2c3954f40bc52b5efe805f890,E. Menges,e menges,Bay FC,Defender,0.0,0,0.0,0.0,0.0,0.0,0,0,0.0,0,0,0.0,0.0,0.0,0.0,0.0,0.0,0.0,0.0,0.0,0.0,0.0,0.0,0.0,0.0,0.0,0.0,0.0,0.0
2026,nwsl::Football_Player::7faa87293bb743178194507021b7f326,J. Brewster,j brewster,Bay FC,Defender,0.0,0,0.0,0.0,0.0,0.0,0,0,0.0,0,0,0.0,0.0,0.0,0.0,0.0,0.0,0.0,0.0,0.0,0.0,0.0,0.0,0.0,0.0,0.0,0.0,0.0,0.0
2026,nwsl::Football_Player::963846c568d34a539e360dcd93046ebd,E. Allen,e allen,Bay FC,Goalkeeper,115.0,2,1.0,2.0,1.0,0.0,0,0,0.0,0,0,57.5,115.0,0.5,0.5,0.44284722222222217,0.0,0.0,0.0,0.0,0.0,0.0,0.0,0.0,0.0,0.0,0.0,0.0,0.2875
2026,nwsl::Football_Player::ad338528a3ad42769bc70668109da114,T. Boade,t boade,Bay FC,Forward,19.0,2,0.0,2.0,2.0,0.0,0,0,0.0,0,0,9.5,0.0,0.0,1.0,0.04851388888888889,0.0,0.0,0.0,0.0,0.0,0.0,0.0,0.0,0.0,0.0,0.0,0.0,0.0475
2026,nwsl::Football_Player::b1c0273cecaa43fa8d7e11f8a1f3a771,C. Miller,c miller,Bay FC,Goalkeeper,0.0,0,0.0,0.0,0.0,0.0,0,0,0.0,0,0,0.0,0.0,0.0,0.0,0.0,0.0,0.0,0.0,0.0,0.0,0.0,0.0,0.0,0.0,0.0,0.0,0.0,0.0
2026,nwsl::Football_Player::b66f7bcff55c49fcbadd2bd156e62c4f,O. Gamero,o gamero,Bay FC,Forward,92.0,5,0.0,5.0,5.0,0.0,0,0,0.1082,3,1,18.4,0.0,0.0,1.0,0.11870893719806763,0.0,0.10584782608695653,2.9347826086956523,0.9782608695652175,0.0,0.0,0.0,0.0,0.0,0.0,0.0,0.0,0.20065217391304352
2026,nwsl::Football_Player::c9e1f316ddb24fa680b4806d95e707c6,K. Lema,k lema,Bay FC,Forward,899.0,15,11.0,15.0,4.0,10.0,4,0,4.1731,22,15,59.93333333333333,81.72727272727273,0.7333333333333333,0.26666666666666666,0.6955932723602355,0.40044493882091214,0.4177741935483871,2.2024471635150165,1.5016685205784204,0.0,0.0,0.0,0.0,0.0,0.0,0.0,0.0,0.5774119391916945
2026,nwsl::Football_Player::cee456c338e246a08218cf350ed0ba50,B. Courtnall,b courtnall,Bay FC,Defender,745.0,11,7.0,11.0,4.0,2.0,0,0,0.152,3,0,67.72727272727273,106.42857142857143,0.6363636363636364,0.36363636363636365,0.6100675852484578,0.0,0.018362416107382547,0.3624161073825503,0.0,0.0,0.0,0.0,0.0,0.0,0.0,0.0,0.0,0.3538175716900549
2026,nwsl::Football_Player::d05274ce6faa42d48bec0325f29568e2,K. Fuller,k fuller,Bay FC,Midfielder,1036.0,15,12.0,15.0,3.0,7.0,3,2,2.8625,15,5,69.06666666666666,86.33333333333333,0.8,0.2,0.7470459155584156,0.4343629343629344,0.24867277992277992,1.303088803088803,0.4343629343629344,0.0,0.0,0.0,0.0,0.0,0.0,0.0,0.0,0.551293758043758
2026,nwsl::Football_Player::dcc2564e748442b7a956fa4f8056ba87,K. Barry,k barry,Bay FC,Forward,297.0,10,2.0,10.0,8.0,2.0,1,0,0.3604,4,1,29.7,148.5,0.2,0.8,0.2892507575757576,0.30303030303030304,0.10921212121212122,1.2121212121212122,0.30303030303030304,0.0,0.0,0.0,0.0,0.0,0.0,0.0,0.0,0.2783383838383839
2026,nwsl::Football_Player::dd0a7a6f7ee5446e9ef8c0a20ed56e97,J. Anderson,j anderson,Bay FC,Midfielder,863.0,13,12.0,13.0,1.0,7.0,1,0,0.3565,7,3,66.38461538461539,71.91666666666667,0.9230769230769231,0.07692307692307693,0.7549302324429787,0.10428736964078796,0.037178447276940904,0.7300115874855156,0.3128621089223639,0.0,0.0,0.0,0.0,0.0,0.0,0.0,0.0,0.38429271771102597
2026,nwsl::Football_Player::dead86b2fe8a4adc8ff4fb12d9111944,A. Denton,a denton,Bay FC,Defender,529.0,8,6.0,8.0,2.0,4.0,0,0,0.4138,2,0,66.125,88.16666666666667,0.75,0.25,0.6355703358013023,0.0,0.0704007561436673,0.34026465028355385,0.0,0.0,0.0,0.0,0.0,0.0,0.0,0.0,0.0,0.3625985349716447
2026,nwsl::Football_Player::e430381cd0da42f193b7801fc9f23009,A. Pfeiffer,a pfeiffer,Bay FC,Forward,528.0,8,8.0,8.0,0.0,7.0,2,3,1.3776,12,10,66.0,66.0,1.0,0.0,0.7888782196969697,0.8522727272727273,0.23481818181818181,2.0454545454545454,1.7045454545454546,0.0,0.0,0.0,0.0,0.0,0.0,0.0,0.0,0.6369659090909091
2026,nwsl::Football_Player::f9aafcad554041328a5420822e10d5a0,K. Hubly,k hubly,Bay FC,Defender,67.0,8,0.0,8.0,8.0,0.0,0,0,0.4143,4,0,8.375,0.0,0.0,1.0,0.13237125829187396,0.0,0.5565223880597014,5.3731343283582085,0.0,0.0,0.0,0.0,0.0,0.0,0.0,0.0,0.0,0.3273824626865671
2026,nwsl::Football_Player::fa5ea5a9ad7d4694b932641bbe257de1,D. Bailey,d bailey,Bay FC,Midfielder,514.0,12,6.0,12.0,6.0,4.0,2,0,0.527,5,3,42.833333333333336,85.66666666666667,0.5,0.5,0.4849469484075516,0.35019455252918286,0.09227626459143969,0.8754863813229572,0.5252918287937743,0.0,0.0,0.0,0.0,0.0,0.0,0.0,0.0,0.3397697795071336
2026,nwsl::Football_Player::fc271855025e4ff3a5bb2ff67c569709,C. Conti,c conti,Bay FC,Forward,570.0,13,4.0,13.0,9.0,4.0,1,0,0.7663,11,8,43.84615384615385,142.5,0.3076923076923077,0.6923076923076923,0.40813813090418355,0.15789473684210528,0.12099473684210527,1.736842105263158,1.2631578947368423,0.0,0.0,0.0,0.0,0.0,0.0,0.0,0.0,0.3358781376518219
2026,nwsl::Football_Player::fe7346f5616c46bb935320ed272de297,T. Huff,t huff,Bay FC,Midfielder,758.0,10,9.0,10.0,1.0,4.0,1,1,1.1824,11,7,75.8,84.22222222222223,0.9,0.1,0.7667436822046321,0.23746701846965698,0.1403905013192612,1.3060686015831133,0.8311345646437994,0.0,0.0,0.0,0.0,0.0,0.0,0.0,0.0,0.5079208443271768
2026,nwsl::Football_Player::0d2b0629ed6b43b8ae5e01f2d88fa515,B. St-Georges,b st georges,Boston Legacy,Forward,1020.0,13,12.0,13.0,1.0,0.0,1,0,1.3547,8,2,78.46153846153847,85.0,0.9230769230769231,0.07692307692307693,0.8010605165912519,0.08823529411764705,0.11953235294117646,0.7058823529411764,0.1764705882352941,0.0,0.0,0.0,0.0,0.0,0.0,0.0,0.0,0.468181221719457
2026,nwsl::Football_Player::15908c182dd94c57ae45736055f42e68,C. Ricketts,c ricketts,Boston Legacy,Midfielder,98.0,6,1.0,6.0,5.0,1.0,0,0,0.1018,1,0,16.333333333333332,98.0,0.16666666666666666,0.8333333333333334,0.18573873771730914,0.0,0.09348979591836735,0.9183673469387756,0.0,0.0,0.0,0.0,0.0,0.0,0.0,0.0,0.0,0.13578911564625853
2026,nwsl::Football_Player::16b5740bf4ff4fe1ae57b082ef35b27a,L. Ansbrow,l ansbrow,Boston Legacy,Defender,473.0,8,5.0,8.0,3.0,1.0,0,1,0.0835,0,0,59.125,94.6,0.625,0.375,0.5565703473690392,0.19027484143763213,0.015887949260042285,0.0,0.0,0.0,0.0,0.0,0.0,0.0,0.0,0.0,0.0,0.34056157505285417
2026,nwsl::Football_Player::2dd5ec59c3f2437889edf68c10fad31e,H. Stambaugh,h stambaugh,Boston Legacy,Goalkeeper,0.0,0,0.0,0.0,0.0,0.0,0,0,0.0,0,0,0.0,0.0,0.0,0.0,0.0,0.0,0.0,0.0,0.0,0.0,0.0,0.0,0.0,0.0,0.0,0.0,0.0,0.0
2026,nwsl::Football_Player::38925931e59c4bb6ac8e7965e81ab06d,Alba Caño,alba cano,Boston Legacy,Midfielder,1419.0,17,17.0,17.0,0.0,11.0,2,0,2.8389,23,10,83.47058823529412,83.47058823529412,1.0,0.0,0.8809882695026401,0.12684989429175475,0.1800570824524313,1.4587737843551796,0.6342494714587738,2.4074,1.5733,1.55,1.6597,0.2137607398568018,2.833,0.2069,0.0111103818615751,0.47750349603067244
2026,nwsl::Football_Player::3f534dc858514b2580d31c23e0241f37,L. Ivory,l ivory,Boston Legacy,Goalkeeper,0.0,0,0.0,0.0,0.0,0.0,0,0,0.0,0,0,0.0,0.0,0.0,0.0,0.0,0.0,0.0,0.0,0.0,0.0,0.0,0.0,0.0,0.0,0.0,0.0,0.0,0.0
2026,nwsl::Football_Player::463e97cd35e944de9f49f54da30fd8c7,A. Traoré,a traore,Boston Legacy,Forward,1213.0,17,13.0,17.0,4.0,8.0,5,1,7.0837,38,15,71.3529411764706,93.3076923076923,0.7647058823529411,0.23529411764705882,0.7740988997192721,0.4451772464962902,0.5255836768342952,2.8194558944765045,1.1129431162407255,0.0,0.0,0.0,0.0,0.0,0.0,0.0,0.0,0.6951909218757578
2026,nwsl::Football_Player::572ca1acdb37419a843dafa8e828be66,C. Murphy,c murphy,Boston Legacy,Goalkeeper,1530.0,17,17.0,17.0,0.0,0.0,0,0,0.0,0,0,90.0,90.0,1.0,0.0,0.8949999999999999,0.0,0.0,0.0,0.0,0.0,0.0,0.0,0.0,0.0,0.0,0.0,0.0,0.45
2026,nwsl::Football_Player::5b3b23196eed4d9f900e4f3ab4d7113d,J. Carabalí,j carabali,Boston Legacy,Defender,1236.0,17,13.0,17.0,4.0,2.0,0,0,0.2978,7,2,72.70588235294117,95.07692307692308,0.7647058823529411,0.23529411764705882,0.731103474205216,0.0,0.021684466019417478,0.5097087378640777,0.14563106796116507,0.0,0.0,0.0,0.0,0.0,0.0,0.0,0.0,0.38350028555111365
2026,nwsl::Football_Player::6d53483ebf1e436d96c8edacb96a8cca,A. Karich,a karich,Boston Legacy,Midfielder,1529.0,17,17.0,17.0,0.0,1.0,0,0,0.529,12,4,89.94117647058823,89.94117647058823,1.0,0.0,0.8989981736535904,0.0,0.03113799869195553,0.7063440156965337,0.23544800523217793,0.0,0.0,0.0,0.0,0.0,0.0,0.0,0.0,0.47774381564267304
2026,nwsl::Football_Player::7236536b21294992852d88dafabcc6ef,D. Davis,d davis,Boston Legacy,Defender,0.0,0,0.0,0.0,0.0,0.0,0,0,0.0,0,0,0.0,0.0,0.0,0.0,0.0,0.0,0.0,0.0,0.0,0.0,0.0,0.0,0.0,0.0,0.0,0.0,0.0,0.0
2026,nwsl::Football_Player::7afe6ac6ae40499b833a0d383c0f47b1,Amanda Gutierres,amanda gutierres,Boston Legacy,Forward,889.0,16,10.0,16.0,6.0,10.0,4,2,5.7252,20,8,55.5625,88.9,0.625,0.375,0.6528171584020748,0.6074240719910011,0.5796040494938133,2.02474690663667,0.8098987626546681,0.0,0.0,0.0,0.0,0.0,0.0,0.0,0.0,0.6481792041619798
2026,nwsl::Football_Player::80072c037c734d7eb4b7401b29bd575d,S. Smith,s smith,Boston Legacy,Forward,933.0,16,10.0,16.0,6.0,8.0,2,0,3.2739,20,9,58.3125,93.3,0.625,0.375,0.6360177217309754,0.19292604501607716,0.31581028938906747,1.9292604501607715,0.8681672025723473,0.0,0.0,0.0,0.0,0.0,0.0,0.0,0.0,0.48525703376205787
2026,nwsl::Football_Player::8c0148936e98403ca045b722790deea0,L. Reale,l reale,Boston Legacy,Defender,989.0,14,10.0,14.0,4.0,0.0,0,0,0.2844,2,1,70.64285714285714,98.9,0.7142857142857143,0.2857142857142857,0.6776174149774504,0.0,0.025880687563195146,0.1820020222446916,0.0910010111223458,0.0,0.0,0.0,0.0,0.0,0.0,0.0,0.0,0.3663912321248014
2026,nwsl::Football_Player::a0afe0dd22bc4b4eb895446288d523c8,A. Allen,a allen,Boston Legacy,Forward,66.0,8,0.0,8.0,8.0,0.0,0,0,0.0,0,0,8.25,0.0,0.0,1.0,0.08910416666666666,0.0,0.0,0.0,0.0,0.0,0.0,0.0,0.0,0.0,0.0,0.0,0.0,0.041249999999999995
2026,nwsl::Football_Player::a1cb8dfb75ce4a89bdfe350de18b0410,F. Najjemba,f najjemba,Boston Legacy,Forward,176.0,5,1.0,5.0,4.0,1.0,0,0,0.1302,2,1,35.2,176.0,0.2,0.8,0.25884198232323236,0.0,0.06657954545454546,1.0227272727272727,0.5113636363636364,0.0,0.0,0.0,0.0,0.0,0.0,0.0,0.0,0.22376136363636367
2026,nwsl::Football_Player::a58cdc45fc0448a28cbd965d9601aaf7,N. Prince,n prince,Boston Legacy,Forward,1320.0,17,16.0,17.0,1.0,10.0,2,3,2.2764,12,4,77.6470588235294,82.5,0.9411764705882353,0.058823529411764705,0.8464330258467022,0.34090909090909094,0.15520909090909094,0.8181818181818182,0.27272727272727276,0.0,0.0,0.0,0.0,0.0,0.0,0.0,0.0,0.5314489304812835
2026,nwsl::Football_Player::c35a5a4c76924bb9a960c3c64dcc8f02,Kaká,kaka,Boston Legacy,Defender,180.0,2,2.0,2.0,0.0,0.0,0,0,0.0,0,0,90.0,90.0,1.0,0.0,0.767925,0.0,0.0,0.0,0.0,0.0,0.0,0.0,0.0,0.0,0.0677,-0.176,-0.0733333333333333,0.35283333333333333
2026,nwsl::Football_Player::c8daea44150e40579e2c46716e16246e,E. Elgin,e elgin,Boston Legacy,Defender,1140.0,13,13.0,13.0,0.0,2.0,0,2,0.1202,1,1,87.6923076923077,87.6923076923077,1.0,0.0,0.8625637112010797,0.15789473684210528,0.009489473684210527,0.07894736842105264,0.07894736842105264,0.0,0.0,0.0,0.0,0.0,0.0,0.0,0.0,0.4764931174089069
2026,nwsl::Football_Player::d0996c9d85fe48cfad90d75fbc26be45,Laís Araújo,lais araujo,Boston Legacy,Defender,494.0,7,6.0,7.0,1.0,4.0,0,0,0.153,2,2,70.57142857142857,82.33333333333333,0.8571428571428571,0.14285714285714285,0.6899347246320929,0.0,0.027874493927125505,0.3643724696356275,0.3643724696356275,0.0,0.0,0.0,0.0,0.0,0.0,0.0,0.0,0.37125795257374206
2026,nwsl::Football_Player::d3f96dfb6d4a416694444e80657ead00,N. Hernández,n hernandez,Boston Legacy,Defender,239.0,9,2.0,9.0,7.0,1.0,0,0,0.0286,0,0,26.555555555555557,119.5,0.2222222222222222,0.7777777777777778,0.2617205924892815,0.0,0.010769874476987448,0.0,0.0,0.0,0.0,0.0,0.0,0.0,0.0,0.0,0.0,0.1363677359367736
2026,nwsl::Football_Player::d554da063af949d9b11787c4c83bf7fc,J. Hasbo,j hasbo,Boston Legacy,Midfielder,701.0,12,9.0,12.0,3.0,5.0,0,0,0.8619,4,0,58.416666666666664,77.88888888888889,0.75,0.25,0.641039720373012,0.0,0.11065763195435092,0.5135520684736091,0.0,0.0,0.0,0.0,0.0,0.0,0.0,0.0,0.0,0.3418080123632905
2026,nwsl::Football_Player::dc141c8f287a4bb48a803a250ba1fe3a,S. Lowenberg,s lowenberg,Boston Legacy,Midfielder,7.0,1,0.0,1.0,1.0,0.0,0,0,0.0,0,0,7.0,0.0,0.0,1.0,0.03219444444444444,0.0,0.0,0.0,0.0,0.0,0.0,0.0,0.0,0.0,0.0,0.0,0.0,0.035
2026,nwsl::Football_Player::e9e4589be89b4dc4a5da3df021cffc4b,A. Gambone,a gambone,Boston Legacy,Forward,350.0,16,2.0,16.0,14.0,2.0,1,0,0.4811,3,2,21.875,175.0,0.125,0.875,0.2705342817460317,0.2571428571428572,0.12371142857142858,0.7714285714285715,0.5142857142857143,0.0,0.0,0.0,0.0,0.0,0.0,0.0,0.0,0.22346928571428573
2026,nwsl::Football_Player::f0b65e91132d452792a90bd80e377f0f,E. Stevens,e stevens,Boston Legacy,Forward,344.0,11,4.0,11.0,7.0,4.0,0,1,0.7555,1,1,31.272727272727273,86.0,0.36363636363636365,0.6363636363636364,0.37549956688982855,0.26162790697674415,0.1976598837209302,0.26162790697674415,0.26162790697674415,0.0,0.0,0.0,0.0,0.0,0.0,0.0,0.0,0.2832967758985201
2026,nwsl::Football_Player::fbe120b3952b43e4a95a632f285ffe38,B. Olivieri,b olivieri,Boston Legacy,Midfielder,962.0,16,12.0,16.0,4.0,8.0,1,1,0.6811,14,3,60.125,80.16666666666667,0.75,0.25,0.6835524933587434,0.18711018711018712,0.06372037422037423,1.30977130977131,0.2806652806652807,0.0,0.0,0.0,0.0,0.0,0.0,0.0,0.0,0.3935906964656965
2026,nwsl::Football_Player::03ef0251e6f546d09c0a41a5c52ce7b0,I. Chacón,i chacon,Chicago Stars,Forward,322.0,13,2.0,13.0,11.0,2.0,0,0,0.4082,2,1,24.76923076923077,161.0,0.15384615384615385,0.8461538461538461,0.26191204278812974,0.0,0.11409316770186335,0.5590062111801242,0.2795031055900621,0.0,0.0,0.0,0.0,0.0,0.0,0.0,0.0,0.17585236502627807
2026,nwsl::Football_Player::09140d97bf314b7193afa990b5f36308,S. Staab,s staab,Chicago Stars,Defender,1433.0,16,16.0,16.0,0.0,1.0,1,0,0.4709,4,2,89.5625,89.5625,1.0,0.0,0.8903400933841203,0.0628053035589672,0.029575017445917656,0.2512212142358688,0.1256106071179344,0.0,0.0,0.0,0.0,0.0,0.0,0.0,0.0,0.4770358077459874
2026,nwsl::Football_Player::0fd2f43637c941a58f9944a3f2649538,Nádia Gomes,nadia gomes,Chicago Stars,Forward,1066.0,13,12.0,13.0,1.0,7.0,1,0,1.3731,10,4,82.0,88.83333333333333,0.9230769230769231,0.07692307692307693,0.8005612286340008,0.08442776735459662,0.11592776735459662,0.8442776735459662,0.33771106941838647,1.1152,0.6015,1.1352,0.5451,0.1203294392523364,0.9494,-1.3368,-0.0937009345794392,0.399325569810717
2026,nwsl::Football_Player::13f55375d4344a56ab4ae19e39d9342d,M. Hayashi,m hayashi,Chicago Stars,Midfielder,1048.0,15,13.0,15.0,2.0,7.0,0,0,0.4036,8,3,69.86666666666666,80.61538461538461,0.8666666666666667,0.13333333333333333,0.7532834252191122,0.0,0.03466030534351145,0.6870229007633588,0.25763358778625955,0.0,0.0,0.0,0.0,0.0,0.0,0.0,0.0,0.3780623409669211
2026,nwsl::Football_Player::144dbd486f6847edb0164f392e656aac,T. Wood,t wood,Chicago Stars,Midfielder,90.0,2,1.0,2.0,1.0,1.0,0,0,0.0247,0,0,45.0,90.0,0.5,0.5,0.399985,0.0,0.0247,0.0,0.0,0.0,0.0,0.0,0.0,0.0,0.0,0.0,0.0,0.23323333333333335
2026,nwsl::Football_Player::1841294306f54421b12ef8cf61212c97,Leila Ouahabi,leila ouahabi,Chicago Stars,Defender,51.0,2,0.0,2.0,2.0,0.0,0,0,0.0254,1,0,25.5,0.0,0.0,1.0,0.1138171568627451,0.0,0.044823529411764707,1.7647058823529411,0.0,0.0,0.0,0.0,0.0,0.0,0.0,0.0,0.0,0.18655882352941178
2026,nwsl::Football_Player::23ad319baa72463cbb6e646de021b507,S. Cary Angel,s cary angel,Chicago Stars,Defender,0.0,0,0.0,0.0,0.0,0.0,0,0,0.0,0,0,0.0,0.0,0.0,0.0,0.0,0.0,0.0,0.0,0.0,0.0,0.0,0.0,0.0,0.0,0.0,0.0,0.0,0.0
2026,nwsl::Football_Player::241e9862359f42fc9434c287d7d231b0,E. Evans,e evans,Chicago Stars,Defender,7.0,1,0.0,1.0,1.0,0.0,0,0,0.0,0,0,7.0,0.0,0.0,1.0,0.03219444444444444,0.0,0.0,0.0,0.0,0.0,0.0,0.0,0.0,0.0,0.0,0.0,0.0,0.035
2026,nwsl::Football_Player::336dc7bf1e5642c1a7a4a9fd8973f2a9,B. Pinto,b pinto,Chicago Stars,Midfielder,945.0,13,11.0,13.0,2.0,7.0,0,1,0.5555,6,2,72.6923076923077,85.9090909090909,0.8461538461538461,0.15384615384615385,0.7424758241758241,0.09523809523809523,0.052904761904761906,0.5714285714285714,0.19047619047619047,0.0,0.0,0.0,0.0,0.0,0.0,0.0,0.0,0.41522344322344323
2026,nwsl::Football_Player::434f01fb0e2f4e65bbfc72e91eaf5aed,T. Rath,t rath,Chicago Stars,Goalkeeper,0.0,0,0.0,0.0,0.0,0.0,0,0,0.0,0,0,0.0,0.0,0.0,0.0,0.0,0.0,0.0,0.0,0.0,0.0,0.0,0.0,0.0,0.0,0.0,0.0,0.0,0.0
2026,nwsl::Football_Player::45bf406d7ed24ab3bb75e6e7ead8721c,A. Farmer,a farmer,Chicago Stars,Defender,896.0,14,10.0,14.0,4.0,4.0,0,0,0.5652,6,3,64.0,89.6,0.7142857142857143,0.2857142857142857,0.6573050099206349,0.0,0.05677232142857143,0.6026785714285714,0.3013392857142857,0.0,0.0,0.0,0.0,0.0,0.0,0.0,0.0,0.35399107142857145
2026,nwsl::Football_Player::57fe0d4b80e74d1fa6fc56aab0db25ad,A. Naeher,a naeher,Chicago Stars,Goalkeeper,651.0,8,8.0,8.0,0.0,1.0,0,0,0.0,0,0,81.375,81.375,1.0,0.0,0.7970729166666667,0.0,0.0,0.0,0.0,0.0,0.0,0.0,0.0,0.0,0.0,0.0,0.0,0.406875
2026,nwsl::Football_Player::63da20737e074579b1383973fc24c6a1,M. Johnson,m johnson,Chicago Stars,Forward,128.0,11,0.0,11.0,11.0,0.0,0,0,0.1049,5,1,11.636363636363637,0.0,0.0,1.0,0.14042198942550504,0.0,0.07375781249999999,3.515625,0.703125,0.0,0.0,0.0,0.0,0.0,0.0,0.0,0.0,0.17065838068181818
2026,nwsl::Football_Player::676004a629cb4668972a79f81ed48f2f,R. Gareis,r gareis,Chicago Stars,Forward,923.0,11,11.0,11.0,0.0,5.0,0,2,1.1944,11,4,83.9090909090909,83.9090909090909,1.0,0.0,0.8444522795670683,0.1950162513542795,0.11646370530877571,1.0725893824485373,0.390032502708559,0.0,0.0,0.0,0.0,0.0,0.0,0.0,0.0,0.5258098099084014
2026,nwsl::Football_Player::72af8c4018b84dad9a4148ff1f920398,J. Huitema,j huitema,Chicago Stars,Forward,935.0,12,12.0,12.0,0.0,5.0,4,0,3.9516,12,7,77.91666666666667,77.91666666666667,1.0,0.0,0.8502547172707466,0.3850267379679144,0.38036791443850265,1.1550802139037433,0.6737967914438503,0.0,0.0,0.0,0.0,0.0,0.0,0.0,0.0,0.6254635472370766
2026,nwsl::Football_Player::78fe6058bc1049be9f905c1d7b109833,N. Kuikka,n kuikka,Chicago Stars,Defender,0.0,0,0.0,0.0,0.0,0.0,0,0,0.0,0,0,0.0,0.0,0.0,0.0,0.0,0.0,0.0,0.0,0.0,0.0,0.0,0.0,0.0,0.0,0.0,0.0,0.0,0.0
2026,nwsl::Football_Player::7cf959e060cf44b9afda98c1b3c893d9,K. Atkinson,k atkinson,Chicago Stars,Goalkeeper,720.0,8,8.0,8.0,0.0,0.0,0,0,0.0,0,0,90.0,90.0,1.0,0.0,0.8275,0.0,0.0,0.0,0.0,0.0,0.0,0.0,0.0,0.0,0.0,0.0,0.0,0.45
2026,nwsl::Football_Player::84e65c9b042d400492b5088a8f3d3c6a,B. Franklin,b franklin,Chicago Stars,Midfielder,417.0,8,4.0,8.0,4.0,1.0,0,0,0.0,0,0,52.125,104.25,0.5,0.5,0.46888541666666667,0.0,0.0,0.0,0.0,0.0,0.0,0.0,0.0,0.0,0.0,0.0,0.0,0.26062500000000005
2026,nwsl::Football_Player::8772001989134074a48629a1110d6b62,M. Alozie,m alozie,Chicago Stars,Defender,608.0,11,8.0,11.0,3.0,6.0,0,0,0.7677,8,3,55.27272727272727,76.0,0.7272727272727273,0.2727272727272727,0.6148854058678894,0.0,0.11363980263157895,1.1842105263157894,0.4440789473684211,0.0,0.0,0.0,0.0,0.0,0.0,0.0,0.0,0.34384883373205744
2026,nwsl::Football_Player::8e4ef1a9758b4eea8d00aa2fd5abc101,K. Hendrich,k hendrich,Chicago Stars,Defender,789.0,10,8.0,10.0,2.0,1.0,0,0,0.2158,3,1,78.9,98.625,0.8,0.2,0.7158557351077313,0.0,0.024615969581749046,0.34220532319391633,0.11406844106463877,0.0,0.0,0.0,0.0,0.0,0.0,0.0,0.0,0.4112604562737643
2026,nwsl::Football_Player::8fff0be5941647158bce3fa7fc4a0cdd,H. Mackiewicz,h mackiewicz,Chicago Stars,Goalkeeper,69.0,1,0.0,1.0,1.0,0.0,0,0,0.0,0,0,69.0,0.0,0.0,1.0,0.2509166666666667,0.0,0.0,0.0,0.0,0.0,0.0,0.0,0.0,0.0,0.0,0.0,0.0,0.34500000000000003
2026,nwsl::Football_Player::920f2b3f71554778a0f38f3ada7405ad,J. Grosso,j grosso,Chicago Stars,Midfielder,1063.0,13,12.0,13.0,1.0,3.0,0,0,0.7393,8,5,81.76923076923077,88.58333333333333,0.9230769230769231,0.07692307692307693,0.8070179519341326,0.0,0.06259360301034807,0.6773283160865474,0.4233301975540922,0.0,0.0,0.0,0.0,0.0,0.0,0.0,0.0,0.44664389608510024
2026,nwsl::Football_Player::badbf997458d485caabfecfba5bb76f1,J. Bike,j bike,Chicago Stars,Forward,694.0,13,8.0,13.0,5.0,4.0,0,0,0.4008,4,2,53.38461538461539,86.75,0.6153846153846154,0.38461538461538464,0.567296228971157,0.0,0.05197694524495677,0.5187319884726225,0.25936599423631124,0.0,0.0,0.0,0.0,0.0,0.0,0.0,0.0,0.29721702504987807
2026,nwsl::Football_Player::bebc6af83c4342a38467774e2d6603ca,L. Nesbeth,l nesbeth,Chicago Stars,Midfielder,97.0,5,0.0,5.0,5.0,0.0,0,0,0.0506,2,1,19.4,0.0,0.0,1.0,0.11524507445589918,0.0,0.046948453608247426,1.8556701030927836,0.9278350515463918,0.0,0.0,0.0,0.0,0.0,0.0,0.0,0.0,0.15904123711340207
2026,nwsl::Football_Player::c1760c43c4464a9fa620e630b2e55842,E. Egizii,e egizii,Chicago Stars,Midfielder,220.0,6,1.0,6.0,5.0,2.0,0,0,0.1812,1,1,36.666666666666664,220.0,0.16666666666666666,0.8333333333333334,0.2545923063973064,0.0,0.07412727272727272,0.40909090909090906,0.40909090909090906,0.0,0.0,0.0,0.0,0.0,0.0,0.0,0.0,0.21826969696969695
2026,nwsl::Football_Player::ca64614f15f447ffbad8df1731cf8af9,J. Joseph,j joseph,Chicago Stars,Forward,822.0,13,9.0,13.0,4.0,4.0,0,0,0.7923,11,5,63.23076923076923,91.33333333333333,0.6923076923076923,0.3076923076923077,0.6409563962193525,0.0,0.08674817518248176,1.2043795620437956,0.5474452554744526,0.0,0.0,0.0,0.0,0.0,0.0,0.0,0.0,0.3751793935991016
2026,nwsl::Football_Player::d7d29fcbb1374eb4bda584df8d928547,M. Swanson,m swanson,Chicago Stars,Forward,392.0,6,4.0,6.0,2.0,2.0,1,0,0.6302,6,3,65.33333333333333,98.0,0.6666666666666666,0.3333333333333333,0.5950564814814815,0.2295918367346939,0.1446887755102041,1.3775510204081634,0.6887755102040817,0.0,0.0,0.0,0.0,0.0,0.0,0.0,0.0,0.4571666666666667
2026,nwsl::Football_Player::f9e929bd0d8944df84529c5f31696413,T. Dellarose,t dellarose,Chicago Stars,Defender,585.0,9,8.0,9.0,1.0,3.0,1,0,0.6333,1,1,65.0,73.125,0.8888888888888888,0.1111111111111111,0.7070617094017093,0.15384615384615385,0.09743076923076922,0.15384615384615385,0.15384615384615385,0.0,0.0,0.0,0.0,0.0,0.0,0.0,0.0,0.39337435897435896
2026,nwsl::Football_Player::fb71a19cd7524e63bdb58f0686fbd97e,Maitane López,maitane lopez,Chicago Stars,Midfielder,869.0,11,10.0,11.0,1.0,3.0,0,1,0.2561,1,0,79.0,86.9,0.9090909090909091,0.09090909090909091,0.7643252240402442,0.10356731875719218,0.02652359033371692,0.10356731875719218,0.0,0.2774,0.3924,0.0,0.1953,0.0558166666666666,0.9157,-0.3722999999999999,-0.0310249999999999,0.3552658033659378
2026,nwsl::Football_Player::01429efe66554be8bc7f86ee0a9fa184,E. Bravo-Young,e bravo young,Current,Defender,643.0,9,7.0,9.0,2.0,0.0,0,0,0.1258,1,0,71.44444444444444,91.85714285714286,0.7777777777777778,0.2222222222222222,0.6709454111706316,0.0,0.017608087091757384,0.1399688958009331,0.0,0.0,0.0,0.0,0.0,0.0,0.0,0.0,0.0,0.36659080698116464
2026,nwsl::Football_Player::04a1aad603eb46dd9c349c2ba91d2322,I. Rodriguez,i rodriguez,Current,Defender,1430.0,16,16.0,16.0,0.0,2.0,0,2,0.5652,6,4,89.375,89.375,1.0,0.0,0.8924233906371406,0.12587412587412586,0.03557202797202797,0.3776223776223776,0.2517482517482517,0.0,0.0,0.0,0.0,0.0,0.0,0.0,0.0,0.49439667832167833
2026,nwsl::Football_Player::0a3adb8ebf524b2ba9ae67669014f68d,I. Gemelli,i gemelli,Current,Midfielder,0.0,0,0.0,0.0,0.0,0.0,0,0,0.0,0,0,0.0,0.0,0.0,0.0,0.0,0.0,0.0,0.0,0.0,0.0,0.0,0.0,0.0,0.0,0.0,0.0,0.0,0.0
2026,nwsl::Football_Player::24d14aecb1aa4505a96c39f52a558e47,A. White,a white,Current,Forward,193.0,11,1.0,11.0,10.0,1.0,0,0,0.318,2,2,17.545454545454547,193.0,0.09090909090909091,0.9090909090909091,0.19621747265400116,0.0,0.14829015544041452,0.9326424870466321,0.9326424870466321,0.0,0.0,0.0,0.0,0.0,0.0,0.0,0.0,0.16047338671691005
2026,nwsl::Football_Player::27615fa77e0f4bc78e0365f58a4df924,G. Robinson,g robinson,Current,Defender,982.0,12,10.0,12.0,2.0,1.0,0,0,0.5816,3,1,81.83333333333333,98.2,0.8333333333333334,0.16666666666666666,0.7573860469940408,0.0,0.05330346232179226,0.27494908350305497,0.09164969450101833,0.0,0.0,0.0,0.0,0.0,0.0,0.0,0.0,0.4338082145281738
2026,nwsl::Football_Player::2b79fff663274280b57a60c00163ff51,P. Hocking,p hocking,Current,Forward,205.0,10,1.0,10.0,9.0,1.0,0,0,0.4389,3,0,20.5,205.0,0.1,0.9,0.20689285907859079,0.0,0.1926878048780488,1.3170731707317074,0.0,0.0,0.0,0.0,0.0,0.0,0.0,0.0,0.0,0.1996560975609756
2026,nwsl::Football_Player::3ca26686728a463fa1e1a40a4495a994,M. Brewer,m brewer,Current,Defender,0.0,0,0.0,0.0,0.0,0.0,0,0,0.0,0,0,0.0,0.0,0.0,0.0,0.0,0.0,0.0,0.0,0.0,0.0,0.0,0.0,0.0,0.0,0.0,0.0,0.0,0.0
2026,nwsl::Football_Player::3f841e6b66d94cdead98ab215e6e844b,B. Feist,b feist,Current,Midfielder,661.0,12,8.0,12.0,4.0,6.0,0,0,0.5449,6,2,55.083333333333336,82.625,0.6666666666666666,0.3333333333333333,0.5910949060066117,0.0,0.07419213313161876,0.8169440242057489,0.2723146747352496,0.0,0.0,0.0,0.0,0.0,0.0,0.0,0.0,0.3205709783156833
2026,nwsl::Football_Player::4b915e8cd11c489a8cbf2c1fbec32808,T. Kaufusi,t kaufusi,Current,Forward,0.0,0,0.0,0.0,0.0,0.0,0,0,0.0,0,0,0.0,0.0,0.0,0.0,0.0,0.0,0.0,0.0,0.0,0.0,0.0,0.0,0.0,0.0,0.0,0.0,0.0,0.0
2026,nwsl::Football_Player::53377155ab4b4c08b6ff7a3c66865fe3,R. Rodríguez,r rodriguez,Current,Midfielder,365.0,9,3.0,9.0,6.0,3.0,0,1,0.0929,1,0,40.55555555555556,121.66666666666667,0.3333333333333333,0.6666666666666666,0.37034646710637575,0.24657534246575344,0.022906849315068492,0.24657534246575344,0.0,0.0,0.0,0.0,0.0,0.0,0.0,0.0,0.0,0.26794764079147637
2026,nwsl::Football_Player::60a64a63fbee40239bd02e30ababee62,C. Gagne,c gagne,Current,Goalkeeper,0.0,0,0.0,0.0,0.0,0.0,0,0,0.0,0,0,0.0,0.0,0.0,0.0,0.0,0.0,0.0,0.0,0.0,0.0,0.0,0.0,0.0,0.0,0.0,0.0,0.0,0.0
2026,nwsl::Football_Player::674512a48d504c99be8523ea6cb6f7d3,K. Cappelletti,k cappelletti,Current,Goalkeeper,0.0,0,0.0,0.0,0.0,0.0,0,0,0.0,0,0,0.0,0.0,0.0,0.0,0.0,0.0,0.0,0.0,0.0,0.0,0.0,0.0,0.0,0.0,0.0,0.0,0.0,0.0
2026,nwsl::Football_Player::6d6d4a5642834e01ac61867306e1e367,L. Rouse,l rouse,Current,Defender,824.0,12,9.0,12.0,3.0,0.0,0,1,0.0873,1,0,68.66666666666667,91.55555555555556,0.75,0.25,0.6740403159834591,0.1092233009708738,0.009535194174757282,0.1092233009708738,0.0,0.0,0.0,0.0,0.0,0.0,0.0,0.0,0.0,0.3719971682847896
2026,nwsl::Football_Player::6eb214e42ba44ea59f98afee41a268d0,M. Cooper,m cooper,Current,Forward,903.0,13,12.0,13.0,1.0,11.0,4,3,2.9146,16,10,69.46153846153847,75.25,0.9230769230769231,0.07692307692307693,0.8002364639236733,0.6976744186046512,0.2904916943521595,1.5946843853820598,0.9966777408637874,0.0,0.0,0.0,0.0,0.0,0.0,0.0,0.0,0.6293542039355994
2026,nwsl::Football_Player::6fb7c24fe454404c899f51d0a7ea2e84,T. Chawinga,t chawinga,Current,Forward,770.0,11,10.0,11.0,1.0,7.0,9,2,9.0955,22,15,70.0,77.0,0.9090909090909091,0.09090909090909091,0.8156782106782107,1.2857142857142858,1.0631103896103895,2.5714285714285716,1.7532467532467533,0.0,0.0,0.0,0.0,0.0,0.0,0.0,0.0,0.8642857142857143
2026,nwsl::Football_Player::71105581a0a143b18ac92760cc09c609,C. Bethune,c bethune,Current,Midfielder,1243.0,16,15.0,16.0,1.0,11.0,3,6,5.2187,29,19,77.6875,82.86666666666666,0.9375,0.0625,0.8630704911392688,0.6516492357200322,0.3778624296057924,2.0997586484312145,1.3757039420756234,0.0,0.0,0.0,0.0,0.0,0.0,0.0,0.0,0.7026458668543847
2026,nwsl::Football_Player::7d50dd7b6526453ea7be4ca492fdef5a,Lorena,lorena,Current,Goalkeeper,1080.0,12,12.0,12.0,0.0,0.0,0,0,0.0,0,0,90.0,90.0,1.0,0.0,0.8574999999999999,0.0,0.0,0.0,0.0,0.0,0.0,0.0,0.0,0.0,0.0,0.0,0.0,0.45
2026,nwsl::Football_Player::810db7679a9d4660929f485ed49e1988,E. Ball,e ball,Current,Defender,723.0,10,8.0,10.0,2.0,1.0,0,0,0.1373,1,0,72.3,90.375,0.8,0.2,0.6913797026279391,0.0,0.017091286307053942,0.12448132780082988,0.0,0.0,0.0,0.0,0.0,0.0,0.0,0.0,0.0,0.37030912863070536
2026,nwsl::Football_Player::85023bcbe613492da8caaa35221257ed,K. Sharples,k sharples,Current,Defender,1199.0,15,14.0,15.0,1.0,1.0,0,1,0.7428,6,1,79.93333333333334,85.64285714285714,0.9333333333333333,0.06666666666666667,0.8213094723998393,0.0750625521267723,0.05575646371976647,0.45037531276063386,0.0750625521267723,0.0,0.0,0.0,0.0,0.0,0.0,0.0,0.0,0.4451495690853489
2026,nwsl::Football_Player::86e61d5213214742a5388b2df18ecbe1,K. Scott,k scott,Current,Defender,371.0,7,4.0,7.0,3.0,3.0,0,0,0.0828,2,1,53.0,92.75,0.5714285714285714,0.42857142857142855,0.49943879904162924,0.0,0.02008625336927224,0.4851752021563343,0.24258760107816715,0.0,0.0,0.0,0.0,0.0,0.0,0.0,0.0,0.28382479784366577
2026,nwsl::Football_Player::8d16edc2033a4281990ebb8662af78b5,M. Long,m long,Current,Forward,0.0,0,0.0,0.0,0.0,0.0,0,0,0.0,0,0,0.0,0.0,0.0,0.0,0.0,0.0,0.0,0.0,0.0,0.0,0.0,0.0,0.0,0.0,0.0,0.0,0.0,0.0
2026,nwsl::Football_Player::8e98714fbbb040eca395323bf0341abb,K. Suliafu,k suliafu,Current,Defender,0.0,0,0.0,0.0,0.0,0.0,0,0,0.0,0,0,0.0,0.0,0.0,0.0,0.0,0.0,0.0,0.0,0.0,0.0,0.0,0.0,0.0,0.0,0.0,0.0,0.0,0.0
2026,nwsl::Football_Player::9792e74df15347e7956b266647bfd2a6,A. Cook,a cook,Current,Defender,0.0,0,0.0,0.0,0.0,0.0,0,0,0.0,0,0,0.0,0.0,0.0,0.0,0.0,0.0,0.0,0.0,0.0,0.0,0.0,0.0,0.0,0.0,0.0,0.0,0.0,0.0
2026,nwsl::Football_Player::9b7fd5c1259c48b1a87f1cc0c10f713c,L. LaBonta,l labonta,Current,Midfielder,1206.0,15,14.0,15.0,1.0,5.0,1,0,1.687,5,2,80.4,86.14285714285714,0.9333333333333333,0.06666666666666667,0.8261594527363184,0.07462686567164178,0.1258955223880597,0.3731343283582089,0.14925373134328357,0.0,0.0,0.0,0.0,0.0,0.0,0.0,0.0,0.46884079601990053
2026,nwsl::Football_Player::a1626364867445b3b33022e19cac46ff,M. Jordan,m jordan,Current,Goalkeeper,360.0,4,4.0,4.0,0.0,0.0,0,0,0.0,0,0,90.0,90.0,1.0,0.0,0.7975,0.0,0.0,0.0,0.0,0.0,0.0,0.0,0.0,0.0,0.0,0.0,0.0,0.45
2026,nwsl::Football_Player::a74c35267e4b4a689431f9d3be7522c6,Debinha,debinha,Current,Midfielder,642.0,10,8.0,10.0,2.0,4.0,1,1,2.7423,11,6,64.2,80.25,0.8,0.2,0.6971324311512572,0.2803738317757009,0.38443457943925236,1.542056074766355,0.8411214953271028,3.0282,2.3755,0.8122,1.6659,0.5789678571428571,2.4191000000000003,0.4911,0.0526178571428571,0.5586606521194926
2026,nwsl::Football_Player::ae3e3d9feb31461eb38d1722bafe9362,K. Branson,k branson,Current,Midfielder,58.0,1,1.0,1.0,0.0,1.0,0,0,0.0,0,0,58.0,58.0,1.0,0.0,0.6621111111111111,0.0,0.0,0.0,0.0,0.0,0.0,0.0,0.0,0.0,0.0,0.0,0.0,0.29000000000000004
2026,nwsl::Football_Player::af41af05521443b5b718ca9cac9c7427,G. Paul,g paul,Current,Forward,137.0,5,2.0,5.0,3.0,2.0,0,0,0.2457,3,1,27.4,68.5,0.4,0.6,0.3296220600162206,0.0,0.16140875912408761,1.9708029197080292,0.6569343065693432,0.0,0.0,0.0,0.0,0.0,0.0,0.0,0.0,0.24007299270072993
2026,nwsl::Football_Player::afa88f0c0ec840f38096c040ebe83e08,K. Carusa,k carusa,Current,Forward,50.0,4,0.0,4.0,4.0,0.0,0,0,0.0165,1,1,12.5,0.0,0.0,1.0,0.08233222222222222,0.0,0.0297,1.7999999999999998,1.7999999999999998,0.0,0.0,0.0,0.0,0.0,0.0,0.0,0.0,0.1174
2026,nwsl::Football_Player::cac9bfef965b49f9a20bbc0deb15ccfa,V. DiBernardo,v dibernardo,Current,Midfielder,83.0,3,0.0,3.0,3.0,0.0,0,0,0.0,0,0,27.666666666666668,0.0,0.0,1.0,0.12010185185185186,0.0,0.0,0.0,0.0,0.0,0.0,0.0,0.0,0.0,0.0,0.0,0.0,0.13833333333333334
2026,nwsl::Football_Player::eb3f13f125cd4fdd93d41fa16b35664e,K. Williams-Mosier,k williams mosier,Current,Goalkeeper,0.0,0,0.0,0.0,0.0,0.0,0,0,0.0,0,0,0.0,0.0,0.0,0.0,0.0,0.0,0.0,0.0,0.0,0.0,0.0,0.0,0.0,0.0,0.0,0.0,0.0,0.0
2026,nwsl::Football_Player::f75edf091710413dbbf67b68fd50d746,A. Clark,a clark,Current,Midfielder,0.0,0,0.0,0.0,0.0,0.0,0,0,0.0,0,0,0.0,0.0,0.0,0.0,0.0,0.0,0.0,0.0,0.0,0.0,0.0,0.0,0.0,0.0,0.0,0.0,0.0,0.0
2026,nwsl::Football_Player::f82ac82c607145468005f6b2e5da5b72,H. Hopkins,h hopkins,Current,Forward,742.0,16,5.0,16.0,11.0,2.0,2,0,2.0895,13,8,46.375,148.4,0.3125,0.6875,0.4503917995657382,0.24258760107816715,0.25344339622641515,1.5768194070080863,0.9703504043126686,0.0,0.0,0.0,0.0,0.0,0.0,0.0,0.0,0.40631570080862534
2026,nwsl::Football_Player::01adaea2f8c14226a374de5a95b3273f,J. Nytes,j nytes,Denver Summit,Goalkeeper,0.0,0,0.0,0.0,0.0,0.0,0,0,0.0,0,0,0.0,0.0,0.0,0.0,0.0,0.0,0.0,0.0,0.0,0.0,0.0,0.0,0.0,0.0,0.0,0.0,0.0,0.0
2026,nwsl::Football_Player::12f3080c7af74e8bb619ae361ba8593f,A. Oke,a oke,Denver Summit,Defender,828.0,13,10.0,13.0,3.0,9.0,0,1,0.4677,2,1,63.69230769230769,82.8,0.7692307692307693,0.23076923076923078,0.6750999581939799,0.10869565217391305,0.050836956521739134,0.2173913043478261,0.10869565217391305,0.0,0.0,0.0,0.0,0.0,0.0,0.0,0.0,0.36348690078037904
2026,nwsl::Football_Player::1c53066f5b8247788639a789bad43d1f,Nahikari García,nahikari garcia,Denver Summit,Forward,6.0,1,0.0,1.0,1.0,0.0,0,0,0.0,0,0,6.0,0.0,0.0,1.0,0.042541666666666665,0.0,0.0,0.0,0.0,0.0,0.0,0.0,0.0,0.0,0.0706,0.0556,0.4170000000000001,0.1225
2026,nwsl::Football_Player::1fdefec504924f1c80369e7f6328cd2c,L. Heaps,l heaps,Denver Summit,Midfielder,90.0,1,1.0,1.0,0.0,0.0,0,1,0.6455,4,2,90.0,90.0,1.0,0.0,0.8512499999999998,1.0,0.6455,4.0,2.0,0.0,0.0,0.0,0.0,0.0,0.0,0.0,0.0,0.9583333333333334
2026,nwsl::Football_Player::21b9db4547da430eb454d860966a8865,N. Means,n means,Denver Summit,Defender,337.0,12,3.0,12.0,9.0,3.0,1,0,0.9184,6,4,28.083333333333332,112.33333333333333,0.25,0.75,0.328189860149467,0.26706231454005935,0.2452700296735905,1.6023738872403561,1.0682492581602374,0.0,0.0,0.0,0.0,0.0,0.0,0.0,0.0,0.3178706726013848
2026,nwsl::Football_Player::23ee9bca62424a87b93fb9568e559f5f,Y. Yamamoto,y yamamoto,Denver Summit,Forward,124.0,3,1.0,3.0,2.0,1.0,0,1,0.4638,2,1,41.333333333333336,124.0,0.3333333333333333,0.6666666666666666,0.36327126642771806,0.7258064516129032,0.3366290322580645,1.4516129032258065,0.7258064516129032,0.0,0.0,0.0,0.0,0.0,0.0,0.0,0.0,0.5063763440860215
2026,nwsl::Football_Player::291911cc9bee4a458a8ae94f9b2a9c97,A. Brazier,a brazier,Denver Summit,Forward,335.0,11,3.0,11.0,8.0,3.0,1,0,1.5153,11,5,30.454545454545453,111.66666666666667,0.2727272727272727,0.7272727272727273,0.3524965294738429,0.26865671641791045,0.40709552238805974,2.955223880597015,1.3432835820895521,0.0,0.0,0.0,0.0,0.0,0.0,0.0,0.0,0.4178219810040706
2026,nwsl::Football_Player::3156af5df0ad44729614d33bf537a27e,K. Asman,k asman,Denver Summit,Goalkeeper,0.0,0,0.0,0.0,0.0,0.0,0,0,0.0,0,0,0.0,0.0,0.0,0.0,0.0,0.0,0.0,0.0,0.0,0.0,0.0,0.0,0.0,0.0,0.0,0.0,0.0,0.0
2026,nwsl::Football_Player::41bc212c8b704218a9bdd418e016cfe3,J. Sonis,j sonis,Denver Summit,Forward,1107.0,13,13.0,13.0,0.0,0.0,6,2,2.8614,14,9,85.15384615384616,85.15384615384616,1.0,0.0,0.8841290494058787,0.6504065040650406,0.23263414634146343,1.1382113821138211,0.7317073170731707,0.0,0.0,0.0,0.0,0.0,0.0,0.0,0.0,0.6672705857827809
2026,nwsl::Football_Player::48fbfdd7f8004d3cb8bd7ef56db89b4c,C. Biegalski,c biegalski,Denver Summit,Defender,0.0,0,0.0,0.0,0.0,0.0,0,0,0.0,0,0,0.0,0.0,0.0,0.0,0.0,0.0,0.0,0.0,0.0,0.0,0.0,0.0,0.0,0.0,0.0,0.0,0.0,0.0
2026,nwsl::Football_Player::5c44cea6a05540639a949344419fa194,E. Regan,e regan,Denver Summit,Midfielder,332.0,11,4.0,11.0,7.0,4.0,0,0,0.0301,1,1,30.181818181818183,83.0,0.36363636363636365,0.6363636363636364,0.3540356593038822,0.0,0.008159638554216867,0.2710843373493976,0.2710843373493976,0.0,0.0,0.0,0.0,0.0,0.0,0.0,0.0,0.16040607886089814
2026,nwsl::Football_Player::5fb4bbfd291143ebb531a00cb56cc9a5,L. Bosch,l bosch,Denver Summit,Midfielder,0.0,0,0.0,0.0,0.0,0.0,0,0,0.0,0,0,0.0,0.0,0.0,0.0,0.0,0.0,0.0,0.0,0.0,0.0,0.0,0.0,0.0,0.0,0.0,0.0,0.0,0.0
2026,nwsl::Football_Player::6dbc458562f2406cb714ae051cf4d8c2,D. Lynch,d lynch,Denver Summit,Midfielder,1167.0,14,14.0,14.0,0.0,7.0,0,0,0.3156,4,0,83.35714285714286,83.35714285714286,1.0,0.0,0.8514392551107847,0.0,0.024339331619537274,0.30848329048843187,0.0,0.0,0.0,0.0,0.0,0.0,0.0,0.0,0.0,0.4326109070877709
2026,nwsl::Football_Player::6f1a3b3b9e0447f0aaffa25a360d29ee,C. Pickett,c pickett,Denver Summit,Defender,702.0,12,8.0,12.0,4.0,5.0,0,0,0.5195,4,0,58.5,87.75,0.6666666666666666,0.3333333333333333,0.6016282051282051,0.0,0.0666025641025641,0.5128205128205129,0.0,0.0,0.0,0.0,0.0,0.0,0.0,0.0,0.0,0.32752136752136757
2026,nwsl::Football_Player::85399e003cd149ec991da7c3853143ad,K. Kurtz,k kurtz,Denver Summit,Defender,1260.0,14,14.0,14.0,0.0,0.0,0,0,0.1532,2,0,90.0,90.0,1.0,0.0,0.8735828571428571,0.0,0.010942857142857143,0.14285714285714285,0.0,0.0,0.0,0.0,0.0,0.0,0.0,0.0,0.0,0.45721904761904764
2026,nwsl::Football_Player::8860c67ac5c4405784acd0fccddc6ace,E. Gaetino,e gaetino,Denver Summit,Defender,877.0,12,9.0,12.0,3.0,0.0,1,0,0.9184,3,1,73.08333333333333,97.44444444444444,0.75,0.25,0.6943956475146754,0.10262257696693274,0.09424857468643102,0.3078677309007982,0.10262257696693274,0.0,0.0,0.0,0.0,0.0,0.0,0.0,0.0,0.425909255036108
2026,nwsl::Football_Player::8b9f8e68542640ecb93089255329acdb,M. Boade,m boade,Denver Summit,Midfielder,0.0,0,0.0,0.0,0.0,0.0,0,0,0.0,0,0,0.0,0.0,0.0,0.0,0.0,0.0,0.0,0.0,0.0,0.0,0.0,0.0,0.0,0.0,0.0,0.0,0.0,0.0
2026,nwsl::Football_Player::97c6c3ae31c54d7c816afc2abb9bb8e0,J. Aikey,j aikey,Denver Summit,Forward,0.0,0,0.0,0.0,0.0,0.0,0,0,0.0,0,0,0.0,0.0,0.0,0.0,0.0,0.0,0.0,0.0,0.0,0.0,0.0,0.0,0.0,0.0,0.0,0.0,0.0,0.0
2026,nwsl::Football_Player::9dfb4d71f2454c48947447407eabeea4,P. Peyraud-Magnin,p peyraud magnin,Denver Summit,Goalkeeper,0.0,0,0.0,0.0,0.0,0.0,0,0,0.0,0,0,0.0,0.0,0.0,0.0,0.0,0.0,0.0,0.0,0.0,0.0,0.0,0.0,0.0,0.0,0.0,0.0,0.0,0.0
2026,nwsl::Football_Player::a781ef1be91e49abb66b45cbd140e7c4,N. Flint,n flint,Denver Summit,Forward,990.0,12,11.0,12.0,1.0,4.0,4,2,2.8274,18,8,82.5,90.0,0.9166666666666666,0.08333333333333333,0.8295753030303029,0.5454545454545454,0.2570363636363636,1.6363636363636365,0.7272727272727273,0.0,0.0,0.0,0.0,0.0,0.0,0.0,0.0,0.6527242424242424
2026,nwsl::Football_Player::bb2e756c53984f5ebf78cd343ec20b70,M. Reid,m reid,Denver Summit,Defender,414.0,7,5.0,7.0,2.0,3.0,0,0,0.3244,5,1,59.142857142857146,82.8,0.7142857142857143,0.2857142857142857,0.5901736024844721,0.0,0.07052173913043479,1.0869565217391306,0.2173913043478261,0.0,0.0,0.0,0.0,0.0,0.0,0.0,0.0,0.3463954451345756
2026,nwsl::Football_Player::c0076f9d59514192ab6a1107bfc8493a,A. Smith,a smith,Denver Summit,Goalkeeper,1260.0,14,14.0,14.0,0.0,0.0,0,0,0.0,0,0,90.0,90.0,1.0,0.0,0.8724999999999999,0.0,0.0,0.0,0.0,0.0,0.0,0.0,0.0,0.0,0.0,0.0,0.0,0.45
2026,nwsl::Football_Player::c8f867ab54e845239e4bf43547443cdc,J. Baggett,j baggett,Denver Summit,Midfielder,0.0,0,0.0,0.0,0.0,0.0,0,0,0.0,0,0,0.0,0.0,0.0,0.0,0.0,0.0,0.0,0.0,0.0,0.0,0.0,0.0,0.0,0.0,0.0,0.0,0.0,0.0
2026,nwsl::Football_Player::d814c62705514d3ab343c0798bb924ba,Y. Ryan,y ryan,Denver Summit,Forward,1173.0,14,13.0,14.0,1.0,2.0,3,3,3.3586,25,9,83.78571428571429,90.23076923076923,0.9285714285714286,0.07142857142857142,0.8528984624284497,0.46035805626598464,0.257693094629156,1.918158567774936,0.690537084398977,0.0,0.0,0.0,0.0,0.0,0.0,0.0,0.0,0.6486881622214103
2026,nwsl::Football_Player::eaa1ecbb20954389b35a972c41743b42,O. Thomas,o thomas,Denver Summit,Forward,299.0,11,3.0,11.0,8.0,3.0,0,1,1.3523,7,3,27.181818181818183,99.66666666666667,0.2727272727272727,0.7272727272727273,0.3387787203135029,0.3010033444816053,0.4070468227424749,2.1070234113712374,0.903010033444816,0.0,0.0,0.0,0.0,0.0,0.0,0.0,0.0,0.386975980541198
2026,nwsl::Football_Player::ec556416f45b48879e56409269f13dcb,D. Sheehan,d sheehan,Denver Summit,Midfielder,1002.0,12,11.0,12.0,1.0,1.0,1,1,1.7982,5,2,83.5,91.0909090909091,0.9166666666666666,0.08333333333333333,0.8124430971390552,0.17964071856287425,0.16151497005988025,0.44910179640718567,0.17964071856287425,0.0,0.0,0.0,0.0,0.0,0.0,0.0,0.0,0.5199910179640719
2026,nwsl::Football_Player::fac76b661a3c42b5a75dd7dc81ba311d,M. Kössler,m kossler,Denver Summit,Forward,1028.0,14,12.0,14.0,2.0,9.0,4,0,4.2097,21,11,73.42857142857143,85.66666666666667,0.8571428571428571,0.14285714285714285,0.7860196783706996,0.35019455252918286,0.3685535019455253,1.83852140077821,0.9630350194552529,0.0,0.0,0.0,0.0,0.0,0.0,0.0,0.0,0.6089142579210673
2026,nwsl::Football_Player::fc45d1c634f14b6e8e5ae61b7f34f421,Y. McCormack,y mccormack,Denver Summit,Midfielder,499.0,13,5.0,13.0,8.0,5.0,0,1,0.4936,3,2,38.38461538461539,99.8,0.38461538461538464,0.6153846153846154,0.41810594950584934,0.18036072144288579,0.08902605210420841,0.5410821643286573,0.36072144288577157,0.0,0.0,0.0,0.0,0.0,0.0,0.0,0.0,0.27270063203329736
2026,nwsl::Football_Player::091dffd7d5f244b291109607df38fbe0,A. Kitahata,a kitahata,Gotham FC,Forward,133.0,4,1.0,4.0,3.0,1.0,0,0,0.0,0,0,33.25,133.0,0.25,0.75,0.25979861111111113,0.0,0.0,0.0,0.0,0.0,0.0,0.0,0.0,0.0,0.0,0.0,0.0,0.16625
2026,nwsl::Football_Player::169fa964031141e98831884983375011,S. McCaskill,s mccaskill,Gotham FC,Midfielder,1259.0,16,15.0,16.0,1.0,9.0,0,2,0.8831,5,3,78.6875,83.93333333333334,0.9375,0.0625,0.8284316286625187,0.14297061159650518,0.06312867355043686,0.3574265289912629,0.21445591739475775,0.0,0.0,0.0,0.0,0.0,0.0,0.0,0.0,0.4532015984908658
2026,nwsl::Football_Player::1ead938145124f4bb3f98cc655a262b8,S. Cook,s cook,Gotham FC,Midfielder,253.0,11,2.0,11.0,9.0,2.0,0,1,0.341,5,2,23.0,126.5,0.18181818181818182,0.8181818181818182,0.26930884936319716,0.3557312252964427,0.12130434782608697,1.7786561264822136,0.7114624505928854,0.0,0.0,0.0,0.0,0.0,0.0,0.0,0.0,0.2740118577075099
2026,nwsl::Football_Player::266288af33ed4b378e529b0cb8957ecf,E. Sonnett,e sonnett,Gotham FC,Defender,919.0,13,10.0,13.0,3.0,1.0,0,0,0.2781,3,1,70.6923076923077,91.9,0.7692307692307693,0.23076923076923078,0.6955040912176931,0.0,0.027235038084874867,0.29379760609358,0.09793253536452666,0.0,0.0,0.0,0.0,0.0,0.0,0.0,0.0,0.36988482464216954
2026,nwsl::Football_Player::315eaeeeb03f4072a12b8ea83be10fb0,S. Nyamekye,s nyamekye,Gotham FC,Midfielder,0.0,0,0.0,0.0,0.0,0.0,0,0,0.0,0,0,0.0,0.0,0.0,0.0,0.0,0.0,0.0,0.0,0.0,0.0,0.0,0.0,0.0,0.0,0.0,0.0,0.0,0.0
2026,nwsl::Football_Player::328fcb7c689147afb61f408326d6d1bf,K. Duran,k duran,Gotham FC,Defender,246.0,5,4.0,5.0,1.0,3.0,0,0,0.0318,0,0,49.2,61.5,0.8,0.2,0.5716483739837398,0.0,0.011634146341463415,0.0,0.0,0.0,0.0,0.0,0.0,0.0,0.0,0.0,0.0,0.2498780487804878
2026,nwsl::Football_Player::39fe0dbc3b0a49c0a46d405d30b7141d,M. Purce,m purce,Gotham FC,Forward,1002.0,15,11.0,15.0,4.0,8.0,1,0,0.8158,6,3,66.8,91.0909090909091,0.7333333333333333,0.26666666666666666,0.6866471723220227,0.08982035928143713,0.07327544910179641,0.5389221556886228,0.2694610778443114,0.0,0.0,0.0,0.0,0.0,0.0,0.0,0.0,0.3906107784431138
2026,nwsl::Football_Player::412a04808d4b426f98c57acfa8b7a049,T. Sommer,t sommer,Gotham FC,Midfielder,35.0,4,0.0,4.0,4.0,0.0,0,0,0.1373,1,1,8.75,0.0,0.0,1.0,0.08816376984126983,0.0,0.35305714285714285,2.571428571428571,2.571428571428571,0.0,0.0,0.0,0.0,0.0,0.0,0.0,0.0,0.22572142857142857
2026,nwsl::Football_Player::68b02adc0cac4f9280733b42cd06ddc2,J. Carter,j carter,Gotham FC,Defender,1262.0,16,15.0,16.0,1.0,4.0,0,0,0.0,0,0,78.875,84.13333333333334,0.9375,0.0625,0.8201284722222223,0.0,0.0,0.0,0.0,0.0,0.0,0.0,0.0,0.0,0.0,0.0,0.0,0.39437500000000003
2026,nwsl::Football_Player::88284f038be14a6d8b643df2bc4c7d6d,K. Harper,k harper,Gotham FC,Forward,39.0,5,0.0,5.0,5.0,0.0,0,0,0.0,0,0,7.8,0.0,0.0,1.0,0.06501666666666667,0.0,0.0,0.0,0.0,0.0,0.0,0.0,0.0,0.0,0.0,0.0,0.0,0.039
2026,nwsl::Football_Player::891ad63d168c42aebeaeaa7359ec1fb5,Bruninha,bruninha,Gotham FC,Defender,65.0,5,0.0,5.0,5.0,0.0,0,0,0.0,0,0,13.0,0.0,0.0,1.0,0.08250852182539681,0.0,0.0,0.0,0.0,0.0,0.0761,0.0,0.0,0.0362380952380952,0.0591999999999999,-0.2754,-0.1311428571428571,0.05931607142857143
2026,nwsl::Football_Player::8bc2b0ed38a346f2a782d7236d278aa3,D. O'Sullivan,d o sullivan,Gotham FC,Midfielder,38.0,2,0.0,2.0,2.0,0.0,0,0,0.0,0,0,19.0,0.0,0.0,1.0,0.08202777777777777,0.0,0.0,0.0,0.0,0.0,0.0,0.0,0.0,0.0,0.0,0.0,0.0,0.095
2026,nwsl::Football_Player::925b70520fdb41b3afd6477937c4d93c,G. Reiten,g reiten,Gotham FC,Forward,841.0,11,10.0,11.0,1.0,6.0,0,3,0.289,2,0,76.45454545454545,84.1,0.9090909090909091,0.09090909090909091,0.7736872440216673,0.3210463733650416,0.03092746730083234,0.2140309155766944,0.0,0.0,0.0,0.0,0.0,0.0,0.0,0.0,0.0,0.46481731704680584
2026,nwsl::Football_Player::95d2c552a83342bc947134ce8db57d56,J. Howell,j howell,Gotham FC,Midfielder,1406.0,16,16.0,16.0,0.0,3.0,0,1,0.8695,14,6,87.875,87.875,1.0,0.0,0.8881473200173858,0.06401137980085349,0.05565789473684211,0.8961593172119489,0.3840682788051209,0.0,0.0,0.0,0.0,0.0,0.0,0.0,0.0,0.4936673186344239
2026,nwsl::Football_Player::98465b941a5d4e2aaa2a013813ed82a5,R. Campbell,r campbell,Gotham FC,Goalkeeper,0.0,0,0.0,0.0,0.0,0.0,0,0,0.0,0,0,0.0,0.0,0.0,0.0,0.0,0.0,0.0,0.0,0.0,0.0,0.0,0.0,0.0,0.0,0.0,0.0,0.0,0.0
2026,nwsl::Football_Player::a0b3cc966c05471caea2fced8abdb5cc,M. Whitham,m whitham,Gotham FC,Forward,13.0,1,0.0,1.0,1.0,0.0,0,0,0.0,0,0,13.0,0.0,0.0,1.0,0.05336111111111111,0.0,0.0,0.0,0.0,0.0,0.0,0.0,0.0,0.0,0.0,0.0,0.0,0.065
2026,nwsl::Football_Player::aca2fdf863f449bda03f5f46f28ed9f4,J. Dudley,j dudley,Gotham FC,Forward,954.0,15,10.0,15.0,5.0,7.0,2,2,3.5415,26,17,63.6,95.4,0.6666666666666666,0.3333333333333333,0.6745624213836477,0.37735849056603776,0.33410377358490567,2.452830188679245,1.6037735849056605,0.0,0.0,0.0,0.0,0.0,0.0,0.0,0.0,0.569305031446541
2026,nwsl::Football_Player::b6a0694762f84a9fa3f5a476d0db9f87,T. Wy,t wy,Gotham FC,Goalkeeper,0.0,0,0.0,0.0,0.0,0.0,0,0,0.0,0,0,0.0,0.0,0.0,0.0,0.0,0.0,0.0,0.0,0.0,0.0,0.0,0.0,0.0,0.0,0.0,0.0,0.0,0.0
2026,nwsl::Football_Player::b7b10520cd77421e97f225c988f93e57,A. Berger,a berger,Gotham FC,Goalkeeper,1350.0,15,15.0,15.0,0.0,0.0,0,0,0.021,1,1,90.0,90.0,1.0,0.0,0.88032,0.0,0.0014,0.06666666666666667,0.06666666666666667,0.0,0.0,0.0,0.0,0.0,0.0,0.0,0.0,0.45213333333333333
2026,nwsl::Football_Player::ba1bdfe55b8646738100a1f9c8b69e0d,T. Torres,t torres,Gotham FC,Midfielder,0.0,0,0.0,0.0,0.0,0.0,0,0,0.0,0,0,0.0,0.0,0.0,0.0,0.0,0.0,0.0,0.0,0.0,0.0,0.0,0.0,0.0,0.0,0.0,0.0,0.0,0.0
2026,nwsl::Football_Player::d1485dcbe6f34e4c9ba927371173260d,R. Lavelle,r lavelle,Gotham FC,Midfielder,1078.0,14,12.0,14.0,2.0,4.0,4,0,3.7161,29,14,77.0,89.83333333333333,0.8571428571428571,0.14285714285714285,0.7973809575345289,0.3339517625231911,0.3102495361781076,2.4211502782931356,1.1688311688311688,0.0,0.0,0.0,0.0,0.0,0.0,0.0,0.0,0.6185185528756957
2026,nwsl::Football_Player::d34c603875494308b83fc6a75c948837,J. Shaw,j shaw,Gotham FC,Midfielder,1093.0,13,13.0,13.0,0.0,6.0,4,3,3.3732,26,11,84.07692307692308,84.07692307692308,1.0,0.0,0.8840332461428986,0.576395242451967,0.27775663311985366,2.140896614821592,0.9057639524245197,0.0,0.0,0.0,0.0,0.0,0.0,0.0,0.0,0.686574917305933
2026,nwsl::Football_Player::d73ddb615f3149cfb6432c6f82b21ac9,S. Schupansky,s schupansky,Gotham FC,Midfielder,535.0,14,7.0,14.0,7.0,7.0,0,1,0.4606,2,0,38.214285714285715,76.42857142857143,0.5,0.5,0.47520440513276957,0.16822429906542055,0.07748411214953271,0.3364485981308411,0.0,0.0,0.0,0.0,0.0,0.0,0.0,0.0,0.0,0.2603574098798398
2026,nwsl::Football_Player::d8f389524b654b238b386797cb3b1216,Esther González,esther gonzalez,Gotham FC,Forward,1142.0,15,12.0,15.0,3.0,4.0,6,0,7.8522,32,16,76.13333333333334,95.16666666666667,0.8,0.2,0.7894157461693813,0.4728546409807356,0.6188248686514887,2.521891418563923,1.2609457092819616,8.1709,1.0042,3.6172,3.7918,0.6085180545320561,3.8461,0.1604999999999998,0.0106448047162859,0.7028950979193314
2026,nwsl::Football_Player::d9bb4ddad5e34f7b89ab4608dc8277d1,T. Davidson,t davidson,Gotham FC,Defender,997.0,15,11.0,15.0,4.0,5.0,2,1,0.4054,2,2,66.46666666666667,90.63636363636364,0.7333333333333333,0.26666666666666666,0.6879493387570117,0.2708124373119358,0.03659578736208626,0.18054162487462388,0.18054162487462388,0.0,0.0,0.0,0.0,0.0,0.0,0.0,0.0,0.405464727515881
2026,nwsl::Football_Player::d9f63636eae141b9a9fccd6533df3a2b,S. Hogan,s hogan,Gotham FC,Goalkeeper,90.0,1,1.0,1.0,0.0,0.0,0,0,0.0,0,0,90.0,90.0,1.0,0.0,0.7749999999999999,0.0,0.0,0.0,0.0,0.0,0.0,0.0,0.0,0.0,0.0,0.0,0.0,0.45
2026,nwsl::Football_Player::eb192101ab34425984a49075a90f3b0c,S. Kerr,s kerr,Gotham FC,Forward,131.0,3,1.0,3.0,2.0,1.0,1,1,1.9161,4,4,43.666666666666664,131.0,0.3333333333333333,0.6666666666666666,0.4043516398077467,1.3740458015267176,1.3164045801526718,2.7480916030534353,2.7480916030534353,0.0,0.0,0.0,0.0,0.0,0.0,0.0,0.0,0.7370356234096692
2026,nwsl::Football_Player::f1674817643d4409ae98e3f26ec72dc4,M. Freeman,m freeman,Gotham FC,Defender,116.0,5,1.0,5.0,4.0,2.0,0,0,0.0198,1,1,23.2,116.0,0.2,0.8,0.213022030651341,0.0,0.015362068965517242,0.7758620689655172,0.7758620689655172,0.0,0.0,0.0,0.0,0.0,0.0,0.0,0.0,0.14051724137931035
2026,nwsl::Football_Player::f39d28dcc0d941b8b82776e97a71abc4,P. Ademiluyi,p ademiluyi,Gotham FC,Forward,0.0,0,0.0,0.0,0.0,0.0,0,0,0.0,0,0,0.0,0.0,0.0,0.0,0.0,0.0,0.0,0.0,0.0,0.0,0.0,0.0,0.0,0.0,0.0,0.0,0.0,0.0
2026,nwsl::Football_Player::fed95d382879402f971b73910f1a8e2a,K. Lampson,k lampson,Gotham FC,Forward,304.0,9,4.0,9.0,5.0,3.0,0,0,0.7197,2,1,33.77777777777778,76.0,0.4444444444444444,0.5555555555555556,0.39953434251137104,0.0,0.21306907894736843,0.5921052631578947,0.29605263157894735,0.0,0.0,0.0,0.0,0.0,0.0,0.0,0.0,0.2547145467836257
2026,nwsl::Football_Player::077ea2ab10e8473d9224cd482d7970f0,A. West,a west,Houston Dash,Forward,0.0,0,0.0,0.0,0.0,0.0,0,0,0.0,0,0,0.0,0.0,0.0,0.0,0.0,0.0,0.0,0.0,0.0,0.0,0.0,0.0,0.0,0.0,0.0,0.0,0.0,0.0
2026,nwsl::Football_Player::0bb3c16212754939b111d70c83644b8e,D. Colaprico,d colaprico,Houston Dash,Midfielder,1108.0,16,14.0,16.0,2.0,11.0,0,2,0.2689,4,1,69.25,79.14285714285714,0.875,0.125,0.7654358403529884,0.1624548736462094,0.02184205776173285,0.3249097472924188,0.0812274368231047,0.0,0.0,0.0,0.0,0.0,0.0,0.0,0.0,0.39549819494584837
2026,nwsl::Football_Player::0bc0d986844b458592417f6157d1aeb4,C. Westphal,c westphal,Houston Dash,Defender,0.0,0,0.0,0.0,0.0,0.0,0,0,0.0,0,0,0.0,0.0,0.0,0.0,0.0,0.0,0.0,0.0,0.0,0.0,0.0,0.0,0.0,0.0,0.0,0.0,0.0,0.0
2026,nwsl::Football_Player::0c530e65960c4b09af04a8b64b7c2a77,N. Bain,n bain,Houston Dash,Defender,0.0,0,0.0,0.0,0.0,0.0,0,0,0.0,0,0,0.0,0.0,0.0,0.0,0.0,0.0,0.0,0.0,0.0,0.0,0.0,0.0,0.0,0.0,0.0,0.0,0.0,0.0
2026,nwsl::Football_Player::10b990f3432f4383891922232cca020a,L. Boattin,l boattin,Houston Dash,Defender,641.0,13,8.0,13.0,5.0,7.0,0,0,0.2136,3,2,49.30769230769231,80.125,0.6153846153846154,0.38461538461538464,0.5514487532834647,0.0,0.029990639625585028,0.421216848673947,0.280811232449298,0.0,0.0,0.0,0.0,0.0,0.0,0.0,0.0,0.26706576263050524
2026,nwsl::Football_Player::2c448e6ce8624c9c983fe177032cd791,M. Robbe,m robbe,Houston Dash,Forward,245.0,3,3.0,3.0,0.0,2.0,1,1,1.1361,6,2,81.66666666666667,81.66666666666667,1.0,0.0,0.812693484504913,0.7346938775510203,0.4173428571428572,2.204081632653061,0.7346938775510203,0.0,0.0,0.0,0.0,0.0,0.0,0.0,0.0,0.7556108843537416
2026,nwsl::Football_Player::36b07020f4cf4e35943ba241ccbb8a7d,J. Harris,j harris,Houston Dash,Defender,0.0,0,0.0,0.0,0.0,0.0,0,0,0.0,0,0,0.0,0.0,0.0,0.0,0.0,0.0,0.0,0.0,0.0,0.0,0.0,0.0,0.0,0.0,0.0,0.0,0.0,0.0
2026,nwsl::Football_Player::37c762eb698644fa88b9cb94cf4f0940,P. Nielsen,p nielsen,Houston Dash,Defender,1211.0,16,15.0,16.0,1.0,7.0,0,0,0.011,1,0,75.6875,80.73333333333333,0.9375,0.0625,0.8092032511583631,0.0,0.0008175061932287366,0.07431874483897605,0.0,0.0,0.0,0.0,0.0,0.0,0.0,0.0,0.0,0.38056797068538406
2026,nwsl::Football_Player::55c607b8f8ea48efa308facc28601331,S. Schmidt,s schmidt,Houston Dash,Midfielder,170.0,8,0.0,8.0,8.0,0.0,0,1,0.1171,1,1,21.25,0.0,0.0,1.0,0.1565943954248366,0.5294117647058824,0.061994117647058825,0.5294117647058824,0.5294117647058824,0.0,0.0,0.0,0.0,0.0,0.0,0.0,0.0,0.2504441176470588
2026,nwsl::Football_Player::7b95e77ca5184ed39abbd7481af81fee,A. Chapman,a chapman,Houston Dash,Defender,317.0,10,3.0,10.0,7.0,3.0,0,1,0.0,0,0,31.7,105.66666666666667,0.3,0.7,0.33070279530318963,0.28391167192429023,0.0,0.0,0.0,0.0,0.0,0.0,0.0,0.0,0.0,0.0,0.0,0.21764826498422712
2026,nwsl::Football_Player::7e125d671c06445880e000972f3ae412,K. Rader,k rader,Houston Dash,Midfielder,1331.0,16,15.0,16.0,1.0,6.0,6,1,4.1199,25,18,83.1875,88.73333333333333,0.9375,0.0625,0.8704017809813006,0.47332832456799395,0.2785807663410969,1.69045830202855,1.217129977460556,0.0,0.0,0.0,0.0,0.0,0.0,0.0,0.0,0.6496692806160781
2026,nwsl::Football_Player::907a57b1c41046b08063e94229484b5e,M. Berkely,m berkely,Houston Dash,Defender,937.0,15,9.0,15.0,6.0,2.0,0,0,1.0392,5,1,62.46666666666667,104.11111111111111,0.6,0.4,0.6096603008024032,0.0,0.09981643543223051,0.48025613660618993,0.096051227321238,0.0,0.0,0.0,0.0,0.0,0.0,0.0,0.0,0.35761188189256493
2026,nwsl::Football_Player::9e98c713a7154c928697e3cf043fec63,S. Puntigam,s puntigam,Houston Dash,Midfielder,540.0,13,5.0,13.0,8.0,3.0,1,0,1.0295,4,2,41.53846153846154,108.0,0.38461538461538464,0.6153846153846154,0.4334028846153846,0.16666666666666666,0.17158333333333334,0.6666666666666666,0.3333333333333333,0.0,0.0,0.0,0.0,0.0,0.0,0.0,0.0,0.31627564102564104
2026,nwsl::Football_Player::a508823d48c24d818a9b76c99106c143,J. Campbell,j campbell,Houston Dash,Goalkeeper,1343.0,15,15.0,15.0,0.0,1.0,0,0,0.0,0,0,89.53333333333333,89.53333333333333,1.0,0.0,0.8783537037037037,0.0,0.0,0.0,0.0,0.0,0.0,0.0,0.0,0.0,0.0,0.0,0.0,0.44766666666666666
2026,nwsl::Football_Player::b0fe6c1df4fc4afeabe923ab23915632,M. Bright,m bright,Houston Dash,Forward,191.0,8,2.0,8.0,6.0,2.0,0,0,1.2785,3,0,23.875,95.5,0.25,0.75,0.2920267415648633,0.0,0.6024345549738219,1.4136125654450262,0.0,0.0,0.0,0.0,0.0,0.0,0.0,0.0,0.0,0.35471531413612567
2026,nwsl::Football_Player::b4c1a9753def4e8b965ea004157befca,C. DeLisle,c delisle,Houston Dash,Goalkeeper,97.0,2,1.0,2.0,1.0,0.0,0,0,0.0,0,0,48.5,97.0,0.5,0.5,0.4110972222222222,0.0,0.0,0.0,0.0,0.0,0.0,0.0,0.0,0.0,0.0,0.0,0.0,0.2425
2026,nwsl::Football_Player::b7f052b3fd2b44e798841bb74f5af288,K. Faasse,k faasse,Houston Dash,Forward,727.0,13,8.0,13.0,5.0,8.0,2,2,1.8465,9,5,55.92307692307692,90.875,0.6153846153846154,0.38461538461538464,0.6027894520274163,0.49518569463548834,0.2285900962861073,1.1141678129298487,0.6189821182943605,0.0,0.0,0.0,0.0,0.0,0.0,0.0,0.0,0.4868299650830601
2026,nwsl::Football_Player::c8da9ce253a9427e8484187e0c8ac57f,Rebeca Costa,rebeca costa,Houston Dash,Defender,0.0,0,0.0,0.0,0.0,0.0,0,0,0.0,0,0,0.0,0.0,0.0,0.0,0.0,0.0,0.0,0.0,0.0,0.0,0.0,0.0,0.0,0.0,0.0,0.0,0.0,0.0
2026,nwsl::Football_Player::cddba4af4e31494b91caeeb135909281,C. Hardin,c hardin,Houston Dash,Defender,547.0,11,6.0,11.0,5.0,2.0,0,0,0.247,3,1,49.72727272727273,91.16666666666667,0.5454545454545454,0.45454545454545453,0.5072643113031596,0.0,0.04063985374771481,0.4936014625228519,0.16453382084095064,0.0,0.0,0.0,0.0,0.0,0.0,0.0,0.0,0.2745230181153399
2026,nwsl::Football_Player::cfe14710edf54a02806026e010c8c0cf,L. Ullmark,l ullmark,Houston Dash,Midfielder,1279.0,16,16.0,16.0,0.0,8.0,2,3,2.2944,14,9,79.9375,79.9375,1.0,0.0,0.8747635031165841,0.35183737294761536,0.16145113369820172,0.9851446442533229,0.6333072713057076,0.0,0.0,0.0,0.0,0.0,0.0,0.0,0.0,0.5514326133698202
2026,nwsl::Football_Player::d23d7e4bff8f4282b946c478b857105c,E. Duljan,e duljan,Houston Dash,Defender,0.0,0,0.0,0.0,0.0,0.0,0,0,0.0,0,0,0.0,0.0,0.0,0.0,0.0,0.0,0.0,0.0,0.0,0.0,0.0,0.0,0.0,0.0,0.0,0.0,0.0,0.0
2026,nwsl::Football_Player::d576555bc98d477a9c831e65e16f7626,M. Graham,m graham,Houston Dash,Midfielder,1357.0,16,15.0,16.0,1.0,2.0,3,2,1.9171,10,5,84.8125,90.46666666666667,0.9375,0.0625,0.8602820588205191,0.3316138540899042,0.12714738393515107,0.6632277081798084,0.3316138540899042,0.0,0.0,0.0,0.0,0.0,0.0,0.0,0.0,0.5521118736182756
2026,nwsl::Football_Player::d70a89d4bf9e47778923c4ab4ae9e679,H. Beall,h beall,Houston Dash,Goalkeeper,0.0,0,0.0,0.0,0.0,0.0,0,0,0.0,0,0,0.0,0.0,0.0,0.0,0.0,0.0,0.0,0.0,0.0,0.0,0.0,0.0,0.0,0.0,0.0,0.0,0.0,0.0
2026,nwsl::Football_Player::dc3910a88592482d933542fb999e21fe,C. Laris­ey,c larisey,Houston Dash,Forward,356.0,13,2.0,13.0,11.0,2.0,0,0,1.1089,5,2,27.384615384615383,178.0,0.15384615384615385,0.8461538461538461,0.28209476975895514,0.0,0.2803398876404494,1.2640449438202246,0.5056179775280899,0.0,0.0,0.0,0.0,0.0,0.0,0.0,0.0,0.2619708297320657
2026,nwsl::Football_Player::dd58c531924040d7b2a296847b8e2ef2,L. Klenke,l klenke,Houston Dash,Defender,1368.0,16,15.0,16.0,1.0,1.0,0,0,0.469,7,2,85.5,91.2,0.9375,0.0625,0.8467697368421053,0.0,0.030855263157894736,0.46052631578947373,0.13157894736842105,0.0,0.0,0.0,0.0,0.0,0.0,0.0,0.0,0.4492982456140351
2026,nwsl::Football_Player::defa5ede49564c5c9b518c5c5281cf9a,K. Van Zanten,k van zanten,Houston Dash,Midfielder,696.0,11,9.0,11.0,2.0,7.0,4,0,2.7593,20,12,63.27272727272727,77.33333333333333,0.8181818181818182,0.18181818181818182,0.7175963100835946,0.5172413793103449,0.3568060344827586,2.586206896551724,1.5517241379310345,0.0,0.0,0.0,0.0,0.0,0.0,0.0,0.0,0.6077127742946709
2026,nwsl::Football_Player::e0a407a396b94362806b642667a930cc,E. Ekić,e ekic,Houston Dash,Forward,86.0,5,1.0,5.0,4.0,1.0,0,0,0.0,0,0,17.2,86.0,0.2,0.8,0.18817777777777778,0.0,0.0,0.0,0.0,0.0,0.0,0.0,0.0,0.0,0.0,0.0,0.0,0.08600000000000001
2026,nwsl::Football_Player::e9488064a60149bebd3650cfc6bb8a5c,A. Patterson,a patterson,Houston Dash,Defender,1260.0,14,14.0,14.0,0.0,0.0,0,1,1.2618,11,2,90.0,90.0,1.0,0.0,0.882185,0.07142857142857142,0.09012857142857143,0.7857142857142857,0.14285714285714285,0.0,0.0,0.0,0.0,0.0,0.0,0.0,0.0,0.5145666666666667
2026,nwsl::Football_Player::09958b13c0eb4f6da37c9de8dca9877a,E. Parkinson,e parkinson,NC Courage,Midfielder,135.0,2,1.0,2.0,1.0,0.0,0,0,0.2063,2,1,67.5,135.0,0.5,0.5,0.49000166666666667,0.0,0.13753333333333334,1.3333333333333333,0.6666666666666666,0.0,0.0,0.0,0.0,0.0,0.0,0.0,0.0,0.4166777777777778
2026,nwsl::Football_Player::0be30b0d97e24aa39d443c4436a4c2a1,U. Shiragaki,u shiragaki,NC Courage,Defender,1148.0,14,13.0,14.0,1.0,2.0,0,0,0.4134,4,2,82.0,88.3076923076923,0.9285714285714286,0.07142857142857142,0.8149313492063492,0.0,0.03240940766550522,0.313588850174216,0.156794425087108,0.0,0.0,0.0,0.0,0.0,0.0,0.0,0.0,0.4286428571428571
2026,nwsl::Football_Player::1c5b1011e8104e8f8b94c941f66b7a93,C. Wickenheiser,c wickenheiser,NC Courage,Midfielder,410.0,11,5.0,11.0,6.0,3.0,0,1,0.1668,1,0,37.27272727272727,82.0,0.45454545454545453,0.5454545454545454,0.4280490120719389,0.21951219512195122,0.03661463414634147,0.21951219512195122,0.0,0.0,0.0,0.0,0.0,0.0,0.0,0.0,0.0,0.24978802660753882
2026,nwsl::Football_Player::22fe350a7bf44f1f8e008c44d92b45f9,L. Thompson,l thompson,NC Courage,Forward,169.0,5,1.0,5.0,4.0,1.0,0,0,0.2329,3,0,33.8,169.0,0.2,0.8,0.25893149243918473,0.0,0.12402958579881657,1.5976331360946745,0.0,0.0,0.0,0.0,0.0,0.0,0.0,0.0,0.0,0.25028402366863906
2026,nwsl::Football_Player::23fbf942a9564991bb975594e94b02d7,S. Koyama,s koyama,NC Courage,Midfielder,1338.0,15,15.0,15.0,0.0,2.0,0,4,1.0908,12,4,89.2,89.2,1.0,0.0,0.8922813652217241,0.26905829596412556,0.07337219730941703,0.8071748878923767,0.26905829596412556,0.0,0.0,0.0,0.0,0.0,0.0,0.0,0.0,0.5466905829596413
2026,nwsl::Football_Player::3bbc6c9898e94194a7a320db15edab22,I. Younce,i younce,NC Courage,Defender,66.0,7,0.0,7.0,7.0,0.0,0,0,0.4573,1,1,9.428571428571429,0.0,0.0,1.0,0.12087554112554114,0.0,0.6235909090909091,1.3636363636363638,1.3636363636363638,0.0,0.0,0.0,0.0,0.0,0.0,0.0,0.0,0.2812337662337663
2026,nwsl::Football_Player::3d88359f24cc42609f3402ab4c856674,N. Staude,n staude,NC Courage,Defender,754.0,11,8.0,11.0,3.0,0.0,0,0,0.3693,1,0,68.54545454545455,94.25,0.7272727272727273,0.2727272727272727,0.6542375164107923,0.0,0.04408090185676392,0.11936339522546419,0.0,0.0,0.0,0.0,0.0,0.0,0.0,0.0,0.0,0.36040499156016403
2026,nwsl::Football_Player::405bbcc7f91848b4a28e72f45ffb7d55,D. Weatherholt,d weatherholt,NC Courage,Midfielder,1024.0,13,12.0,13.0,1.0,8.0,1,0,0.9608,4,2,78.76923076923077,85.33333333333333,0.9230769230769231,0.07692307692307693,0.7990521642962073,0.087890625,0.0844453125,0.3515625,0.17578125,0.0,0.0,0.0,0.0,0.0,0.0,0.0,0.0,0.44909420072115386
2026,nwsl::Football_Player::55bd66bfbc3240c7acf59ca32209868c,M. Bell,m bell,NC Courage,Defender,894.0,10,10.0,10.0,0.0,1.0,0,0,0.9537,8,3,89.4,89.4,1.0,0.0,0.8482039709172259,0.0,0.09601006711409396,0.8053691275167785,0.30201342281879195,0.0,0.0,0.0,0.0,0.0,0.0,0.0,0.0,0.4991375838926174
2026,nwsl::Football_Player::6a0f8138983847b9b9b165b4d961ba81,S. Schmidt,s schmidt,NC Courage,Defender,73.0,3,1.0,3.0,2.0,1.0,0,0,0.1016,1,0,24.333333333333332,73.0,0.3333333333333333,0.6666666666666666,0.2692288939624556,0.0,0.12526027397260273,1.2328767123287672,0.0,0.0,0.0,0.0,0.0,0.0,0.0,0.0,0.0,0.19424200913242012
2026,nwsl::Football_Player::75dd90b34f884be794d7d0a24f71d8d8,O. Wingate,o wingate,NC Courage,Forward,5.0,2,0.0,2.0,2.0,0.0,0,0,0.0,0,0,2.5,0.0,0.0,1.0,0.02381944444444444,0.0,0.0,0.0,0.0,0.0,0.0,0.0,0.0,0.0,0.0,0.0,0.0,0.012499999999999999
2026,nwsl::Football_Player::76946e8d1a40476cb7874e813358910c,M. White,m white,NC Courage,Goalkeeper,0.0,0,0.0,0.0,0.0,0.0,0,0,0.0,0,0,0.0,0.0,0.0,0.0,0.0,0.0,0.0,0.0,0.0,0.0,0.0,0.0,0.0,0.0,0.0,0.0,0.0,0.0
2026,nwsl::Football_Player::7a3d8828fb0941f88dd72a728f9f61e4,K. Sheridan,k sheridan,NC Courage,Goalkeeper,1350.0,15,15.0,15.0,0.0,0.0,0,0,0.0,0,0,90.0,90.0,1.0,0.0,0.88,0.0,0.0,0.0,0.0,0.0,0.0,0.0,0.0,0.0,0.0,0.0,0.0,0.45
2026,nwsl::Football_Player::81f566b89fa04830b4b1657453e4f818,R. Williams,r williams,NC Courage,Defender,1350.0,15,15.0,15.0,0.0,0.0,0,3,0.4657,4,0,90.0,90.0,1.0,0.0,0.8888023333333334,0.2,0.031046666666666667,0.26666666666666666,0.0,0.0,0.0,0.0,0.0,0.0,0.0,0.0,0.0,0.5086822222222223
2026,nwsl::Football_Player::86effc238dda42cf81a3890dc95f556e,M. Pritchard,m pritchard,NC Courage,Goalkeeper,0.0,0,0.0,0.0,0.0,0.0,0,0,0.0,0,0,0.0,0.0,0.0,0.0,0.0,0.0,0.0,0.0,0.0,0.0,0.0,0.0,0.0,0.0,0.0,0.0,0.0,0.0
2026,nwsl::Football_Player::93ab29167bcd49b1a9d06e29f2cfb3c2,H. Betfort,h betfort,NC Courage,Forward,404.0,11,4.0,11.0,7.0,4.0,0,0,0.7991,5,2,36.72727272727273,101.0,0.36363636363636365,0.6363636363636364,0.3887798667366737,0.0,0.1780173267326733,1.113861386138614,0.44554455445544555,0.0,0.0,0.0,0.0,0.0,0.0,0.0,0.0,0.27082200720072014
2026,nwsl::Football_Player::98dcb1c31ca44fd195fa3302144a6140,N. Jacobs,n jacobs,NC Courage,Defender,208.0,3,2.0,3.0,1.0,1.0,0,0,0.0,0,0,69.33333333333333,104.0,0.6666666666666666,0.3333333333333333,0.5670925925925926,0.0,0.0,0.0,0.0,0.0,0.0,0.0,0.0,0.0,0.0,0.0,0.0,0.3466666666666667
2026,nwsl::Football_Player::a0b960ec400b4ad389c72e720e32e86d,C. Vine,c vine,NC Courage,Forward,88.0,2,1.0,2.0,1.0,1.0,0,0,0.0556,0,0,44.0,88.0,0.5,0.5,0.398065404040404,0.0,0.05686363636363636,0.0,0.0,0.0,0.0,0.0,0.0,0.0,0.0,0.0,0.0,0.23895454545454545
2026,nwsl::Football_Player::b59aacbdbb734601810422f27dff5ddb,R. Jackson,r jackson,NC Courage,Midfielder,1330.0,15,15.0,15.0,0.0,5.0,1,1,2.6678,16,5,88.66666666666667,88.66666666666667,1.0,0.0,0.8926121609579504,0.13533834586466165,0.18052781954887218,1.0827067669172932,0.3383458646616541,0.0,0.0,0.0,0.0,0.0,0.0,0.0,0.0,0.5587724310776943
2026,nwsl::Football_Player::b79c07308de84ca7967c474613f2fe20,P. Linnehan,p linnehan,NC Courage,Forward,147.0,3,2.0,3.0,1.0,2.0,0,1,0.6512,1,0,49.0,73.5,0.6666666666666666,0.3333333333333333,0.5367243764172336,0.6122448979591837,0.3986938775510204,0.6122448979591837,0.0,0.0,0.0,0.0,0.0,0.0,0.0,0.0,0.0,0.5207551020408163
2026,nwsl::Football_Player::bb0103a05e5f49418ff33df52b8b71b9,M. Matsukubo,m matsukubo,NC Courage,Midfielder,766.0,9,8.0,9.0,1.0,2.0,5,4,4.0584,31,11,85.11111111111111,95.75,0.8888888888888888,0.1111111111111111,0.8382985172291525,1.0574412532637076,0.4768355091383812,3.642297650130548,1.2924281984334203,0.0,0.0,0.0,0.0,0.0,0.0,0.0,0.0,0.8958584276182187
2026,nwsl::Football_Player::c096d058034e441cb84bcdaad2de8892,O. Peña,o pena,NC Courage,Midfielder,0.0,0,0.0,0.0,0.0,0.0,0,0,0.0,0,0,0.0,0.0,0.0,0.0,0.0,0.0,0.0,0.0,0.0,0.0,0.0,0.0,0.0,0.0,0.0,0.0,0.0,0.0
2026,nwsl::Football_Player::cb6caff04d61498b9fef4c71d0c3f1e1,F. Rauch,f rauch,NC Courage,Defender,280.0,10,3.0,10.0,7.0,3.0,0,1,0.4306,4,2,28.0,93.33333333333333,0.3,0.7,0.33056420634920636,0.3214285714285714,0.13840714285714284,1.2857142857142856,0.6428571428571428,0.0,0.0,0.0,0.0,0.0,0.0,0.0,0.0,0.28524285714285713
2026,nwsl::Football_Player::d24c806737e2498c980976b0695bfbe8,A. Schlegel,a schlegel,NC Courage,Forward,541.0,12,6.0,12.0,6.0,6.0,1,0,2.0388,11,4,45.083333333333336,90.16666666666667,0.5,0.5,0.5030635748271377,0.16635859519408502,0.3391719038817006,1.8299445471349354,0.6654343807763401,0.0,0.0,0.0,0.0,0.0,0.0,0.0,0.0,0.4188806223043747
2026,nwsl::Football_Player::db2f5b1eb5d542459bdcd2e603cb2949,C. Brooks,c brooks,NC Courage,Defender,4.0,1,0.0,1.0,1.0,0.0,0,0,0.0,0,0,4.0,0.0,0.0,1.0,0.021611111111111112,0.0,0.0,0.0,0.0,0.0,0.0,0.0,0.0,0.0,0.0,0.0,0.0,0.02
2026,nwsl::Football_Player::e878c5789b6a4af382182129004de27d,C. Okafor,c okafor,NC Courage,Forward,175.0,8,2.0,8.0,6.0,3.0,0,0,0.2209,3,0,21.875,87.5,0.25,0.75,0.26113613888888887,0.0,0.1136057142857143,1.542857142857143,0.0,0.0,0.0,0.0,0.0,0.0,0.0,0.0,0.0,0.185815
2026,nwsl::Football_Player::ed7ee4eca97044dd97750b29c3850769,A. Sanchez,a sanchez,NC Courage,Midfielder,1294.0,15,15.0,15.0,0.0,6.0,9,1,5.7728,32,18,86.26666666666667,86.26666666666667,1.0,0.0,0.9169861984086095,0.6955177743431221,0.40150850077279754,2.2256568778979906,1.2519319938176197,0.0,0.0,0.0,0.0,0.0,0.0,0.0,0.0,0.7657104585265327
2026,nwsl::Football_Player::f866f99ea9e247179534881de6f30154,E. Ijeh,e ijeh,NC Courage,Forward,884.0,14,11.0,14.0,3.0,10.0,4,2,5.1485,22,8,63.142857142857146,80.36363636363636,0.7857142857142857,0.21428571428571427,0.7350225122100122,0.6108597285067873,0.524168552036199,2.239819004524887,0.8144796380090498,0.0,0.0,0.0,0.0,0.0,0.0,0.0,0.0,0.673695054945055
2026,nwsl::Football_Player::0021a2896ee54ef191fb324dec97dd78,B. Banda,b banda,Orlando Pride,Forward,1101.0,15,12.0,15.0,3.0,5.0,12,1,7.273,51,28,73.4,91.75,0.8,0.2,0.8093734937935211,1.0626702997275206,0.5945231607629428,4.168937329700273,2.2888283378746594,0.0,0.0,0.0,0.0,0.0,0.0,0.0,0.0,0.8865640326975478
2026,nwsl::Football_Player::021370e22b6846a48f5e988c6f4c9478,Rafaelle,rafaelle,Orlando Pride,Defender,866.0,12,10.0,12.0,2.0,3.0,0,2,0.2503,4,2,72.16666666666667,86.6,0.8333333333333334,0.16666666666666666,0.7216347662727385,0.20785219399538107,0.026012702078521945,0.41570438799076215,0.20785219399538107,0.1467,0.6698000000000001,0.0,0.0791,0.0707266602502406,1.9799,0.7976000000000001,0.0690895091434071,0.37447868873183715
2026,nwsl::Football_Player::15cbd2b4b39042eeb04d03affb712899,A. Moorhouse,a moorhouse,Orlando Pride,Goalkeeper,1530.0,17,17.0,17.0,0.0,0.0,0,0,0.0,0,0,90.0,90.0,1.0,0.0,0.8949999999999999,0.0,0.0,0.0,0.0,0.0,0.0,0.0,0.0,0.0,0.0,0.0,0.0,0.45
2026,nwsl::Football_Player::1707398003674ec2a9b8855574cba470,S. Washington,s washington,Orlando Pride,Forward,717.0,13,9.0,13.0,4.0,9.0,0,1,2.0394,13,7,55.15384615384615,79.66666666666667,0.6923076923076923,0.3076923076923077,0.6264503969531167,0.12552301255230125,0.2559916317991632,1.6317991631799162,0.8786610878661087,0.0,0.0,0.0,0.0,0.0,0.0,0.0,0.0,0.4280453813968459
2026,nwsl::Football_Player::2e46f0ae8d6e46119d927dd1244d079f,C. Morché,c morche,Orlando Pride,Goalkeeper,0.0,0,0.0,0.0,0.0,0.0,0,0,0.0,0,0,0.0,0.0,0.0,0.0,0.0,0.0,0.0,0.0,0.0,0.0,0.0,0.0,0.0,0.0,0.0,0.0,0.0,0.0
2026,nwsl::Football_Player::3888ed1a5f1741d69be6912edb3a2fae,C. Martin,c martin,Orlando Pride,Goalkeeper,0.0,0,0.0,0.0,0.0,0.0,0,0,0.0,0,0,0.0,0.0,0.0,0.0,0.0,0.0,0.0,0.0,0.0,0.0,0.0,0.0,0.0,0.0,0.0,0.0,0.0,0.0
2026,nwsl::Football_Player::3aea231c3bf74863a3f57017205ba14a,S. Castain,s castain,Orlando Pride,Forward,379.0,11,4.0,11.0,7.0,3.0,0,0,0.5115,6,1,34.45454545454545,94.75,0.36363636363636365,0.6363636363636364,0.3791005703472722,0.0,0.12146437994722954,1.4248021108179418,0.23746701846965698,0.0,0.0,0.0,0.0,0.0,0.0,0.0,0.0,0.24838090669225238
2026,nwsl::Football_Player::3fa6c6b9fff049ddb7e32f7ea04d33ca,Angelina,angelina,Orlando Pride,Midfielder,994.0,14,12.0,14.0,2.0,7.0,0,1,1.2655,10,4,71.0,82.83333333333333,0.8571428571428571,0.14285714285714285,0.7428601337504864,0.09054325955734406,0.11458249496981893,0.9054325955734407,0.36217303822937624,0.8392000000000001,1.076,0.0,0.5027,0.1444828164291701,0.7669000000000001,-1.1236,-0.084764459346186,0.3661575054265239
2026,nwsl::Football_Player::4cb80ed654ff46e8916779187fb88553,J. Doyle,j doyle,Orlando Pride,Midfielder,505.0,17,4.0,17.0,13.0,3.0,1,0,0.7892,5,3,29.705882352941178,126.25,0.23529411764705882,0.7647058823529411,0.3541214709117971,0.17821782178217824,0.14064950495049505,0.8910891089108911,0.5346534653465347,0.0,0.0,0.0,0.0,0.0,0.0,0.0,0.0,0.254818520675597
2026,nwsl::Football_Player::514d945291b44c78adaabb4dfbf7ba03,Marta,marta,Orlando Pride,Forward,504.0,11,5.0,11.0,6.0,4.0,2,0,2.5135,11,6,45.81818181818182,100.8,0.45454545454545453,0.5454545454545454,0.4874838637219332,0.35714285714285715,0.4488392857142858,1.9642857142857144,1.0714285714285714,2.9757,0.7886000000000001,1.0506,1.4653,0.5102213855421687,1.1758000000000002,-0.537,-0.0727861445783132,0.48777121269167584
2026,nwsl::Football_Player::521bad7c3a2f49a185c968f9206da5b8,H. McCutcheon,h mccutcheon,Orlando Pride,Defender,1528.0,17,17.0,17.0,0.0,1.0,2,2,3.4806,21,7,89.88235294117646,89.88235294117646,1.0,0.0,0.9168364071108372,0.2356020942408377,0.20500916230366492,1.236910994764398,0.412303664921466,0.0,0.0,0.0,0.0,0.0,0.0,0.0,0.0,0.5977546966430551
2026,nwsl::Football_Player::5fc1b3b61f604e8fb3ca8fe5a154cde9,K. Nadaner,k nadaner,Orlando Pride,Defender,0.0,0,0.0,0.0,0.0,0.0,0,0,0.0,0,0,0.0,0.0,0.0,0.0,0.0,0.0,0.0,0.0,0.0,0.0,0.0,0.0,0.0,0.0,0.0,0.0,0.0,0.0
2026,nwsl::Football_Player::65b00a37c89a4fbaba9fbfb76969a7df,N. Payne,n payne,Orlando Pride,Defender,375.0,8,3.0,8.0,5.0,3.0,1,0,0.3503,2,1,46.875,125.0,0.375,0.625,0.40761818333333333,0.24,0.084072,0.48,0.24,0.0,0.0,0.0,0.0,0.0,0.0,0.0,0.0,0.32439900000000005
2026,nwsl::Football_Player::808933e0efb240da834c2ee39cb5ede4,V. Villacorta,v villacorta,Orlando Pride,Midfielder,0.0,0,0.0,0.0,0.0,0.0,0,0,0.0,0,0,0.0,0.0,0.0,0.0,0.0,0.0,0.0,0.0,0.0,0.0,0.0,0.0,0.0,0.0,0.0,0.0,0.0,0.0
2026,nwsl::Football_Player::88f0149d2d7a44b681a920d194cf65ca,R. Raabe,r raabe,Orlando Pride,Forward,33.0,2,0.0,2.0,2.0,0.0,0,0,0.0235,1,1,16.5,0.0,0.0,1.0,0.08664015151515152,0.0,0.0640909090909091,2.7272727272727275,2.7272727272727275,0.0,0.0,0.0,0.0,0.0,0.0,0.0,0.0,0.17204545454545456
2026,nwsl::Football_Player::909a06c8277b428f8e6acae7e1a62d39,Oihane Hernández,oihane hernandez,Orlando Pride,Defender,1097.0,16,15.0,16.0,1.0,9.0,0,1,0.2285,4,0,68.5625,73.13333333333334,0.9375,0.0625,0.7812532296348205,0.08204193254329992,0.01874658158614403,0.32816773017319967,0.0,0.1688,2.1325,0.0,0.1475,0.1559615963855421,0.7361000000000001,-1.0205,-0.069160391566265,0.3261789383062102
2026,nwsl::Football_Player::9a6e94e5fb19478f9dbc33f702d2d891,S. Jackson,s jackson,Orlando Pride,Forward,189.0,7,1.0,7.0,6.0,1.0,0,0,0.0647,0,0,27.0,189.0,0.14285714285714285,0.8571428571428571,0.21357619047619048,0.0,0.030809523809523804,0.0,0.0,0.0,0.0,0.0,0.0,0.0,0.0,0.0,0.0,0.14526984126984127
2026,nwsl::Football_Player::a79161648fb0412187766de7176ab440,K. Abello,k abello,Orlando Pride,Defender,317.0,7,4.0,7.0,3.0,4.0,0,0,0.2408,2,0,45.285714285714285,79.25,0.5714285714285714,0.42857142857142855,0.47494842772019424,0.0,0.06836593059936909,0.5678233438485805,0.0,0.0,0.0,0.0,0.0,0.0,0.0,0.0,0.0,0.263412798557909
2026,nwsl::Football_Player::ac29e17a8bff414e8ede153e5067e250,A. Lemos,a lemos,Orlando Pride,Midfielder,1307.0,17,15.0,17.0,2.0,6.0,0,2,1.7792,11,5,76.88235294117646,87.13333333333334,0.8823529411764706,0.11764705882352941,0.8090526873896715,0.13771996939556236,0.12251568477429227,0.7574598316755929,0.34429992348890587,0.0,0.0,0.0,0.0,0.0,0.0,0.0,0.0,0.4728784823799451
2026,nwsl::Football_Player::c390f57b0fe54464b1c2efec9aeee043,J. Ovalle,j ovalle,Orlando Pride,Forward,705.0,11,9.0,11.0,2.0,8.0,1,3,1.95,13,9,64.0909090909091,78.33333333333333,0.8181818181818182,0.18181818181818182,0.7114079626047711,0.5106382978723405,0.24893617021276596,1.6595744680851063,1.148936170212766,0.0,0.0,0.0,0.0,0.0,0.0,0.0,0.0,0.5513056092843327
2026,nwsl::Football_Player::c7c35bca896849439784a5cdee73a0b1,H. Mace,h mace,Orlando Pride,Midfielder,1111.0,15,13.0,15.0,2.0,4.0,0,0,0.3521,3,1,74.06666666666666,85.46153846153847,0.8666666666666667,0.13333333333333333,0.7661282294896156,0.0,0.028522952295229522,0.243024302430243,0.081008100810081,0.0,0.0,0.0,0.0,0.0,0.0,0.0,0.0,0.3859165916591659
2026,nwsl::Football_Player::d19b2c8f459848858cd65bf39ae5aef3,Z. Matthews,z matthews,Orlando Pride,Defender,0.0,0,0.0,0.0,0.0,0.0,0,0,0.0,0,0,0.0,0.0,0.0,0.0,0.0,0.0,0.0,0.0,0.0,0.0,0.0,0.0,0.0,0.0,0.0,0.0,0.0,0.0
2026,nwsl::Football_Player::e0083709d64e4f7aa5329c7b17fc6687,Z. Chavoshi,z chavoshi,Orlando Pride,Defender,403.0,6,4.0,6.0,2.0,0.0,0,0,0.06,0,0,67.16666666666667,100.75,0.6666666666666666,0.3333333333333333,0.5826190492601783,0.0,0.013399503722084366,0.0,0.0,0.0,0.0,0.0,0.0,0.0,0.0,0.0,0.0,0.3402998345740282
2026,nwsl::Football_Player::e217f693d9c1472c9ca602ef93c69386,Luana,luana,Orlando Pride,Midfielder,355.0,11,4.0,11.0,7.0,4.0,0,1,0.4774,5,1,32.27272727272727,88.75,0.36363636363636365,0.6363636363636364,0.3752344458604531,0.2535211267605634,0.12103098591549295,1.2676056338028168,0.2535211267605634,0.4333,0.2906,0.0,0.4796,0.1480704545454545,0.5035000000000001,-0.2301,-0.047065909090909,0.26301078385083226
2026,nwsl::Football_Player::e51fe8ea427c4f39894fce94ed9fadcd,C. Dyke,c dyke,Orlando Pride,Midfielder,1515.0,17,17.0,17.0,0.0,1.0,1,1,0.2096,4,3,89.11764705882354,89.11764705882354,1.0,0.0,0.8971137895554261,0.11881188118811882,0.012451485148514853,0.23762376237623764,0.17821782178217824,0.0,0.0,0.0,0.0,0.0,0.0,0.0,0.0,0.4804317996505533
2026,nwsl::Football_Player::ebfc177248a54a0e972527b41871071e,H. Anderson,h anderson,Orlando Pride,Defender,720.0,13,6.0,13.0,7.0,0.0,2,1,0.7461,3,3,55.38461538461539,120.0,0.46153846153846156,0.5384615384615384,0.5183650480769232,0.375,0.0932625,0.375,0.375,0.0,0.0,0.0,0.0,0.0,0.0,0.0,0.0,0.39551057692307695
2026,nwsl::Football_Player::f225dce81f0f4e28ae0ba7e09bb1e601,S. Yates,s yates,Orlando Pride,Forward,543.0,11,6.0,11.0,5.0,6.0,0,1,0.5673,6,3,49.36363636363637,90.5,0.5454545454545454,0.45454545454545453,0.51570870584296,0.16574585635359115,0.09402762430939227,0.994475138121547,0.4972375690607735,0.0,0.0,0.0,0.0,0.0,0.0,0.0,0.0,0.33755298844801607
2026,nwsl::Football_Player::f3c52a160fb64cba878971b93e178183,M. Crone,m crone,Orlando Pride,Goalkeeper,0.0,0,0.0,0.0,0.0,0.0,0,0,0.0,0,0,0.0,0.0,0.0,0.0,0.0,0.0,0.0,0.0,0.0,0.0,0.0,0.0,0.0,0.0,0.0,0.0,0.0,0.0
2026,nwsl::Football_Player::0e4a7272e4b34cc8977c9623a1a09bf1,C. Hanks,c hanks,Portland Thorns,Forward,0.0,0,0.0,0.0,0.0,0.0,0,0,0.0,0,0,0.0,0.0,0.0,0.0,0.0,0.0,0.0,0.0,0.0,0.0,0.0,0.0,0.0,0.0,0.0,0.0,0.0,0.0
2026,nwsl::Football_Player::0faee2ad9e40492cbb9336bcbf79d651,P. Tordin,p tordin,Portland Thorns,Forward,1290.0,17,16.0,17.0,1.0,12.0,4,7,4.2905,21,8,75.88235294117646,80.625,0.9411764705882353,0.058823529411764705,0.8631690948472411,0.7674418604651162,0.29933720930232555,1.4651162790697674,0.5581395348837209,0.0,0.0,0.0,0.0,0.0,0.0,0.0,0.0,0.675702462380301
2026,nwsl::Football_Player::16cdad396ff94e7e8174cb37ad24f4c1,M. Messner,m messner,Portland Thorns,Goalkeeper,270.0,3,3.0,3.0,0.0,0.0,0,0,0.0,0,0,90.0,90.0,1.0,0.0,0.7899999999999999,0.0,0.0,0.0,0.0,0.0,0.0,0.0,0.0,0.0,0.0,0.0,0.0,0.45
2026,nwsl::Football_Player::1e26ef7b8de140f1bb2ee7bcefdcbfe7,C. Calzada,c calzada,Portland Thorns,Defender,307.0,5,3.0,5.0,2.0,0.0,0,1,0.0,0,0,61.4,102.33333333333333,0.6,0.4,0.5332667933405718,0.2931596091205212,0.0,0.0,0.0,0.0,0.0,0.0,0.0,0.0,0.0,0.0,0.0,0.36807491856677527
2026,nwsl::Football_Player::2257efccf0f246d7a3943fdf31185577,M. Weaver,m weaver,Portland Thorns,Midfielder,14.0,1,0.0,1.0,1.0,0.0,0,0,0.036,1,1,14.0,0.0,0.0,1.0,0.08346031746031746,0.0,0.2314285714285714,6.428571428571429,6.428571428571429,0.0,0.0,0.0,0.0,0.0,0.0,0.0,0.0,0.24714285714285714
2026,nwsl::Football_Player::347119dbb56e4f5ca6eef714cf55cf00,S. Harvey,s harvey,Portland Thorns,Midfielder,90.0,5,1.0,5.0,4.0,1.0,0,0,0.141,2,0,18.0,90.0,0.2,0.8,0.20555,0.0,0.141,2.0,0.0,0.0,0.0,0.0,0.0,0.0,0.0,0.0,0.0,0.187
2026,nwsl::Football_Player::40a07c6e4fd74acd864ee7f812351843,S. Wilson,s wilson,Portland Thorns,Forward,1282.0,17,14.0,17.0,3.0,2.0,7,2,7.0041,46,26,75.41176470588235,91.57142857142857,0.8235294117647058,0.17647058823529413,0.8205640816024797,0.6318252730109205,0.49170748829953204,3.229329173166927,1.825273010920437,0.0,0.0,0.0,0.0,0.0,0.0,0.0,0.0,0.7533248141690374
2026,nwsl::Football_Player::452e1e88a12648b18de7e60d6da83626,M. Alidou,m alidou,Portland Thorns,Midfielder,667.0,12,6.0,12.0,6.0,5.0,0,2,0.6727,4,3,55.583333333333336,111.16666666666667,0.5,0.5,0.52608137528458,0.2698650674662669,0.09076911544227885,0.5397301349325337,0.4047976011994003,0.0,0.0,0.0,0.0,0.0,0.0,0.0,0.0,0.37788818090954523
2026,nwsl::Football_Player::4829883bb4dc4fa48b63d43b720a4307,M. McKenzie,m mckenzie,Portland Thorns,Midfielder,224.0,9,1.0,9.0,8.0,1.0,1,0,0.6591,2,2,24.88888888888889,224.0,0.1111111111111111,0.8888888888888888,0.2341125137786596,0.4017857142857143,0.2648169642857143,0.8035714285714286,0.8035714285714286,0.0,0.0,0.0,0.0,0.0,0.0,0.0,0.0,0.3165114087301587
2026,nwsl::Football_Player::625570ba882b4714a771f4f09fd81cf6,N. Nijstad,n nijstad,Portland Thorns,Midfielder,21.0,1,0.0,1.0,1.0,0.0,0,0,0.0,0,0,21.0,0.0,0.0,1.0,0.08158333333333333,0.0,0.0,0.0,0.0,0.0,0.0,0.0,0.0,0.0,0.0,0.0,0.0,0.10500000000000001
2026,nwsl::Football_Player::6bb4476d3ca34d72aaed6bfe3080bc8c,E. McKinney,e mckinney,Portland Thorns,Goalkeeper,0.0,0,0.0,0.0,0.0,0.0,0,0,0.0,0,0,0.0,0.0,0.0,0.0,0.0,0.0,0.0,0.0,0.0,0.0,0.0,0.0,0.0,0.0,0.0,0.0,0.0,0.0
2026,nwsl::Football_Player::73d2d58e884c4af09534e7a45194980d,M. Wood,m wood,Portland Thorns,Goalkeeper,0.0,0,0.0,0.0,0.0,0.0,0,0,0.0,0,0,0.0,0.0,0.0,0.0,0.0,0.0,0.0,0.0,0.0,0.0,0.0,0.0,0.0,0.0,0.0,0.0,0.0,0.0
2026,nwsl::Football_Player::743907f6c95f40de9cac86cc0aeb2e5e,M. Padelski,m padelski,Portland Thorns,Forward,101.0,5,0.0,5.0,5.0,0.0,0,0,0.2579,2,1,20.2,0.0,0.0,1.0,0.12693487348734875,0.0,0.22981188118811882,1.7821782178217822,0.8910891089108911,0.0,0.0,0.0,0.0,0.0,0.0,0.0,0.0,0.2221584158415842
2026,nwsl::Football_Player::7ff572896b4146d78ff5e10f1d8d65ab,M. Müller,m muller,Portland Thorns,Defender,1045.0,15,12.0,15.0,3.0,7.0,1,0,0.6173,7,4,69.66666666666667,87.08333333333333,0.8,0.2,0.7258789012936382,0.0861244019138756,0.05316459330143541,0.6028708133971292,0.3444976076555024,0.0,0.0,0.0,0.0,0.0,0.0,0.0,0.0,0.39906921850079746
2026,nwsl::Football_Player::81619aa8f0b94bbd8e20e7f665ae8f59,J. Dufour,j dufour,Portland Thorns,Forward,0.0,0,0.0,0.0,0.0,0.0,0,0,0.0,0,0,0.0,0.0,0.0,0.0,0.0,0.0,0.0,0.0,0.0,0.0,0.0,0.0,0.0,0.0,0.0,0.0,0.0,0.0
2026,nwsl::Football_Player::84b30914edbb45ddb082f69074fb818a,B. Bixby,b bixby,Portland Thorns,Goalkeeper,0.0,0,0.0,0.0,0.0,0.0,0,0,0.0,0,0,0.0,0.0,0.0,0.0,0.0,0.0,0.0,0.0,0.0,0.0,0.0,0.0,0.0,0.0,0.0,0.0,0.0,0.0
2026,nwsl::Football_Player::8513285029bf40cb99fa4947006018a2,J. Fleming,j fleming,Portland Thorns,Midfielder,1530.0,17,17.0,17.0,0.0,0.0,1,0,0.4276,9,4,90.0,90.0,1.0,0.0,0.9000811764705882,0.058823529411764705,0.025152941176470586,0.5294117647058824,0.23529411764705882,0.0,0.0,0.0,0.0,0.0,0.0,0.0,0.0,0.4838745098039216
2026,nwsl::Football_Player::8d5a9316dcc64f99bade9c227befbceb,C. Bogere,c bogere,Portland Thorns,Midfielder,1049.0,16,14.0,16.0,2.0,9.0,0,0,0.1988,4,2,65.5625,74.92857142857143,0.875,0.125,0.7471796827004554,0.0,0.01705624404194471,0.3431839847473785,0.17159199237368924,0.0,0.0,0.0,0.0,0.0,0.0,0.0,0.0,0.34207751429933275
2026,nwsl::Football_Player::9ccd079f4b56432e8f21ede69aabddee,M. Arnold,m arnold,Portland Thorns,Goalkeeper,1260.0,14,14.0,14.0,0.0,0.0,0,0,0.0,0,0,90.0,90.0,1.0,0.0,0.8724999999999999,0.0,0.0,0.0,0.0,0.0,0.0,0.0,0.0,0.0,0.0,0.0,0.0,0.45
2026,nwsl::Football_Player::aa256aeb38a8454589438798a521ae12,S. Hiatt,s hiatt,Portland Thorns,Defender,1418.0,16,16.0,16.0,0.0,2.0,0,0,0.5584,4,1,88.625,88.625,1.0,0.0,0.8853734240322834,0.0,0.03544146685472496,0.2538787023977433,0.06346967559943582,0.0,0.0,0.0,0.0,0.0,0.0,0.0,0.0,0.4612857898448519
2026,nwsl::Football_Player::ab5925e484b549b084e72c85df4de7df,I. Obaze,i obaze,Portland Thorns,Defender,697.0,8,8.0,8.0,0.0,1.0,0,0,0.4171,3,1,87.125,87.125,1.0,0.0,0.8215031912561773,0.0,0.05385796269727403,0.38737446197991393,0.1291248206599713,0.0,0.0,0.0,0.0,0.0,0.0,0.0,0.0,0.46326201578192255
2026,nwsl::Football_Player::ae9264d3ca7c4028a3972204a2793e62,R. Lyles,r lyles,Portland Thorns,Midfielder,161.0,6,1.0,6.0,5.0,1.0,1,1,0.2044,2,1,26.833333333333332,161.0,0.16666666666666666,0.8333333333333334,0.25950551529790655,1.1180124223602483,0.11426086956521739,1.1180124223602483,0.5590062111801242,0.0,0.0,0.0,0.0,0.0,0.0,0.0,0.0,0.4331231884057971
2026,nwsl::Football_Player::afdfe7f8d3554cbdb5a28867ae47b468,J. Immethun,j immethun,Portland Thorns,Midfielder,169.0,4,2.0,4.0,2.0,2.0,0,0,0.0546,1,0,42.25,84.5,0.5,0.5,0.4074994986850756,0.0,0.02907692307692308,0.5325443786982249,0.0,0.0,0.0,0.0,0.0,0.0,0.0,0.0,0.0,0.23425591715976332
2026,nwsl::Football_Player::b936d03963c947e7a137521ff4f578b3,R. Reyes,r reyes,Portland Thorns,Defender,1072.0,14,12.0,14.0,2.0,4.0,0,0,0.3335,2,1,76.57142857142857,89.33333333333333,0.8571428571428571,0.14285714285714285,0.7628708873785832,0.0,0.027999067164179107,0.16791044776119401,0.08395522388059701,0.0,0.0,0.0,0.0,0.0,0.0,0.0,0.0,0.39638792643923243
2026,nwsl::Football_Player::bdd7739110444a1d831efa276c9e6006,V. Loboa,v loboa,Portland Thorns,Forward,13.0,1,0.0,1.0,1.0,0.0,0,0,0.0,0,0,13.0,0.0,0.0,1.0,0.05336111111111111,0.0,0.0,0.0,0.0,0.0,0.0,0.0,0.0,0.0,0.0,0.0,0.0,0.065
2026,nwsl::Football_Player::d2e295e660ac4110bb3ab9be9185c86d,J. Perry,j perry,Portland Thorns,Defender,676.0,13,7.0,13.0,6.0,0.0,1,2,0.5105,3,3,52.0,96.57142857142857,0.5384615384615384,0.46153846153846156,0.5406297255095331,0.3994082840236686,0.06796597633136094,0.3994082840236686,0.3994082840236686,0.0,0.0,0.0,0.0,0.0,0.0,0.0,0.0,0.37585059171597635
2026,nwsl::Football_Player::d512157412184783822bc2cf21db09bf,R. Turner,r turner,Portland Thorns,Forward,749.0,13,11.0,13.0,2.0,9.0,5,0,3.2758,16,8,57.61538461538461,68.0909090909091,0.8461538461538461,0.15384615384615385,0.7271891918569489,0.6008010680907877,0.39362082777036045,1.9225634178905207,0.9612817089452603,0.0,0.0,0.0,0.0,0.0,0.0,0.0,0.0,0.5925148402998871
2026,nwsl::Football_Player::dc5b62503b254bc7b911b31b48969494,D. Castellanos,d castellanos,Portland Thorns,Forward,142.0,6,0.0,6.0,6.0,0.0,0,0,0.1681,2,0,23.666666666666668,0.0,0.0,1.0,0.13857137454355764,0.0,0.10654225352112677,1.267605633802817,0.0,0.0,0.0,0.0,0.0,0.0,0.0,0.0,0.0,0.18553755868544602
2026,nwsl::Football_Player::e36d5228fd7541d394bb2df04fded14f,O. Moultrie,o moultrie,Portland Thorns,Midfielder,1223.0,15,14.0,15.0,1.0,2.0,5,5,5.1654,24,18,81.53333333333333,87.35714285714286,0.9333333333333333,0.06666666666666667,0.868757237818358,0.7358953393295176,0.380119378577269,1.7661488143908421,1.3246116107931316,0.0,0.0,0.0,0.0,0.0,0.0,0.0,0.0,0.7318383755791769
2026,nwsl::Football_Player::e3a4b9a720014da8a851e9d8f3892aed,Daiane,daiane,Portland Thorns,Defender,0.0,0,0.0,0.0,0.0,0.0,0,0,0.0,0,0,0.0,0.0,0.0,0.0,0.0,0.0,0.0,0.0,0.0,0.0,0.0,0.0,0.0,0.0,0.0,0.0,0.0,0.0
2026,nwsl::Football_Player::efa33936147948539e131def3f2df42a,M. Vignola,m vignola,Portland Thorns,Defender,1224.0,17,15.0,17.0,2.0,6.0,1,0,0.3673,5,4,72.0,81.6,0.8823529411764706,0.11764705882352941,0.7835856617647059,0.07352941176470588,0.027007352941176472,0.36764705882352944,0.29411764705882354,0.0,0.0,0.0,0.0,0.0,0.0,0.0,0.0,0.39351225490196085
2026,nwsl::Football_Player::013bc7a18d344452bd3002c22b237f64,T. White,t white,Racing Louisville,Forward,127.0,5,1.0,5.0,4.0,1.0,0,0,0.3586,2,1,25.4,127.0,0.2,0.8,0.23512681539807526,0.0,0.2541259842519685,1.4173228346456692,0.7086614173228346,0.0,0.0,0.0,0.0,0.0,0.0,0.0,0.0,0.24714173228346456
2026,nwsl::Football_Player::0953a675c64f45529f01d7a21eadc22a,M. Hodge,m hodge,Racing Louisville,Midfielder,741.0,14,8.0,14.0,6.0,7.0,0,0,0.1974,1,0,52.92857142857143,92.625,0.5714285714285714,0.42857142857142855,0.550517346250241,0.0,0.023975708502024292,0.12145748987854252,0.0,0.0,0.0,0.0,0.0,0.0,0.0,0.0,0.0,0.2756711972238288
2026,nwsl::Football_Player::0b39e888cd6f4316b0765895dcfdf2fb,R. Hill,r hill,Racing Louisville,Forward,93.0,5,0.0,5.0,5.0,0.0,0,0,0.8389,7,4,18.6,0.0,0.0,1.0,0.14811666666666667,0.0,0.8118387096774192,6.774193548387096,3.8709677419354835,0.0,0.0,0.0,0.0,0.0,0.0,0.0,0.0,0.393
2026,nwsl::Football_Player::133304d476e84b6cbc5409243d94af4a,T. Flint,t flint,Racing Louisville,Midfielder,1197.0,14,13.0,14.0,1.0,0.0,2,0,2.9083,11,6,85.5,92.07692307692308,0.9285714285714286,0.07142857142857142,0.8432163533834586,0.15037593984962405,0.21866917293233082,0.8270676691729323,0.45112781954887216,0.0,0.0,0.0,0.0,0.0,0.0,0.0,0.0,0.5523947368421052
2026,nwsl::Football_Player::1cc39af6408b4d09bbc5d355ca02cd61,M. Gacioch,m gacioch,Racing Louisville,Defender,270.0,3,3.0,3.0,0.0,0.0,0,0,0.1177,1,0,90.0,90.0,1.0,0.0,0.7932116666666666,0.0,0.039233333333333335,0.3333333333333333,0.0,0.0,0.0,0.0,0.0,0.0,0.0,0.0,0.0,0.47141111111111117
2026,nwsl::Football_Player::230cd5979b454f8c9bedb15b1aad653d,E. Floyd,e floyd,Racing Louisville,Goalkeeper,0.0,0,0.0,0.0,0.0,0.0,0,0,0.0,0,0,0.0,0.0,0.0,0.0,0.0,0.0,0.0,0.0,0.0,0.0,0.0,0.0,0.0,0.0,0.0,0.0,0.0,0.0
2026,nwsl::Football_Player::23ce38b9dd0049b59a8ac2321fb8710f,M. DiGrande,m digrande,Racing Louisville,Midfielder,0.0,0,0.0,0.0,0.0,0.0,0,0,0.0,0,0,0.0,0.0,0.0,0.0,0.0,0.0,0.0,0.0,0.0,0.0,0.0,0.0,0.0,0.0,0.0,0.0,0.0,0.0
2026,nwsl::Football_Player::246a5773039447a9aa48ead166b1f174,S. DeMelo,s demelo,Racing Louisville,Midfielder,0.0,0,0.0,0.0,0.0,0.0,0,0,0.0,0,0,0.0,0.0,0.0,0.0,0.0,0.0,0.0,0.0,0.0,0.0,0.0,0.0,0.0,0.0,0.0,0.0,0.0,0.0
2026,nwsl::Football_Player::28ce5cac9ab94671b346c10e85b9d9b5,M. Lardner,m lardner,Racing Louisville,Forward,213.0,9,1.0,9.0,8.0,1.0,0,0,0.2852,3,1,23.666666666666668,213.0,0.1111111111111111,0.8888888888888888,0.21176961398017735,0.0,0.12050704225352113,1.267605633802817,0.4225352112676056,0.0,0.0,0.0,0.0,0.0,0.0,0.0,0.0,0.1901924882629108
2026,nwsl::Football_Player::2b1dd3812dc04c7c8f3cdd0b7bae1d4f,L. Milliet,l milliet,Racing Louisville,Midfielder,1252.0,14,14.0,14.0,0.0,2.0,2,1,1.4416,10,5,89.42857142857143,89.42857142857143,1.0,0.0,0.8851005007860439,0.21565495207667731,0.103629392971246,0.7188498402555911,0.35942492012779553,0.0,0.0,0.0,0.0,0.0,0.0,0.0,0.0,0.5445853491556367
2026,nwsl::Football_Player::3295626be24e453abe27e04c004ff97e,M. Blackburn,m blackburn,Racing Louisville,Defender,12.0,3,0.0,3.0,3.0,0.0,1,0,0.2898,1,1,4.0,0.0,0.0,1.0,0.11911111111111111,7.5,2.1735,7.5,7.5,0.0,0.0,0.0,0.0,0.0,0.0,0.0,0.0,0.5700000000000001
2026,nwsl::Football_Player::341dc1ea4fd04ccf89d8aac5f0479789,C. Roque,c roque,Racing Louisville,Goalkeeper,0.0,0,0.0,0.0,0.0,0.0,0,0,0.0,0,0,0.0,0.0,0.0,0.0,0.0,0.0,0.0,0.0,0.0,0.0,0.0,0.0,0.0,0.0,0.0,0.0,0.0,0.0
2026,nwsl::Football_Player::355380d7c8ac4d0d817699ab64256714,E. Hase,e hase,Racing Louisville,Defender,691.0,11,9.0,11.0,2.0,8.0,0,0,0.7982,7,3,62.81818181818182,76.77777777777777,0.8181818181818182,0.18181818181818182,0.6809074807408383,0.0,0.10396237337192475,0.9117221418234442,0.3907380607814761,0.0,0.0,0.0,0.0,0.0,0.0,0.0,0.0,0.3715380870938035
2026,nwsl::Football_Player::3b960ea4fb40463695905d6c8a07383e,J. Bloomer,j bloomer,Racing Louisville,Goalkeeper,1102.0,13,13.0,13.0,0.0,1.0,0,0,0.0,0,0,84.76923076923077,84.76923076923077,1.0,0.0,0.8465470085470086,0.0,0.0,0.0,0.0,0.0,0.0,0.0,0.0,0.0,0.0,0.0,0.0,0.4238461538461539
2026,nwsl::Football_Player::5c1e1c261d6a4a349b24573eaed3bf49,C. Petersen,c petersen,Racing Louisville,Defender,1014.0,13,12.0,13.0,1.0,2.0,0,0,0.2947,2,0,78.0,84.5,0.9230769230769231,0.07692307692307693,0.7900248027613412,0.0,0.02615680473372781,0.17751479289940827,0.0,0.0,0.0,0.0,0.0,0.0,0.0,0.0,0.0,0.40315680473372784
2026,nwsl::Football_Player::76cb19f0876b4ae7b1bcd2cc804d8709,O. Sekany,o sekany,Racing Louisville,Goalkeeper,0.0,0,0.0,0.0,0.0,0.0,0,0,0.0,0,0,0.0,0.0,0.0,0.0,0.0,0.0,0.0,0.0,0.0,0.0,0.0,0.0,0.0,0.0,0.0,0.0,0.0,0.0
2026,nwsl::Football_Player::80578bb876844892bf7fa6822bdb89b3,K. Fischer,k fischer,Racing Louisville,Midfielder,1135.0,14,13.0,14.0,1.0,8.0,3,2,3.2899,16,7,81.07142857142857,87.3076923076923,0.9285714285714286,0.07142857142857142,0.8390503604643033,0.39647577092511016,0.26087312775330396,1.2687224669603525,0.5550660792951542,0.0,0.0,0.0,0.0,0.0,0.0,0.0,0.0,0.6066320327249843
2026,nwsl::Football_Player::81893f175a814e48bb103cda269cde2a,A. McKeen,a mckeen,Racing Louisville,Forward,123.0,11,0.0,11.0,11.0,0.0,0,0,0.3182,2,0,11.181818181818182,0.0,0.0,1.0,0.13907623798965263,0.0,0.2328292682926829,1.4634146341463414,0.0,0.0,0.0,0.0,0.0,0.0,0.0,0.0,0.0,0.17010421286031044
2026,nwsl::Football_Player::83ee7340956c431b81b2caa9373d9e29,S. Weber,s weber,Racing Louisville,Forward,719.0,11,10.0,11.0,1.0,8.0,3,1,2.4779,9,6,65.36363636363636,71.9,0.9090909090909091,0.09090909090909091,0.7575590564897936,0.5006954102920723,0.3101682892906815,1.1265646731571628,0.7510431154381085,0.0,0.0,0.0,0.0,0.0,0.0,0.0,0.0,0.5626832722215198
2026,nwsl::Football_Player::86801cb3b86d435abd204659e3a42a0b,A. Ciorbu,a ciorbu,Racing Louisville,Midfielder,34.0,4,0.0,4.0,4.0,0.0,0,0,0.0317,0,0,8.5,0.0,0.0,1.0,0.06418169934640523,0.0,0.08391176470588235,0.0,0.0,0.0,0.0,0.0,0.0,0.0,0.0,0.0,0.0,0.07047058823529412
2026,nwsl::Football_Player::9c658c9bfac94ebaa87d167e59315ba9,M. Morris,m morris,Racing Louisville,Midfielder,496.0,10,6.0,10.0,4.0,6.0,0,0,0.7855,3,1,49.6,82.66666666666667,0.6,0.4,0.5291456205197133,0.0,0.14253024193548386,0.5443548387096774,0.1814516129032258,0.0,0.0,0.0,0.0,0.0,0.0,0.0,0.0,0.3091189516129032
2026,nwsl::Football_Player::9f1259fd8ae04a44832edee67142bc05,M. Pokorny,m pokorny,Racing Louisville,Midfielder,0.0,0,0.0,0.0,0.0,0.0,0,0,0.0,0,0,0.0,0.0,0.0,0.0,0.0,0.0,0.0,0.0,0.0,0.0,0.0,0.0,0.0,0.0,0.0,0.0,0.0,0.0
2026,nwsl::Football_Player::b197886583034c96945c5e1c418bbf5c,M. Prohaska,m prohaska,Racing Louisville,Goalkeeper,158.0,2,1.0,2.0,1.0,0.0,0,0,0.0,0,0,79.0,158.0,0.5,0.5,0.5186944444444445,0.0,0.0,0.0,0.0,0.0,0.0,0.0,0.0,0.0,0.0,0.0,0.0,0.395
2026,nwsl::Football_Player::c4119bcbf98641c2b822788600449a33,Q. McMahon,q mcmahon,Racing Louisville,Defender,637.0,10,7.0,10.0,3.0,6.0,0,0,0.6986,2,1,63.7,91.0,0.7,0.3,0.6207142639106925,0.0,0.09870329670329671,0.282574568288854,0.141287284144427,0.0,0.0,0.0,0.0,0.0,0.0,0.0,0.0,0.3584654631083202
2026,nwsl::Football_Player::c7f75696e16f4f4e931ae9209e1ea127,N. Mitchell,n mitchell,Racing Louisville,Midfielder,0.0,0,0.0,0.0,0.0,0.0,0,0,0.0,0,0,0.0,0.0,0.0,0.0,0.0,0.0,0.0,0.0,0.0,0.0,0.0,0.0,0.0,0.0,0.0,0.0,0.0,0.0
2026,nwsl::Football_Player::d47dced2a50a42ea85c8f0ce564a9746,E. Sears,e sears,Racing Louisville,Forward,1026.0,13,12.0,13.0,1.0,6.0,2,3,2.1895,12,9,78.92307692307692,85.5,0.9230769230769231,0.07692307692307693,0.8185642712550607,0.43859649122807015,0.1920614035087719,1.0526315789473684,0.7894736842105263,0.0,0.0,0.0,0.0,0.0,0.0,0.0,0.0,0.576325910931174
2026,nwsl::Football_Player::df60b4341c11492ab396c85a121dd302,A. Wright,a wright,Racing Louisville,Defender,828.0,10,9.0,10.0,1.0,0.0,1,0,0.9917,3,1,82.8,92.0,0.9,0.1,0.7821092391304347,0.10869565217391305,0.10779347826086957,0.32608695652173914,0.10869565217391305,0.0,0.0,0.0,0.0,0.0,0.0,0.0,0.0,0.4807282608695652
2026,nwsl::Football_Player::e036a5e038a341b2b45efc0d58587acf,K. O'Kane,k o kane,Racing Louisville,Midfielder,1184.0,14,13.0,14.0,1.0,2.0,2,2,1.8067,14,3,84.57142857142857,91.07692307692308,0.9285714285714286,0.07142857142857142,0.8415654285982411,0.30405405405405406,0.13733361486486487,1.0641891891891893,0.22804054054054054,0.0,0.0,0.0,0.0,0.0,0.0,0.0,0.0,0.5585843388030888
2026,nwsl::Football_Player::f944dbf34fc14b0895cdfa68155404bb,E. Jean,e jean,Racing Louisville,Defender,808.0,10,9.0,10.0,1.0,1.0,0,0,0.0718,2,1,80.8,89.77777777777777,0.9,0.1,0.7662797167216722,0.0,0.007997524752475248,0.22277227722772278,0.11138613861386139,0.0,0.0,0.0,0.0,0.0,0.0,0.0,0.0,0.4122351485148515
2026,nwsl::Football_Player::137ddc3c3af240c994cfb14956f39872,S. Meza,s meza,Reign,Midfielder,1102.0,13,12.0,13.0,1.0,1.0,0,2,0.3846,4,0,84.76923076923077,91.83333333333333,0.9230769230769231,0.07692307692307693,0.8198315331875223,0.1633393829401089,0.03141016333938294,0.3266787658802178,0.0,0.0,0.0,0.0,0.0,0.0,0.0,0.0,0.0,0.47651221555214296
2026,nwsl::Football_Player::3bc373314f634a4aad24e6ecb5847dde,R. Brown,r brown,Reign,Defender,167.0,6,2.0,6.0,4.0,2.0,1,0,0.2744,2,1,27.833333333333332,83.5,0.3333333333333333,0.6666666666666666,0.32146706032379685,0.5389221556886228,0.14788023952095808,1.0778443113772456,0.5389221556886228,0.0,0.0,0.0,0.0,0.0,0.0,0.0,0.0,0.32768163672654693
2026,nwsl::Football_Player::3d605203a6444261bc2be772c2dcdb6b,R. Hladek,r hladek,Reign,Midfielder,1.0,1,0.0,1.0,1.0,0.0,0,0,0.0,0,0,1.0,0.0,0.0,1.0,0.011027777777777779,0.0,0.0,0.0,0.0,0.0,0.0,0.0,0.0,0.0,0.0,0.0,0.0,0.005
2026,nwsl::Football_Player::3d7fa6dd511f4628bc8d8784ab7574fd,C. Miller,c miller,Reign,Goalkeeper,270.0,3,3.0,3.0,0.0,0.0,0,0,0.0,0,0,90.0,90.0,1.0,0.0,0.7899999999999999,0.0,0.0,0.0,0.0,0.0,0.0,0.0,0.0,0.0,0.0,0.0,0.0,0.45
2026,nwsl::Football_Player::443cefb274fa4bf8858e26051786d10e,S. Holmes,s holmes,Reign,Defender,72.0,1,1.0,1.0,0.0,1.0,0,0,0.0,0,0,72.0,72.0,1.0,0.0,0.7115,0.0,0.0,0.0,0.0,0.0,0.0,0.0,0.0,0.0,0.0,0.0,0.0,0.36000000000000004
2026,nwsl::Football_Player::46fcd9e55110410fbc38510d5eefea63,K. Dockter,k dockter,Reign,Defender,0.0,0,0.0,0.0,0.0,0.0,0,0,0.0,0,0,0.0,0.0,0.0,0.0,0.0,0.0,0.0,0.0,0.0,0.0,0.0,0.0,0.0,0.0,0.0,0.0,0.0,0.0
2026,nwsl::Football_Player::47a580b9d9a64b508d4edde164580fb4,P. McClernon,p mcclernon,Reign,Defender,1242.0,14,14.0,14.0,0.0,2.0,0,0,0.0778,2,0,88.71428571428571,88.71428571428571,1.0,0.0,0.8687896480331263,0.0,0.005637681159420289,0.14492753623188406,0.0,0.0,0.0,0.0,0.0,0.0,0.0,0.0,0.0,0.4490738440303658
2026,nwsl::Football_Player::4bd84fd5cceb4538a556a4b9eb250841,S. Huerta,s huerta,Reign,Defender,1158.0,13,13.0,13.0,0.0,1.0,1,3,1.291,7,4,89.07692307692308,89.07692307692308,1.0,0.0,0.8785156104689784,0.31088082901554404,0.10033678756476683,0.544041450777202,0.31088082901554404,0.0,0.0,0.0,0.0,0.0,0.0,0.0,0.0,0.5571980868872062
2026,nwsl::Football_Player::4d0fda5a57784bf59bcc4e1caa463716,M. Mercado,m mercado,Reign,Midfielder,1100.0,14,12.0,14.0,2.0,5.0,4,0,3.2905,20,10,78.57142857142857,91.66666666666667,0.8571428571428571,0.14285714285714285,0.797721598124098,0.32727272727272727,0.2692227272727273,1.6363636363636365,0.8181818181818182,0.0,0.0,0.0,0.0,0.0,0.0,0.0,0.0,0.591688961038961
2026,nwsl::Football_Player::5ae0d5c4363b481e8598551ea1324c50,H. Ward,h ward,Reign,Forward,287.0,9,3.0,9.0,6.0,3.0,0,0,0.2484,2,2,31.88888888888889,95.66666666666667,0.3333333333333333,0.6666666666666666,0.3362436034757173,0.0,0.07789547038327525,0.627177700348432,0.627177700348432,0.0,0.0,0.0,0.0,0.0,0.0,0.0,0.0,0.20108904374758035
2026,nwsl::Football_Player::5d76f50c58f34b00a7bd574b12c70c94,J. Fishlock,j fishlock,Reign,Midfielder,352.0,6,5.0,6.0,1.0,5.0,1,0,1.6209,7,3,58.666666666666664,70.4,0.8333333333333334,0.16666666666666666,0.662386400462963,0.2556818181818182,0.4144346590909091,1.7897727272727273,0.7670454545454546,0.0,0.0,0.0,0.0,0.0,0.0,0.0,0.0,0.5294895833333335
2026,nwsl::Football_Player::65a0ea8a31f94c8c859c40d5fe7b9f7a,E. O'Steen,e o steen,Reign,Goalkeeper,0.0,0,0.0,0.0,0.0,0.0,0,0,0.0,0,0,0.0,0.0,0.0,0.0,0.0,0.0,0.0,0.0,0.0,0.0,0.0,0.0,0.0,0.0,0.0,0.0,0.0,0.0
2026,nwsl::Football_Player::72c994fd6bc3415a818f19aed4abf9a6,S. Menti,s menti,Reign,Midfielder,517.0,12,6.0,12.0,6.0,6.0,1,0,1.1663,5,3,43.083333333333336,86.16666666666667,0.5,0.5,0.48584403521025865,0.17408123791102514,0.2030309477756286,0.8704061895551257,0.5222437137330754,0.0,0.0,0.0,0.0,0.0,0.0,0.0,0.0,0.3411207285622179
2026,nwsl::Football_Player::8d06de6ab11f478e863e0180023cd152,M. Curry,m curry,Reign,Defender,989.0,11,11.0,11.0,0.0,1.0,0,1,0.4104,3,2,89.9090909090909,89.9090909090909,1.0,0.0,0.8554141766502232,0.0910010111223458,0.03734681496461072,0.2730030333670374,0.1820020222446916,0.0,0.0,0.0,0.0,0.0,0.0,0.0,0.0,0.4877780126849894
2026,nwsl::Football_Player::94de57f74c554630b9abe7bc1bd588f9,B. Ratcliffe,b ratcliffe,Reign,Forward,263.0,14,2.0,14.0,12.0,2.0,2,0,1.2067,4,4,18.785714285714285,131.5,0.14285714285714285,0.8571428571428571,0.2827254104049731,0.6844106463878328,0.4129391634980989,1.3688212927756656,1.3688212927756656,0.0,0.0,0.0,0.0,0.0,0.0,0.0,0.0,0.4083810429114612
2026,nwsl::Football_Player::996bf315d3dc4e479053da3ea31925ff,N. Mondesir,n mondesir,Reign,Forward,731.0,14,7.0,14.0,7.0,4.0,1,2,1.2212,9,5,52.214285714285715,104.42857142857143,0.5,0.5,0.537415718302825,0.3693570451436389,0.1503529411764706,1.1080711354309165,0.6155950752393982,0.0,0.0,0.0,0.0,0.0,0.0,0.0,0.0,0.41584023842094986
2026,nwsl::Football_Player::a439341551034a09972c0d4efd10ccc0,E. Mason,e mason,Reign,Defender,908.0,12,10.0,12.0,2.0,2.0,0,0,0.3957,2,1,75.66666666666667,90.8,0.8333333333333334,0.16666666666666666,0.7346396455376081,0.0,0.03922136563876652,0.19823788546255508,0.09911894273127754,0.0,0.0,0.0,0.0,0.0,0.0,0.0,0.0,0.39636306901615276
2026,nwsl::Football_Player::aaf2552ae4c54dcfa1ec352db94d8b0f,E. Adames,e adames,Reign,Forward,438.0,11,5.0,11.0,6.0,5.0,0,1,0.813,5,1,39.81818181818182,87.6,0.45454545454545453,0.5454545454545454,0.44614186384391863,0.20547945205479454,0.16705479452054794,1.0273972602739727,0.20547945205479454,0.0,0.0,0.0,0.0,0.0,0.0,0.0,0.0,0.32326899128268993
2026,nwsl::Football_Player::b5447fcc30e6483b9b81e2d3cd9e3749,M. Fishel,m fishel,Reign,Forward,612.0,10,7.0,10.0,3.0,5.0,1,0,2.5083,9,6,61.2,87.42857142857143,0.7,0.3,0.6339022058823529,0.14705882352941177,0.3688676470588236,1.3235294117647058,0.8823529411764706,0.0,0.0,0.0,0.0,0.0,0.0,0.0,0.0,0.49268137254901967
2026,nwsl::Football_Player::b8fb5ce847ca49b2a581724e284dfd10,J. Bugg,j bugg,Reign,Defender,449.0,6,5.0,6.0,1.0,1.0,0,0,0.0333,2,0,74.83333333333333,89.8,0.8333333333333334,0.16666666666666666,0.6858324527757156,0.0,0.006674832962138085,0.40089086859688194,0.0,0.0,0.0,0.0,0.0,0.0,0.0,0.0,0.0,0.3864138827023014
2026,nwsl::Football_Player::c29a2b0fb20147b1a49d5e9dc55afdf1,A. McCammon,a mccammon,Reign,Midfielder,807.0,12,10.0,12.0,2.0,8.0,0,2,0.6364,9,3,67.25,80.7,0.8333333333333334,0.16666666666666666,0.7165259551838083,0.22304832713754646,0.07097397769516728,1.003717472118959,0.3345724907063197,0.0,0.0,0.0,0.0,0.0,0.0,0.0,0.0,0.43146933085501854
2026,nwsl::Football_Player::c65f53172a64441da1827a457a29c250,S. Cedeño,s cedeno,Reign,Midfielder,12.0,1,0.0,1.0,1.0,0.0,0,0,0.113,1,0,12.0,0.0,0.0,1.0,0.09483333333333333,0.0,0.8475,7.5,0.0,0.0,0.0,0.0,0.0,0.0,0.0,0.0,0.0,0.36
2026,nwsl::Football_Player::d48ecbd1e5b54125a1199c9f748fa1d3,M. Dahlien,m dahlien,Reign,Forward,895.0,12,10.0,12.0,2.0,8.0,1,1,2.5371,14,7,74.58333333333333,89.5,0.8333333333333334,0.16666666666666666,0.7524340404510655,0.20111731843575417,0.255127374301676,1.4078212290502794,0.7039106145251397,0.0,0.0,0.0,0.0,0.0,0.0,0.0,0.0,0.5350540968342644
2026,nwsl::Football_Player::db70ea2c9700442ba12c8efb0965e90c,N. Purcell,n purcell,Reign,Goalkeeper,0.0,0,0.0,0.0,0.0,0.0,0,0,0.0,0,0,0.0,0.0,0.0,0.0,0.0,0.0,0.0,0.0,0.0,0.0,0.0,0.0,0.0,0.0,0.0,0.0,0.0,0.0
2026,nwsl::Football_Player::e58cc03e05a54a28bf3133ec9c1a3632,C. Dickey,c dickey,Reign,Goalkeeper,990.0,11,11.0,11.0,0.0,0.0,0,0,0.0,0,0,90.0,90.0,1.0,0.0,0.85,0.0,0.0,0.0,0.0,0.0,0.0,0.0,0.0,0.0,0.0,0.0,0.0,0.45
2026,nwsl::Football_Player::f3e1a521ef4f4f24bd0ee3fb985ec265,L. Biyendolo,l biyendolo,Reign,Forward,0.0,0,0.0,0.0,0.0,0.0,0,0,0.0,0,0,0.0,0.0,0.0,0.0,0.0,0.0,0.0,0.0,0.0,0.0,0.0,0.0,0.0,0.0,0.0,0.0,0.0,0.0
2026,nwsl::Football_Player::fc2865906ac34d6abfa98c9a8dc14f52,A. James-Turner,a james turner,Reign,Midfielder,498.0,13,5.0,13.0,8.0,3.0,1,0,0.282,5,1,38.30769230769231,99.6,0.38461538461538464,0.6153846153846154,0.4173022860673463,0.18072289156626506,0.05096385542168674,0.9036144578313253,0.18072289156626506,0.0,0.0,0.0,0.0,0.0,0.0,0.0,0.0,0.26876737720111216
2026,nwsl::Football_Player::0fc6e8c0cd724c14b06c64c27c8331e6,C. Delzer,c delzer,Royals,Forward,1062.0,15,13.0,15.0,2.0,9.0,2,2,3.698,16,8,70.8,81.6923076923077,0.8666666666666667,0.13333333333333333,0.7836141242937854,0.3389830508474576,0.3133898305084746,1.3559322033898304,0.6779661016949152,0.0,0.0,0.0,0.0,0.0,0.0,0.0,0.0,0.5629830508474577
2026,nwsl::Football_Player::10444fea4ff6483da41b77457cf2cbac,M. McGlynn,m mcglynn,Royals,Goalkeeper,908.0,11,10.0,11.0,1.0,0.0,0,0,0.0,0,0,82.54545454545455,90.8,0.9090909090909091,0.09090909090909091,0.7827929292929293,0.0,0.0,0.0,0.0,0.0,0.0,0.0,0.0,0.0,0.0,0.0,0.0,0.4127272727272727
2026,nwsl::Football_Player::22f45241df0547e691e8ba6db03aaf7c,C. Brown,c brown,Royals,Midfielder,181.0,9,1.0,9.0,8.0,1.0,1,0,0.6718,3,2,20.11111111111111,181.0,0.1111111111111111,0.8888888888888888,0.22628233749403176,0.4972375690607735,0.3340441988950276,1.4917127071823204,0.994475138121547,0.0,0.0,0.0,0.0,0.0,0.0,0.0,0.0,0.35278759975445056
2026,nwsl::Football_Player::3a45298a6ded492baa53c54797a41912,M. Tanaka,m tanaka,Royals,Forward,1023.0,13,12.0,13.0,1.0,3.0,5,4,5.402,24,18,78.6923076923077,85.25,0.9230769230769231,0.07692307692307693,0.8469173434092789,0.7917888563049853,0.47524926686217006,2.1114369501466275,1.5835777126099706,0.0,0.0,0.0,0.0,0.0,0.0,0.0,0.0,0.7696198962327995
2026,nwsl::Football_Player::41a5277f439b4063aa41d7f902111d8a,B. Mozingo,b mozingo,Royals,Forward,231.0,7,2.0,7.0,5.0,1.0,0,0,0.3151,3,1,33.0,115.5,0.2857142857142857,0.7142857142857143,0.3080095238095238,0.0,0.12276623376623376,1.1688311688311688,0.3896103896103896,0.0,0.0,0.0,0.0,0.0,0.0,0.0,0.0,0.23514285714285713
2026,nwsl::Football_Player::446bca9a37f94c40b40ff500f4dd6870,K. Riehl,k riehl,Royals,Defender,1017.0,12,11.0,12.0,1.0,0.0,0,1,0.4987,3,0,84.75,92.45454545454545,0.9166666666666666,0.08333333333333333,0.8074468657817109,0.08849557522123894,0.04413274336283186,0.2654867256637168,0.0,0.0,0.0,0.0,0.0,0.0,0.0,0.0,0.0,0.4635346607669617
2026,nwsl::Football_Player::6f8212aec8f14cdbbd061c7129d3dc20,K. Del Fava,k del fava,Royals,Defender,1440.0,16,16.0,16.0,0.0,0.0,1,0,1.562,12,3,90.0,90.0,1.0,0.0,0.897146875,0.0625,0.097625,0.75,0.1875,0.0,0.0,0.0,0.0,0.0,0.0,0.0,0.0,0.5143125000000001
2026,nwsl::Football_Player::7a2bf11dc5f145d79c84fea37bec2854,D. Jackson,d jackson,Royals,Goalkeeper,0.0,0,0.0,0.0,0.0,0.0,0,0,0.0,0,0,0.0,0.0,0.0,0.0,0.0,0.0,0.0,0.0,0.0,0.0,0.0,0.0,0.0,0.0,0.0,0.0,0.0,0.0
2026,nwsl::Football_Player::7df864b150be44a58be51599cfd7dd80,L. Prašnikar,l prasnikar,Royals,Forward,428.0,11,4.0,11.0,7.0,4.0,2,0,1.5416,7,3,38.90909090909091,107.0,0.36363636363636365,0.6363636363636364,0.4182697842915133,0.4205607476635514,0.32416822429906544,1.47196261682243,0.6308411214953271,0.0,0.0,0.0,0.0,0.0,0.0,0.0,0.0,0.42701741716227704
2026,nwsl::Football_Player::7fc702ff232644208fc4c5d6841f46d6,T. Milazzo,t milazzo,Royals,Defender,786.0,13,8.0,13.0,5.0,1.0,3,0,1.611,6,3,60.46153846153846,98.25,0.6153846153846154,0.38461538461538464,0.6102522998629869,0.3435114503816794,0.18446564885496186,0.6870229007633588,0.3435114503816794,0.0,0.0,0.0,0.0,0.0,0.0,0.0,0.0,0.4525366999412801
2026,nwsl::Football_Player::87f8bf57a0ed4238a026b49f9c2b276d,M. Justus,m justus,Royals,Goalkeeper,532.0,6,6.0,6.0,0.0,1.0,0,0,0.0,0,0,88.66666666666667,88.66666666666667,1.0,0.0,0.8077962962962963,0.0,0.0,0.0,0.0,0.0,0.0,0.0,0.0,0.0,0.0,0.0,0.0,0.44333333333333336
2026,nwsl::Football_Player::8ced72b131844bca97a4728d075472a2,A. Nagai,a nagai,Royals,Midfielder,93.0,5,1.0,5.0,4.0,1.0,0,0,0.1612,1,0,18.6,93.0,0.2,0.8,0.2045456989247312,0.0,0.156,0.9677419354838709,0.0,0.0,0.0,0.0,0.0,0.0,0.0,0.0,0.0,0.1691935483870968
2026,nwsl::Football_Player::9088cd3919ae4facb366b7f4cf1ca493,N. Miura,n miura,Royals,Midfielder,938.0,11,11.0,11.0,0.0,3.0,2,0,0.7453,6,3,85.27272727272727,85.27272727272727,1.0,0.0,0.8450544156921023,0.19189765458422176,0.07151066098081023,0.5756929637526652,0.2878464818763326,0.0,0.0,0.0,0.0,0.0,0.0,0.0,0.0,0.504571525489436
2026,nwsl::Football_Player::96199c0cfb7245f6b6460174fb25883b,Ana Tejada,ana tejada,Royals,Defender,1185.0,15,14.0,15.0,1.0,6.0,0,2,1.3456,17,7,79.0,84.64285714285714,0.9333333333333333,0.06666666666666667,0.8159830118365913,0.1518987341772152,0.10219746835443037,1.2911392405063291,0.5316455696202532,1.1885,1.0608,0.0,0.8723000000000001,0.1424609429978888,1.7894,0.0370999999999999,0.0023497536945812,0.4269237826143115
2026,nwsl::Football_Player::9aa0ae7f0bc648da9095a03174257a3c,M. Moriya,m moriya,Royals,Defender,478.0,11,5.0,11.0,6.0,4.0,0,0,0.2007,6,0,43.45454545454545,95.6,0.45454545454545453,0.5454545454545454,0.44646927116351803,0.0,0.037788702928870294,1.1297071129707112,0.0,0.0,0.0,0.0,0.0,0.0,0.0,0.0,0.0,0.25811163940661846
2026,nwsl::Football_Player::9b57636e0405440fbad174a02ec2b1c1,K. Simmonds,k simmonds,Royals,Defender,272.0,6,3.0,6.0,3.0,3.0,0,0,0.1172,3,2,45.333333333333336,90.66666666666667,0.5,0.5,0.4355873229847495,0.0,0.03877941176470588,0.9926470588235294,0.6617647058823529,0.0,0.0,0.0,0.0,0.0,0.0,0.0,0.0,0.2644093137254902
2026,nwsl::Football_Player::a5495110a1614676bdd04a42f6068041,Nuria Rábano,nuria rabano,Royals,Defender,847.0,10,10.0,10.0,0.0,4.0,0,3,0.097,2,0,84.7,84.7,1.0,0.0,0.8266417080508508,0.3187721369539551,0.010306965761511216,0.21251475796930341,0.0,0.0933,2.6331,0.0,0.081,0.2158100263852243,1.3007,-0.1284,-0.0101635883905013,0.44242620182048703
2026,nwsl::Football_Player::aca824486f9b4663bf4118794d4719c8,J. Thomsen,j thomsen,Royals,Midfielder,733.0,11,9.0,11.0,2.0,5.0,0,0,0.5617,5,2,66.63636363636364,81.44444444444444,0.8181818181818182,0.18181818181818182,0.6915106467126932,0.0,0.06896725784447476,0.6139154160982265,0.2455661664392906,0.0,0.0,0.0,0.0,0.0,0.0,0.0,0.0,0.3715187895324321
2026,nwsl::Football_Player::bc3ca23353464f63934f54719facdad1,K. Eichenberger,k eichenberger,Royals,Forward,7.0,1,0.0,1.0,1.0,0.0,0,0,0.069,1,0,7.0,0.0,0.0,1.0,0.07719444444444445,0.0,0.8871428571428572,12.857142857142858,0.0,0.0,0.0,0.0,0.0,0.0,0.0,0.0,0.0,0.335
2026,nwsl::Football_Player::c75e5a65dfaf42b588cbdf8ef5069537,M. Hammond,m hammond,Royals,Midfielder,238.0,6,2.0,6.0,4.0,1.0,0,0,0.3176,1,0,39.666666666666664,119.0,0.3333333333333333,0.6666666666666666,0.34235829442888266,0.0,0.12010084033613445,0.37815126050420167,0.0,0.0,0.0,0.0,0.0,0.0,0.0,0.0,0.0,0.24782072829131654
2026,nwsl::Football_Player::d008acd9fb8b431e88f29ea421bacf99,D. Pierre-Louis,d pierre louis,Royals,Midfielder,341.0,8,3.0,8.0,5.0,3.0,0,0,0.3678,4,1,42.625,113.66666666666667,0.375,0.625,0.3879341377484523,0.0,0.09707331378299121,1.0557184750733137,0.26392961876832843,0.0,0.0,0.0,0.0,0.0,0.0,0.0,0.0,0.2718757331378299
2026,nwsl::Football_Player::d570c9dcade14352bec26996bfab1c00,K. Palacios,k palacios,Royals,Forward,1059.0,15,13.0,15.0,2.0,10.0,2,2,3.2764,14,6,70.6,81.46153846153847,0.8666666666666667,0.13333333333333333,0.7805684765502046,0.3399433427762039,0.2784475920679887,1.1898016997167138,0.509915014164306,0.0,0.0,0.0,0.0,0.0,0.0,0.0,0.0,0.5463824362606232
2026,nwsl::Football_Player::d5c841dcdea54696979eda5b6d0fbdb6,A. Spaanstra,a spaanstra,Royals,Forward,370.0,13,2.0,13.0,11.0,2.0,0,0,0.2501,2,0,28.46153846153846,185.0,0.15384615384615385,0.8461538461538461,0.2720028332178332,0.0,0.06083513513513514,0.4864864864864865,0.0,0.0,0.0,0.0,0.0,0.0,0.0,0.0,0.0,0.17474823284823282
2026,nwsl::Football_Player::ea630eb197bb4762b4b8b4c1b7ef363c,C. Lacasse,c lacasse,Royals,Forward,1314.0,16,16.0,16.0,0.0,7.0,6,4,3.4064,19,15,82.125,82.125,1.0,0.0,0.89766875,0.684931506849315,0.2333150684931507,1.3013698630136987,1.0273972602739727,0.0,0.0,0.0,0.0,0.0,0.0,0.0,0.0,0.6636249999999999
2026,nwsl::Football_Player::ee89f16715e14d0aa82ae3955b5a883a,K. Ream,k ream,Royals,Forward,7.0,1,0.0,1.0,1.0,0.0,0,0,0.0,0,0,7.0,0.0,0.0,1.0,0.03219444444444444,0.0,0.0,0.0,0.0,0.0,0.0,0.0,0.0,0.0,0.0,0.0,0.0,0.035
2026,nwsl::Football_Player::f02a507bde074f68ac65cbd2ac77104b,P. Cronin,p cronin,Royals,Forward,347.0,8,4.0,8.0,4.0,4.0,1,1,0.7785,5,3,43.375,86.75,0.5,0.5,0.4691866694684598,0.5187319884726225,0.2019164265129683,1.296829971181556,0.7780979827089337,0.0,0.0,0.0,0.0,0.0,0.0,0.0,0.0,0.4246703890489914
2026,nwsl::Football_Player::f69d180a0c6e459586b0a47e2d6536e9,A. Loera,a loera,Royals,Midfielder,0.0,0,0.0,0.0,0.0,0.0,0,0,0.0,0,0,0.0,0.0,0.0,0.0,0.0,0.0,0.0,0.0,0.0,0.0,0.0,0.0,0.0,0.0,0.0,0.0,0.0,0.0
2026,nwsl::Football_Player::1268d947a78745e2b8b6781630220406,J. Fusco,j fusco,SD Wave,Midfielder,31.0,6,0.0,6.0,6.0,0.0,0,0,0.0,0,0,5.166666666666667,0.0,0.0,1.0,0.06322685185185185,0.0,0.0,0.0,0.0,0.0,0.0,0.0,0.0,0.0,0.0,0.0,0.0,0.025833333333333333
2026,nwsl::Football_Player::332d7efe4fb24703b248508fd29b4575,T. Armstrong,t armstrong,SD Wave,Defender,37.0,2,0.0,2.0,2.0,0.0,0,0,0.0,0,0,18.5,0.0,0.0,1.0,0.08026388888888888,0.0,0.0,0.0,0.0,0.0,0.0,0.0,0.0,0.0,0.0,0.0,0.0,0.0925
2026,nwsl::Football_Player::3f078157c6f841eabb9c5fa16ca7e4ef,N. Harrison,n harrison,SD Wave,Defender,5.0,2,0.0,2.0,2.0,0.0,0,0,0.0,0,0,2.5,0.0,0.0,1.0,0.02381944444444444,0.0,0.0,0.0,0.0,0.0,0.0,0.0,0.0,0.0,0.0,0.0,0.0,0.012499999999999999
2026,nwsl::Football_Player::444e4e5d84d248e2841030cc724d2ffc,K. Wesley,k wesley,SD Wave,Defender,1440.0,16,16.0,16.0,0.0,0.0,1,1,0.4199,3,3,90.0,90.0,1.0,0.0,0.8934215624999999,0.125,0.02624375,0.1875,0.1875,0.0,0.0,0.0,0.0,0.0,0.0,0.0,0.0,0.4894770833333334
2026,nwsl::Football_Player::52f13396556b4dad93f22030d00cbf8b,Dudinha,dudinha,SD Wave,Forward,1124.0,13,13.0,13.0,0.0,8.0,5,4,4.3558,24,13,86.46153846153847,86.46153846153847,1.0,0.0,0.893129477159576,0.7206405693950177,0.34877402135231317,1.9217081850533808,1.0409252669039146,3.9636,2.7912,2.1036,2.0571,0.4875156375300721,4.4577,1.4957999999999998,0.1079566960705693,0.7030569132575724
2026,nwsl::Football_Player::694fcd67a9ff400ebb8ee3d76ed65d71,T. Wynalda,t wynalda,SD Wave,Midfielder,103.0,11,0.0,11.0,11.0,0.0,0,0,0.1629,1,0,9.363636363636363,0.0,0.0,1.0,0.12592651760321663,0.0,0.14233980582524272,0.8737864077669903,0.0,0.0,0.0,0.0,0.0,0.0,0.0,0.0,0.0,0.11610944395410415
2026,nwsl::Football_Player::75a5b73882ba47c29448e3a36c691717,K. Pickett,k pickett,SD Wave,Midfielder,226.0,8,1.0,8.0,7.0,1.0,0,0,0.1556,1,0,28.25,226.0,0.125,0.875,0.2205013151425762,0.0,0.061964601769911504,0.39823008849557523,0.0,0.0,0.0,0.0,0.0,0.0,0.0,0.0,0.0,0.1718606194690266
2026,nwsl::Football_Player::78cf15f1649f4f158f04d3037cc2750f,L. Fazer,l fazer,SD Wave,Midfielder,689.0,14,8.0,14.0,6.0,6.0,0,0,0.0633,1,0,49.214285714285715,86.125,0.5714285714285714,0.42857142857142855,0.5366631862372429,0.0,0.008268505079825834,0.13062409288824384,0.0,0.0,0.0,0.0,0.0,0.0,0.0,0.0,0.0,0.2520931992535766
2026,nwsl::Football_Player::9c24fd239ed34bfa8d4c706539805ad7,D. Arias,d arias,SD Wave,Defender,0.0,0,0.0,0.0,0.0,0.0,0,0,0.0,0,0,0.0,0.0,0.0,0.0,0.0,0.0,0.0,0.0,0.0,0.0,0.0,0.0,0.0,0.0,0.0,0.0,0.0,0.0
2026,nwsl::Football_Player::ad9acd5fa5cf475a87d9a92b99e682fd,M. Barcenas,m barcenas,SD Wave,Forward,497.0,15,4.0,15.0,11.0,4.0,3,0,2.5582,23,15,33.13333333333333,124.25,0.26666666666666666,0.7333333333333333,0.4045266748639988,0.5432595573440644,0.46325553319919516,4.164989939637827,2.716297786720322,0.0,0.0,0.0,0.0,0.0,0.0,0.0,0.0,0.5332642521797452
2026,nwsl::Football_Player::b73ff56499744e4fb1f166b598f7b04f,C. Macário,c macario,SD Wave,Forward,0.0,0,0.0,0.0,0.0,0.0,0,0,0.0,0,0,0.0,0.0,0.0,0.0,0.0,0.0,0.0,0.0,0.0,0.0,0.0,0.0,0.0,0.0,0.0,0.0,0.0,0.0
2026,nwsl::Football_Player::b9e251d77c634898bc99e50cd03a3134,G. Corley,g corley,SD Wave,Midfielder,681.0,12,9.0,12.0,3.0,7.0,0,3,1.6841,12,8,56.75,75.66666666666667,0.75,0.25,0.6571668073910915,0.39647577092511016,0.22256828193832598,1.5859030837004406,1.0572687224669604,0.0,0.0,0.0,0.0,0.0,0.0,0.0,0.0,0.4801861233480176
2026,nwsl::Football_Player::bbee9da0fc744ebcabc586c3232bf4be,P. Morroni,p morroni,SD Wave,Defender,1335.0,15,15.0,15.0,0.0,5.0,0,0,0.942,8,3,89.0,89.0,1.0,0.0,0.881669975031211,0.0,0.06350561797752809,0.5393258426966292,0.20224719101123595,0.0,0.0,0.0,0.0,0.0,0.0,0.0,0.0,0.4796516853932584
2026,nwsl::Football_Player::c01844d3ed704fa0b1f0b75cfbf02f07,T. Byars,t byars,SD Wave,Forward,332.0,11,2.0,11.0,9.0,1.0,6,0,3.6634,9,8,30.181818181818183,166.0,0.18181818181818182,0.8181818181818182,0.3474420256784715,1.6265060240963853,0.9930903614457831,2.439759036144578,2.1686746987951806,0.0,0.0,0.0,0.0,0.0,0.0,0.0,0.0,0.6619030668127053
2026,nwsl::Football_Player::c143615f95aa493689aa185f5c465932,K. Dali,k dali,SD Wave,Midfielder,1376.0,16,16.0,16.0,0.0,3.0,0,2,1.5813,10,5,86.0,86.0,1.0,0.0,0.8851009891795866,0.13081395348837208,0.10342805232558139,0.6540697674418604,0.3270348837209302,0.0,0.0,0.0,0.0,0.0,0.0,0.0,0.0,0.5080806686046512
2026,nwsl::Football_Player::c89b3d151ee84bdba11f4918c1be931a,L. Freeman,l freeman,SD Wave,Goalkeeper,540.0,6,6.0,6.0,0.0,0.0,0,0,0.0,0,0,90.0,90.0,1.0,0.0,0.8125,0.0,0.0,0.0,0.0,0.0,0.0,0.0,0.0,0.0,0.0,0.0,0.0,0.45
2026,nwsl::Football_Player::cafe0fb40c194bfd95bebea739443cd7,K. McNabb,k mcnabb,SD Wave,Defender,1440.0,16,16.0,16.0,0.0,0.0,0,0,1.0184,7,3,90.0,90.0,1.0,0.0,0.892323125,0.0,0.06365,0.4375,0.1875,0.0,0.0,0.0,0.0,0.0,0.0,0.0,0.0,0.48215416666666666
2026,nwsl::Football_Player::cb8411eb673a4b09be39cff1e820f3a7,Sandra Paños,sandra panos,SD Wave,Goalkeeper,208.0,0,0.0,0.0,0.0,0.0,0,0,0.0,0,0,0.0,0.0,0.0,0.0,0.0,0.0,0.0,0.0,0.0,0.0,0.0,0.0,0.0,0.0,0.0,0.0,0.0,0.0
2026,nwsl::Football_Player::d216e5104276420fa4c6f162f613f5b7,L. Agudelo,l agudelo,SD Wave,Goalkeeper,270.0,3,3.0,3.0,0.0,0.0,0,0,0.0,0,0,90.0,90.0,1.0,0.0,0.7899999999999999,0.0,0.0,0.0,0.0,0.0,0.0,0.0,0.0,0.0,0.0,0.0,0.0,0.45
2026,nwsl::Football_Player::e0e778409f6442b7b1f2e2d55a5a8565,Ludmila,ludmila,SD Wave,Forward,1121.0,16,15.0,16.0,1.0,12.0,1,0,5.832,28,12,70.0625,74.73333333333333,0.9375,0.0625,0.8178534687498528,0.08028545941123996,0.46822479928635147,2.247992863514719,0.9634255129348795,5.7597,0.3547,0.4528,3.3195,0.3961814254859611,4.0433,0.2804,0.0181684665226781,0.5424027546286484
2026,nwsl::Football_Player::e3732803fbc74097b03f22501baf27d7,Gabi Portilho,gabi portilho,SD Wave,Forward,661.0,16,7.0,16.0,9.0,7.0,0,0,2.3963,9,6,41.3125,94.42857142857143,0.4375,0.5625,0.4798892596476217,0.0,0.3262738275340394,1.2254160363086233,0.8169440242057489,1.4466,0.53,0.0,0.9887,0.228949806949807,1.3533000000000002,-0.461,-0.0533976833976834,0.32171543468784863
2026,nwsl::Football_Player::e8b4386d7df847f6a328dea38ddc55ce,K. Ascanio,k ascanio,SD Wave,Midfielder,1211.0,16,13.0,16.0,3.0,3.0,1,3,1.3943,10,6,75.6875,93.15384615384616,0.8125,0.1875,0.7698916078883383,0.2972749793559042,0.10362262592898432,0.7431874483897605,0.4459124690338563,0.0,0.0,0.0,0.0,0.0,0.0,0.0,0.0,0.4934903488852188
2026,nwsl::Football_Player::eba535f02a004e97908fa57322f852c3,M. Van Zanten,m van zanten,SD Wave,Defender,1232.0,16,16.0,16.0,0.0,11.0,1,0,1.3232,8,5,77.0,77.0,1.0,0.0,0.8509464375901875,0.07305194805194806,0.09666233766233766,0.5844155844155845,0.3652597402597403,0.0,0.0,0.0,0.0,0.0,0.0,0.0,0.0,0.4470503246753247
2026,nwsl::Football_Player::ecf8d72c11704bb49de0461fa77d8cae,D. Haračić,d haracic,SD Wave,Goalkeeper,630.0,7,7.0,7.0,0.0,0.0,0,0,0.0,0,0,90.0,90.0,1.0,0.0,0.82,0.0,0.0,0.0,0.0,0.0,0.0,0.0,0.0,0.0,0.0,0.0,0.0,0.45
2026,nwsl::Football_Player::f707ff55f8104c069f1cae572925ef4a,A. Leon,a leon,SD Wave,Forward,0.0,0,0.0,0.0,0.0,0.0,0,0,0.0,0,0,0.0,0.0,0.0,0.0,0.0,0.0,0.0,0.0,0.0,0.0,0.0,0.0,0.0,0.0,0.0,0.0,0.0,0.0
2026,nwsl::Football_Player::fef02bf35a784dfc873b4addfc4e16a4,L. Godfrey,l godfrey,SD Wave,Midfielder,859.0,16,9.0,16.0,7.0,9.0,4,4,3.9987,14,10,53.6875,95.44444444444444,0.5625,0.4375,0.6151641876050964,0.8381839348079162,0.4189557625145518,1.4668218859138533,1.0477299185098952,0.0,0.0,0.0,0.0,0.0,0.0,0.0,0.0,0.6193816210710128
2026,nwsl::Football_Player::a62cd15f05c645a188617a4ced02ab5c,Flora Marta Lacho,flora marta lacho,TBC,Forward,0.0,0,0.0,0.0,0.0,0.0,0,0,0.0,0,0,0.0,0.0,0.0,0.0,0.0,0.0,0.0,0.0,0.0,0.0,0.0,0.0,0.0,0.0,0.0,0.0,0.0,0.0
2026,nwsl::Football_Player::0562367d242746f0ada9dacd4b93fa2f,C. Martínez,c martinez,Washington Spirit,Forward,420.0,13,3.0,13.0,10.0,3.0,3,0,3.0604,12,8,32.30769230769231,140.0,0.23076923076923078,0.7692307692307693,0.37505265567765567,0.6428571428571428,0.6557999999999999,2.571428571428571,1.7142857142857142,0.0,0.0,0.0,0.0,0.0,0.0,0.0,0.0,0.5597527472527473
2026,nwsl::Football_Player::0ff461d4b7864e4387af66c2fdaa3710,L. Santos,l santos,Washington Spirit,Midfielder,1218.0,15,14.0,15.0,1.0,6.0,5,4,3.8577,25,17,81.2,87.0,0.9333333333333333,0.06666666666666667,0.8609175013683635,0.6650246305418719,0.285051724137931,1.8472906403940887,1.2561576354679802,0.0,0.0,0.0,0.0,0.0,0.0,0.0,0.0,0.6857463054187192
2026,nwsl::Football_Player::18d7e7320d2949b083c7315e3831b1a1,E. Morgan,e morgan,Washington Spirit,Defender,1104.0,13,12.0,13.0,1.0,0.0,0,0,0.0804,1,0,84.92307692307692,92.0,0.9230769230769231,0.07692307692307693,0.8131077828874025,0.0,0.006554347826086956,0.08152173913043478,0.0,0.0,0.0,0.0,0.0,0.0,0.0,0.0,0.0,0.4288382107023411
2026,nwsl::Football_Player::22284069e4754b6585ce7f4dda01592d,S. MacIver,s maciver,Washington Spirit,Goalkeeper,1350.0,15,15.0,15.0,0.0,0.0,0,0,0.0,0,0,90.0,90.0,1.0,0.0,0.88,0.0,0.0,0.0,0.0,0.0,0.0,0.0,0.0,0.0,0.0,0.0,0.0,0.45
2026,nwsl::Football_Player::28fc705601404c39bf14420caeec6668,T. Rudd,t rudd,Washington Spirit,Defender,1350.0,15,15.0,15.0,0.0,0.0,1,1,0.7885,3,2,90.0,90.0,1.0,0.0,0.887545,0.13333333333333333,0.052566666666666664,0.2,0.13333333333333333,0.0,0.0,0.0,0.0,0.0,0.0,0.0,0.0,0.5003
2026,nwsl::Football_Player::2e67f16c924649e9b5584a1a25552589,C. Krueger,c krueger,Washington Spirit,Defender,0.0,0,0.0,0.0,0.0,0.0,0,0,0.0,0,0,0.0,0.0,0.0,0.0,0.0,0.0,0.0,0.0,0.0,0.0,0.0,0.0,0.0,0.0,0.0,0.0,0.0,0.0
2026,nwsl::Football_Player::358364b65d834cf2b93e0e3e9162a38f,Tamara Bolt,tamara bolt,Washington Spirit,Forward,49.0,6,0.0,6.0,6.0,0.0,0,0,0.0822,0,0,8.166666666666666,0.0,0.0,1.0,0.08135916477702192,0.0,0.1509795918367347,0.0,0.0,0.0,0.0,0.0,0.0,0.0,0.0,0.0,0.0,0.09115986394557823
2026,nwsl::Football_Player::3712c14ba05c4f4ba6bd42cae9406ec6,S. Cantore,s cantore,Washington Spirit,Forward,929.0,15,12.0,15.0,3.0,12.0,3,1,1.7099,17,7,61.93333333333333,77.41666666666667,0.8,0.2,0.7175554439261652,0.38751345532831,0.16565231431646932,1.6469321851453174,0.6781485468245425,0.0,0.0,0.0,0.0,0.0,0.0,0.0,0.0,0.486789379260854
2026,nwsl::Football_Player::3c58742afd5842708efeae28767d5d3c,G. Monday,g monday,Washington Spirit,Forward,328.0,14,3.0,14.0,11.0,3.0,1,1,1.3097,8,7,23.428571428571427,109.33333333333333,0.21428571428571427,0.7857142857142857,0.3274289077622919,0.5487804878048781,0.3593689024390244,2.1951219512195124,1.920731707317073,0.0,0.0,0.0,0.0,0.0,0.0,0.0,0.0,0.40613980836236935
2026,nwsl::Football_Player::3c910418abe84f8db2c11156356d97d9,E. Gaines-Ramos,e gaines ramos,Washington Spirit,Forward,0.0,0,0.0,0.0,0.0,0.0,0,0,0.0,0,0,0.0,0.0,0.0,0.0,0.0,0.0,0.0,0.0,0.0,0.0,0.0,0.0,0.0,0.0,0.0,0.0,0.0,0.0
2026,nwsl::Football_Player::4b0092d3c4b148ce81259ba635ca7777,H. Hershfelt,h hershfelt,Washington Spirit,Midfielder,1236.0,15,14.0,15.0,1.0,2.0,1,0,1.1634,9,4,82.4,88.28571428571429,0.9333333333333333,0.06666666666666667,0.8321575782092773,0.07281553398058253,0.08471359223300971,0.6553398058252428,0.29126213592233013,0.0,0.0,0.0,0.0,0.0,0.0,0.0,0.0,0.47179126213592243
2026,nwsl::Football_Player::6f371e0118d64bd0a1fce9f4cf6d52d1,R. Kouassi,r kouassi,Washington Spirit,Forward,992.0,15,11.0,15.0,4.0,9.0,0,3,2.0664,8,5,66.13333333333334,90.18181818181819,0.7333333333333333,0.26666666666666666,0.6964048125746714,0.2721774193548387,0.18747580645161288,0.7258064516129032,0.4536290322580645,0.0,0.0,0.0,0.0,0.0,0.0,0.0,0.0,0.46800739247311823
2026,nwsl::Football_Player::738125313bdc48eda09c29b610520e26,T. Rodman,t rodman,Washington Spirit,Forward,1244.0,15,15.0,15.0,0.0,7.0,7,4,6.9932,40,20,82.93333333333334,82.93333333333334,1.0,0.0,0.916088778730499,0.7958199356913183,0.5059389067524115,2.8938906752411575,1.4469453376205788,0.0,0.0,0.0,0.0,0.0,0.0,0.0,0.0,0.8214560557341908
2026,nwsl::Football_Player::75a1f211b7f04ffebe4cdd67cd838239,A. Sullivan,a sullivan,Washington Spirit,Midfielder,360.0,11,3.0,11.0,8.0,3.0,0,0,0.1683,4,1,32.72727272727273,120.0,0.2727272727272727,0.7272727272727273,0.32653556818181817,0.0,0.042075,1.0,0.25,0.0,0.0,0.0,0.0,0.0,0.0,0.0,0.0,0.20266136363636364
2026,nwsl::Football_Player::79b28f8a367d46458b8d6f7daf771b53,M.  Haugen,m haugen,Washington Spirit,Defender,0.0,0,0.0,0.0,0.0,0.0,0,0,0.0,0,0,0.0,0.0,0.0,0.0,0.0,0.0,0.0,0.0,0.0,0.0,0.0,0.0,0.0,0.0,0.0,0.0,0.0,0.0
2026,nwsl::Football_Player::7e96efc5034f4e4abfafca1b06af33ab,K. Wiesner,k wiesner,Washington Spirit,Defender,657.0,11,8.0,11.0,3.0,3.0,0,1,0.2905,3,1,59.72727272727273,82.125,0.7272727272727273,0.2727272727272727,0.6282889165628892,0.136986301369863,0.0397945205479452,0.4109589041095891,0.136986301369863,0.0,0.0,0.0,0.0,0.0,0.0,0.0,0.0,0.35071398920713986
2026,nwsl::Football_Player::8d41be19ea664cb5976221bb3592293d,R. Bernal,r bernal,Washington Spirit,Defender,1072.0,15,13.0,15.0,2.0,7.0,2,0,1.1547,7,2,71.46666666666667,82.46153846153847,0.8666666666666667,0.13333333333333333,0.7669166994886677,0.16791044776119401,0.09694309701492537,0.5876865671641791,0.16791044776119401,0.0,0.0,0.0,0.0,0.0,0.0,0.0,0.0,0.4393212064676617
2026,nwsl::Football_Player::91b542420acc43c6955b5f8a782b2adb,D. Abiodun,d abiodun,Washington Spirit,Midfielder,246.0,8,3.0,8.0,5.0,3.0,0,0,0.0405,1,1,30.75,82.0,0.375,0.625,0.33934197154471546,0.0,0.014817073170731707,0.36585365853658536,0.36585365853658536,0.0,0.0,0.0,0.0,0.0,0.0,0.0,0.0,0.16783536585365855
2026,nwsl::Football_Player::9ddbf15f0b1d4331b43666f04aede0bd,M. Skurcenski,m skurcenski,Washington Spirit,Midfielder,0.0,0,0.0,0.0,0.0,0.0,0,0,0.0,0,0,0.0,0.0,0.0,0.0,0.0,0.0,0.0,0.0,0.0,0.0,0.0,0.0,0.0,0.0,0.0,0.0,0.0,0.0
2026,nwsl::Football_Player::a86e9ba2f4c44ce789c593b2b5bf9bcb,A. Kingsbury,a kingsbury,Washington Spirit,Goalkeeper,0.0,0,0.0,0.0,0.0,0.0,0,0,0.0,0,0,0.0,0.0,0.0,0.0,0.0,0.0,0.0,0.0,0.0,0.0,0.0,0.0,0.0,0.0,0.0,0.0,0.0,0.0
2026,nwsl::Football_Player::c281f4077abb41a6a90c9dd309f3fb20,K. Collins,k collins,Washington Spirit,Goalkeeper,0.0,0,0.0,0.0,0.0,0.0,0,0,0.0,0,0,0.0,0.0,0.0,0.0,0.0,0.0,0.0,0.0,0.0,0.0,0.0,0.0,0.0,0.0,0.0,0.0,0.0,0.0
2026,nwsl::Football_Player::c413ab13b4b2411b8255f868ec263843,A. Hatch,a hatch,Washington Spirit,Forward,0.0,0,0.0,0.0,0.0,0.0,0,0,0.0,0,0,0.0,0.0,0.0,0.0,0.0,0.0,0.0,0.0,0.0,0.0,0.0,0.0,0.0,0.0,0.0,0.0,0.0,0.0
2026,nwsl::Football_Player::d07feb8cd7c94d03b741e2326515241f,P. Metayer,p metayer,Washington Spirit,Midfielder,308.0,8,1.0,8.0,7.0,0.0,0,0,0.5774,4,3,38.5,308.0,0.125,0.875,0.2648886002886003,0.0,0.16872077922077924,1.168831168831169,0.8766233766233766,0.0,0.0,0.0,0.0,0.0,0.0,0.0,0.0,0.27796103896103896
2026,nwsl::Football_Player::e13f13ced32c4de9bdbedf05c00e5ed5,É. Tsé,e tse,Washington Spirit,Defender,280.0,8,3.0,8.0,5.0,2.0,0,0,0.0728,1,0,35.0,93.33333333333333,0.375,0.625,0.35459757936507935,0.0,0.0234,0.3214285714285714,0.0,0.0,0.0,0.0,0.0,0.0,0.0,0.0,0.0,0.1908357142857143
2026,nwsl::Football_Player::ebadefdb2cd142aa92580387d5fde3b8,G. Carle,g carle,Washington Spirit,Defender,766.0,11,8.0,11.0,3.0,4.0,0,2,0.5401,2,1,69.63636363636364,95.75,0.7272727272727273,0.2727272727272727,0.6668317977424374,0.2349869451697128,0.06345822454308095,0.2349869451697128,0.1174934725848564,0.0,0.0,0.0,0.0,0.0,0.0,0.0,0.0,0.4241648469024448
2026,nwsl::Football_Player::f7648a59714e413fafca3d1acec0e69d,L. Di Guglielmo,l di guglielmo,Washington Spirit,Defender,941.0,13,12.0,13.0,1.0,7.0,0,0,0.3355,4,1,72.38461538461539,78.41666666666667,0.9230769230769231,0.07692307692307693,0.7712805071891151,0.0,0.03208820403825718,0.38257173219978746,0.09564293304994687,0.0,0.0,0.0,0.0,0.0,0.0,0.0,0.0,0.38218343824082407
2026,nwsl::Football_Player::faa587283a2b4e69905f93df50a460f8,S. Wojdelko,s wojdelko,Washington Spirit,Goalkeeper,0.0,0,0.0,0.0,0.0,0.0,0,0,0.0,0,0,0.0,0.0,0.0,0.0,0.0,0.0,0.0,0.0,0.0,0.0,0.0,0.0,0.0,0.0,0.0,0.0,0.0,0.0
