{
  "dixon_coles": {
    "ece_home_win": 0.10893927008862266,
    "ece_over_2.5": 0.17037789844330528
  },
  "bivariate_poisson": {
    "ece_home_win": 0.1236200757199429,
    "ece_over_2.5": 0.13722059875911988
  }
}